<?xml version="1.0" encoding="utf-8"?>
<COLLADA xmlns="http://www.collada.org/2005/11/COLLADASchema" version="1.4.1" xmlns:xsi="http://www.w3.org/2001/XMLSchema-instance">
  <asset>
    <contributor>
      <author>Blender User</author>
      <authoring_tool>Blender 3.0.1</authoring_tool>
    </contributor>
    <created>2025-12-17T21:08:53</created>
    <modified>2025-12-17T21:08:53</modified>
    <unit name="meter" meter="1"/>
    <up_axis>Z_UP</up_axis>
  </asset>
  <library_effects>
    <effect id="MPU_6050-effect">
      <profile_COMMON>
        <technique sid="common">
          <lambert>
            <emission>
              <color sid="emission">0 0 0 1</color>
            </emission>
            <diffuse>
              <color sid="diffuse">0.8 0.8 0.8 1</color>
            </diffuse>
            <index_of_refraction>
              <float sid="ior">1.45</float>
            </index_of_refraction>
          </lambert>
        </technique>
      </profile_COMMON>
    </effect>
  </library_effects>
  <library_images/>
  <library_materials>
    <material id="MPU_6050-material" name="MPU_6050">
      <instance_effect url="#MPU_6050-effect"/>
    </material>
  </library_materials>
  <library_geometries>
    <geometry id="MPU_6050-mesh" name="MPU_6050">
      <mesh>
        <source id="MPU_6050-mesh-positions">
          <float_array id="MPU_6050-mesh-positions-array" count="8145">-0.01024997 -0.007999956 -7.5e-4 -0.01024997 0.007999956 -7.41176e-4 -0.009768486 -0.002402544 3.33333e-4 -0.009768486 -0.000999987 6.66667e-4 -0.009749948 -0.007749974 -0.00149995 -0.009749948 -0.007749974 0 -0.009749948 -0.006249964 -0.00149995 -0.009749948 -0.006249964 0 -0.009749948 0.00575 -0.00149995 -0.009749948 0.00575 0 -0.009747982 0.005666673 -0.00149995 -0.009747982 0.005666673 0 -0.009747982 0.005833268 -0.00149995 -0.009747982 0.005833268 0 -0.009742021 0.005583643 -0.00149995 -0.009742021 0.005583643 0 -0.009742021 0.005916297 -0.00149995 -0.009742021 0.005916297 0 -0.009732186 0.005500912 -0.00149995 -0.009732186 0.005500912 0 -0.009732186 0.005999028 -0.00149995 -0.009732186 0.005999028 0 -0.009718358 0.005418777 -0.00149995 -0.009718358 0.005418777 0 -0.009718358 0.006081163 -0.00149995 -0.009718358 0.006081163 0 -0.009700655 0.005337417 -0.00149995 -0.009700655 0.005337417 0 -0.009700655 0.006162524 -0.00149995 -0.009700655 0.006162524 0 -0.009679079 0.00525695 -0.00149995 -0.009679079 0.00525695 0 -0.009679079 0.00624299 -0.00149995 -0.009679079 0.00624299 0 -0.009653747 0.005177617 -0.00149995 -0.009653747 0.005177617 0 -0.009653747 0.006322324 -0.00149995 -0.009653747 0.006322324 0 -0.0096246 0.005099534 -0.00149995 -0.0096246 0.005099534 0 -0.0096246 0.006400406 -0.00149995 -0.0096246 0.006400406 0 -0.009591817 0.005023002 -0.00149995 -0.009591817 0.005023002 0 -0.009591817 0.006476938 -0.00149995 -0.009591817 0.006476938 0 -0.009555459 0.004948079 -0.00149995 -0.009555459 0.004948079 0 -0.009555459 0.006551861 -0.00149995 -0.009555459 0.006551861 0 -0.009515523 0.004874944 -0.00149995 -0.009515523 0.004874944 0 -0.009515523 0.006624996 -0.00149995 -0.009515523 0.006624996 0 -0.009485363 -0.006682217 -5.96774e-4 -0.009709715 0.005986273 -0.00149995 -0.009586751 0.006110131 0 -0.009472191 0.004803836 -0.00149995 -0.009472191 0.004803836 0 -0.009472191 0.006696105 -0.00149995 -0.009472191 0.006696105 0 -0.00898683 -0.007592618 -7.5e-4 -0.009425461 0.004734873 -0.00149995 -0.009425461 0.004734873 0 -0.009425461 0.006765067 -0.00149995 -0.009425461 0.006765067 0 -0.009375572 0.004668176 -0.00149995 -0.009375572 0.004668176 0 -0.009375572 0.006831765 -0.00149995 -0.009375572 0.006831765 0 -0.009322524 0.004603981 -0.00149995 -0.009322524 0.004603981 0 -0.009322524 0.006895959 -0.00149995 -0.009322524 0.006895959 0 -0.006872117 0.004279673 -6.29428e-4 -0.009266495 0.00454235 -0.00149995 -0.009266495 0.00454235 0 -0.009266495 0.00695759 -0.00149995 -0.009266495 0.00695759 0 -0.009207606 0.004483461 -0.00149995 -0.009207606 0.004483461 0 -0.009207606 0.007016479 -0.00149995 -0.009207606 0.007016479 0 -0.008579432 -0.006555378 -0.00149995 -0.009145975 0.004427433 -0.00149995 -0.009145975 0.004427433 0 -0.009145975 0.007072508 -0.00149995 -0.009145975 0.007072508 0 -0.009081721 0.004374384 -0.00149995 -0.009081721 0.004374384 0 -0.009081721 0.007125556 -0.00149995 -0.009081721 0.007125556 0 -0.009015083 0.004324436 -0.00149995 -0.009015083 0.004324436 0 -0.009015083 0.007175505 -0.00149995 -0.009015083 0.007175505 0 -0.008999943 0.001666665 0 -0.008999943 0.001333296 0.000999987 -0.00894612 0.004277765 -0.00149995 -0.00894612 0.004277765 0 -0.00894612 0.007222175 -0.00149995 -0.00894612 0.007222175 0 -0.008874952 0.004234433 -0.00149995 -0.008874952 0.004234433 0 -0.008874952 0.007265508 -0.00149995 -0.008874952 0.007265508 0 -0.008494675 -0.006777644 0 -0.008801877 0.004194498 -0.00149995 -0.008801877 0.004194498 0 -0.008801877 0.007305443 -0.00149995 -0.008801877 0.007305443 0 -0.008726954 0.004158139 -0.00149995 -0.008726954 0.004158139 0 -0.008726954 0.007341802 -0.00149995 -0.008726954 0.007341802 0 -0.008650362 0.004125297 -0.00149995 -0.008650362 0.004125297 0 -0.008650362 0.007374644 -0.00149995 -0.008650362 0.007374644 0 -0.007493317 0.00734353 -8.65385e-4 -0.00857234 0.00409621 -0.00149995 -0.00857234 0.00409621 0 -0.00857234 0.007403731 -0.00149995 -0.00857234 0.007403731 0 -0.008493006 0.004070878 -0.00149995 -0.008493006 0.004070878 0 -0.008493006 0.007429063 -0.00149995 -0.008493006 0.007429063 0 -0.008412539 0.004049301 -0.00149995 -0.008412539 0.004049301 0 -0.008412539 0.00745064 -0.00149995 -0.008412539 0.00745064 0 -0.008331179 0.004031598 -0.00149995 -0.008331179 0.004031598 0 -0.008331179 0.007468342 -0.00149995 -0.008331179 0.007468342 0 -0.008249998 -0.007749974 -0.00149995 -0.008249998 -0.007749974 0 -0.008249998 -0.006249964 -0.00149995 -0.008249998 -0.006249964 0 -0.008249044 0.00401777 -0.00149995 -0.008249044 0.00401777 0 -0.008249044 0.007482171 -0.00149995 -0.008249044 0.007482171 0 -0.008166313 0.004007875 -0.00149995 -0.008166313 0.004007875 0 -0.008166313 0.007492065 -0.00149995 -0.008166313 0.007492065 0 -0.008083224 0.004001975 -0.00149995 -0.008083224 0.004001975 0 -0.008083224 0.007497966 -0.00149995 -0.008083224 0.007497966 0 -0.007999956 0.003999948 -0.00149995 -0.007999956 0.003999948 0 -0.007999956 0.007499992 -0.00149995 -0.007999956 0.007499992 0 -0.007916688 0.004001975 -0.00149995 -0.007916688 0.004001975 0 -0.007916688 0.007497966 -0.00149995 -0.007916688 0.007497966 0 -0.0078336 0.004007875 -0.00149995 -0.0078336 0.004007875 0 -0.0078336 0.007492065 -0.00149995 -0.0078336 0.007492065 0 -0.007750928 0.00401777 -0.00149995 -0.007750928 0.00401777 0 -0.007750928 0.007482171 -0.00149995 -0.007750928 0.007482171 0 -0.007668793 0.004031598 -0.00149995 -0.007668793 0.004031598 0 -0.007668793 0.007468342 -0.00149995 -0.007668793 0.007468342 0 -0.007587373 0.004049301 -0.00149995 -0.007587373 0.004049301 0 -0.007587373 0.00745064 -0.00149995 -0.007587373 0.00745064 0 -0.007506966 0.004070878 -0.00149995 -0.007506966 0.004070878 0 -0.007506966 0.007429063 -0.00149995 -0.007506966 0.007429063 0 -0.007427573 0.00409621 -0.00149995 -0.007427573 0.00409621 0 -0.007427573 0.007403731 -0.00149995 -0.007427573 0.007403731 0 -0.00734955 0.004125297 -0.00149995 -0.00734955 0.004125297 0 -0.00734955 0.007374644 -0.00149995 -0.00734955 0.007374644 0 -0.007273018 0.004158139 -0.00149995 -0.007273018 0.004158139 0 -0.007273018 0.007341802 -0.00149995 -0.007273018 0.007341802 0 -0.007198095 0.004194498 -0.00149995 -0.007198095 0.004194498 0 -0.007198095 0.007305443 -0.00149995 -0.007198095 0.007305443 0 -0.007178544 -0.006999969 -0.00149995 -0.007178544 -0.006999969 -7.5e-4 -0.007178544 -0.006999969 0 -0.007176518 -0.007054746 -0.00149995 -0.007176518 -0.007054746 -7.5e-4 -0.007176518 -0.007054746 0 -0.007176518 -0.006945252 -0.00149995 -0.007176518 -0.006945252 -7.5e-4 -0.007176518 -0.006945252 0 -0.007170557 -0.007109165 -0.00149995 -0.007170557 -0.007109165 -7.5e-4 -0.007170557 -0.007109165 0 -0.007170557 -0.006890773 -0.00149995 -0.007170557 -0.006890773 -7.5e-4 -0.007170557 -0.006890773 0 -0.007160604 -0.007163047 -0.00149995 -0.007160604 -0.007163047 -7.5e-4 -0.007160604 -0.007163047 0 -0.007160604 -0.006836891 -0.00149995 -0.007160604 -0.006836891 -7.5e-4 -0.007160604 -0.006836891 0 -0.007146716 -0.007216036 -0.00149995 -0.007146716 -0.007216036 -7.5e-4 -0.007146716 -0.007216036 0 -0.007146716 -0.006783902 -0.00149995 -0.007146716 -0.006783902 -7.5e-4 -0.007146716 -0.006783902 0 -0.007129073 -0.007267892 -0.00149995 -0.007129073 -0.007267892 -7.5e-4 -0.007129073 -0.007267892 0 -0.007129073 -0.006732046 -0.00149995 -0.007129073 -0.006732046 -7.5e-4 -0.007129073 -0.006732046 0 -0.00712496 0.004234433 -0.00149995 -0.00712496 0.004234433 0 -0.00712496 0.007265508 -0.00149995 -0.00712496 0.007265508 0 -0.007107615 -0.007318317 -0.00149995 -0.007107615 -0.007318317 -7.5e-4 -0.007107615 -0.007318317 0 -0.007107615 -0.006681621 -0.00149995 -0.007107615 -0.006681621 -7.5e-4 -0.007107615 -0.006681621 0 -0.007082581 -0.007367014 -0.00149995 -0.007082581 -0.007367014 -7.5e-4 -0.007082581 -0.007367014 0 -0.007082581 -0.006632924 -0.00149995 -0.007082581 -0.006632924 -7.5e-4 -0.007082581 -0.006632924 0 -0.00705403 -0.007413804 -0.00149995 -0.00705403 -0.007413804 -7.5e-4 -0.00705403 -0.007413804 0 -0.00705403 -0.006586134 -0.00149995 -0.00705403 -0.006586134 -7.5e-4 -0.00705403 -0.006586134 0 -0.007053852 0.004277765 -0.00149995 -0.007053852 0.004277765 0 -0.007053852 0.007222175 -0.00149995 -0.007053852 0.007222175 0 -0.007022142 -0.007458329 -0.00149995 -0.007022142 -0.007458329 -7.5e-4 -0.007022142 -0.007458329 0 -0.007022142 -0.006541609 -0.00149995 -0.007022142 -0.006541609 -7.5e-4 -0.007022142 -0.006541609 0 -0.006999969 -0.001701235 5e-4 -0.006999969 0.00149995 5e-4 -0.006987094 -0.007500469 -0.00149995 -0.006987094 -0.007500469 -7.5e-4 -0.006987094 -0.007500469 0 -0.006987094 -0.006499469 -0.00149995 -0.006987094 -0.006499469 -7.5e-4 -0.006987094 -0.006499469 0 -0.006984889 0.004324436 -0.00149995 -0.006984889 0.004324436 0 -0.006984889 0.007175505 -0.00149995 -0.006984889 0.007175505 0 -0.006949126 -0.007539868 -0.00149995 -0.006949126 -0.007539868 -7.5e-4 -0.006949126 -0.007539868 0 -0.006949126 -0.00646007 -0.00149995 -0.006949126 -0.00646007 -7.5e-4 -0.006949126 -0.00646007 0 -0.006820321 -0.007433116 -8.51064e-4 -0.006918191 0.004374384 -0.00149995 -0.006918191 0.004374384 0 -0.006918191 0.007125556 -0.00149995 -0.006918191 0.007125556 0 -0.006908297 -0.007576465 -0.00149995 -0.006908297 -0.007576465 -7.5e-4 -0.006908297 -0.007576465 0 -0.006908297 -0.006423473 -0.00149995 -0.006908297 -0.006423473 -7.5e-4 -0.006908297 -0.006423473 0 -0.006660282 -0.0064556 -5.32258e-4 -0.006864964 -0.007609963 -0.00149995 -0.006864964 -0.007609963 -7.5e-4 -0.006864964 -0.007609963 0 -0.006864964 -0.006389975 -0.00149995 -0.006864964 -0.006389975 -7.5e-4 -0.006864964 -0.006389975 0 -0.006853938 0.004427433 -0.00149995 -0.006853938 0.004427433 0 -0.006853938 0.007072508 -0.00149995 -0.006853938 0.007072508 0 -0.006819248 -0.007640182 -0.00149995 -0.006819248 -0.007640182 -7.5e-4 -0.006819248 -0.007640182 0 -0.006819248 -0.006359755 -0.00149995 -0.006819248 -0.006359755 -7.5e-4 -0.006819248 -0.006359755 0 -0.006792306 0.004483461 -0.00149995 -0.006792306 0.004483461 0 -0.006792306 0.007016479 -0.00149995 -0.006792306 0.007016479 0 -0.006771445 -0.007667005 -0.00149995 -0.006771445 -0.007667005 -7.5e-4 -0.006771445 -0.007667005 0 -0.006771445 -0.006332993 -0.00149995 -0.006771445 -0.006332993 -7.5e-4 -0.006771445 -0.006332993 0 -0.006733417 0.00454235 -0.00149995 -0.006733417 0.00454235 0 -0.006733417 0.00695759 -0.00149995 -0.006733417 0.00695759 0 -0.006721854 -0.00769025 -0.00149995 -0.006721854 -0.00769025 -7.5e-4 -0.006721854 -0.00769025 0 -0.006721854 -0.006309688 -0.00149995 -0.006721854 -0.006309688 -7.5e-4 -0.006721854 -0.006309688 0 -0.006677389 0.004603981 -0.00149995 -0.006677389 0.004603981 0 -0.006677389 0.006895959 -0.00149995 -0.006677389 0.006895959 0 -0.006670713 -0.007709801 -0.00149995 -0.006670713 -0.007709801 -7.5e-4 -0.006670713 -0.007709801 0 -0.006670713 -0.006290137 -0.00149995 -0.006670713 -0.006290137 -7.5e-4 -0.006670713 -0.006290137 0 -0.0066244 0.004668176 -0.00149995 -0.0066244 0.004668176 0 -0.0066244 0.006831765 -0.00149995 -0.0066244 0.006831765 0 -0.006618261 -0.007725596 -0.00149995 -0.006618261 -0.007725596 -7.5e-4 -0.006618261 -0.007725596 0 -0.006618261 -0.006274342 -0.00149995 -0.006618261 -0.006274342 -7.5e-4 -0.006618261 -0.006274342 0 -0.006574451 0.004734873 -0.00149995 -0.006574451 0.004734873 0 -0.006574451 0.006765067 -0.00149995 -0.006574451 0.006765067 0 -0.006564795 -0.007737517 -0.00149995 -0.006564795 -0.007737517 -7.5e-4 -0.006564795 -0.007737517 0 -0.006564795 -0.006262421 -0.00149995 -0.006564795 -0.006262421 -7.5e-4 -0.006564795 -0.006262421 0 -0.006536483 -0.002999961 3.33333e-4 -0.006018221 -4.63841e-4 5e-4 -0.006527781 0.004803836 -0.00149995 -0.006527781 0.004803836 0 -0.006527781 0.006696105 -0.00149995 -0.006527781 0.006696105 0 -0.006510555 -0.007745444 -0.00149995 -0.006510555 -0.007745444 -7.5e-4 -0.006510555 -0.007745444 0 -0.006510555 -0.006254494 -0.00149995 -0.006510555 -0.006254494 -7.5e-4 -0.006510555 -0.006254494 0 -0.006484448 0.004874944 -0.00149995 -0.006484448 0.004874944 0 -0.006484448 0.006624996 -0.00149995 -0.006484448 0.006624996 0 -0.006455957 -0.007749497 -0.00149995 -0.006455957 -0.007749497 -7.5e-4 -0.006455957 -0.007749497 0 -0.006455957 -0.0062505 -0.00149995 -0.006455957 -0.0062505 -7.5e-4 -0.006455957 -0.0062505 0 -0.006444513 0.004948079 -0.00149995 -0.006444513 0.004948079 0 -0.006444513 0.006551861 -0.00149995 -0.006444513 0.006551861 0 -0.006408095 0.005023002 -0.00149995 -0.006408095 0.005023002 0 -0.006408095 0.006476938 -0.00149995 -0.006408095 0.006476938 0 -0.006401121 -0.007749497 -0.00149995 -0.006401121 -0.007749497 -7.5e-4 -0.006401121 -0.007749497 0 -0.006401121 -0.0062505 -0.00149995 -0.006401121 -0.0062505 -7.5e-4 -0.006401121 -0.0062505 0 -0.006375312 0.005099534 -0.00149995 -0.006375312 0.005099534 0 -0.006375312 0.006400406 -0.00149995 -0.006375312 0.006400406 0 -0.006346523 -0.007745444 -0.00149995 -0.006346523 -0.007745444 -7.5e-4 -0.006346523 -0.007745444 0 -0.006346523 -0.006254494 -0.00149995 -0.006346523 -0.006254494 -7.5e-4 -0.006346523 -0.006254494 0 -0.006346225 0.005177617 -0.00149995 -0.006346225 0.005177617 0 -0.006346225 0.006322324 -0.00149995 -0.006346225 0.006322324 0 -0.006320834 0.00525695 -0.00149995 -0.006320834 0.00525695 0 -0.006320834 0.00624299 -0.00149995 -0.006320834 0.00624299 0 -0.006299316 0.005337417 -0.00149995 -0.006299316 0.005337417 0 -0.006299316 0.006162524 -0.00149995 -0.006299316 0.006162524 0 -0.006292343 -0.007737517 -0.00149995 -0.006292343 -0.007737517 -7.5e-4 -0.006292343 -0.007737517 0 -0.006292343 -0.006262421 -0.00149995 -0.006292343 -0.006262421 -7.5e-4 -0.006292343 -0.006262421 0 -0.00584197 -0.007061779 -8.71875e-4 -0.006281614 0.005418777 -0.00149995 -0.006281614 0.005418777 0 -0.006281614 0.006081163 -0.00149995 -0.006281614 0.006081163 0 -0.006267786 0.005500912 -0.00149995 -0.006267786 0.005500912 0 -0.006267786 0.005999028 -0.00149995 -0.006267786 0.005999028 0 -0.006257891 0.005583643 -0.00149995 -0.006257891 0.005583643 0 -0.006257891 0.005916297 -0.00149995 -0.006257891 0.005916297 0 -0.006251931 0.005666673 -0.00149995 -0.006251931 0.005666673 0 -0.006251931 0.005833268 -0.00149995 -0.006251931 0.005833268 0 -0.006249964 0.00575 -0.00149995 -0.006249964 0.00575 0 -0.006238818 -0.007725596 -0.00149995 -0.006238818 -0.007725596 -7.5e-4 -0.006238818 -0.007725596 0 -0.006238818 -0.006274342 -0.00149995 -0.006238818 -0.006274342 -7.5e-4 -0.006238818 -0.006274342 0 -0.006186366 -0.007709801 -0.00149995 -0.006186366 -0.007709801 -7.5e-4 -0.006186366 -0.007709801 0 -0.006186366 -0.006290137 -0.00149995 -0.006186366 -0.006290137 -7.5e-4 -0.006186366 -0.006290137 0 -0.006135225 -0.00769025 -0.00149995 -0.006135225 -0.00769025 -7.5e-4 -0.006135225 -0.00769025 0 -0.006135225 -0.006309688 -0.00149995 -0.006135225 -0.006309688 -7.5e-4 -0.006135225 -0.006309688 0 -0.006085634 -0.007667005 -0.00149995 -0.006085634 -0.007667005 -7.5e-4 -0.006085634 -0.007667005 0 -0.006085634 -0.006332993 -0.00149995 -0.006085634 -0.006332993 -7.5e-4 -0.006085634 -0.006332993 0 -0.006037831 -0.007640182 -0.00149995 -0.006037831 -0.007640182 -7.5e-4 -0.006037831 -0.007640182 0 -0.006037831 -0.006359755 -0.00149995 -0.006037831 -0.006359755 -7.5e-4 -0.006037831 -0.006359755 0 -0.005992174 -0.007609963 -0.00149995 -0.005992174 -0.007609963 -7.5e-4 -0.005992174 -0.007609963 0 -0.005992174 -0.006389975 -0.00149995 -0.005992174 -0.006389975 -7.5e-4 -0.005992174 -0.006389975 0 -0.005948781 -0.007576465 -0.00149995 -0.005948781 -0.007576465 -7.5e-4 -0.005948781 -0.007576465 0 -0.005948781 -0.006423473 -0.00149995 -0.005948781 -0.006423473 -7.5e-4 -0.005948781 -0.006423473 0 -0.005908012 -0.007539868 -0.00149995 -0.005908012 -0.007539868 -7.5e-4 -0.005908012 -0.007539868 0 -0.005908012 -0.00646007 -0.00149995 -0.005908012 -0.00646007 -7.5e-4 -0.005908012 -0.00646007 0 -0.005869984 -0.007500469 -0.00149995 -0.005869984 -0.007500469 -7.5e-4 -0.005869984 -0.007500469 0 -0.005869984 -0.006499469 -0.00149995 -0.005869984 -0.006499469 -7.5e-4 -0.005869984 -0.006499469 0 -0.005834937 -0.007458329 -0.00149995 -0.005834937 -0.007458329 -7.5e-4 -0.005834937 -0.007458329 0 -0.005834937 -0.006541609 -0.00149995 -0.005834937 -0.006541609 -7.5e-4 -0.005834937 -0.006541609 0 -0.005803048 -0.007413804 -0.00149995 -0.005803048 -0.007413804 -7.5e-4 -0.005803048 -0.007413804 0 -0.005803048 -0.006586134 -0.00149995 -0.005803048 -0.006586134 -7.5e-4 -0.005803048 -0.006586134 0 -0.005774497 -0.007367014 -0.00149995 -0.005774497 -0.007367014 -7.5e-4 -0.005774497 -0.007367014 0 -0.005774497 -0.006632924 -0.00149995 -0.005774497 -0.006632924 -7.5e-4 -0.005774497 -0.006632924 0 -0.005749464 -0.007318317 -0.00149995 -0.005749464 -0.007318317 -7.5e-4 -0.005749464 -0.007318317 0 -0.005749464 -0.006681621 -0.00149995 -0.005749464 -0.006681621 -7.5e-4 -0.005749464 -0.006681621 0 -0.005728006 -0.007267892 -0.00149995 -0.005728006 -0.007267892 -7.5e-4 -0.005728006 -0.007267892 0 -0.005728006 -0.006732046 -0.00149995 -0.005728006 -0.006732046 -7.5e-4 -0.005728006 -0.006732046 0 -0.005710363 -0.007216036 -0.00149995 -0.005710363 -0.007216036 -7.5e-4 -0.005710363 -0.007216036 0 -0.005710363 -0.006783902 -0.00149995 -0.005710363 -0.006783902 -7.5e-4 -0.005710363 -0.006783902 0 -0.005696475 -0.007163047 -0.00149995 -0.005696475 -0.007163047 -7.5e-4 -0.005696475 -0.007163047 0 -0.005696475 -0.006836891 -0.00149995 -0.005696475 -0.006836891 -7.5e-4 -0.005696475 -0.006836891 0 -0.005686521 -0.007109165 -0.00149995 -0.005686521 -0.007109165 -7.5e-4 -0.005686521 -0.007109165 0 -0.005686521 -0.006890773 -0.00149995 -0.005686521 -0.006890773 -7.5e-4 -0.005686521 -0.006890773 0 -0.005680561 -0.007054746 -0.00149995 -0.005680561 -0.007054746 -7.5e-4 -0.005680561 -0.007054746 0 -0.005680561 -0.006945252 -0.00149995 -0.005680561 -0.006945252 -7.5e-4 -0.005680561 -0.006945252 0 -0.005678534 -0.006999969 -0.00149995 -0.005678534 -0.006999969 -7.5e-4 -0.005678534 -0.006999969 0 -0.005499958 -0.002999961 6.66667e-4 -0.005036473 -0.002999961 3.33333e-4 -0.00451821 -4.63841e-4 5e-4 -0.004499971 0.000999987 5e-4 -0.004999995 0.002999961 6.66667e-4 -0.004607141 -0.006999969 -0.00149995 -0.004607141 -0.006999969 -7.5e-4 -0.004607141 -0.006999969 0 -0.004605114 -0.007054746 -0.00149995 -0.004605114 -0.007054746 -7.5e-4 -0.004605114 -0.007054746 0 -0.004605114 -0.006945252 -0.00149995 -0.004605114 -0.006945252 -7.5e-4 -0.004605114 -0.006945252 0 -0.004599094 -0.007109165 -0.00149995 -0.004599094 -0.007109165 -7.5e-4 -0.004599094 -0.007109165 0 -0.004599094 -0.006890773 -0.00149995 -0.004599094 -0.006890773 -7.5e-4 -0.004599094 -0.006890773 0 -0.0045892 -0.007163047 -0.00149995 -0.0045892 -0.007163047 -7.5e-4 -0.0045892 -0.007163047 0 -0.0045892 -0.006836891 -0.00149995 -0.0045892 -0.006836891 -7.5e-4 -0.0045892 -0.006836891 0 -0.004575312 -0.007216036 -0.00149995 -0.004575312 -0.007216036 -7.5e-4 -0.004575312 -0.007216036 0 -0.004575312 -0.006783902 -0.00149995 -0.004575312 -0.006783902 -7.5e-4 -0.004575312 -0.006783902 0 -0.004557609 -0.007267892 -0.00149995 -0.004557609 -0.007267892 -7.5e-4 -0.004557609 -0.007267892 0 -0.004557609 -0.006732046 -0.00149995 -0.004557609 -0.006732046 -7.5e-4 -0.004557609 -0.006732046 0 -0.004536211 -0.007318317 -0.00149995 -0.004536211 -0.007318317 -7.5e-4 -0.004536211 -0.007318317 0 -0.004536211 -0.006681621 -0.00149995 -0.004536211 -0.006681621 -7.5e-4 -0.004536211 -0.006681621 0 -0.004511177 -0.007367014 -0.00149995 -0.004511177 -0.007367014 -7.5e-4 -0.004511177 -0.007367014 0 -0.004511177 -0.006632924 -0.00149995 -0.004511177 -0.006632924 -7.5e-4 -0.004511177 -0.006632924 0 -0.004482626 -0.007413804 -0.00149995 -0.004482626 -0.007413804 -7.5e-4 -0.004482626 -0.007413804 0 -0.004482626 -0.006586134 -0.00149995 -0.004482626 -0.006586134 -7.5e-4 -0.004482626 -0.006586134 0 -0.004450738 -0.007458329 -0.00149995 -0.004450738 -0.007458329 -7.5e-4 -0.004450738 -0.007458329 0 -0.004450738 -0.006541609 -0.00149995 -0.004450738 -0.006541609 -7.5e-4 -0.004450738 -0.006541609 0 -0.00441569 -0.007500469 -0.00149995 -0.00441569 -0.007500469 -7.5e-4 -0.00441569 -0.007500469 0 -0.00441569 -0.006499469 -0.00149995 -0.00441569 -0.006499469 -7.5e-4 -0.00441569 -0.006499469 0 -0.004377663 -0.007539868 -0.00149995 -0.004377663 -0.007539868 -7.5e-4 -0.004377663 -0.007539868 0 -0.004377663 -0.00646007 -0.00149995 -0.004377663 -0.00646007 -7.5e-4 -0.004377663 -0.00646007 0 -0.004377782 -0.006794869 -7.90909e-4 -0.003727912 -0.007604181 -8.44221e-4 -0.004336893 -0.007576465 -0.00149995 -0.004336893 -0.007576465 -7.5e-4 -0.004336893 -0.007576465 0 -0.004336893 -0.006423473 -0.00149995 -0.004336893 -0.006423473 -7.5e-4 -0.004336893 -0.006423473 0 -0.004293501 -0.007609963 -0.00149995 -0.004293501 -0.007609963 -7.5e-4 -0.004293501 -0.007609963 0 -0.004293501 -0.006389975 -0.00149995 -0.004293501 -0.006389975 -7.5e-4 -0.004293501 -0.006389975 0 -0.004247844 -0.007640182 -0.00149995 -0.004247844 -0.007640182 -7.5e-4 -0.004247844 -0.007640182 0 -0.004247844 -0.006359755 -0.00149995 -0.004247844 -0.006359755 -7.5e-4 -0.004247844 -0.006359755 0 -0.004200041 -0.007667005 -0.00149995 -0.004200041 -0.007667005 -7.5e-4 -0.004200041 -0.007667005 0 -0.004200041 -0.006332993 -0.00149995 -0.004200041 -0.006332993 -7.5e-4 -0.004200041 -0.006332993 0 -0.00415045 -0.00769025 -0.00149995 -0.00415045 -0.00769025 -7.5e-4 -0.00415045 -0.00769025 0 -0.00415045 -0.006309688 -0.00149995 -0.00415045 -0.006309688 -7.5e-4 -0.00415045 -0.006309688 0 -0.004099249 -0.007709801 -0.00149995 -0.004099249 -0.007709801 -7.5e-4 -0.004099249 -0.007709801 0 -0.004099249 -0.006290137 -0.00149995 -0.004099249 -0.006290137 -7.5e-4 -0.004099249 -0.006290137 0 -0.004046797 -0.007725596 -0.00149995 -0.004046797 -0.007725596 -7.5e-4 -0.004046797 -0.007725596 0 -0.004046797 -0.006274342 -0.00149995 -0.004046797 -0.006274342 -7.5e-4 -0.004046797 -0.006274342 0 -0.003999948 -0.002999961 6.66667e-4 -0.003999948 0.002999961 3.33333e-4 -0.003993332 -0.007737517 -0.00149995 -0.003993332 -0.007737517 -7.5e-4 -0.003993332 -0.007737517 0 -0.003993332 -0.006262421 -0.00149995 -0.003993332 -0.006262421 -7.5e-4 -0.003993332 -0.006262421 0 -0.003939151 -0.007745444 -0.00149995 -0.003939151 -0.007745444 -7.5e-4 -0.003939151 -0.007745444 0 -0.003939151 -0.006254494 -0.00149995 -0.003939151 -0.006254494 -7.5e-4 -0.003939151 -0.006254494 0 -0.003557503 -0.006502628 -5.91837e-4 -0.003884494 -0.007749497 -0.00149995 -0.003884494 -0.007749497 -7.5e-4 -0.003884494 -0.007749497 0 -0.003884494 -0.0062505 -0.00149995 -0.003884494 -0.0062505 -7.5e-4 -0.003884494 -0.0062505 0 -0.003829717 -0.007749497 -0.00149995 -0.003829717 -0.007749497 -7.5e-4 -0.003829717 -0.007749497 0 -0.003829717 -0.0062505 -0.00149995 -0.003829717 -0.0062505 -7.5e-4 -0.003829717 -0.0062505 0 -0.00377506 -0.007745444 -0.00149995 -0.00377506 -0.007745444 -7.5e-4 -0.00377506 -0.007745444 0 -0.00377506 -0.006254494 -0.00149995 -0.00377506 -0.006254494 -7.5e-4 -0.00377506 -0.006254494 0 -0.003720879 -0.007737517 -0.00149995 -0.003720879 -0.007737517 -7.5e-4 -0.003720879 -0.007737517 0 -0.003720879 -0.006262421 -0.00149995 -0.003720879 -0.006262421 -7.5e-4 -0.003720879 -0.006262421 0 -0.003667414 -0.007725596 -0.00149995 -0.003667414 -0.007725596 -7.5e-4 -0.003667414 -0.007725596 0 -0.003667414 -0.006274342 -0.00149995 -0.003667414 -0.006274342 -7.5e-4 -0.003667414 -0.006274342 0 -0.003614962 -0.007709801 -0.00149995 -0.003614962 -0.007709801 -7.5e-4 -0.003614962 -0.007709801 0 -0.003614962 -0.006290137 -0.00149995 -0.003614962 -0.006290137 -7.5e-4 -0.003614962 -0.006290137 0 -0.003563761 -0.00769025 -0.00149995 -0.003563761 -0.00769025 -7.5e-4 -0.003563761 -0.00769025 0 -0.003563761 -0.006309688 -0.00149995 -0.003563761 -0.006309688 -7.5e-4 -0.003563761 -0.006309688 0 -0.0030182 -0.002999961 5e-4 -0.003536462 -4.63841e-4 6.66667e-4 -0.00351417 -0.007667005 -0.00149995 -0.00351417 -0.007667005 -7.5e-4 -0.00351417 -0.007667005 0 -0.00351417 -0.006332993 -0.00149995 -0.00351417 -0.006332993 -7.5e-4 -0.00351417 -0.006332993 0 -0.003007233 0.000999987 5e-4 -0.002853751 0.002999961 0 -0.003160715 0.002999961 0.000999987 -0.003466427 -0.007640182 -0.00149995 -0.003466427 -0.007640182 -7.5e-4 -0.003466427 -0.007640182 0 -0.003466427 -0.006359755 -0.00149995 -0.003466427 -0.006359755 -7.5e-4 -0.003466427 -0.006359755 0 -0.00342071 -0.007609963 -0.00149995 -0.00342071 -0.007609963 -7.5e-4 -0.00342071 -0.007609963 0 -0.00342071 -0.006389975 -0.00149995 -0.00342071 -0.006389975 -7.5e-4 -0.00342071 -0.006389975 0 -0.003377377 -0.007576465 -0.00149995 -0.003377377 -0.007576465 -7.5e-4 -0.003377377 -0.007576465 0 -0.003377377 -0.006423473 -0.00149995 -0.003377377 -0.006423473 -7.5e-4 -0.003377377 -0.006423473 0 -0.003336548 -0.007539868 -0.00149995 -0.003336548 -0.007539868 -7.5e-4 -0.003336548 -0.007539868 0 -0.003336548 -0.00646007 -0.00149995 -0.003336548 -0.00646007 -7.5e-4 -0.003336548 -0.00646007 0 -0.003298521 -0.007500469 -0.00149995 -0.003298521 -0.007500469 -7.5e-4 -0.003298521 -0.007500469 0 -0.003298521 -0.006499469 -0.00149995 -0.003298521 -0.006499469 -7.5e-4 -0.003298521 -0.006499469 0 -0.003263473 -0.007458329 -0.00149995 -0.003263473 -0.007458329 -7.5e-4 -0.003263473 -0.007458329 0 -0.003263473 -0.006541609 -0.00149995 -0.003263473 -0.006541609 -7.5e-4 -0.003263473 -0.006541609 0 -0.003231644 -0.007413804 -0.00149995 -0.003231644 -0.007413804 -7.5e-4 -0.003231644 -0.007413804 0 -0.003231644 -0.006586134 -0.00149995 -0.003231644 -0.006586134 -7.5e-4 -0.003231644 -0.006586134 0 -0.003203094 -0.007367014 -0.00149995 -0.003203094 -0.007367014 -7.5e-4 -0.003203094 -0.007367014 0 -0.003203094 -0.006632924 -0.00149995 -0.003203094 -0.006632924 -7.5e-4 -0.003203094 -0.006632924 0 -0.003178 -0.007318317 -0.00149995 -0.003178 -0.007318317 -7.5e-4 -0.003178 -0.007318317 0 -0.003178 -0.006681621 -0.00149995 -0.003178 -0.006681621 -7.5e-4 -0.003178 -0.006681621 0 -0.003156602 -0.007267892 -0.00149995 -0.003156602 -0.007267892 -7.5e-4 -0.003156602 -0.007267892 0 -0.003156602 -0.006732046 -0.00149995 -0.003156602 -0.006732046 -7.5e-4 -0.003156602 -0.006732046 0 -0.003138899 -0.007216036 -0.00149995 -0.003138899 -0.007216036 -7.5e-4 -0.003138899 -0.007216036 0 -0.003138899 -0.006783902 -0.00149995 -0.003138899 -0.006783902 -7.5e-4 -0.003138899 -0.006783902 0 -0.003125071 -0.007163047 -0.00149995 -0.003125071 -0.007163047 -7.5e-4 -0.003125071 -0.007163047 0 -0.003125071 -0.006836891 -0.00149995 -0.003125071 -0.006836891 -7.5e-4 -0.003125071 -0.006836891 0 -0.003115117 -0.007109165 -0.00149995 -0.003115117 -0.007109165 -7.5e-4 -0.003115117 -0.007109165 0 -0.003115117 -0.006890773 -0.00149995 -0.003115117 -0.006890773 -7.5e-4 -0.003115117 -0.006890773 0 -0.003109097 -0.007054746 -0.00149995 -0.003109097 -0.007054746 -7.5e-4 -0.003109097 -0.007054746 0 -0.003109097 -0.006945252 -0.00149995 -0.003109097 -0.006945252 -7.5e-4 -0.003109097 -0.006945252 0 -0.00310713 -0.006999969 -0.00149995 -0.00310713 -0.006999969 -7.5e-4 -0.00310713 -0.006999969 0 -0.002499997 -4.63841e-4 3.33333e-4 -0.002035677 -0.006999969 -0.00149995 -0.002035677 -0.006999969 -7.5e-4 -0.002035677 -0.006999969 0 -0.00203371 -0.007054746 -0.00149995 -0.00203371 -0.007054746 -7.5e-4 -0.00203371 -0.007054746 0 -0.00203371 -0.006945252 -0.00149995 -0.00203371 -0.006945252 -7.5e-4 -0.00203371 -0.006945252 0 -0.00202769 -0.007109165 -0.00149995 -0.00202769 -0.007109165 -7.5e-4 -0.00202769 -0.007109165 0 -0.00202769 -0.006890773 -0.00149995 -0.00202769 -0.006890773 -7.5e-4 -0.00202769 -0.006890773 0 -0.002017736 -0.007163047 -0.00149995 -0.002017736 -0.007163047 -7.5e-4 -0.002017736 -0.007163047 0 -0.002017736 -0.006836891 -0.00149995 -0.002017736 -0.006836891 -7.5e-4 -0.002017736 -0.006836891 0 -0.002003908 -0.007216036 -0.00149995 -0.002003908 -0.007216036 -7.5e-4 -0.002003908 -0.007216036 0 -0.002003908 -0.006783902 -0.00149995 -0.002003908 -0.006783902 -7.5e-4 -0.002003908 -0.006783902 0 -0.001999974 -0.002497494 3.33333e-4 -0.001999974 0.001999974 6.66667e-4 -0.001999974 0.004949092 7.5e-4 -0.001986205 -0.007267892 -0.00149995 -0.001986205 -0.007267892 -7.5e-4 -0.001986205 -0.007267892 0 -0.001986205 -0.006732046 -0.00149995 -0.001986205 -0.006732046 -7.5e-4 -0.001986205 -0.006732046 0 -0.001964747 -0.007318317 -0.00149995 -0.001964747 -0.007318317 -7.5e-4 -0.001964747 -0.007318317 0 -0.001964747 -0.006681621 -0.00149995 -0.001964747 -0.006681621 -7.5e-4 -0.001964747 -0.006681621 0 -0.001939713 -0.007367014 -0.00149995 -0.001939713 -0.007367014 -7.5e-4 -0.001939713 -0.007367014 0 -0.001939713 -0.006632924 -0.00149995 -0.001939713 -0.006632924 -7.5e-4 -0.001939713 -0.006632924 0 -0.001911163 -0.007413804 -0.00149995 -0.001911163 -0.007413804 -7.5e-4 -0.001911163 -0.007413804 0 -0.001911163 -0.006586134 -0.00149995 -0.001911163 -0.006586134 -7.5e-4 -0.001911163 -0.006586134 0 -0.001879334 -0.007458329 -0.00149995 -0.001879334 -0.007458329 -7.5e-4 -0.001879334 -0.007458329 0 -0.001879334 -0.006541609 -0.00149995 -0.001879334 -0.006541609 -7.5e-4 -0.001879334 -0.006541609 0 -0.001844286 -0.007500469 -0.00149995 -0.001844286 -0.007500469 -7.5e-4 -0.001844286 -0.007500469 0 -0.001844286 -0.006499469 -0.00149995 -0.001844286 -0.006499469 -7.5e-4 -0.001844286 -0.006499469 0 -0.001806259 -0.007539868 -0.00149995 -0.001806259 -0.007539868 -7.5e-4 -0.001806259 -0.007539868 0 -0.001806259 -0.00646007 -0.00149995 -0.001806259 -0.00646007 -7.5e-4 -0.001806259 -0.00646007 0 -0.001861274 -0.007151484 -9.53642e-4 -0.001765429 -0.007576465 -0.00149995 -0.001765429 -0.007576465 -7.5e-4 -0.001765429 -0.007576465 0 -0.001765429 -0.006423473 -0.00149995 -0.001765429 -0.006423473 -7.5e-4 -0.001765429 -0.006423473 0 -0.001722097 -0.007609963 -0.00149995 -0.001722097 -0.007609963 -7.5e-4 -0.001722097 -0.007609963 0 -0.001722097 -0.006389975 -0.00149995 -0.001722097 -0.006389975 -7.5e-4 -0.001722097 -0.006389975 0 -0.00167638 -0.007640182 -0.00149995 -0.00167638 -0.007640182 -7.5e-4 -0.00167638 -0.007640182 0 -0.00167638 -0.006359755 -0.00149995 -0.00167638 -0.006359755 -7.5e-4 -0.00167638 -0.006359755 0 -0.001628637 -0.007667005 -0.00149995 -0.001628637 -0.007667005 -7.5e-4 -0.001628637 -0.007667005 0 -0.001628637 -0.006332993 -0.00149995 -0.001628637 -0.006332993 -7.5e-4 -0.001628637 -0.006332993 0 -0.001578986 -0.00769025 -0.00149995 -0.001578986 -0.00769025 -7.5e-4 -0.001578986 -0.00769025 0 -0.001578986 -0.006309688 -0.00149995 -0.001578986 -0.006309688 -7.5e-4 -0.001578986 -0.006309688 0 -0.001527845 -0.007709801 -0.00149995 -0.001527845 -0.007709801 -7.5e-4 -0.001527845 -0.007709801 0 -0.001527845 -0.006290137 -0.00149995 -0.001527845 -0.006290137 -7.5e-4 -0.001527845 -0.006290137 0 -0.001269817 -0.006402432 -5.94156e-4 -0.001475393 -0.007725596 -0.00149995 -0.001475393 -0.007725596 -7.5e-4 -0.001475393 -0.007725596 0 -0.001475393 -0.006274342 -0.00149995 -0.001475393 -0.006274342 -7.5e-4 -0.001475393 -0.006274342 0 -0.001421928 -0.007737517 -0.00149995 -0.001421928 -0.007737517 -7.5e-4 -0.001421928 -0.007737517 0 -0.001421928 -0.006262421 -0.00149995 -0.001421928 -0.006262421 -7.5e-4 -0.001421928 -0.006262421 0 -8.33227e-4 -0.007366299 -7.05298e-4 -0.001367688 -0.007745444 -0.00149995 -0.001367688 -0.007745444 -7.5e-4 -0.001367688 -0.007745444 0 -0.001367688 -0.006254494 -0.00149995 -0.001367688 -0.006254494 -7.5e-4 -0.001367688 -0.006254494 0 -0.00131309 -0.007749497 -0.00149995 -0.00131309 -0.007749497 -7.5e-4 -0.00131309 -0.007749497 0 -0.00131309 -0.0062505 -0.00149995 -0.00131309 -0.0062505 -7.5e-4 -0.00131309 -0.0062505 0 -0.001258313 -0.007749497 -0.00149995 -0.001258313 -0.007749497 -7.5e-4 -0.001258313 -0.007749497 0 -0.001258313 -0.0062505 -0.00149995 -0.001258313 -0.0062505 -7.5e-4 -0.001258313 -0.0062505 0 -0.001203656 -0.007745444 -0.00149995 -0.001203656 -0.007745444 -7.5e-4 -0.001203656 -0.007745444 0 -0.001203656 -0.006254494 -0.00149995 -0.001203656 -0.006254494 -7.5e-4 -0.001203656 -0.006254494 0 -0.001149475 -0.007737517 -0.00149995 -0.001149475 -0.007737517 -7.5e-4 -0.001149475 -0.007737517 0 -0.001149475 -0.006262421 -0.00149995 -0.001149475 -0.006262421 -7.5e-4 -0.001149475 -0.006262421 0 -0.00109601 -0.007725596 -0.00149995 -0.00109601 -0.007725596 -7.5e-4 -0.00109601 -0.007725596 0 -0.00109601 -0.006274342 -0.00149995 -0.00109601 -0.006274342 -7.5e-4 -0.00109601 -0.006274342 0 -0.001043498 -0.007709801 -0.00149995 -0.001043498 -0.007709801 -7.5e-4 -0.001043498 -0.007709801 0 -0.001043498 -0.006290137 -0.00149995 -0.001043498 -0.006290137 -7.5e-4 -0.001043498 -0.006290137 0 -9.92386e-4 -0.00769025 -0.00149995 -9.92386e-4 -0.00769025 -7.5e-4 -9.92386e-4 -0.00769025 0 -9.92386e-4 -0.006309688 -0.00149995 -9.92386e-4 -0.006309688 -7.5e-4 -9.92386e-4 -0.006309688 0 -9.42783e-4 -0.007667005 -0.00149995 -9.42783e-4 -0.007667005 -7.5e-4 -9.42783e-4 -0.007667005 0 -9.42783e-4 -0.006332993 -0.00149995 -9.42783e-4 -0.006332993 -7.5e-4 -9.42783e-4 -0.006332993 0 -8.95009e-4 -0.007640182 -0.00149995 -8.95009e-4 -0.007640182 -7.5e-4 -8.95009e-4 -0.007640182 0 -8.95009e-4 -0.006359755 -0.00149995 -8.95009e-4 -0.006359755 -7.5e-4 -8.95009e-4 -0.006359755 0 -8.4932e-4 -0.007609963 -0.00149995 -8.4932e-4 -0.007609963 -7.5e-4 -8.4932e-4 -0.007609963 0 -8.4932e-4 -0.006389975 -0.00149995 -8.4932e-4 -0.006389975 -7.5e-4 -8.4932e-4 -0.006389975 0 -8.0596e-4 -0.007576465 -0.00149995 -8.0596e-4 -0.007576465 -7.5e-4 -8.0596e-4 -0.007576465 0 -8.0596e-4 -0.006423473 -0.00149995 -8.0596e-4 -0.006423473 -7.5e-4 -8.0596e-4 -0.006423473 0 -7.65159e-4 -0.007539868 -0.00149995 -7.65159e-4 -0.007539868 -7.5e-4 -7.65159e-4 -0.007539868 0 -7.65159e-4 -0.00646007 -0.00149995 -7.65159e-4 -0.00646007 -7.5e-4 -7.65159e-4 -0.00646007 0 -7.27135e-4 -0.007500469 -0.00149995 -7.27135e-4 -0.007500469 -7.5e-4 -7.27135e-4 -0.007500469 0 -7.27135e-4 -0.006499469 -0.00149995 -7.27135e-4 -0.006499469 -7.5e-4 -7.27135e-4 -0.006499469 0 -6.92092e-4 -0.007458329 -0.00149995 -6.92092e-4 -0.007458329 -7.5e-4 -6.92092e-4 -0.007458329 0 -6.92092e-4 -0.006541609 -0.00149995 -6.92092e-4 -0.006541609 -7.5e-4 -6.92092e-4 -0.006541609 0 -6.60216e-4 -0.007413804 -0.00149995 -6.60216e-4 -0.007413804 -7.5e-4 -6.60216e-4 -0.007413804 0 -6.60216e-4 -0.006586134 -0.00149995 -6.60216e-4 -0.006586134 -7.5e-4 -6.60216e-4 -0.006586134 0 -6.31677e-4 -0.007367014 -0.00149995 -6.31677e-4 -0.007367014 -7.5e-4 -6.31677e-4 -0.007367014 0 -6.31677e-4 -0.006632924 -0.00149995 -6.31677e-4 -0.006632924 -7.5e-4 -6.31677e-4 -0.006632924 0 -6.06628e-4 -0.007318317 -0.00149995 -6.06628e-4 -0.007318317 -7.5e-4 -6.06628e-4 -0.007318317 0 -6.06628e-4 -0.006681621 -0.00149995 -6.06628e-4 -0.006681621 -7.5e-4 -6.06628e-4 -0.006681621 0 -5.85202e-4 -0.007267892 -0.00149995 -5.85202e-4 -0.007267892 -7.5e-4 -5.85202e-4 -0.007267892 0 -5.85202e-4 -0.006732046 -0.00149995 -5.85202e-4 -0.006732046 -7.5e-4 -5.85202e-4 -0.006732046 0 -5.67514e-4 -0.007216036 -0.00149995 -5.67514e-4 -0.007216036 -7.5e-4 -5.67514e-4 -0.007216036 0 -5.67514e-4 -0.006783902 -0.00149995 -5.67514e-4 -0.006783902 -7.5e-4 -5.67514e-4 -0.006783902 0 -5.53658e-4 -0.007163047 -0.00149995 -5.53658e-4 -0.007163047 -7.5e-4 -5.53658e-4 -0.007163047 0 -5.53658e-4 -0.006836891 -0.00149995 -5.53658e-4 -0.006836891 -7.5e-4 -5.53658e-4 -0.006836891 0 -5.43707e-4 -0.007109165 -0.00149995 -5.43707e-4 -0.007109165 -7.5e-4 -5.43707e-4 -0.007109165 0 -5.43707e-4 -0.006890773 -0.00149995 -5.43707e-4 -0.006890773 -7.5e-4 -5.43707e-4 -0.006890773 0 -5.37715e-4 -0.007054746 -0.00149995 -5.37715e-4 -0.007054746 -7.5e-4 -5.37715e-4 -0.007054746 0 -5.37715e-4 -0.006945252 -0.00149995 -5.37715e-4 -0.006945252 -7.5e-4 -5.37715e-4 -0.006945252 0 -5.35714e-4 -0.006999969 -0.00149995 -5.35714e-4 -0.006999969 -7.5e-4 -5.35714e-4 -0.006999969 0 5.35714e-4 -0.006999969 -0.00149995 5.35714e-4 -0.006999969 -7.5e-4 5.35714e-4 -0.006999969 0 5.37715e-4 -0.007054746 -0.00149995 5.37715e-4 -0.007054746 -7.5e-4 5.37715e-4 -0.007054746 0 5.37715e-4 -0.006945252 -0.00149995 5.37715e-4 -0.006945252 -7.5e-4 5.37715e-4 -0.006945252 0 5.43707e-4 -0.007109165 -0.00149995 5.43707e-4 -0.007109165 -7.5e-4 5.43707e-4 -0.007109165 0 5.43707e-4 -0.006890773 -0.00149995 5.43707e-4 -0.006890773 -7.5e-4 5.43707e-4 -0.006890773 0 5.53657e-4 -0.007163047 -0.00149995 5.53657e-4 -0.007163047 -7.5e-4 5.53657e-4 -0.007163047 0 5.53657e-4 -0.006836891 -0.00149995 5.53657e-4 -0.006836891 -7.5e-4 5.53657e-4 -0.006836891 0 5.67514e-4 -0.007216036 -0.00149995 5.67514e-4 -0.007216036 -7.5e-4 5.67514e-4 -0.007216036 0 5.67514e-4 -0.006783902 -0.00149995 5.67514e-4 -0.006783902 -7.5e-4 5.67514e-4 -0.006783902 0 5.85202e-4 -0.007267892 -0.00149995 5.85202e-4 -0.007267892 -7.5e-4 5.85202e-4 -0.007267892 0 5.85202e-4 -0.006732046 -0.00149995 5.85202e-4 -0.006732046 -7.5e-4 5.85202e-4 -0.006732046 0 6.06628e-4 -0.007318317 -0.00149995 6.06628e-4 -0.007318317 -7.5e-4 6.06628e-4 -0.007318317 0 6.06628e-4 -0.006681621 -0.00149995 6.06628e-4 -0.006681621 -7.5e-4 6.06628e-4 -0.006681621 0 6.31677e-4 -0.007367014 -0.00149995 6.31677e-4 -0.007367014 -7.5e-4 6.31677e-4 -0.007367014 0 6.31677e-4 -0.006632924 -0.00149995 6.31677e-4 -0.006632924 -7.5e-4 6.31677e-4 -0.006632924 0 6.60216e-4 -0.007413804 -0.00149995 6.60216e-4 -0.007413804 -7.5e-4 6.60216e-4 -0.007413804 0 6.60216e-4 -0.006586134 -0.00149995 6.60216e-4 -0.006586134 -7.5e-4 6.60216e-4 -0.006586134 0 6.92092e-4 -0.007458329 -0.00149995 6.92092e-4 -0.007458329 -7.5e-4 6.92092e-4 -0.007458329 0 6.92092e-4 -0.006541609 -0.00149995 6.92092e-4 -0.006541609 -7.5e-4 6.92092e-4 -0.006541609 0 7.27135e-4 -0.007500469 -0.00149995 7.27135e-4 -0.007500469 -7.5e-4 7.27135e-4 -0.007500469 0 7.27135e-4 -0.006499469 -0.00149995 7.27135e-4 -0.006499469 -7.5e-4 7.27135e-4 -0.006499469 0 7.65158e-4 -0.007539868 -0.00149995 7.65158e-4 -0.007539868 -7.5e-4 7.65158e-4 -0.007539868 0 7.65158e-4 -0.00646007 -0.00149995 7.65158e-4 -0.00646007 -7.5e-4 7.65158e-4 -0.00646007 0 7.70346e-4 -0.006660163 -8.72881e-4 0.001068174 -0.007576882 -5.03226e-4 8.05959e-4 -0.007576465 -0.00149995 8.05959e-4 -0.007576465 -7.5e-4 8.05959e-4 -0.007576465 0 8.05959e-4 -0.006423473 -0.00149995 8.05959e-4 -0.006423473 -7.5e-4 8.05959e-4 -0.006423473 0 8.4932e-4 -0.007609963 -0.00149995 8.4932e-4 -0.007609963 -7.5e-4 8.4932e-4 -0.007609963 0 8.4932e-4 -0.006389975 -0.00149995 8.4932e-4 -0.006389975 -7.5e-4 8.4932e-4 -0.006389975 0 8.95009e-4 -0.007640182 -0.00149995 8.95009e-4 -0.007640182 -7.5e-4 8.95009e-4 -0.007640182 0 8.95009e-4 -0.006359755 -0.00149995 8.95009e-4 -0.006359755 -7.5e-4 8.95009e-4 -0.006359755 0 9.42782e-4 -0.007667005 -0.00149995 9.42782e-4 -0.007667005 -7.5e-4 9.42782e-4 -0.007667005 0 9.42782e-4 -0.006332993 -0.00149995 9.42782e-4 -0.006332993 -7.5e-4 9.42782e-4 -0.006332993 0 9.92386e-4 -0.00769025 -0.00149995 9.92386e-4 -0.00769025 -7.5e-4 9.92386e-4 -0.00769025 0 9.92386e-4 -0.006309688 -0.00149995 9.92386e-4 -0.006309688 -7.5e-4 9.92386e-4 -0.006309688 0 0.001043498 -0.007709801 -0.00149995 0.001043498 -0.007709801 -7.5e-4 0.001043498 -0.007709801 0 0.001043498 -0.006290137 -0.00149995 0.001043498 -0.006290137 -7.5e-4 0.001043498 -0.006290137 0 0.00109601 -0.007725596 -0.00149995 0.00109601 -0.007725596 -7.5e-4 0.00109601 -0.007725596 0 0.00109601 -0.006274342 -0.00149995 0.00109601 -0.006274342 -7.5e-4 0.00109601 -0.006274342 0 0.001149475 -0.007737517 -0.00149995 0.001149475 -0.007737517 -7.5e-4 0.001149475 -0.007737517 0 0.001149475 -0.006262421 -0.00149995 0.001149475 -0.006262421 -7.5e-4 0.001149475 -0.006262421 0 0.001203656 -0.007745444 -0.00149995 0.001203656 -0.007745444 -7.5e-4 0.001203656 -0.007745444 0 0.001203656 -0.006254494 -0.00149995 0.001203656 -0.006254494 -7.5e-4 0.001203656 -0.006254494 0 0.001258313 -0.007749497 -0.00149995 0.001258313 -0.007749497 -7.5e-4 0.001258313 -0.007749497 0 0.001258313 -0.0062505 -0.00149995 0.001258313 -0.0062505 -7.5e-4 0.001258313 -0.0062505 0 0.00131309 -0.007749497 -0.00149995 0.00131309 -0.007749497 -7.5e-4 0.00131309 -0.007749497 0 0.00131309 -0.0062505 -0.00149995 0.00131309 -0.0062505 -7.5e-4 0.00131309 -0.0062505 0 0.001367688 -0.007745444 -0.00149995 0.001367688 -0.007745444 -7.5e-4 0.001367688 -0.007745444 0 0.001367688 -0.006254494 -0.00149995 0.001367688 -0.006254494 -7.5e-4 0.001367688 -0.006254494 0 0.001825273 -0.006824553 -8.83065e-4 0.001421928 -0.007737517 -0.00149995 0.001421928 -0.007737517 -7.5e-4 0.001421928 -0.007737517 0 0.001421928 -0.006262421 -0.00149995 0.001421928 -0.006262421 -7.5e-4 0.001421928 -0.006262421 0 0.001475393 -0.007725596 -0.00149995 0.001475393 -0.007725596 -7.5e-4 0.001475393 -0.007725596 0 0.001475393 -0.006274342 -0.00149995 0.001475393 -0.006274342 -7.5e-4 0.001475393 -0.006274342 0 0.001527845 -0.007709801 -0.00149995 0.001527845 -0.007709801 -7.5e-4 0.001527845 -0.007709801 0 0.001527845 -0.006290137 -0.00149995 0.001527845 -0.006290137 -7.5e-4 0.001527845 -0.006290137 0 0.001578986 -0.00769025 -0.00149995 0.001578986 -0.00769025 -7.5e-4 0.001578986 -0.00769025 0 0.001578986 -0.006309688 -0.00149995 0.001578986 -0.006309688 -7.5e-4 0.001578986 -0.006309688 0 0.001628637 -0.007667005 -0.00149995 0.001628637 -0.007667005 -7.5e-4 0.001628637 -0.007667005 0 0.001628637 -0.006332993 -0.00149995 0.001628637 -0.006332993 -7.5e-4 0.001628637 -0.006332993 0 0.00167638 -0.007640182 -0.00149995 0.00167638 -0.007640182 -7.5e-4 0.00167638 -0.007640182 0 0.00167638 -0.006359755 -0.00149995 0.00167638 -0.006359755 -7.5e-4 0.00167638 -0.006359755 0 0.001722097 -0.007609963 -0.00149995 0.001722097 -0.007609963 -7.5e-4 0.001722097 -0.007609963 0 0.001722097 -0.006389975 -0.00149995 0.001722097 -0.006389975 -7.5e-4 0.001722097 -0.006389975 0 0.001765429 -0.007576465 -0.00149995 0.001765429 -0.007576465 -7.5e-4 0.001765429 -0.007576465 0 0.001765429 -0.006423473 -0.00149995 0.001765429 -0.006423473 -7.5e-4 0.001765429 -0.006423473 0 0.001806259 -0.007539868 -0.00149995 0.001806259 -0.007539868 -7.5e-4 0.001806259 -0.007539868 0 0.001806259 -0.00646007 -0.00149995 0.001806259 -0.00646007 -7.5e-4 0.001806259 -0.00646007 0 0.001844286 -0.007500469 -0.00149995 0.001844286 -0.007500469 -7.5e-4 0.001844286 -0.007500469 0 0.001844286 -0.006499469 -0.00149995 0.001844286 -0.006499469 -7.5e-4 0.001844286 -0.006499469 0 0.001879334 -0.007458329 -0.00149995 0.001879334 -0.007458329 -7.5e-4 0.001879334 -0.007458329 0 0.001879334 -0.006541609 -0.00149995 0.001879334 -0.006541609 -7.5e-4 0.001879334 -0.006541609 0 0.001911163 -0.007413804 -0.00149995 0.001911163 -0.007413804 -7.5e-4 0.001911163 -0.007413804 0 0.001911163 -0.006586134 -0.00149995 0.001911163 -0.006586134 -7.5e-4 0.001911163 -0.006586134 0 0.001939713 -0.007367014 -0.00149995 0.001939713 -0.007367014 -7.5e-4 0.001939713 -0.007367014 0 0.001939713 -0.006632924 -0.00149995 0.001939713 -0.006632924 -7.5e-4 0.001939713 -0.006632924 0 0.001964747 -0.007318317 -0.00149995 0.001964747 -0.007318317 -7.5e-4 0.001964747 -0.007318317 0 0.001964747 -0.006681621 -0.00149995 0.001964747 -0.006681621 -7.5e-4 0.001964747 -0.006681621 0 0.001986205 -0.007267892 -0.00149995 0.001986205 -0.007267892 -7.5e-4 0.001986205 -0.007267892 0 0.001986205 -0.006732046 -0.00149995 0.001986205 -0.006732046 -7.5e-4 0.001986205 -0.006732046 0 0.002003908 -0.007216036 -0.00149995 0.002003908 -0.007216036 -7.5e-4 0.002003908 -0.007216036 0 0.002003908 -0.006783902 -0.00149995 0.002003908 -0.006783902 -7.5e-4 0.002003908 -0.006783902 0 0.002017736 -0.007163047 -0.00149995 0.002017736 -0.007163047 -7.5e-4 0.002017736 -0.007163047 0 0.002017736 -0.006836891 -0.00149995 0.002017736 -0.006836891 -7.5e-4 0.002017736 -0.006836891 0 0.00202769 -0.007109165 -0.00149995 0.00202769 -0.007109165 -7.5e-4 0.00202769 -0.007109165 0 0.00202769 -0.006890773 -0.00149995 0.00202769 -0.006890773 -7.5e-4 0.00202769 -0.006890773 0 0.00203371 -0.007054746 -0.00149995 0.00203371 -0.007054746 -7.5e-4 0.00203371 -0.007054746 0 0.00203371 -0.006945252 -0.00149995 0.00203371 -0.006945252 -7.5e-4 0.00203371 -0.006945252 0 0.002035677 -0.006999969 -0.00149995 0.002035677 -0.006999969 -7.5e-4 0.002035677 -0.006999969 0 0.002542316 0.003898262 0.000999987 0.002542316 0.005999982 5e-4 0.00310713 -0.006999969 -0.00149995 0.00310713 -0.006999969 -7.5e-4 0.00310713 -0.006999969 0 0.003109097 -0.007054746 -0.00149995 0.003109097 -0.007054746 -7.5e-4 0.003109097 -0.007054746 0 0.003109097 -0.006945252 -0.00149995 0.003109097 -0.006945252 -7.5e-4 0.003109097 -0.006945252 0 0.003115117 -0.007109165 -0.00149995 0.003115117 -0.007109165 -7.5e-4 0.003115117 -0.007109165 0 0.003115117 -0.006890773 -0.00149995 0.003115117 -0.006890773 -7.5e-4 0.003115117 -0.006890773 0 0.003125071 -0.007163047 -0.00149995 0.003125071 -0.007163047 -7.5e-4 0.003125071 -0.007163047 0 0.003125071 -0.006836891 -0.00149995 0.003125071 -0.006836891 -7.5e-4 0.003125071 -0.006836891 0 0.003138899 -0.007216036 -0.00149995 0.003138899 -0.007216036 -7.5e-4 0.003138899 -0.007216036 0 0.003138899 -0.006783902 -0.00149995 0.003138899 -0.006783902 -7.5e-4 0.003138899 -0.006783902 0 0.003156602 -0.007267892 -0.00149995 0.003156602 -0.007267892 -7.5e-4 0.003156602 -0.007267892 0 0.003156602 -0.006732046 -0.00149995 0.003156602 -0.006732046 -7.5e-4 0.003156602 -0.006732046 0 0.003178 -0.007318317 -0.00149995 0.003178 -0.007318317 -7.5e-4 0.003178 -0.007318317 0 0.003178 -0.006681621 -0.00149995 0.003178 -0.006681621 -7.5e-4 0.003178 -0.006681621 0 0.003199934 -2.48761e-4 5e-4 0.003203094 -0.007367014 -0.00149995 0.003203094 -0.007367014 -7.5e-4 0.003203094 -0.007367014 0 0.003203094 -0.006632924 -0.00149995 0.003203094 -0.006632924 -7.5e-4 0.003203094 -0.006632924 0 0.003231585 -0.007413804 -0.00149995 0.003231585 -0.007413804 -7.5e-4 0.003231585 -0.007413804 0 0.003231585 -0.006586134 -0.00149995 0.003231585 -0.006586134 -7.5e-4 0.003231585 -0.006586134 0 0.003263473 -0.007458329 -0.00149995 0.003263473 -0.007458329 -7.5e-4 0.003263473 -0.007458329 0 0.003263473 -0.006541609 -0.00149995 0.003263473 -0.006541609 -7.5e-4 0.003263473 -0.006541609 0 0.003298521 -0.007500469 -0.00149995 0.003298521 -0.007500469 -7.5e-4 0.003298521 -0.007500469 0 0.003298521 -0.006499469 -0.00149995 0.003298521 -0.006499469 -7.5e-4 0.003298521 -0.006499469 0 0.003336548 -0.007539868 -0.00149995 0.003336548 -0.007539868 -7.5e-4 0.003336548 -0.007539868 0 0.003336548 -0.00646007 -0.00149995 0.003336548 -0.00646007 -7.5e-4 0.003336548 -0.00646007 0 0.003295361 -0.007148742 -7.83582e-4 0.003377377 -0.007576465 -0.00149995 0.003377377 -0.007576465 -7.5e-4 0.003377377 -0.007576465 0 0.003377377 -0.006423473 -0.00149995 0.003377377 -0.006423473 -7.5e-4 0.003377377 -0.006423473 0 0.004136741 -0.006453216 -6.3354e-4 0.00342071 -0.007609963 -0.00149995 0.00342071 -0.007609963 -7.5e-4 0.00342071 -0.007609963 0 0.00342071 -0.006389975 -0.00149995 0.00342071 -0.006389975 -7.5e-4 0.00342071 -0.006389975 0 0.004303872 -0.007404208 -8.38509e-4 0.003466427 -0.007640182 -0.00149995 0.003466427 -0.007640182 -7.5e-4 0.003466427 -0.007640182 0 0.003466427 -0.006359755 -0.00149995 0.003466427 -0.006359755 -7.5e-4 0.003466427 -0.006359755 0 0.00351417 -0.007667005 -0.00149995 0.00351417 -0.007667005 -7.5e-4 0.00351417 -0.007667005 0 0.00351417 -0.006332993 -0.00149995 0.00351417 -0.006332993 -7.5e-4 0.00351417 -0.006332993 0 0.003563761 -0.00769025 -0.00149995 0.003563761 -0.00769025 -7.5e-4 0.003563761 -0.00769025 0 0.003563761 -0.006309688 -0.00149995 0.003563761 -0.006309688 -7.5e-4 0.003563761 -0.006309688 0 0.003614962 -0.007709801 -0.00149995 0.003614962 -0.007709801 -7.5e-4 0.003614962 -0.007709801 0 0.003614962 -0.006290137 -0.00149995 0.003614962 -0.006290137 -7.5e-4 0.003614962 -0.006290137 0 0.003667414 -0.007725596 -0.00149995 0.003667414 -0.007725596 -7.5e-4 0.003667414 -0.007725596 0 0.003667414 -0.006274342 -0.00149995 0.003667414 -0.006274342 -7.5e-4 0.003667414 -0.006274342 0 0.003699898 -0.002999961 3.33333e-4 0.004218161 -4.63841e-4 5e-4 0.003720879 -0.007737517 -0.00149995 0.003720879 -0.007737517 -7.5e-4 0.003720879 -0.007737517 0 0.003720879 -0.006262421 -0.00149995 0.003720879 -0.006262421 -7.5e-4 0.003720879 -0.006262421 0 0.004053711 0.000999987 0 0.004360675 0.000999987 0.000999987 0.004207193 0.002999961 5e-4 0.00377506 -0.007745444 -0.00149995 0.00377506 -0.007745444 -7.5e-4 0.00377506 -0.007745444 0 0.00377506 -0.006254494 -0.00149995 0.00377506 -0.006254494 -7.5e-4 0.00377506 -0.006254494 0 0.003829717 -0.007749497 -0.00149995 0.003829717 -0.007749497 -7.5e-4 0.003829717 -0.007749497 0 0.003829717 -0.0062505 -0.00149995 0.003829717 -0.0062505 -7.5e-4 0.003829717 -0.0062505 0 0.003884494 -0.007749497 -0.00149995 0.003884494 -0.007749497 -7.5e-4 0.003884494 -0.007749497 0 0.003884494 -0.0062505 -0.00149995 0.003884494 -0.0062505 -7.5e-4 0.003884494 -0.0062505 0 0.003939151 -0.007745444 -0.00149995 0.003939151 -0.007745444 -7.5e-4 0.003939151 -0.007745444 0 0.003939151 -0.006254494 -0.00149995 0.003939151 -0.006254494 -7.5e-4 0.003939151 -0.006254494 0 0.003993332 -0.007737517 -0.00149995 0.003993332 -0.007737517 -7.5e-4 0.003993332 -0.007737517 0 0.003993332 -0.006262421 -0.00149995 0.003993332 -0.006262421 -7.5e-4 0.003993332 -0.006262421 0 0.004046797 -0.007725596 -0.00149995 0.004046797 -0.007725596 -7.5e-4 0.004046797 -0.007725596 0 0.004046797 -0.006274342 -0.00149995 0.004046797 -0.006274342 -7.5e-4 0.004046797 -0.006274342 0 0.004099249 -0.007709801 -0.00149995 0.004099249 -0.007709801 -7.5e-4 0.004099249 -0.007709801 0 0.004099249 -0.006290137 -0.00149995 0.004099249 -0.006290137 -7.5e-4 0.004099249 -0.006290137 0 0.00415045 -0.00769025 -0.00149995 0.00415045 -0.00769025 -7.5e-4 0.00415045 -0.00769025 0 0.00415045 -0.006309688 -0.00149995 0.00415045 -0.006309688 -7.5e-4 0.00415045 -0.006309688 0 0.004200041 -0.007667005 -0.00149995 0.004200041 -0.007667005 -7.5e-4 0.004200041 -0.007667005 0 0.004200041 -0.006332993 -0.00149995 0.004200041 -0.006332993 -7.5e-4 0.004200041 -0.006332993 0 0.004247844 -0.007640182 -0.00149995 0.004247844 -0.007640182 -7.5e-4 0.004247844 -0.007640182 0 0.004247844 -0.006359755 -0.00149995 0.004247844 -0.006359755 -7.5e-4 0.004247844 -0.006359755 0 0.004293501 -0.007609963 -0.00149995 0.004293501 -0.007609963 -7.5e-4 0.004293501 -0.007609963 0 0.004293501 -0.006389975 -0.00149995 0.004293501 -0.006389975 -7.5e-4 0.004293501 -0.006389975 0 0.004336893 -0.007576465 -0.00149995 0.004336893 -0.007576465 -7.5e-4 0.004336893 -0.007576465 0 0.004336893 -0.006423473 -0.00149995 0.004336893 -0.006423473 -7.5e-4 0.004336893 -0.006423473 0 0.004377663 -0.007539868 -0.00149995 0.004377663 -0.007539868 -7.5e-4 0.004377663 -0.007539868 0 0.004377663 -0.00646007 -0.00149995 0.004377663 -0.00646007 -7.5e-4 0.004377663 -0.00646007 0 0.00441569 -0.007500469 -0.00149995 0.00441569 -0.007500469 -7.5e-4 0.00441569 -0.007500469 0 0.00441569 -0.006499469 -0.00149995 0.00441569 -0.006499469 -7.5e-4 0.00441569 -0.006499469 0 0.004450738 -0.007458329 -0.00149995 0.004450738 -0.007458329 -7.5e-4 0.004450738 -0.007458329 0 0.004450738 -0.006541609 -0.00149995 0.004450738 -0.006541609 -7.5e-4 0.004450738 -0.006541609 0 0.004482626 -0.007413804 -0.00149995 0.004482626 -0.007413804 -7.5e-4 0.004482626 -0.007413804 0 0.004482626 -0.006586134 -0.00149995 0.004482626 -0.006586134 -7.5e-4 0.004482626 -0.006586134 0 0.004511177 -0.007367014 -0.00149995 0.004511177 -0.007367014 -7.5e-4 0.004511177 -0.007367014 0 0.004511177 -0.006632924 -0.00149995 0.004511177 -0.006632924 -7.5e-4 0.004511177 -0.006632924 0 0.004536211 -0.007318317 -0.00149995 0.004536211 -0.007318317 -7.5e-4 0.004536211 -0.007318317 0 0.004536211 -0.006681621 -0.00149995 0.004536211 -0.006681621 -7.5e-4 0.004536211 -0.006681621 0 0.004557609 -0.007267892 -0.00149995 0.004557609 -0.007267892 -7.5e-4 0.004557609 -0.007267892 0 0.004557609 -0.006732046 -0.00149995 0.004557609 -0.006732046 -7.5e-4 0.004557609 -0.006732046 0 0.004575312 -0.007216036 -0.00149995 0.004575312 -0.007216036 -7.5e-4 0.004575312 -0.007216036 0 0.004575312 -0.006783902 -0.00149995 0.004575312 -0.006783902 -7.5e-4 0.004575312 -0.006783902 0 0.0045892 -0.007163047 -0.00149995 0.0045892 -0.007163047 -7.5e-4 0.0045892 -0.007163047 0 0.0045892 -0.006836891 -0.00149995 0.0045892 -0.006836891 -7.5e-4 0.0045892 -0.006836891 0 0.004599094 -0.007109165 -0.00149995 0.004599094 -0.007109165 -7.5e-4 0.004599094 -0.007109165 0 0.004599094 -0.006890773 -0.00149995 0.004599094 -0.006890773 -7.5e-4 0.004599094 -0.006890773 0 0.004605114 -0.007054746 -0.00149995 0.004605114 -0.007054746 -7.5e-4 0.004605114 -0.007054746 0 0.004605114 -0.006945252 -0.00149995 0.004605114 -0.006945252 -7.5e-4 0.004605114 -0.006945252 0 0.004607141 -0.006999969 -0.00149995 0.004607141 -0.006999969 -7.5e-4 0.004607141 -0.006999969 0 0.004736423 -0.002999961 6.66667e-4 0.005699932 0.000999987 5e-4 0.005199909 0.002999961 6.66667e-4 0.005199909 -0.002999961 3.33333e-4 0.005718171 -4.63841e-4 5e-4 0.005678534 -0.006999969 -0.00149995 0.005678534 -0.006999969 -7.5e-4 0.005678534 -0.006999969 0 0.005680561 -0.007054746 -0.00149995 0.005680561 -0.007054746 -7.5e-4 0.005680561 -0.007054746 0 0.005680561 -0.006945252 -0.00149995 0.005680561 -0.006945252 -7.5e-4 0.005680561 -0.006945252 0 0.005686521 -0.007109165 -0.00149995 0.005686521 -0.007109165 -7.5e-4 0.005686521 -0.007109165 0 0.005686521 -0.006890773 -0.00149995 0.005686521 -0.006890773 -7.5e-4 0.005686521 -0.006890773 0 0.005696475 -0.007163047 -0.00149995 0.005696475 -0.007163047 -7.5e-4 0.005696475 -0.007163047 0 0.005696475 -0.006836891 -0.00149995 0.005696475 -0.006836891 -7.5e-4 0.005696475 -0.006836891 0 0.005710363 -0.007216036 -0.00149995 0.005710363 -0.007216036 -7.5e-4 0.005710363 -0.007216036 0 0.005710363 -0.006783902 -0.00149995 0.005710363 -0.006783902 -7.5e-4 0.005710363 -0.006783902 0 0.005728006 -0.007267892 -0.00149995 0.005728006 -0.007267892 -7.5e-4 0.005728006 -0.007267892 0 0.005728006 -0.006732046 -0.00149995 0.005728006 -0.006732046 -7.5e-4 0.005728006 -0.006732046 0 0.005749464 -0.007318317 -0.00149995 0.005749464 -0.007318317 -7.5e-4 0.005749464 -0.007318317 0 0.005749464 -0.006681621 -0.00149995 0.005749464 -0.006681621 -7.5e-4 0.005749464 -0.006681621 0 0.005774497 -0.007367014 -0.00149995 0.005774497 -0.007367014 -7.5e-4 0.005774497 -0.007367014 0 0.005774497 -0.006632924 -0.00149995 0.005774497 -0.006632924 -7.5e-4 0.005774497 -0.006632924 0 0.005803048 -0.007413804 -0.00149995 0.005803048 -0.007413804 -7.5e-4 0.005803048 -0.007413804 0 0.005803048 -0.006586134 -0.00149995 0.005803048 -0.006586134 -7.5e-4 0.005803048 -0.006586134 0 0.005834937 -0.007458329 -0.00149995 0.005834937 -0.007458329 -7.5e-4 0.005834937 -0.007458329 0 0.005834937 -0.006541609 -0.00149995 0.005834937 -0.006541609 -7.5e-4 0.005834937 -0.006541609 0 0.005869984 -0.007500469 -0.00149995 0.005869984 -0.007500469 -7.5e-4 0.005869984 -0.007500469 0 0.005869984 -0.006499469 -0.00149995 0.005869984 -0.006499469 -7.5e-4 0.005869984 -0.006499469 0 0.005908012 -0.007539868 -0.00149995 0.005908012 -0.007539868 -7.5e-4 0.005908012 -0.007539868 0 0.005908012 -0.00646007 -0.00149995 0.005908012 -0.00646007 -7.5e-4 0.005908012 -0.00646007 0 0.005829393 -0.007052421 -5.67797e-4 0.005948781 -0.007576465 -0.00149995 0.005948781 -0.007576465 -7.5e-4 0.005948781 -0.007576465 0 0.005948781 -0.006423473 -0.00149995 0.005948781 -0.006423473 -7.5e-4 0.005948781 -0.006423473 0 0.0066123 -0.006418108 -0.001032412 0.005992174 -0.007609963 -0.00149995 0.005992174 -0.007609963 -7.5e-4 0.005992174 -0.007609963 0 0.005992174 -0.006389975 -0.00149995 0.005992174 -0.006389975 -7.5e-4 0.005992174 -0.006389975 0 0.006037831 -0.007640182 -0.00149995 0.006037831 -0.007640182 -7.5e-4 0.006037831 -0.007640182 0 0.006037831 -0.006359755 -0.00149995 0.006037831 -0.006359755 -7.5e-4 0.006037831 -0.006359755 0 0.006085634 -0.007667005 -0.00149995 0.006085634 -0.007667005 -7.5e-4 0.006085634 -0.007667005 0 0.006085634 -0.006332993 -0.00149995 0.006085634 -0.006332993 -7.5e-4 0.006085634 -0.006332993 0 0.006135225 -0.00769025 -0.00149995 0.006135225 -0.00769025 -7.5e-4 0.006135225 -0.00769025 0 0.006135225 -0.006309688 -0.00149995 0.006135225 -0.006309688 -7.5e-4 0.006135225 -0.006309688 0 0.006186366 -0.007709801 -0.00149995 0.006186366 -0.007709801 -7.5e-4 0.006186366 -0.007709801 0 0.006186366 -0.006290137 -0.00149995 0.006186366 -0.006290137 -7.5e-4 0.006186366 -0.006290137 0 0.006199896 0.002999961 3.33333e-4 0.006236433 -0.002999961 6.66667e-4 0.006238818 -0.007725596 -0.00149995 0.006238818 -0.007725596 -7.5e-4 0.006238818 -0.007725596 0 0.006238818 -0.006274342 -0.00149995 0.006238818 -0.006274342 -7.5e-4 0.006238818 -0.006274342 0 0.006249964 0.00575 -0.00149995 0.006249964 0.00575 0 0.006251931 0.005666673 -0.00149995 0.006251931 0.005666673 0 0.006251931 0.005833268 -0.00149995 0.006251931 0.005833268 0 0.006257891 0.005583643 -0.00149995 0.006257891 0.005583643 0 0.006257891 0.005916297 -0.00149995 0.006257891 0.005916297 0 0.006267786 0.005500912 -0.00149995 0.006267786 0.005500912 0 0.006267786 0.005999028 -0.00149995 0.006267786 0.005999028 0 0.006281614 0.005418777 -0.00149995 0.006281614 0.005418777 0 0.006281614 0.006081163 -0.00149995 0.006281614 0.006081163 0 0.006292343 -0.007737517 -0.00149995 0.006292343 -0.007737517 -7.5e-4 0.006292343 -0.007737517 0 0.006292343 -0.006262421 -0.00149995 0.006292343 -0.006262421 -7.5e-4 0.006292343 -0.006262421 0 0.006299316 0.005337417 -0.00149995 0.006299316 0.005337417 0 0.006299316 0.006162524 -0.00149995 0.006299316 0.006162524 0 0.006795644 -0.007421374 -6.6e-4 0.006320834 0.00525695 -0.00149995 0.006320834 0.00525695 0 0.006320834 0.00624299 -0.00149995 0.006320834 0.00624299 0 0.006346225 0.005177617 -0.00149995 0.006346225 0.005177617 0 0.006346225 0.006322324 -0.00149995 0.006346225 0.006322324 0 0.006346523 -0.007745444 -0.00149995 0.006346523 -0.007745444 -7.5e-4 0.006346523 -0.007745444 0 0.006346523 -0.006254494 -0.00149995 0.006346523 -0.006254494 -7.5e-4 0.006346523 -0.006254494 0 0.006375312 0.005099534 -0.00149995 0.006375312 0.005099534 0 0.006375312 0.006400406 -0.00149995 0.006375312 0.006400406 0 0.006401121 -0.007749497 -0.00149995 0.006401121 -0.007749497 -7.5e-4 0.006401121 -0.007749497 0 0.006401121 -0.0062505 -0.00149995 0.006401121 -0.0062505 -7.5e-4 0.006401121 -0.0062505 0 0.006408095 0.005023002 -0.00149995 0.006408095 0.005023002 0 0.006408095 0.006476938 -0.00149995 0.006408095 0.006476938 0 0.006444513 0.004948079 -0.00149995 0.006444513 0.004948079 0 0.006444513 0.006551861 -0.00149995 0.006444513 0.006551861 0 0.006455957 -0.007749497 -0.00149995 0.006455957 -0.007749497 -7.5e-4 0.006455957 -0.007749497 0 0.006455957 -0.0062505 -0.00149995 0.006455957 -0.0062505 -7.5e-4 0.006455957 -0.0062505 0 0.006484448 0.004874944 -0.00149995 0.006484448 0.004874944 0 0.006484448 0.006624996 -0.00149995 0.006484448 0.006624996 0 0.006499946 0.003499984 -5e-4 0.006499946 0.003499984 0 0.006499946 0.004099965 -5e-4 0.006499946 0.004099965 0 0.006959915 0.007250487 -6.25424e-4 0.006510555 -0.007745444 -0.00149995 0.006510555 -0.007745444 -7.5e-4 0.006510555 -0.007745444 0 0.006510555 -0.006254494 -0.00149995 0.006510555 -0.006254494 -7.5e-4 0.006510555 -0.006254494 0 0.006527781 0.004803836 -0.00149995 0.006527781 0.004803836 0 0.006527781 0.006696105 -0.00149995 0.006527781 0.006696105 0 0.006564795 -0.007737517 -0.00149995 0.006564795 -0.007737517 -7.5e-4 0.006564795 -0.007737517 0 0.006564795 -0.006262421 -0.00149995 0.006564795 -0.006262421 -7.5e-4 0.006564795 -0.006262421 0 0.007316112 0.00423932 -9.52941e-4 0.006574451 0.004734873 -0.00149995 0.006574451 0.004734873 0 0.006574451 0.006765067 -0.00149995 0.006574451 0.006765067 0 0.006618261 -0.007725596 -0.00149995 0.006618261 -0.007725596 -7.5e-4 0.006618261 -0.007725596 0 0.006618261 -0.006274342 -0.00149995 0.006618261 -0.006274342 -7.5e-4 0.006618261 -0.006274342 0 0.0066244 0.004668176 -0.00149995 0.0066244 0.004668176 0 0.0066244 0.006831765 -0.00149995 0.0066244 0.006831765 0 0.006649971 0.003349959 -5e-4 0.006649971 0.003349959 0 0.006649971 0.004249989 -5e-4 0.006649971 0.004249989 0 0.006670713 -0.007709801 -0.00149995 0.006670713 -0.007709801 -7.5e-4 0.006670713 -0.007709801 0 0.006670713 -0.006290137 -0.00149995 0.006670713 -0.006290137 -7.5e-4 0.006670713 -0.006290137 0 0.006677389 0.004603981 -0.00149995 0.006677389 0.004603981 0 0.006677389 0.006895959 -0.00149995 0.006677389 0.006895959 0 0.006699919 -0.002999961 3.33333e-4 0.007218182 -4.63841e-4 5e-4 0.006721854 -0.00769025 -0.00149995 0.006721854 -0.00769025 -7.5e-4 0.006721854 -0.00769025 0 0.006721854 -0.006309688 -0.00149995 0.006721854 -0.006309688 -7.5e-4 0.006721854 -0.006309688 0 0.006733417 0.00454235 -0.00149995 0.006733417 0.00454235 0 0.006733417 0.00695759 -0.00149995 0.006733417 0.00695759 0 0.006771445 -0.007667005 -0.00149995 0.006771445 -0.007667005 -7.5e-4 0.006771445 -0.007667005 0 0.006771445 -0.006332993 -0.00149995 0.006771445 -0.006332993 -7.5e-4 0.006771445 -0.006332993 0 0.006792306 0.004483461 -0.00149995 0.006792306 0.004483461 0 0.006792306 0.007016479 -0.00149995 0.006792306 0.007016479 0 0.006799995 0.003799974 -5e-4 0.006799995 0.003799974 0 0.006819248 -0.007640182 -0.00149995 0.006819248 -0.007640182 -7.5e-4 0.006819248 -0.007640182 0 0.006819248 -0.006359755 -0.00149995 0.006819248 -0.006359755 -7.5e-4 0.006819248 -0.006359755 0 0.006853938 0.004427433 -0.00149995 0.006853938 0.004427433 0 0.006853938 0.007072508 -0.00149995 0.006853938 0.007072508 0 0.006864964 -0.007609963 -0.00149995 0.006864964 -0.007609963 -7.5e-4 0.006864964 -0.007609963 0 0.006864964 -0.006389975 -0.00149995 0.006864964 -0.006389975 -7.5e-4 0.006864964 -0.006389975 0 0.006908297 -0.007576465 -0.00149995 0.006908297 -0.007576465 -7.5e-4 0.006908297 -0.007576465 0 0.006908297 -0.006423473 -0.00149995 0.006908297 -0.006423473 -7.5e-4 0.006908297 -0.006423473 0 0.006918191 0.004374384 -0.00149995 0.006918191 0.004374384 0 0.006918191 0.007125556 -0.00149995 0.006918191 0.007125556 0 0.006949126 -0.007539868 -0.00149995 0.006949126 -0.007539868 -7.5e-4 0.006949126 -0.007539868 0 0.006949126 -0.00646007 -0.00149995 0.006949126 -0.00646007 -7.5e-4 0.006949126 -0.00646007 0 0.006984889 0.004324436 -0.00149995 0.006984889 0.004324436 0 0.006984889 0.007175505 -0.00149995 0.006984889 0.007175505 0 0.006987094 -0.007500469 -0.00149995 0.006987094 -0.007500469 -7.5e-4 0.006987094 -0.007500469 0 0.006987094 -0.006499469 -0.00149995 0.006987094 -0.006499469 -7.5e-4 0.006987094 -0.006499469 0 0.006999969 0.002802133 -5e-4 0.006999969 0.002802133 0 0.006999969 0.002998828 -5e-4 0.006999969 0.002998828 0 0.006999969 0.003699958 -5e-4 0.006999969 0.003699958 0 0.006999969 0.003899991 -5e-4 0.006999969 0.003899991 0 0.007022142 -0.007458329 -0.00149995 0.007022142 -0.007458329 -7.5e-4 0.007022142 -0.007458329 0 0.007022142 -0.006541609 -0.00149995 0.007022142 -0.006541609 -7.5e-4 0.007022142 -0.006541609 0 0.007053852 0.004277765 -0.00149995 0.007053852 0.004277765 0 0.007053852 0.007222175 -0.00149995 0.007053852 0.007222175 0 0.00705403 -0.007413804 -0.00149995 0.00705403 -0.007413804 -7.5e-4 0.00705403 -0.007413804 0 0.00705403 -0.006586134 -0.00149995 0.00705403 -0.006586134 -7.5e-4 0.00705403 -0.006586134 0 0.007082581 -0.007367014 -0.00149995 0.007082581 -0.007367014 -7.5e-4 0.007082581 -0.007367014 0 0.007082581 -0.006632924 -0.00149995 0.007082581 -0.006632924 -7.5e-4 0.007082581 -0.006632924 0 0.007107615 -0.007318317 -0.00149995 0.007107615 -0.007318317 -7.5e-4 0.007107615 -0.007318317 0 0.007107615 -0.006681621 -0.00149995 0.007107615 -0.006681621 -7.5e-4 0.007107615 -0.006681621 0 0.00712496 0.004234433 -0.00149995 0.00712496 0.004234433 0 0.00712496 0.007265508 -0.00149995 0.00712496 0.007265508 0 0.007129073 -0.007267892 -0.00149995 0.007129073 -0.007267892 -7.5e-4 0.007129073 -0.007267892 0 0.007129073 -0.006732046 -0.00149995 0.007129073 -0.006732046 -7.5e-4 0.007129073 -0.006732046 0 0.007146716 -0.007216036 -0.00149995 0.007146716 -0.007216036 -7.5e-4 0.007146716 -0.007216036 0 0.007146716 -0.006783902 -0.00149995 0.007146716 -0.006783902 -7.5e-4 0.007146716 -0.006783902 0 0.007160604 -0.007163047 -0.00149995 0.007160604 -0.007163047 -7.5e-4 0.007160604 -0.007163047 0 0.007160604 -0.006836891 -0.00149995 0.007160604 -0.006836891 -7.5e-4 0.007160604 -0.006836891 0 0.007170557 -0.007109165 -0.00149995 0.007170557 -0.007109165 -7.5e-4 0.007170557 -0.007109165 0 0.007170557 -0.006890773 -0.00149995 0.007170557 -0.006890773 -7.5e-4 0.007170557 -0.006890773 0 0.007176518 -0.007054746 -0.00149995 0.007176518 -0.007054746 -7.5e-4 0.007176518 -0.007054746 0 0.007176518 -0.006945252 -0.00149995 0.007176518 -0.006945252 -7.5e-4 0.007176518 -0.006945252 0 0.007178544 -0.006999969 -0.00149995 0.007178544 -0.006999969 -7.5e-4 0.007178544 -0.006999969 0 0.007198095 0.004194498 -0.00149995 0.007198095 0.004194498 0 0.007198095 0.007305443 -0.00149995 0.007198095 0.007305443 0 0.007273018 0.004158139 -0.00149995 0.007273018 0.004158139 0 0.007273018 0.007341802 -0.00149995 0.007273018 0.007341802 0 0.007283985 0.002999961 -5e-4 0.007283985 0.002999961 0 0.007284939 0.002799987 -5e-4 0.007284939 0.002799987 0 0.00734955 0.004125297 -0.00149995 0.00734955 0.004125297 0 0.00734955 0.007374644 -0.00149995 0.00734955 0.007374644 0 0.007399976 0.003699958 -5e-4 0.007399976 0.003699958 0 0.007399976 0.003899991 -5e-4 0.007399976 0.003899991 0 0.007427573 0.00409621 -0.00149995 0.007427573 0.00409621 0 0.007427573 0.007403731 -0.00149995 0.007427573 0.007403731 0 0.007494449 0.002307593 -5e-4 0.007494449 0.002307593 0 0.007495105 0.003493964 -5e-4 0.007495105 0.003493964 0 0.007506966 0.004070878 -0.00149995 0.007506966 0.004070878 0 0.007506966 0.007429063 -0.00149995 0.007506966 0.007429063 0 0.007587373 0.004049301 -0.00149995 0.007587373 0.004049301 0 0.007587373 0.00745064 -0.00149995 0.007587373 0.00745064 0 0.007635891 0.002449035 -5e-4 0.007635891 0.002449035 0 0.007636547 0.003352522 -5e-4 0.007636547 0.003352522 0 0.007668793 0.004031598 -0.00149995 0.007668793 0.004031598 0 0.007668793 0.007468342 -0.00149995 0.007668793 0.007468342 0 0.007736444 -0.002999961 6.66667e-4 0.007750928 0.00401777 -0.00149995 0.007750928 0.00401777 0 0.007750928 0.007482171 -0.00149995 0.007750928 0.007482171 0 0.008964717 0.00441724 0 0.007820367 3.37832e-4 -5e-4 0.007820367 3.37832e-4 0 0.0078336 0.004007875 -0.00149995 0.0078336 0.004007875 0 0.0078336 0.007492065 -0.00149995 0.0078336 0.007492065 0 0.00788474 2.91033e-4 -5e-4 0.00788474 2.91033e-4 0 0.007916688 0.004001975 -0.00149995 0.007916688 0.004001975 0 0.007916688 0.007497966 -0.00149995 0.007916688 0.007497966 0 0.007941842 4.97108e-4 -5e-4 0.007941842 4.97108e-4 0 0.0079512 2.47222e-4 -5e-4 0.0079512 2.47222e-4 0 0.007999956 0.003999948 -0.00149995 0.007999956 0.003999948 0 0.007999956 0.007499992 -0.00149995 0.007999956 0.007499992 0 0.008002817 4.529e-4 -5e-4 0.008002817 4.529e-4 0 0.008019566 2.0649e-4 -5e-4 0.008019566 2.0649e-4 0 0.008065938 4.11724e-4 -5e-4 0.008065938 4.11724e-4 0 0.008083224 0.004001975 -0.00149995 0.008083224 0.004001975 0 0.008083224 0.007497966 -0.00149995 0.008083224 0.007497966 0 0.00808978 1.68923e-4 -5e-4 0.00808978 1.68923e-4 0 0.008093893 0.003243386 -5e-4 0.008093893 0.003243386 0 0.008130967 3.73679e-4 -5e-4 0.008130967 3.73679e-4 0 0.008161544 1.34598e-4 -5e-4 0.008161544 1.34598e-4 0 0.008166313 0.004007875 -0.00149995 0.008166313 0.004007875 0 0.008166313 0.007492065 -0.00149995 0.008166313 0.007492065 0 0.008197784 3.38856e-4 -5e-4 0.008197784 3.38856e-4 0 0.008202731 0.003860652 -5e-4 0.008202731 0.003860652 0 0.008226633 0.001965224 -5e-4 0.008226633 0.001965224 0 0.008234858 1.03588e-4 -5e-4 0.008234858 1.03588e-4 0 0.008249044 0.00401777 -0.00149995 0.008249044 0.00401777 0 0.008249044 0.007482171 -0.00149995 0.008249044 0.007482171 0 0.008249998 -0.006999969 -0.00149995 0.008249998 -0.006999969 -7.5e-4 0.008249998 -0.006999969 0 0.008251965 -0.007054746 -0.00149995 0.008251965 -0.007054746 -7.5e-4 0.008251965 -0.007054746 0 0.008251965 -0.006945252 -0.00149995 0.008251965 -0.006945252 -7.5e-4 0.008251965 -0.006945252 0 0.008257985 -0.007109165 -0.00149995 0.008257985 -0.007109165 -7.5e-4 0.008257985 -0.007109165 0 0.008257985 -0.006890773 -0.00149995 0.008257985 -0.006890773 -7.5e-4 0.008257985 -0.006890773 0 0.00826627 3.07337e-4 -5e-4 0.00826627 3.07337e-4 0 0.008267939 -0.007163047 -0.00149995 0.008267939 -0.007163047 -7.5e-4 0.008267939 -0.007163047 0 0.008267939 -0.006836891 -0.00149995 0.008267939 -0.006836891 -7.5e-4 0.008267939 -0.006836891 0 0.0082708 0.0020262 -5e-4 0.0082708 0.0020262 0 0.008281767 -0.007216036 -0.00149995 0.008281767 -0.007216036 -7.5e-4 0.008281767 -0.007216036 0 0.008281767 -0.006783902 -0.00149995 0.008281767 -0.006783902 -7.5e-4 0.008281767 -0.006783902 0 0.008284211 0.001229226 -5e-4 0.008284211 0.001229226 0 0.008290886 0.003208637 -5e-4 0.008290886 0.003208637 0 0.008299469 -0.007267892 -0.00149995 0.008299469 -0.007267892 -7.5e-4 0.008299469 -0.007267892 0 0.008299469 -0.006732046 -0.00149995 0.008299469 -0.006732046 -7.5e-4 0.008299469 -0.006732046 0 0.008309483 7.59561e-5 -5e-4 0.008309483 7.59561e-5 0 0.008311986 0.002089321 -5e-4 0.008311986 0.002089321 0 0.008320868 -0.007318317 -0.00149995 0.008320868 -0.007318317 -7.5e-4 0.008320868 -0.007318317 0 0.008320868 -0.006681621 -0.00149995 0.008320868 -0.006681621 -7.5e-4 0.008320868 -0.006681621 0 0.008331179 0.004031598 -0.00149995 0.008331179 0.004031598 0 0.008331179 0.007468342 -0.00149995 0.008331179 0.007468342 0 0.008336126 2.79197e-4 -5e-4 0.008336126 2.79197e-4 0 0.008345961 -0.007367014 -0.00149995 0.008345961 -0.007367014 -7.5e-4 0.008345961 -0.007367014 0 0.008345961 -0.006632924 -0.00149995 0.008345961 -0.006632924 -7.5e-4 0.008345961 -0.006632924 0 0.008350014 0.00215435 -5e-4 0.008350014 0.00215435 0 0.008363664 0.003621399 -5e-4 0.008363664 0.003621399 0 0.008374452 -0.007413804 -0.00149995 0.008374452 -0.007413804 -7.5e-4 0.008374452 -0.007413804 0 0.008374452 -0.006586134 -0.00149995 0.008374452 -0.006586134 -7.5e-4 0.008374452 -0.006586134 0 0.008378624 0.003966569 -5e-4 0.008378624 0.003966569 0 0.008384883 0.002221167 -5e-4 0.008384883 0.002221167 0 0.0083853 5.17609e-5 -5e-4 0.0083853 5.17609e-5 0 0.008385896 0.00184375 -5e-4 0.008385896 0.00184375 0 0.00839591 0.003556728 -5e-4 0.00839591 0.003556728 0 0.008406341 -0.007458329 -0.00149995 0.008406341 -0.007458329 -7.5e-4 0.008406341 -0.007458329 0 0.008406341 -0.006541609 -0.00149995 0.008406341 -0.006541609 -7.5e-4 0.008406341 -0.006541609 0 0.008407294 2.54505e-4 -5e-4 0.008407294 2.54505e-4 0 0.008412539 0.004049301 -0.00149995 0.008412539 0.004049301 0 0.008412539 0.00745064 -0.00149995 0.008412539 0.00745064 0 0.008416354 0.002289593 -5e-4 0.008416354 0.002289593 0 0.008425116 0.003490626 -5e-4 0.008425116 0.003490626 0 0.008425652 0.001087784 -5e-4 0.008425652 0.001087784 0 0.008432686 0.001908123 -5e-4 0.008432686 0.001908123 0 0.008441388 -0.007500469 -0.00149995 0.008441388 -0.007500469 -7.5e-4 0.008441388 -0.007500469 0 0.008441388 -0.006499469 -0.00149995 0.008441388 -0.006499469 -7.5e-4 0.008441388 -0.006499469 0 0.008444547 0.002359509 -5e-4 0.008444547 0.002359509 0 0.008451223 0.003423213 -5e-4 0.008451223 0.003423213 0 0.00846219 3.10528e-5 -5e-4 0.00846219 3.10528e-5 0 0.008469223 0.002430677 -5e-4 0.008469223 0.002430677 0 0.008474111 0.003354609 -5e-4 0.008474111 0.003354609 0 0.008476495 0.001974582 -5e-4 0.008476495 0.001974582 0 0.008479416 -0.007539868 -0.00149995 0.008479416 -0.007539868 -7.5e-4 0.008479416 -0.007539868 0 0.008479416 -0.00646007 -0.00149995 0.008479416 -0.00646007 -7.5e-4 0.008479416 -0.00646007 0 0.008479654 2.33318e-4 -5e-4 0.008479654 2.33318e-4 0 0.008490383 0.002503037 -5e-4 0.008490383 0.002503037 0 0.008493006 0.004070878 -0.00149995 0.008493006 0.004070878 0 0.008493006 0.007429063 -0.00149995 0.008493006 0.007429063 0 0.008493781 0.003285109 -5e-4 0.008493781 0.003285109 0 0.008406937 -0.00703758 -6.93277e-4 0.009214639 -0.006469964 -7.09239e-4 0.008508026 0.002576291 -5e-4 0.008508026 0.002576291 0 0.008510112 0.003214657 -5e-4 0.008510112 0.003214657 0 0.008517205 0.002042949 -5e-4 0.008517205 0.002042949 0 0.008520245 -0.007576465 -0.00149995 0.008520245 -0.007576465 -7.5e-4 0.008520245 -0.007576465 0 0.008520245 -0.006423473 -0.00149995 0.008520245 -0.006423473 -7.5e-4 0.008520245 -0.006423473 0 0.008522093 0.00265032 -5e-4 0.008522093 0.00265032 0 0.008523225 0.003143608 -5e-4 0.008523225 0.003143608 0 0.008532464 0.002724945 -5e-4 0.008532464 0.002724945 0 0.008532941 0.003071963 -5e-4 0.008532941 0.003071963 0 0.008539199 0.002799987 -5e-4 0.008539199 0.002799987 0 0.008539259 0.002999961 -5e-4 0.008539259 0.002999961 0 0.008539915 1.38748e-5 -5e-4 0.008539915 1.38748e-5 0 0.008540034 0.003716289 -5e-4 0.008540034 0.003716289 0 0.008552908 2.15687e-4 -5e-4 0.008552908 2.15687e-4 0 0.008554816 0.002113103 -5e-4 0.008554816 0.002113103 0 0.008563578 -0.007609963 -0.00149995 0.008563578 -0.007609963 -7.5e-4 0.008563578 -0.007609963 0 0.008563578 -0.006389975 -0.00149995 0.008563578 -0.006389975 -7.5e-4 0.008563578 -0.006389975 0 0.00857234 0.00409621 -0.00149995 0.00857234 0.00409621 0 0.00857234 0.007403731 -0.00149995 0.00857234 0.007403731 0 0.008577227 0.003641784 -5e-4 0.008577227 0.003641784 0 0.008589148 0.002184927 -5e-4 0.008589148 0.002184927 0 0.009362041 -0.00748372 -8.43137e-4 0.008609294 -0.007640182 -0.00149995 0.008609294 -0.007640182 -7.5e-4 0.008609294 -0.007640182 0 0.008609294 -0.006359755 -0.00149995 0.008609294 -0.006359755 -7.5e-4 0.008609294 -0.006359755 0 0.008610844 0.003565609 -5e-4 0.008610844 0.003565609 0 0.008618295 2.62808e-7 -5e-4 0.008618295 2.62808e-7 0 0.008620142 0.002258241 -5e-4 0.008620142 0.002258241 0 0.008626937 2.01655e-4 -5e-4 0.008626937 2.01655e-4 0 0.008640766 0.003487944 -5e-4 0.008640766 0.003487944 0 0.008647739 0.002332866 -5e-4 0.008647739 0.002332866 0 0.008650362 0.004125297 -0.00149995 0.008650362 0.004125297 0 0.008650362 0.007374644 -0.00149995 0.008650362 0.007374644 0 0.008657038 -0.007667005 -0.00149995 0.008657038 -0.007667005 -7.5e-4 0.008657038 -0.007667005 0 0.008657038 -0.006332993 -0.00149995 0.008657038 -0.006332993 -7.5e-4 0.008657038 -0.006332993 0 0.008666992 0.003408908 -5e-4 0.008666992 0.003408908 0 0.008671939 0.002408683 -5e-4 0.008671939 0.002408683 0 0.008689343 0.00332868 -5e-4 0.008689343 0.00332868 0 0.008692681 0.002485573 -5e-4 0.008692681 0.002485573 0 0.008697271 -9.7548e-6 -5e-4 0.008697271 -9.7548e-6 0 0.008701562 1.91255e-4 -5e-4 0.008701562 1.91255e-4 0 0.008706629 -0.00769025 -0.00149995 0.008706629 -0.00769025 -7.5e-4 0.008706629 -0.00769025 0 0.008706629 -0.006309688 -0.00149995 0.008706629 -0.006309688 -7.5e-4 0.008706629 -0.006309688 0 0.00870788 0.003247499 -5e-4 0.00870788 0.003247499 0 0.008709847 0.002563238 -5e-4 0.008709847 0.002563238 0 0.008722484 0.003165543 -5e-4 0.008722484 0.003165543 0 0.008723437 0.002641677 -5e-4 0.008723437 0.002641677 0 0.008726954 0.004158139 -0.00149995 0.008726954 0.004158139 0 0.008726954 0.007341802 -0.00149995 0.008726954 0.007341802 0 0.008733212 0.00308299 -5e-4 0.008733212 0.00308299 0 0.008733451 0.002720654 -5e-4 0.008733451 0.002720654 0 0.008739888 0.002799987 -5e-4 0.008739888 0.002799987 0 0.008739948 0.002999961 -5e-4 0.008739948 0.002999961 0 0.008757829 -0.007709801 -0.00149995 0.008757829 -0.007709801 -7.5e-4 0.008757829 -0.007709801 0 0.008757829 -0.006290137 -0.00149995 0.008757829 -0.006290137 -7.5e-4 0.008757829 -0.006290137 0 0.009713053 0.005995333 -0.001115381 0.008776605 -0.001076221 -5e-4 0.008776605 -0.001076221 0 0.008776605 -1.61571e-5 -5e-4 0.008776605 -1.61571e-5 0 0.008776605 1.84511e-4 -5e-4 0.008776605 1.84511e-4 0 0.008776605 0.001438736 -5e-4 0.008776605 0.001438736 0 0.00877875 0.001723706 -5e-4 0.00877875 0.001723706 0 0.008801877 0.004194498 -0.00149995 0.008801877 0.004194498 0 0.008801877 0.007305443 -0.00149995 0.008801877 0.007305443 0 0.008810281 -0.007725596 -0.00149995 0.008810281 -0.007725596 -7.5e-4 0.008810281 -0.007725596 0 0.008810281 -0.006274342 -0.00149995 0.008810281 -0.006274342 -7.5e-4 0.008810281 -0.006274342 0 0.008863747 -0.007737517 -0.00149995 0.008863747 -0.007737517 -7.5e-4 0.008863747 -0.007737517 0 0.008863747 -0.006262421 -0.00149995 0.008863747 -0.006262421 -7.5e-4 0.008863747 -0.006262421 0 0.008874952 0.004234433 -0.00149995 0.008874952 0.004234433 0 0.008874952 0.007265508 -0.00149995 0.008874952 0.007265508 0 0.008917927 -0.007745444 -0.00149995 0.008917927 -0.007745444 -7.5e-4 0.008917927 -0.007745444 0 0.008917927 -0.006254494 -0.00149995 0.008917927 -0.006254494 -7.5e-4 0.008917927 -0.006254494 0 0.00894612 0.004277765 -0.00149995 0.00894612 0.004277765 0 0.00894612 0.007222175 -0.00149995 0.00894612 0.007222175 0 0.008972585 -0.007749497 -0.00149995 0.008972585 -0.007749497 -7.5e-4 0.008972585 -0.007749497 0 0.008972585 -0.0062505 -0.00149995 0.008972585 -0.0062505 -7.5e-4 0.008972585 -0.0062505 0 0.008975446 0.001723706 -5e-4 0.008975446 0.001723706 0 0.008976578 -0.001076221 -5e-4 0.008976578 -0.001076221 0 0.008976578 -1.62136e-5 -5e-4 0.008976578 -1.62136e-5 0 0.008976578 1.84447e-4 -5e-4 0.008976578 1.84447e-4 0 0.008976578 0.00143969 -5e-4 0.008976578 0.00143969 0 0.008979439 0.00359857 -5e-4 0.008979439 0.00359857 0 0.009015083 0.004324436 -0.00149995 0.009015083 0.004324436 0 0.009015083 0.007175505 -0.00149995 0.009015083 0.007175505 0 0.009027361 -0.007749497 -0.00149995 0.009027361 -0.007749497 -7.5e-4 0.009027361 -0.007749497 0 0.009027361 -0.0062505 -0.00149995 0.009027361 -0.0062505 -7.5e-4 0.009027361 -0.0062505 0 0.009031236 0.003791749 -5e-4 0.009031236 0.003791749 0 0.009048581 1.90799e-4 -5e-4 0.009048581 1.90799e-4 0 0.009059607 -9.47516e-6 -5e-4 0.009059607 -9.47516e-6 0 0.009081721 0.004374384 -0.00149995 0.009081721 0.004374384 0 0.009081721 0.007125556 -0.00149995 0.009081721 0.007125556 0 0.009082019 -0.007745444 -0.00149995 0.009082019 -0.007745444 -7.5e-4 0.009082019 -0.007745444 0 0.009082019 -0.006254494 -0.00149995 0.009082019 -0.006254494 -7.5e-4 0.009082019 -0.006254494 0 0.009120225 2.00516e-4 -5e-4 0.009120225 2.00516e-4 0 0.009136199 -0.007737517 -0.00149995 0.009136199 -0.007737517 -7.5e-4 0.009136199 -0.007737517 0 0.009136199 -0.006262421 -0.00149995 0.009136199 -0.006262421 -7.5e-4 0.009136199 -0.006262421 0 0.00914216 1.21944e-6 -5e-4 0.00914216 1.21944e-6 0 0.009145975 0.004427433 -0.00149995 0.009145975 0.004427433 0 0.009145975 0.007072508 -0.00149995 0.009145975 0.007072508 0 0.009185254 4.32854e-4 -5e-4 0.009185254 4.32854e-4 0 0.009189665 -0.007725596 -0.00149995 0.009189665 -0.007725596 -7.5e-4 0.009189665 -0.007725596 0 0.009189665 -0.006274342 -0.00149995 0.009189665 -0.006274342 -7.5e-4 0.009189665 -0.006274342 0 0.009191274 2.13578e-4 -5e-4 0.009191274 2.13578e-4 0 0.009207606 0.004483461 -0.00149995 0.009207606 0.004483461 0 0.009207606 0.007016479 -0.00149995 0.009207606 0.007016479 0 0.009219944 0.001590251 -5e-4 0.009219944 0.001590251 0 0.009219944 0.002190291 -5e-4 0.009219944 0.002190291 0 0.009220004 6.29815e-4 -5e-4 0.009220004 6.29815e-4 0 0.009224116 1.58457e-5 -5e-4 0.009224116 1.58457e-5 0 0.009242117 -0.007709801 -0.00149995 0.009242117 -0.007709801 -7.5e-4 0.009242117 -0.007709801 0 0.009242117 -0.006290137 -0.00149995 0.009242117 -0.006290137 -7.5e-4 0.009242117 -0.006290137 0 0.009261727 2.29955e-4 -5e-4 0.009261727 2.29955e-4 0 0.009266495 0.00454235 -0.00149995 0.009266495 0.00454235 0 0.009266495 0.00695759 -0.00149995 0.009266495 0.00695759 0 0.009293317 -0.00769025 -0.00149995 0.009293317 -0.00769025 -7.5e-4 0.009293317 -0.00769025 0 0.009293317 -0.006309688 -0.00149995 0.009293317 -0.006309688 -7.5e-4 0.009293317 -0.006309688 0 0.009305298 3.43704e-5 -5e-4 0.009305298 3.43704e-5 0 0.009322524 0.004603981 -0.00149995 0.009322524 0.004603981 0 0.009322524 0.006895959 -0.00149995 0.009322524 0.006895959 0 0.00932914 0.001087188 -5e-4 0.00932914 0.001087188 0 0.009331285 2.49613e-4 -5e-4 0.009331285 2.49613e-4 0 0.009342908 -0.007667005 -0.00149995 0.009342908 -0.007667005 -7.5e-4 0.009342908 -0.007667005 0 0.009342908 -0.006332993 -0.00149995 0.009342908 -0.006332993 -7.5e-4 0.009342908 -0.006332993 0 0.009369969 0.001440286 -5e-4 0.009369969 0.001440286 0 0.009369969 0.002340257 -5e-4 0.009369969 0.002340257 0 0.009375572 0.004668176 -0.00149995 0.009375572 0.004668176 0 0.009375572 0.006831765 -0.00149995 0.009375572 0.006831765 0 0.009385526 5.6751e-5 -5e-4 0.009385526 5.6751e-5 0 0.009390652 -0.007640182 -0.00149995 0.009390652 -0.007640182 -7.5e-4 0.009390652 -0.007640182 0 0.009390652 -0.006359755 -0.00149995 0.009390652 -0.006359755 -7.5e-4 0.009390652 -0.006359755 0 0.009399831 2.72507e-4 -5e-4 0.009399831 2.72507e-4 0 0.009425461 0.004734873 -0.00149995 0.009425461 0.004734873 0 0.009425461 0.006765067 -0.00149995 0.009425461 0.006765067 0 0.009436368 -0.007609963 -0.00149995 0.009436368 -0.007609963 -7.5e-4 0.009436368 -0.007609963 0 0.009436368 -0.006389975 -0.00149995 0.009436368 -0.006389975 -7.5e-4 0.009436368 -0.006389975 0 0.009464561 8.29367e-5 -5e-4 0.009464561 8.29367e-5 0 0.009467244 2.98588e-4 -5e-4 0.009467244 2.98588e-4 0 0.009470582 0.00122857 -5e-4 0.009470582 0.00122857 0 0.009472191 0.004803836 -0.00149995 0.009472191 0.004803836 0 0.009472191 0.006696105 -0.00149995 0.009472191 0.006696105 0 0.009479701 -0.007576465 -0.00149995 0.009479701 -0.007576465 -7.5e-4 0.009479701 -0.007576465 0 0.009479701 -0.006423473 -0.00149995 0.009479701 -0.006423473 -7.5e-4 0.009479701 -0.006423473 0 0.009515523 0.004874944 -0.00149995 0.009515523 0.004874944 0 0.009515523 0.006624996 -0.00149995 0.009515523 0.006624996 0 0.009519994 0.001890242 -5e-4 0.009519994 0.001890242 0 0.00952053 -0.007539868 -0.00149995 0.00952053 -0.007539868 -7.5e-4 0.00952053 -0.007539868 0 0.00952053 -0.00646007 -0.00149995 0.00952053 -0.00646007 -7.5e-4 0.00952053 -0.00646007 0 0.009533345 3.27798e-4 -5e-4 0.009533345 3.27798e-4 0 0.009542226 1.12867e-4 -5e-4 0.009542226 1.12867e-4 0 0.009555459 0.004948079 -0.00149995 0.009555459 0.004948079 0 0.009555459 0.006551861 -0.00149995 0.009555459 0.006551861 0 0.009558558 -0.007500469 -0.00149995 0.009558558 -0.007500469 -7.5e-4 0.009558558 -0.007500469 0 0.009558558 -0.006499469 -0.00149995 0.009558558 -0.006499469 -7.5e-4 0.009558558 -0.006499469 0 0.009575188 -2.55727e-4 -5e-4 0.009575188 -2.55727e-4 0 0.009591817 0.005023002 -0.00149995 0.009591817 0.005023002 0 0.009591817 0.006476938 -0.00149995 0.009591817 0.006476938 0 0.009593605 -0.007458329 -0.00149995 0.009593605 -0.007458329 -7.5e-4 0.009593605 -0.007458329 0 0.009593605 -0.006541609 -0.00149995 0.009593605 -0.006541609 -7.5e-4 0.009593605 -0.006541609 0 0.009598016 3.60073e-4 -5e-4 0.009598016 3.60073e-4 0 0.009618401 1.46475e-4 -5e-4 0.009618401 1.46475e-4 0 0.0096246 0.005099534 -0.00149995 0.0096246 0.005099534 0 0.0096246 0.006400406 -0.00149995 0.0096246 0.006400406 0 0.009625494 -0.007413804 -0.00149995 0.009625494 -0.007413804 -7.5e-4 0.009625494 -0.007413804 0 0.009625494 -0.006586134 -0.00149995 0.009625494 -0.006586134 -7.5e-4 0.009625494 -0.006586134 0 0.009653747 0.005177617 -0.00149995 0.009653747 0.005177617 0 0.009653747 0.006322324 -0.00149995 0.009653747 0.006322324 0 0.009653985 -0.007367014 -0.00149995 0.009653985 -0.007367014 -7.5e-4 0.009653985 -0.007367014 0 0.009653985 -0.006632924 -0.00149995 0.009653985 -0.006632924 -7.5e-4 0.009653985 -0.006632924 0 0.009669959 0.001740276 -5e-4 0.009669959 0.001740276 0 0.009669959 0.002040266 -5e-4 0.009669959 0.002040266 0 0.009679079 -0.007318317 -0.00149995 0.009679079 -0.007318317 -7.5e-4 0.009679079 -0.007318317 0 0.009679079 -0.006681621 -0.00149995 0.009679079 -0.006681621 -7.5e-4 0.009679079 -0.006681621 0 0.009679079 0.00525695 -0.00149995 0.009679079 0.00525695 0 0.009679079 0.00624299 -0.00149995 0.009679079 0.00624299 0 0.009692907 1.83683e-4 -5e-4 0.009692907 1.83683e-4 0 0.009700477 -0.007267892 -0.00149995 0.009700477 -0.007267892 -7.5e-4 0.009700477 -0.007267892 0 0.009700477 -0.006732046 -0.00149995 0.009700477 -0.006732046 -7.5e-4 0.009700477 -0.006732046 0 0.009700655 0.005337417 -0.00149995 0.009700655 0.005337417 0 0.009700655 0.006162524 -0.00149995 0.009700655 0.006162524 0 0.009718179 -0.007216036 -0.00149995 0.009718179 -0.007216036 -7.5e-4 0.009718179 -0.007216036 0 0.009718179 -0.006783902 -0.00149995 0.009718179 -0.006783902 -7.5e-4 0.009718179 -0.006783902 0 0.009718358 0.005418777 -0.00149995 0.009718358 0.005418777 0 0.009718358 0.006081163 -0.00149995 0.009718358 0.006081163 0 0.009732007 -0.007163047 -0.00149995 0.009732007 -0.007163047 -7.5e-4 0.009732007 -0.007163047 0 0.009732007 -0.006836891 -0.00149995 0.009732007 -0.006836891 -7.5e-4 0.009732007 -0.006836891 0 0.009732186 0.005500912 -0.00149995 0.009732186 0.005500912 0 0.009732186 0.005999028 -0.00149995 0.009732186 0.005999028 0 0.009741961 -0.007109165 -0.00149995 0.009741961 -0.007109165 -7.5e-4 0.009741961 -0.007109165 0 0.009741961 -0.006890773 -0.00149995 0.009741961 -0.006890773 -7.5e-4 0.009741961 -0.006890773 0 0.009742021 0.005583643 -0.00149995 0.009742021 0.005583643 0 0.009742021 0.005916297 -0.00149995 0.009742021 0.005916297 0 0.009747982 -0.007054746 -0.00149995 0.009747982 -0.007054746 -7.5e-4 0.009747982 -0.007054746 0 0.009747982 -0.006945252 -0.00149995 0.009747982 -0.006945252 -7.5e-4 0.009747982 -0.006945252 0 0.009747982 0.005666673 -0.00149995 0.009747982 0.005666673 0 0.009747982 0.005833268 -0.00149995 0.009747982 0.005833268 0 0.009749948 -0.006999969 -0.00149995 0.009749948 -0.006999969 -7.5e-4 0.009749948 -0.006999969 0 0.009749948 0.00575 -0.00149995 0.009749948 0.00575 0 0.009768366 -3.07491e-4 -5e-4 0.009768366 -3.07491e-4 0 0.009799957 0.002799987 -5e-4 0.009799957 0.002799987 0 0.009799957 0.002999961 -5e-4 0.009799957 0.002999961 0 0.009819984 0.001890242 -5e-4 0.009819984 0.001890242 0 0.009837269 5.20971e-4 -5e-4 0.009837269 5.20971e-4 0 0.009943187 3.45071e-4 -5e-4 0.009943187 3.45071e-4 0 0.009969949 0.001440286 -5e-4 0.009969949 0.001440286 0 0.009969949 0.002340257 -5e-4 0.009969949 0.002340257 0 0.01011997 0.001590251 -5e-4 0.01011997 0.001590251 0 0.01011997 0.002190291 -5e-4 0.01011997 0.002190291 0 0.01024997 -0.007999956 -7.77108e-4 0.01024997 0.007999956 -7.5e-4</float_array>
          <technique_common>
            <accessor source="#MPU_6050-mesh-positions-array" count="2715" stride="3">
              <param name="X" type="float"/>
              <param name="Y" type="float"/>
              <param name="Z" type="float"/>
            </accessor>
          </technique_common>
        </source>
        <source id="MPU_6050-mesh-normals">
          <float_array id="MPU_6050-mesh-normals-array" count="15411">0.7071062 -0.7071075 0 -0.7071083 -0.7071053 0 -0.707104 -0.7071096 0 0.7071083 -0.7071053 0 0.7071126 -0.707101 0 0.7071063 0.7071073 0 0.7071126 0.707101 0 0.7071083 0.7071053 0 -0.707104 0.7071096 0 -0.7071083 0.7071053 0 0.7071062 0.7071075 0 -0.7071169 0.7070967 0 -0.7071211 0.7070924 0 -0.7071148 -0.7070989 0 -0.7071126 -0.707101 0 -0.7071127 0.7071009 0 -0.7071149 0.7070987 0 -0.7071211 -0.7070924 0 -0.7071169 -0.7070967 0 -1.57902e-7 0 1 0 0 1 3.15796e-7 0 1 -6.31599e-7 0 1 -1.57899e-7 0 1 1.57899e-7 0 1 -0.8088704 0.587987 0 -0.8088595 0.588002 0 -0.8348676 0.5504509 0 -0.8348571 0.5504669 0 -0.8591159 0.511781 0 -0.859126 0.5117642 0 -0.8815912 0.472014 0 -0.9022231 0.4312696 0 -0.9209735 0.3896251 0 -0.9377988 0.3471792 0 -0.9526754 0.3039897 0 -0.9526687 0.3040104 0 -0.9655548 0.2601999 0 -0.9655606 0.2601786 0 -0.9764293 0.2158379 0 -0.9764341 0.2158161 0 -0.9852674 0.1710214 0 -0.9852635 0.1710435 0 -0.9920481 0.1258597 0 -0.9967607 0.0804252 0 -0.9967588 0.08044791 0 0 1 0 -1 0 0 0 -1 0 -0.9967208 -0.08091783 0 -0.9967191 -0.08093959 0 -0.9917154 -0.1284549 0 -0.9844539 -0.1756435 0 -0.9844463 -0.1756858 0 -0.9749418 -0.2224602 0 -0.9749371 -0.222481 0 -0.9632039 -0.2687721 0 -0.9631925 -0.2688127 0 -0.9492653 -0.3144763 0 -0.9492523 -0.3145157 0 -0.9331611 -0.3594586 0 -0.9149232 -0.403628 0 -0.8946025 -0.4468628 0 -0.8945938 -0.4468803 0 0.2588199 0.9659256 0 0.2588189 0.9659259 0 -0.9659246 0.258824 0 -0.9659269 0.2588155 0 -0.2588173 -0.9659263 0 -0.2588186 -0.9659259 0 0.5159167 -0.8566389 0 0.5159088 -0.8566436 0 0.9848076 -0.173649 0 0.1736493 0.9848076 0 0.1736508 0.9848073 0 -0.9848075 0.1736502 0 0.8947607 0.446546 0 0.8947808 0.4465058 0 0.9146972 0.4041399 0 0.9147065 0.4041189 0 0.9326308 0.3608322 0 0.9485126 0.3167393 0 0.9485051 0.3167619 0 0.9623059 0.2719699 0 0.9739888 0.2265967 0 0.9739943 0.2265729 0 0.9835394 0.1806941 0 0.9835349 0.1807184 0 0.9909187 0.1344625 0 0.990922 0.1344379 0 0.9961311 0.08787953 0 0.9961333 0.08785456 0 -0.7071064 0.7071072 0 -0.7071074 0.7071063 0 -0.7071071 -0.7071065 0 -0.7071026 -0.7071111 0 0.707108 -0.7071057 0 0.7071067 -0.707107 0 1 0 0 0.7071073 0.7071064 0 0.7071066 0.707107 0 -0.7071049 0.7071087 0 -0.7071026 0.7071111 0 -0.7071059 -0.7071077 0 -0.7071068 -0.7071068 0 0.9959856 -0.08951491 0 0.9959877 -0.08949095 0 0.9904269 -0.1380385 0 0.9825028 -0.1862484 0 0.9825071 -0.1862251 0 0.972242 -0.2339779 0 0.9596507 -0.2811951 0 0.9447759 -0.3277173 0 0.9276466 -0.3734595 0 0.9276549 -0.3734387 0 0.9083104 -0.4182968 0 0.9082921 -0.4183367 0 0.8867961 -0.4621611 0 0.8631698 -0.5049139 0 0.8631592 -0.5049318 0 0.837471 -0.5464819 0 0.837482 -0.5464649 0 0.8097866 -0.5867246 0 0.6063158 0.795224 0 0.6063203 0.7952207 0 -2.35205e-7 0 1 -2.35013e-7 0 1 -4.69891e-7 0 1 4.46658e-7 0 1 -2.34899e-7 0 1 0 0 1 2.34872e-7 0 1 -4.46733e-7 0 1 0 0 1 2.93659e-7 0 1 0 0 1 -1.46914e-7 0 1 -1.83894e-7 0 1 -2.45734e-7 0 1 -2.45676e-7 0 1 0 0 1 0 0 1 1.19841e-7 0 1 0 0 1 4.90955e-7 0 1 -2.13121e-7 0 1 -2.32492e-7 0 1 0 0 1 0 0 1 -0.08093023 0.9967198 0 -0.0809285 0.99672 0 -0.128444 0.9917169 0 -0.1284412 0.9917172 0 -0.1756622 0.9844505 0 -0.2224788 0.9749376 0 -0.2224836 0.9749366 0 -0.2687932 0.9631979 0 -0.314491 0.9492605 0 -0.3144845 0.9492627 0 -0.35947 0.9331567 0 -0.4036321 0.9149215 0 -0.4036241 0.914925 0 -0.4468675 0.8946002 0 -0.4468762 0.8945958 0 0.9659258 -0.258819 0 0.2588183 0.9659261 0 -0.965927 0.2588149 0 -0.9659257 0.25882 0 -0.8566411 -0.515913 0 -0.1736486 -0.9848077 0 -0.1736481 -0.9848078 0 0.9848091 -0.1736409 0 0.9848075 -0.1736497 0 0.1736478 0.9848079 0 0.4465378 -0.8947648 0 0.4465177 -0.8947749 0 0.4041311 -0.9147012 0 0.3608247 -0.9326337 0 0.3167476 -0.9485099 0 0.3167552 -0.9485074 0 0.2719616 -0.9623081 0 0.2719748 -0.9623044 0 0.2265902 -0.9739902 0 0.2265847 -0.9739915 0 0.1807119 -0.9835361 0 0.1344416 -0.9909216 0 0.08787578 -0.9961315 0 0.08787137 -0.9961319 0 0.7071055 0.7071081 0 0.7071073 0.7071063 0 -0.7071068 0.7071068 0 -0.7071023 0.7071114 0 -0.7071066 -0.7071071 0 -0.7071053 -0.7071084 0 0.7071067 -0.7071069 0 0.7071054 -0.7071082 0 0.7071091 0.7071045 0 0.7071046 0.707109 0 -0.7071077 0.7071059 0 -0.7071059 0.7071077 0 -0.08950024 -0.9959868 0 -0.1380331 -0.9904276 0 -0.1380298 -0.9904282 0 -0.1862288 -0.9825064 0 -0.2339881 -0.9722395 0 -0.2339936 -0.9722382 0 -0.2811852 -0.9596536 0 -0.327718 -0.9447756 0 -0.3734582 -0.927647 0 -0.3734666 -0.9276437 0 -0.418302 -0.908308 0 -0.4183111 -0.9083038 0 -0.4621649 -0.886794 0 -0.4621748 -0.8867889 0 -0.5049116 -0.8631711 0 -0.504922 -0.863165 0 -0.5464814 -0.8374713 0 -0.5464704 -0.8374785 0 -0.5867165 -0.8097924 0 0.7952192 -0.6063222 0 0.5880091 0.8088544 0 0.5879873 0.8088701 0 0.5504643 0.8348588 0 0.5504539 0.8348657 0 0.5117689 0.8591232 0 0.511779 0.8591172 0 0.4720128 0.8815917 0 0.4312686 0.9022237 0 0.3896309 0.9209712 0 0.3896227 0.9209747 0 0.347171 0.9378018 0 0.3471859 0.9377964 0 0.303999 0.9526724 0 0.2601917 0.965557 0 0.2601802 0.9655601 0 0.2158347 0.97643 0 0.2158299 0.9764311 0 0.171024 0.9852669 0 0.1710279 0.9852662 0 0.1258654 0.9920474 0 0.1258625 0.9920478 0 0.08044189 0.9967593 0 0.08044373 0.9967592 0 2.2292e-7 0 1 9.41338e-7 0 1 -9.40827e-7 0 1 8.9256e-7 0 1 8.93133e-7 0 1 8.93312e-7 0 1 -8.93442e-7 0 1 9.39512e-7 0 1 8.9297e-7 0 1 -9.40253e-7 0 1 8.92686e-7 0 1 -3.54087e-7 0 1 -8.51391e-7 0 1 9.83389e-7 0 1 9.83142e-7 0 1 -8.51559e-7 0 1 9.82718e-7 0 1 -8.52213e-7 0 1 8.52349e-7 0 1 -4.94544e-7 0 1 4.64982e-7 0 1 0 0 1 -1.88946e-7 0 1 2.02947e-7 0 1 4.06411e-7 0 1 -0.7071061 0.7071076 0 -0.7071069 0.7071067 0 -0.7071067 -0.7071069 0 -0.7071058 -0.7071079 0 0.7071056 -0.707108 0 0.7071065 0.7071071 0 0.7071076 0.7071061 0 0.7071073 -0.7071064 0 1.57898e-7 0 1 -1.77635e-7 0 1 0.9993329 -0.03652328 0 0.9993329 -0.03652328 0 0.9993329 0.03652387 0 0.9993328 0.03652387 0 0.9940009 0.1093732 0 0.9940007 0.1093732 0 0.9833645 0.1816431 0 0.9833685 0.1816217 0 0.9674853 0.2529276 0 0.9674798 0.2529485 0 0.9464499 0.322851 0 0.9464296 0.3229105 0 0.9203521 0.3910911 0 0.920352 0.3910912 0 0.8893467 0.4572336 0 0.8893377 0.4572511 0 0.8536015 0.5209267 0 0.8535817 0.5209591 0 0.8132765 0.5818774 0 0.813287 0.5818627 0 0.7686452 0.6396753 0 0.7199023 0.6940754 0 0.7198911 0.694087 0 0.6673299 0.7447624 0 0.6673297 0.7447624 0 0.6111805 0.7914912 0 0.6111698 0.7914996 0 0.5517696 0.8339967 0 0.5517591 0.8340036 0 0.4894183 0.8720492 0 0.4894087 0.8720545 0 0.4244629 0.9054455 0 0.4244627 0.9054455 0 0.3572412 0.9340122 0 0.3572411 0.9340123 0 0.2880914 0.957603 0 0.2880852 0.9576048 0 0.217446 0.9760724 0 0.2174459 0.9760725 0 0.1455916 0.9893448 0 0.1455852 0.9893457 0 0.07300639 0.9973316 0 0.07300794 0.9973314 0 -0.073008 0.9973314 0 -0.07300633 0.9973316 0 -0.1455852 0.9893457 0 -0.1455916 0.9893448 0 -0.2174366 0.9760745 0 -0.2174459 0.9760725 0 -0.2880914 0.957603 0 -0.2880974 0.9576011 0 -0.3572412 0.9340122 0 -0.3572337 0.934015 0 -0.4244543 0.9054494 0 -0.4244627 0.9054455 0 -0.4894277 0.8720439 0 -0.4894182 0.8720493 0 -0.5517594 0.8340035 0 -0.5517693 0.8339968 0 -0.6111698 0.7914996 0 -0.6111804 0.7914913 0 -0.6673299 0.7447624 0 -0.6673297 0.7447624 0 -0.7198913 0.6940869 0 -0.7198911 0.694087 0 -0.7686452 0.6396753 0 -0.7686561 0.6396622 0 -0.813287 0.5818627 0 -0.8132975 0.5818481 0 -0.8535818 0.5209589 0 -0.8535817 0.5209591 0 -0.8893467 0.4572336 0 -0.8893466 0.4572336 0 -0.9203521 0.3910911 0 -0.9203441 0.39111 0 -0.9464364 0.3228906 0 -0.9464296 0.3229105 0 -0.9674853 0.2529276 0 -0.9674906 0.252907 0 -0.9833685 0.1816217 0 -0.9833646 0.1816431 0 -0.9940009 0.1093732 0 -0.9940007 0.1093732 0 -0.9993329 0.03652387 0 -0.9993321 0.03654599 0 -0.999332 -0.03654539 0 -0.9993329 -0.03652328 0 -0.9940009 -0.1093732 0 -0.9940007 -0.1093732 0 -0.9833644 -0.1816446 0 -0.9833682 -0.1816233 0 -0.9674912 -0.2529048 0 -0.9674857 -0.2529256 0 -0.9464296 -0.3229104 0 -0.9464363 -0.3228906 0 -0.9203441 -0.3911098 0 -0.920352 -0.3910912 0 -0.8893467 -0.4572336 0 -0.8893466 -0.4572336 0 -0.8535795 -0.5209627 0 -0.8535794 -0.5209628 0 -0.8132975 -0.5818481 0 -0.813287 -0.5818627 0 -0.7686596 -0.6396581 0 -0.7686488 -0.6396712 0 -0.7198913 -0.6940869 0 -0.7198911 -0.694087 0 -0.6673204 -0.7447708 0 -0.6673203 -0.7447709 0 -0.6111912 -0.791483 0 -0.6111804 -0.7914914 0 -0.5517696 -0.8339967 0 -0.5517591 -0.8340036 0 -0.4894118 -0.8720529 0 -0.4894211 -0.8720476 0 -0.4244558 -0.9054487 0 -0.4244472 -0.9054527 0 -0.3572412 -0.9340122 0 -0.3572485 -0.9340094 0 -0.2881053 -0.9575988 0 -0.2880991 -0.9576007 0 -0.2174297 -0.976076 0 -0.2174203 -0.9760782 0 -0.1456082 -0.9893423 0 -0.1456018 -0.9893434 0 -0.07298946 -0.9973328 0 -0.07299101 -0.9973326 0 0.07299107 -0.9973326 0 0.07298946 -0.9973328 0 0.1456018 -0.9893434 0 0.1456082 -0.9893423 0 0.2174297 -0.976076 0 0.2174296 -0.9760761 0 0.288093 -0.9576025 0 0.2880991 -0.9576007 0 0.3572486 -0.9340094 0 0.3572485 -0.9340094 0 0.4244558 -0.9054487 0 0.4244557 -0.9054487 0 0.4894024 -0.8720582 0 0.4894117 -0.8720529 0 0.5517594 -0.8340035 0 0.5517693 -0.8339968 0 0.6111805 -0.7914913 0 0.611191 -0.7914831 0 0.6673204 -0.7447708 0 0.6673203 -0.7447709 0 0.7198913 -0.6940869 0 0.7199022 -0.6940756 0 0.7686488 -0.6396712 0 0.813287 -0.5818627 0 0.8132765 -0.5818774 0 0.8535795 -0.5209627 0 0.8535991 -0.5209307 0 0.8893377 -0.4572511 0 0.8893466 -0.4572336 0 0.9203521 -0.3910911 0 0.920352 -0.3910912 0 0.9464296 -0.3229104 0 0.9464498 -0.322851 0 0.9674804 -0.2529463 0 0.9674857 -0.2529256 0 0.9833682 -0.1816232 0 0.9833642 -0.1816447 0 0.9940009 -0.1093732 0 0.9940007 -0.1093732 0 0.9993329 0.03652387 0 0.9940009 -0.1093732 0 0.9833642 -0.1816446 0 0.9833682 -0.1816232 0 0.9674857 -0.2529256 0 0.9674804 -0.2529463 0 0.9464499 -0.322851 0 0.9464296 -0.3229104 0 0.9203521 -0.3910911 0 0.8893467 -0.4572336 0 0.8893377 -0.4572511 0 0.8535992 -0.5209305 0 0.8535794 -0.5209628 0 0.7199022 -0.6940755 0 0.7198912 -0.694087 0 0.6673204 -0.7447709 0 0.6111912 -0.7914831 0 0.6111804 -0.7914913 0 0.5517694 -0.8339967 0 0.5517593 -0.8340035 0 0.4894117 -0.8720529 0 0.4894023 -0.8720582 0 0.4244558 -0.9054487 0 0.3572486 -0.9340094 0 0.2880991 -0.9576007 0 0.288093 -0.9576025 0 0.2174297 -0.9760761 0 0.07299107 -0.9973326 0 -0.07299107 -0.9973326 0 -0.07298946 -0.9973328 0 -0.2174203 -0.9760782 0 -0.2174297 -0.9760761 0 -0.2880991 -0.9576007 0 -0.2881052 -0.9575988 0 -0.3572486 -0.9340094 0 -0.3572412 -0.9340122 0 -0.4244472 -0.9054527 0 -0.4244558 -0.9054487 0 -0.4894212 -0.8720476 0 -0.4894117 -0.8720529 0 -0.5517593 -0.8340035 0 -0.5517694 -0.8339967 0 -0.6111804 -0.7914913 0 -0.6111912 -0.7914831 0 -0.6673204 -0.7447709 0 -0.7198912 -0.694087 0 -0.8535794 -0.5209628 0 -0.8893467 -0.4572336 0 -0.9203521 -0.3910911 0 -0.9203441 -0.3911098 0 -0.9464364 -0.3228906 0 -0.9464296 -0.3229104 0 -0.9674857 -0.2529256 0 -0.9674912 -0.2529049 0 -0.9833682 -0.1816232 0 -0.9833642 -0.1816446 0 -0.9940009 -0.1093732 0 -0.9993329 -0.03652328 0 -0.9993321 -0.03654539 0 -0.9993321 0.03654599 0 -0.9993329 0.03652387 0 -0.9940009 0.1093732 0 -0.9833646 0.1816431 0 -0.9833685 0.1816217 0 -0.9674906 0.252907 0 -0.9674853 0.2529277 0 -0.9464296 0.3229104 0 -0.9203441 0.3911098 0 -0.9203521 0.3910911 0 -0.8893467 0.4572336 0 -0.8535817 0.520959 0 -0.7198912 0.694087 0 -0.6673297 0.7447624 0 -0.6111805 0.7914913 0 -0.5517694 0.8339967 0 -0.5517593 0.8340035 0 -0.4894183 0.8720493 0 -0.4894277 0.8720439 0 -0.4244627 0.9054454 0 -0.4244543 0.9054495 0 -0.3572338 0.934015 0 -0.3572411 0.9340122 0 -0.2880974 0.9576011 0 -0.2880913 0.957603 0 -0.2174459 0.9760724 0 -0.2174365 0.9760745 0 -0.1455916 0.9893448 0 -0.1455852 0.9893457 0 -0.07300633 0.9973316 0 -0.07300794 0.9973314 0 0.07300794 0.9973314 0 0.07300633 0.9973316 0 0.1455852 0.9893457 0 0.2174459 0.9760724 0 0.2880852 0.9576048 0 0.2880913 0.957603 0 0.3572411 0.9340122 0 0.4244627 0.9054454 0 0.4894088 0.8720545 0 0.4894183 0.8720493 0 0.5517593 0.8340035 0 0.5517694 0.8339967 0 0.6111698 0.7914996 0 0.6111805 0.7914913 0 0.6673297 0.7447624 0 0.7198912 0.694087 0 0.7199022 0.6940755 0 0.8535817 0.520959 0 0.8536014 0.5209267 0 0.8893377 0.4572511 0 0.8893467 0.4572336 0 0.9203521 0.3910911 0 0.9464296 0.3229104 0 0.9464499 0.322851 0 0.9674798 0.2529484 0 0.9674853 0.2529277 0 0.9833685 0.1816217 0 0.9833646 0.1816431 0 0.9940009 0.1093732 0 0.9993335 -0.03650671 0 0.9993335 -0.03650671 0 0.9993335 0.0365073 0 0.9993335 0.0365073 0 0.9940002 0.1093786 0 0.9940001 0.1093787 0 0.9833655 0.1816377 0 0.9833636 0.1816485 0 0.9674839 0.2529328 0 0.9674866 0.2529225 0 0.9464414 0.3228757 0 0.9464432 0.3228708 0 0.9203481 0.3911004 0 0.920346 0.3911052 0 0.8893445 0.457238 0 0.8893443 0.457238 0 0.8535891 0.5209468 0 0.8535891 0.520947 0 0.768648 0.6396721 0 0.7686507 0.6396688 0 0.7198913 0.6940869 0 0.7198939 0.6940842 0 0.6673326 0.7447599 0 0.6111671 0.7915016 0 0.5517721 0.8339951 0 0.5517745 0.8339934 0 0.4894065 0.8720558 0 0.4244692 0.9054424 0 0.4244691 0.9054425 0 0.3572338 0.934015 0 0.3572356 0.9340143 0 0.288096 0.9576016 0 0.2880958 0.9576016 0 0.2174378 0.9760742 0 0.2174376 0.9760742 0 0.1455908 0.9893449 0 0.1455907 0.9893449 0 0.07300674 0.9973315 0 0.07300716 0.9973315 0 -0.07300716 0.9973315 0 -0.07300716 0.9973315 0 -0.1455904 0.989345 0 -0.1455907 0.9893449 0 -0.2174378 0.9760742 0 -0.2174382 0.9760742 0 -0.288096 0.9576016 0 -0.2880951 0.9576018 0 -0.3572348 0.9340147 0 -0.3572346 0.9340147 0 -0.4244681 0.9054428 0 -0.424467 0.9054436 0 -0.4894112 0.8720532 0 -0.4894123 0.8720526 0 -0.5517734 0.8339941 0 -0.5517718 0.8339951 0 -0.6111645 0.7915037 0 -0.6111631 0.7915048 0 -0.6673326 0.7447599 0 -0.6673325 0.7447599 0 -0.7198968 0.6940812 0 -0.7198967 0.6940813 0 -0.768648 0.6396721 0 -0.8132857 0.5818645 0 -0.8535929 0.5209408 0 -0.8535928 0.520941 0 -0.8893428 0.4572412 0 -0.8893427 0.4572413 0 -0.9203481 0.3911004 0 -0.9203481 0.3911005 0 -0.9464402 0.3228794 0 -0.9464402 0.3228795 0 -0.9674833 0.2529354 0 -0.9674826 0.2529381 0 -0.983366 0.181635 0 -0.9833661 0.1816352 0 -0.9940012 0.1093704 0 -0.9940007 0.1093746 0 -0.9993329 0.0365225 0 -0.9993329 0.0365225 0 -0.9993329 -0.03652191 0 -0.9993329 -0.03652191 0 -0.9940006 -0.1093745 0 -0.994001 -0.1093705 0 -0.9833658 -0.1816365 0 -0.9833658 -0.1816366 0 -0.9674831 -0.252936 0 -0.9674837 -0.2529334 0 -0.9464402 -0.3228794 0 -0.9464402 -0.3228795 0 -0.9203481 -0.3911004 0 -0.9203481 -0.3911005 0 -0.8893428 -0.4572412 0 -0.8893427 -0.4572413 0 -0.8535906 -0.5209445 0 -0.8535906 -0.5209447 0 -0.8132857 -0.5818645 0 -0.7686515 -0.6396679 0 -0.7198968 -0.6940812 0 -0.7198967 -0.6940813 0 -0.6673232 -0.7447683 0 -0.6673231 -0.7447685 0 -0.6111738 -0.7914965 0 -0.611175 -0.7914955 0 -0.5517721 -0.8339951 0 -0.5517732 -0.8339943 0 -0.4894059 -0.8720561 0 -0.4894046 -0.8720569 0 -0.4244601 -0.9054467 0 -0.424461 -0.9054462 0 -0.3572421 -0.9340118 0 -0.3572421 -0.9340119 0 -0.2881029 -0.9575995 0 -0.2881036 -0.9575992 0 -0.2174221 -0.9760777 0 -0.2174214 -0.9760779 0 -0.1456074 -0.9893425 0 -0.145607 -0.9893425 0 -0.07299023 -0.9973327 0 -0.07299023 -0.9973327 0 0.07299023 -0.9973327 0 0.07298982 -0.9973328 0 0.1456074 -0.9893425 0 0.2174215 -0.9760779 0 0.2174214 -0.9760779 0 0.2881037 -0.9575992 0 0.2881036 -0.9575992 0 0.3572431 -0.9340115 0 0.3572411 -0.9340122 0 0.4244621 -0.9054457 0 0.4244621 -0.9054457 0 0.4893999 -0.8720595 0 0.5517746 -0.8339933 0 0.5517718 -0.8339951 0 0.6111777 -0.7914935 0 0.6673231 -0.7447685 0 0.7198941 -0.6940841 0 0.7198911 -0.694087 0 0.7686542 -0.6396646 0 0.7686515 -0.6396679 0 0.8535869 -0.5209506 0 0.8535868 -0.5209507 0 0.8893445 -0.457238 0 0.8893443 -0.457238 0 0.920346 -0.3911051 0 0.9203481 -0.3911005 0 0.9464432 -0.3228707 0 0.9464414 -0.3228757 0 0.9674872 -0.2529204 0 0.9674844 -0.2529308 0 0.9833633 -0.1816499 0 0.9833652 -0.1816393 0 0.9940002 -0.1093786 0 0.9940001 -0.1093787 0 0.9993335 0.0365073 0 0.9940002 -0.1093786 0 0.9833653 -0.1816393 0 0.9833633 -0.18165 0 0.9674844 -0.2529308 0 0.9674871 -0.2529204 0 0.9464414 -0.3228757 0 0.9464431 -0.3228708 0 0.920348 -0.3911004 0 0.9203461 -0.3911052 0 0.8893444 -0.457238 0 0.8535868 -0.5209507 0 0.7198939 -0.6940841 0 0.6673231 -0.7447684 0 0.6111778 -0.7914934 0 0.551772 -0.8339951 0 0.5517746 -0.8339934 0 0.4894 -0.8720595 0 0.4244621 -0.9054457 0 0.3572412 -0.9340122 0 0.357243 -0.9340115 0 0.2174215 -0.9760779 0 0.07299023 -0.9973327 0 -0.07299023 -0.9973327 0 -0.2174215 -0.9760779 0 -0.2174221 -0.9760777 0 -0.2881037 -0.9575992 0 -0.2881029 -0.9575995 0 -0.3572421 -0.9340119 0 -0.4244611 -0.9054462 0 -0.42446 -0.9054467 0 -0.4894047 -0.8720569 0 -0.4894059 -0.8720562 0 -0.5517733 -0.8339942 0 -0.551772 -0.8339951 0 -0.6111751 -0.7914955 0 -0.6111738 -0.7914965 0 -0.6673231 -0.7447684 0 -0.7198967 -0.6940813 0 -0.8535905 -0.5209447 0 -0.8893427 -0.4572412 0 -0.920348 -0.3911004 0 -0.9464402 -0.3228794 0 -0.9674831 -0.252936 0 -0.9833658 -0.1816366 0 -0.9940011 -0.1093705 0 -0.9940007 -0.1093745 0 -0.9993329 -0.03652191 0 -0.9993329 0.0365225 0 -0.9940007 0.1093745 0 -0.9940011 0.1093705 0 -0.983366 0.1816351 0 -0.9674825 0.252938 0 -0.9674832 0.2529354 0 -0.9464402 0.3228794 0 -0.920348 0.3911004 0 -0.8893427 0.4572412 0 -0.8535928 0.5209408 0 -0.7198967 0.6940813 0 -0.6673325 0.7447599 0 -0.6111644 0.7915037 0 -0.551772 0.8339951 0 -0.5517733 0.8339942 0 -0.4894123 0.8720525 0 -0.4894111 0.8720532 0 -0.424467 0.9054434 0 -0.4244681 0.905443 0 -0.3572347 0.9340147 0 -0.2880951 0.9576018 0 -0.2880959 0.9576016 0 -0.2174383 0.9760742 0 -0.2174377 0.9760742 0 -0.1455908 0.9893449 0 -0.1455904 0.989345 0 -0.07300716 0.9973315 0 0.07300716 0.9973315 0 0.07300674 0.9973315 0 0.1455908 0.9893449 0 0.2174377 0.9760742 0 0.2880959 0.9576016 0 0.3572356 0.9340143 0 0.3572338 0.934015 0 0.4244691 0.9054424 0 0.4894064 0.8720558 0 0.5517746 0.8339934 0 0.551772 0.8339951 0 0.6111671 0.7915017 0 0.6673325 0.7447599 0 0.7198939 0.6940841 0 0.8535891 0.5209469 0 0.8893444 0.457238 0 0.9203461 0.3911052 0 0.920348 0.3911004 0 0.9464431 0.3228708 0 0.9464414 0.3228757 0 0.9674866 0.2529225 0 0.9674839 0.2529329 0 0.9833636 0.1816484 0 0.9833656 0.1816378 0 0.9940002 0.1093786 0 0.9993329 -0.03652191 0 0.9993329 -0.03652465 0 0.9993329 0.03652524 0 0.9993329 0.0365225 0 0.9940013 0.109369 0 0.9940009 0.1093719 0 0.983366 0.181635 0 0.9833663 0.1816338 0 0.9674826 0.252938 0 0.9674818 0.2529407 0 0.9464397 0.3228806 0 0.9464402 0.3228795 0 0.9203485 0.3910992 0 0.9203481 0.3911005 0 0.8893428 0.4572412 0 0.8893439 0.4572392 0 0.8535916 0.5209428 0 0.8535928 0.520941 0 0.8132857 0.5818645 0 0.7686467 0.6396737 0 0.7198968 0.6940812 0 0.7198981 0.6940799 0 0.6673311 0.7447612 0 0.6111631 0.7915048 0 0.6111643 0.7915037 0 0.5517734 0.8339941 0 0.5517718 0.8339951 0 0.4894124 0.8720525 0 0.4894123 0.8720526 0 0.424466 0.905444 0 0.424468 0.905443 0 0.3572329 0.9340153 0 0.3572337 0.934015 0 0.2880952 0.9576018 0 0.2174383 0.9760742 0 0.1455904 0.989345 0 0.07300716 0.9973315 0 -0.07300674 0.9973315 0 -0.1455908 0.9893449 0 -0.2174425 0.9760732 0 -0.2174412 0.9760735 0 -0.2880958 0.9576016 0 -0.3572301 0.9340164 0 -0.3572263 0.934018 0 -0.4244692 0.9054424 0 -0.4244691 0.9054425 0 -0.489416 0.8720505 0 -0.4894158 0.8720505 0 -0.5517721 0.8339951 0 -0.6111618 0.7915058 0 -0.611159 0.7915079 0 -0.7199023 0.6940754 0 -0.7198994 0.6940784 0 -0.7686507 0.6396688 0 -0.8132793 0.5818737 0 -0.8535965 0.5209347 0 -0.8535965 0.5209349 0 -0.8893445 0.457238 0 -0.8893443 0.457238 0 -0.920346 0.3911051 0 -0.92035 0.3910959 0 -0.9464363 0.3228906 0 -0.9674866 0.2529224 0 -0.9674839 0.2529329 0 -0.9833636 0.1816484 0 -0.9833656 0.1816378 0 -0.994002 0.1093622 0 -0.9940021 0.1093623 0 -0.9993328 0.03652387 0 -0.994002 -0.1093622 0 -0.9940021 -0.1093623 0 -0.9833653 -0.1816392 0 -0.9833632 -0.1816501 0 -0.9674844 -0.2529308 0 -0.9674872 -0.2529205 0 -0.92035 -0.3910957 0 -0.920346 -0.3911052 0 -0.8893445 -0.457238 0 -0.8893443 -0.457238 0 -0.8535943 -0.5209385 0 -0.8535941 -0.5209386 0 -0.8132793 -0.5818737 0 -0.7686542 -0.6396646 0 -0.7198995 -0.6940783 0 -0.7199022 -0.6940756 0 -0.6111698 -0.7914996 0 -0.6111723 -0.7914976 0 -0.5517718 -0.8339951 0 -0.4894095 -0.8720542 0 -0.4894093 -0.8720542 0 -0.4244621 -0.9054457 0 -0.4244621 -0.9054457 0 -0.3572338 -0.9340151 0 -0.3572375 -0.9340137 0 -0.2174251 -0.976077 0 -0.2174261 -0.9760769 0 -0.07298982 -0.9973328 0 0.07299023 -0.9973327 0 0.145607 -0.9893425 0 0.217422 -0.9760778 0 0.2881029 -0.9575995 0 0.3572412 -0.9340122 0 0.3572402 -0.9340125 0 0.4244611 -0.9054462 0 0.4244589 -0.9054473 0 0.4894059 -0.8720561 0 0.4894058 -0.8720562 0 0.5517721 -0.8339951 0 0.5517732 -0.8339943 0 0.6111751 -0.7914954 0 0.6111736 -0.7914965 0 0.6673218 -0.7447696 0 0.7198982 -0.6940798 0 0.7198967 -0.6940813 0 0.7686501 -0.6396695 0 0.8132857 -0.5818645 0 0.8535906 -0.5209445 0 0.8535892 -0.5209467 0 0.8893439 -0.457239 0 0.8893427 -0.4572413 0 0.9203481 -0.3911004 0 0.9203485 -0.3910993 0 0.9464402 -0.3228794 0 0.9464397 -0.3228807 0 0.9674824 -0.2529385 0 0.9674831 -0.252936 0 0.9833661 -0.1816352 0 0.9833658 -0.1816366 0 0.9940009 -0.1093718 0 0.9940012 -0.1093691 0 0.9993329 0.0365225 0 0.9993328 0.0365253 0 0.9993329 -0.03652465 0 0.9993329 -0.03652191 0 0.9940013 -0.1093691 0 0.9940009 -0.1093718 0 0.9833658 -0.1816366 0 0.983366 -0.1816353 0 0.9674831 -0.252936 0 0.9674824 -0.2529386 0 0.9464397 -0.3228807 0 0.9464402 -0.3228794 0 0.9203485 -0.3910993 0 0.8893427 -0.4572412 0 0.8893438 -0.457239 0 0.8535894 -0.5209467 0 0.8535905 -0.5209447 0 0.7198967 -0.6940813 0 0.7198981 -0.6940798 0 0.6673218 -0.7447696 0 0.6111738 -0.7914965 0 0.6111751 -0.7914955 0 0.5517733 -0.8339942 0 0.4894059 -0.8720562 0 0.4244589 -0.9054473 0 0.4244611 -0.9054462 0 0.3572402 -0.9340125 0 0.2881029 -0.9575995 0 0.2174221 -0.9760777 0 -0.07298982 -0.9973328 0 -0.2174262 -0.9760768 0 -0.217425 -0.976077 0 -0.3572375 -0.9340137 0 -0.3572338 -0.9340151 0 -0.4244621 -0.9054457 0 -0.4894094 -0.8720542 0 -0.6111724 -0.7914975 0 -0.6111698 -0.7914996 0 -0.7199022 -0.6940755 0 -0.7198995 -0.6940783 0 -0.8535943 -0.5209386 0 -0.8893444 -0.457238 0 -0.9203461 -0.3911052 0 -0.9203501 -0.3910958 0 -0.9674871 -0.2529204 0 -0.9674844 -0.2529308 0 -0.9833633 -0.18165 0 -0.9833653 -0.1816393 0 -0.994002 -0.1093623 0 -0.994002 0.1093623 0 -0.9833656 0.1816378 0 -0.9833636 0.1816484 0 -0.9674839 0.2529329 0 -0.9674866 0.2529225 0 -0.9203501 0.3910958 0 -0.9203461 0.3911052 0 -0.8893444 0.457238 0 -0.8535966 0.5209348 0 -0.7198995 0.6940783 0 -0.7199022 0.6940755 0 -0.6111591 0.7915079 0 -0.6111618 0.7915058 0 -0.4894159 0.8720505 0 -0.4244691 0.9054424 0 -0.3572264 0.9340178 0 -0.3572301 0.9340165 0 -0.2174412 0.9760735 0 -0.2174424 0.9760732 0 -0.07300674 0.9973315 0 0.2174383 0.9760742 0 0.2880951 0.9576018 0 0.3572328 0.9340155 0 0.4244681 0.905443 0 0.4244659 0.9054439 0 0.4894123 0.8720525 0 0.5517733 0.8339942 0 0.6111644 0.7915037 0 0.6111631 0.7915048 0 0.6673312 0.7447612 0 0.7198981 0.6940798 0 0.7198967 0.6940813 0 0.8535928 0.5209408 0 0.8535916 0.5209429 0 0.8893438 0.457239 0 0.8893427 0.4572412 0 0.9203485 0.3910993 0 0.9464402 0.3228794 0 0.9464397 0.3228807 0 0.9674819 0.2529406 0 0.9674825 0.252938 0 0.9833663 0.1816337 0 0.983366 0.1816351 0 0.9940009 0.1093718 0 0.9940013 0.1093691 0 0.999717 -0.02378982 0 0.9997164 -0.02381891 0 0.9997164 0.02381879 0 0.999717 0.0237897 0 0.9974521 0.07133954 0 0.9929284 0.1187154 0 0.9929267 0.1187297 0 0.9861523 0.1658424 0 0.9861571 0.1658141 0 0.9771472 0.2125641 0 0.9659264 0.258817 0 0.9659228 0.2588306 0 0.9525194 0.3044778 0 0.9525153 0.3044911 0 0.9369546 0.3494513 0 0.9369499 0.3494641 0 0.91926 0.3936508 0 0.8994891 0.4369434 0 0.877673 0.4792601 0 0.8776852 0.4792376 0 0.853878 0.5204733 0 0.8538909 0.520452 0 0.828143 0.5605171 0 0.8281497 0.5605071 0 0.8005429 0.5992756 0 0.8005359 0.5992849 0 0.7711131 0.6366984 0 0.7711201 0.6366897 0 0.7399588 0.6726523 0 0.7399516 0.6726602 0 0.7071036 0.7071101 0 0.7071108 0.7071028 0 0.6726595 0.7399522 0 0.672674 0.739939 0 0.6366928 0.7711176 0 0.5992715 0.8005459 0 0.5605031 0.8281524 0 0.5605099 0.8281478 0 0.5204666 0.853882 0 0.5204602 0.853886 0 0.479256 0.8776752 0 0.4792438 0.8776819 0 0.4369509 0.8994854 0 0.4369395 0.8994909 0 0.3936566 0.9192577 0 0.3936618 0.9192554 0 0.3494532 0.9369539 0 0.349458 0.9369521 0 0.3044917 0.952515 0 0.3044875 0.9525163 0 0.2588148 0.965927 0 0.2588185 0.9659261 0 0.2125605 0.9771479 0 0.2125635 0.9771474 0 0.1658434 0.9861521 0 0.165841 0.9861526 0 0.1187126 0.9929287 0 0.07133781 0.9974523 0 0.02379435 0.9997169 0 0.02379399 0.9997169 0 -0.02379369 0.999717 0 -0.02379435 0.9997169 0 -0.07133781 0.9974523 0 -0.1187126 0.9929287 0 -0.165841 0.9861526 0 -0.1658434 0.9861521 0 -0.2125635 0.9771474 0 -0.2125666 0.9771467 0 -0.2588112 0.965928 0 -0.3044917 0.952515 0 -0.349458 0.9369521 0 -0.3494628 0.9369503 0 -0.3936513 0.9192599 0 -0.3936566 0.9192577 0 -0.4369395 0.8994909 0 -0.4369453 0.8994882 0 -0.4792498 0.8776785 0 -0.4792621 0.8776718 0 -0.5204602 0.853886 0 -0.5204537 0.8538899 0 -0.5605166 0.8281432 0 -0.5605099 0.8281478 0 -0.5992785 0.8005406 0 -0.5992715 0.8005459 0 -0.6366928 0.7711176 0 -0.6366857 0.7711235 0 -0.6726667 0.7399456 0 -0.7071108 0.7071028 0 -0.7071036 0.7071101 0 -0.7399443 0.6726682 0 -0.7399516 0.6726602 0 -0.7711201 0.6366897 0 -0.7711131 0.6366984 0 -0.8005429 0.5992756 0 -0.8281497 0.5605071 0 -0.8538845 0.5204627 0 -0.8776791 0.4792489 0 -0.877673 0.4792601 0 -0.8994891 0.4369434 0 -0.91926 0.3936508 0 -0.9369499 0.3494641 0 -0.9369546 0.3494513 0 -0.9525153 0.3044911 0 -0.9525111 0.3045042 0 -0.9659264 0.258817 0 -0.9659301 0.2588035 0 -0.9771472 0.2125641 0 -0.9861523 0.1658424 0 -0.9929284 0.1187154 0 -0.9974521 0.07133954 0 -0.9997167 0.02380424 0 -0.999717 0.0237897 0 -0.999717 -0.02378982 0 -0.9997167 -0.02380436 0 -0.9974521 -0.07133954 0 -0.9929284 -0.1187147 0 -0.9861523 -0.1658424 0 -0.9771469 -0.2125653 0 -0.9659301 -0.2588035 0 -0.9659264 -0.258817 0 -0.9525116 -0.3045026 0 -0.9525158 -0.3044894 0 -0.936954 -0.3494531 0 -0.9369491 -0.3494659 0 -0.919261 -0.3936489 0 -0.899488 -0.4369456 0 -0.8776742 -0.4792577 0 -0.8776804 -0.4792466 0 -0.853883 -0.5204652 0 -0.8281515 -0.5605045 0 -0.8005409 -0.5992782 0 -0.7711153 -0.6366956 0 -0.7711225 -0.6366869 0 -0.739949 -0.672663 0 -0.7399418 -0.672671 0 -0.7071064 -0.7071073 0 -0.7071136 -0.7071 0 -0.6726637 -0.7399483 0 -0.6366857 -0.7711235 0 -0.6366928 -0.7711176 0 -0.5992751 -0.8005433 0 -0.5992821 -0.800538 0 -0.560506 -0.8281504 0 -0.5605128 -0.8281458 0 -0.5204537 -0.8538899 0 -0.5204602 -0.853886 0 -0.4792664 -0.8776696 0 -0.4792542 -0.8776763 0 -0.4369407 -0.8994904 0 -0.436935 -0.8994932 0 -0.3936566 -0.9192577 0 -0.3936513 -0.9192599 0 -0.3494628 -0.9369503 0 -0.349458 -0.9369521 0 -0.3044917 -0.952515 0 -0.2588164 -0.9659266 0 -0.2125666 -0.9771467 0 -0.2125635 -0.9771474 0 -0.1658379 -0.9861531 0 -0.1658355 -0.9861535 0 -0.1187126 -0.9929287 0 -0.07134342 -0.9974519 0 -0.02379435 -0.9997169 0 -0.02379369 -0.999717 0 0.02379399 -0.9997169 0 0.02379435 -0.9997169 0 0.07134342 -0.9974519 0 0.1187126 -0.9929287 0 0.1658355 -0.9861535 0 0.1658379 -0.9861531 0 0.2125635 -0.9771474 0 0.2125605 -0.9771479 0 0.2588237 -0.9659246 0 0.2588201 -0.9659256 0 0.3044875 -0.9525163 0 0.3044917 -0.952515 0 0.349458 -0.9369521 0 0.3494532 -0.9369539 0 0.3936618 -0.9192554 0 0.3936566 -0.9192577 0 0.436935 -0.8994932 0 0.4369465 -0.8994876 0 0.4792481 -0.8776795 0 0.4792603 -0.8776729 0 0.5204602 -0.853886 0 0.5204666 -0.853882 0 0.560506 -0.8281504 0 0.5604993 -0.828155 0 0.5992751 -0.8005433 0 0.6366928 -0.7711176 0 0.672671 -0.7399418 0 0.6726565 -0.739955 0 0.7071136 -0.7071 0 0.7071064 -0.7071073 0 0.739949 -0.672663 0 0.7399562 -0.6726551 0 0.7711225 -0.6366869 0 0.7711153 -0.6366956 0 0.8005338 -0.5992876 0 0.8005409 -0.5992782 0 0.8281515 -0.5605045 0 0.8281447 -0.5605145 0 0.8538895 -0.5204546 0 0.8538765 -0.5204758 0 0.8776865 -0.4792353 0 0.8776742 -0.4792577 0 0.899488 -0.4369456 0 0.919261 -0.3936489 0 0.9369491 -0.3494659 0 0.936954 -0.3494531 0 0.9525158 -0.3044894 0 0.95252 -0.3044762 0 0.9659228 -0.2588306 0 0.9659264 -0.258817 0 0.9771469 -0.2125653 0 0.9861571 -0.1658141 0 0.9861523 -0.1658424 0 0.9929268 -0.1187291 0 0.9929284 -0.1187147 0 0.9974521 -0.07133954 0 0.9939984 0.1093951 0 0.9464432 0.3228707 0 0.9203441 0.3911098 0 0.8893377 0.4572511 0 0.8893466 0.4572336 0 0.8535915 0.5209429 0 0.7686561 0.6396622 0 0.6673408 0.7447525 0 0.6111591 0.7915078 0 0.5517693 0.8339968 0 0.4894182 0.8720493 0 0.4244542 0.9054495 0 0.2880975 0.9576011 0 0.2880913 0.957603 0 0.2174413 0.9760734 0 0.2174364 0.9760745 0 0.1455884 0.9893453 0 0.073008 0.9973314 0 0.07300633 0.9973316 0 -0.1455948 0.9893444 0 -0.1455884 0.9893453 0 -0.2174413 0.9760734 0 -0.2880852 0.9576048 0 -0.2880913 0.957603 0 -0.3572338 0.934015 0 -0.4244629 0.9054455 0 -0.4244711 0.9054415 0 -0.4894183 0.8720492 0 -0.4894277 0.872044 0 -0.5517795 0.8339901 0 -0.6111591 0.7915078 0 -0.6673408 0.7447525 0 -0.6673188 0.7447723 0 -0.8132765 0.5818774 0 -0.8536015 0.5209267 0 -0.8536015 0.5209268 0 -0.8893377 0.4572511 0 -0.9203441 0.3911098 0 -0.920352 0.3910912 0 -0.9674799 0.2529484 0 -0.9833645 0.1816431 0 -0.9993336 0.03650176 0 -0.9993336 -0.03650116 0 -0.9833642 -0.1816447 0 -0.9674804 -0.2529464 0 -0.9203521 -0.3910911 0 -0.9203441 -0.39111 0 -0.8893377 -0.4572511 0 -0.8535992 -0.5209305 0 -0.8535991 -0.5209307 0 -0.8132765 -0.5818774 0 -0.6673094 -0.7447807 0 -0.6673313 -0.7447611 0 -0.6111696 -0.7914996 0 -0.5517798 -0.83399 0 -0.4894213 -0.8720476 0 -0.4894117 -0.8720529 0 -0.4244643 -0.9054448 0 -0.4244557 -0.9054487 0 -0.3572411 -0.9340122 0 -0.2880991 -0.9576006 0 -0.288093 -0.9576025 0 -0.2174249 -0.976077 0 -0.145605 -0.9893429 0 -0.1456114 -0.9893419 0 0.07298946 -0.9973328 0 0.07299101 -0.9973326 0 0.145605 -0.9893429 0 0.2174203 -0.9760782 0 0.2174249 -0.976077 0 0.2880991 -0.9576006 0 0.2881052 -0.9575988 0 0.4244473 -0.9054527 0 0.4894118 -0.8720529 0 0.5517696 -0.8339967 0 0.6111696 -0.7914996 0 0.6673313 -0.7447611 0 0.7686596 -0.6396581 0 0.8535893 -0.5209466 0 0.8893467 -0.4572336 0 0.8893377 -0.4572511 0 0.9203441 -0.39111 0 0.9464432 -0.3228708 0 0.9939984 -0.109395 0 0.9939984 -0.109395 0 0.9203441 -0.3911098 0 0.6673313 -0.744761 0 0.6111698 -0.7914996 0 0.4244472 -0.9054527 0 0.2881052 -0.9575988 0 0.217425 -0.976077 0 0.2174203 -0.9760782 0 -0.4244642 -0.9054448 0 -0.5517796 -0.83399 0 -0.6673313 -0.744761 0 -0.6673094 -0.7447807 0 -0.8535992 -0.5209305 0 -0.8893377 -0.4572511 0 -0.9674804 -0.2529463 0 -0.9993336 -0.03650116 0 -0.9993336 0.03650176 0 -0.9674798 0.2529484 0 -0.8893377 0.4572511 0 -0.8536014 0.5209267 0 -0.6673188 0.7447723 0 -0.6673408 0.7447525 0 -0.5517796 0.83399 0 -0.4244713 0.9054415 0 -0.2880852 0.9576048 0 -0.1455948 0.9893444 0 0.2174365 0.9760745 0 0.2174412 0.9760735 0 0.2880974 0.9576011 0 0.4244543 0.9054495 0 0.6111591 0.7915079 0 0.6673408 0.7447525 0 0.9203441 0.3911098 0 0.9939984 0.109395 0 0.9993324 -0.0365343 0 0.9993325 0.03653496 0 0.994002 0.1093622 0 0.9940021 0.1093623 0 0.9833665 0.1816324 0 0.9674826 0.2529381 0 0.946433 0.3229005 0 0.9464397 0.3228807 0 0.8893422 0.4572424 0 0.8535965 0.5209347 0 0.8132923 0.5818554 0 0.6673353 0.7447574 0 0.6673407 0.7447526 0 0.6111538 0.791512 0 0.5517746 0.8339933 0 0.4894136 0.8720518 0 0.4894134 0.8720518 0 0.4244713 0.9054415 0 0.424467 0.9054436 0 0.3572301 0.9340164 0 0.35723 0.9340165 0 0.2880944 0.9576021 0 0.2174435 0.9760729 0 0.1455868 0.9893456 0 0.07300877 0.9973314 0 -0.07300877 0.9973314 0 -0.07300794 0.9973314 0 -0.1455884 0.9893453 0 -0.2880975 0.9576011 0 -0.2880944 0.9576021 0 -0.3572264 0.9340178 0 -0.35723 0.9340165 0 -0.4244713 0.9054415 0 -0.4894134 0.8720518 0 -0.5517746 0.8339933 0 -0.5517745 0.8339934 0 -0.6673353 0.7447574 0 -0.7199022 0.6940756 0 -0.8132818 0.58187 0 -0.8535916 0.5209428 0 -0.8535915 0.5209429 0 -0.8893421 0.4572423 0 -0.8893422 0.4572424 0 -0.9833665 0.1816324 0 -0.9833663 -0.1816338 0 -0.8893421 -0.4572423 0 -0.8893422 -0.4572424 0 -0.8535893 -0.5209466 0 -0.8535892 -0.5209467 0 -0.8132818 -0.58187 0 -0.7199023 -0.6940754 0 -0.6673258 -0.744766 0 -0.5517746 -0.8339933 0 -0.5517745 -0.8339934 0 -0.4894071 -0.8720555 0 -0.4244642 -0.9054448 0 -0.3572375 -0.9340136 0 -0.3572338 -0.9340151 0 -0.2881022 -0.9575998 0 -0.2881052 -0.9575988 0 -0.07299107 -0.9973326 0 -0.07299184 -0.9973326 0 0.07299184 -0.9973326 0 0.1456034 -0.9893431 0 0.2174274 -0.9760766 0 0.2881022 -0.9575998 0 0.3572375 -0.9340136 0 0.3572375 -0.9340137 0 0.4244601 -0.9054467 0 0.4244642 -0.9054448 0 0.4894071 -0.8720555 0 0.489407 -0.8720555 0 0.5517745 -0.8339934 0 0.6111643 -0.7915038 0 0.6673314 -0.7447609 0 0.6673258 -0.744766 0 0.8132923 -0.5818554 0 0.8535941 -0.5209386 0 0.8893421 -0.4572423 0 0.9464397 -0.3228806 0 0.9464329 -0.3229005 0 0.9674831 -0.252936 0 0.9833663 -0.1816338 0 0.994002 -0.1093622 0 0.9940021 -0.1093623 0 0.9993325 0.03653496 0 0.9993325 -0.0365343 0 0.994002 -0.1093623 0 0.9833663 -0.1816339 0 0.946433 -0.3229005 0 0.8893421 -0.4572423 0 0.8535943 -0.5209386 0 0.6673259 -0.7447659 0 0.6111644 -0.7915037 0 0.4894071 -0.8720555 0 0.4244642 -0.9054448 0 0.42446 -0.9054467 0 0.3572375 -0.9340137 0 0.2881022 -0.9575998 0 0.2174273 -0.9760766 0 -0.07299184 -0.9973326 0 -0.2881022 -0.9575998 0 -0.4894071 -0.8720555 0 -0.5517746 -0.8339934 0 -0.6673259 -0.7447659 0 -0.8535894 -0.5209467 0 -0.8893421 -0.4572423 0 -0.9833663 -0.1816339 0 -0.9833665 0.1816324 0 -0.8893421 0.4572423 0 -0.8535916 0.5209429 0 -0.6673353 0.7447575 0 -0.5517746 0.8339934 0 -0.4894135 0.8720518 0 -0.2880944 0.9576021 0 -0.07300877 0.9973314 0 0.07300877 0.9973314 0 0.1455868 0.9893456 0 0.2174435 0.9760729 0 0.2880944 0.9576021 0 0.3572301 0.9340165 0 0.424467 0.9054434 0 0.4244713 0.9054415 0 0.4894135 0.8720518 0 0.6111537 0.791512 0 0.6673353 0.7447575 0 0.8535966 0.5209348 0 0.8893421 0.4572423 0 0.946433 0.3229005 0 0.9833665 0.1816324 0 0.994002 0.1093623 0 0.999332 -0.03654539 0 0.9993321 0.03654599 0 0.9833646 0.1816431 0 0.9674907 0.2529069 0 0.9464363 0.3228906 0 0.7199022 0.6940756 0 0.6673188 0.7447723 0 0.4894089 0.8720545 0 0.2880974 0.9576011 0 0.2174366 0.9760745 0 0.2174412 0.9760735 0 0.1455884 0.9893453 0 0.1455947 0.9893444 0 -0.07300639 0.9973316 0 -0.3572411 0.9340123 0 -0.4894089 0.8720545 0 -0.4894087 0.8720545 0 -0.5517696 0.8339967 0 -0.6111698 0.7914996 0 -0.8893377 0.4572511 0 -0.9464432 0.3228707 0 -0.9464432 0.3228708 0 -0.9674852 0.2529277 0 -0.9940032 0.1093513 0 -0.9993321 0.03654599 0 -0.9993337 0.03650182 0 -0.9993321 -0.03654539 0 -0.9940032 -0.1093513 0 -0.9674858 -0.2529256 0 -0.9464432 -0.3228707 0 -0.9464432 -0.3228708 0 -0.8893377 -0.4572511 0 -0.6111805 -0.7914913 0 -0.5517693 -0.8339968 0 -0.4894024 -0.8720582 0 -0.4894022 -0.8720583 0 -0.3572486 -0.9340094 0 0.1456114 -0.9893419 0 0.2174251 -0.976077 0 0.2174203 -0.9760782 0 0.2881053 -0.9575988 0 0.4894022 -0.8720583 0 0.6111804 -0.7914914 0 0.6673093 -0.7447808 0 0.7199023 -0.6940754 0 0.9464364 -0.3228906 0 0.9674912 -0.2529049 0 0.9833644 -0.1816446 0 0.9993321 0.03654599 0 0.9993321 -0.03654539 0 0.9674912 -0.2529049 0 0.6673094 -0.7447807 0 -0.4894023 -0.8720582 0 -0.9464431 -0.3228708 0 -0.9940032 -0.1093513 0 -0.9940032 0.1093513 0 -0.9464431 0.3228708 0 -0.4894088 0.8720545 0 0.1455948 0.9893444 0 0.6673188 0.7447723 0 0.9464364 0.3228906 0 0.9674906 0.252907 0 0.9993336 -0.03650116 0 0.9993333 -0.03651225 0 0.9993332 0.03651285 0 0.9993337 0.03650182 0 0.9939997 0.1093841 0 0.9939996 0.1093842 0 0.9833665 0.1816323 0 0.9674852 0.2529277 0 0.920356 0.3910816 0 0.920356 0.3910818 0 0.8893332 0.45726 0 0.8535965 0.5209349 0 0.8132818 0.58187 0 0.6673352 0.7447575 0 0.6111645 0.7915037 0 0.6111751 0.7914955 0 0.5517644 0.834 0 0.5517642 0.8340002 0 0.4244671 0.9054434 0 0.4244711 0.9054415 0 0.14559 0.989345 0 0.1455916 0.9893448 0 -0.14559 0.989345 0 -0.14559 0.989345 0 -0.2174389 0.976074 0 -0.2174388 0.976074 0 -0.2880944 0.957602 0 -0.3572375 0.9340137 0 -0.4894136 0.8720518 0 -0.8132923 0.5818554 0 -0.9464397 0.3228806 0 -0.9674798 0.2529485 0 -0.9833665 0.1816323 0 -0.9833704 0.181611 0 -0.9939997 0.1093841 0 -0.9993325 0.03653496 0 -0.9993325 -0.0365343 0 -0.9939996 -0.1093842 0 -0.9833703 -0.1816124 0 -0.9833662 -0.181634 0 -0.9674804 -0.2529463 0 -0.9464397 -0.3228807 0 -0.8132923 -0.5818554 0 -0.489407 -0.8720555 0 -0.3572448 -0.9340108 0 -0.2881022 -0.9575998 0 -0.2174227 -0.9760776 0 -0.2174226 -0.9760776 0 -0.1456066 -0.9893426 0 0.1456066 -0.9893426 0 0.4244643 -0.9054448 0 0.4244599 -0.9054467 0 0.5517644 -0.834 0 0.5517642 -0.8340002 0 0.6111859 -0.7914871 0 0.611175 -0.7914955 0 0.6673259 -0.7447659 0 0.8132818 -0.58187 0 0.8535943 -0.5209385 0 0.8893333 -0.4572598 0 0.920356 -0.3910816 0 0.920356 -0.3910818 0 0.9464363 -0.3228906 0 0.9674858 -0.2529256 0 0.9833662 -0.181634 0 0.9939997 -0.1093841 0 0.9939996 -0.1093842 0 0.9993336 0.03650176 0 0.9993332 0.03651285 0 0.9993333 -0.03651225 0 0.9939996 -0.1093841 0 0.920356 -0.3910817 0 0.8893331 -0.4572598 0 0.6111858 -0.7914873 0 0.5517643 -0.8340001 0 -0.2174227 -0.9760776 0 -0.3572449 -0.9340108 0 -0.9464397 -0.3228807 0 -0.9833702 -0.1816125 0 -0.9939996 -0.1093841 0 -0.9993325 -0.0365343 0 -0.9993325 0.03653496 0 -0.9939996 0.1093841 0 -0.9833704 0.181611 0 -0.9464397 0.3228807 0 -0.3572375 0.9340137 0 -0.2174389 0.976074 0 -0.14559 0.989345 0 0.14559 0.989345 0 0.5517643 0.8340001 0 0.6111751 0.7914954 0 0.8893331 0.4572598 0 0.920356 0.3910817 0 0.9939996 0.1093841 0 0.9997167 -0.02380436 0 0.9997167 0.02380424 0 0.9659301 0.2588035 0 0.9525111 0.3045042 0 0.8776791 0.4792489 0 0.8538845 0.5204627 0 0.7399443 0.6726682 0 0.6726667 0.7399456 0 0.6366857 0.7711235 0 0.5992785 0.8005406 0 0.5605166 0.8281432 0 0.5204537 0.8538899 0 0.4792621 0.8776718 0 0.4792498 0.8776785 0 0.4369453 0.8994882 0 0.3936513 0.9192599 0 0.3494628 0.9369503 0 0.2588112 0.965928 0 0.2125666 0.9771467 0 0.02379369 0.999717 0 -0.02379399 0.9997169 0 -0.2125605 0.9771479 0 -0.2588185 0.9659261 0 -0.2588148 0.965927 0 -0.3044875 0.9525163 0 -0.3494532 0.9369539 0 -0.3936618 0.9192554 0 -0.4369509 0.8994854 0 -0.4792438 0.8776819 0 -0.479256 0.8776752 0 -0.5204666 0.853882 0 -0.5605031 0.8281524 0 -0.672674 0.739939 0 -0.6726595 0.7399522 0 -0.7399588 0.6726523 0 -0.8005359 0.5992849 0 -0.828143 0.5605171 0 -0.8538909 0.520452 0 -0.853878 0.5204733 0 -0.8776852 0.4792376 0 -0.9525194 0.3044778 0 -0.9659228 0.2588306 0 -0.9861571 0.1658141 0 -0.9929267 0.1187297 0 -0.9997164 0.02381879 0 -0.9997164 -0.02381891 0 -0.9929268 -0.1187291 0 -0.9861571 -0.1658141 0 -0.9659228 -0.2588306 0 -0.95252 -0.3044762 0 -0.8776865 -0.4792353 0 -0.8538765 -0.5204758 0 -0.8538895 -0.5204546 0 -0.8281447 -0.5605145 0 -0.8005338 -0.5992876 0 -0.7399562 -0.6726551 0 -0.6726565 -0.739955 0 -0.672671 -0.7399418 0 -0.5604993 -0.828155 0 -0.5204666 -0.853882 0 -0.4792603 -0.8776729 0 -0.4792481 -0.8776795 0 -0.4369465 -0.8994876 0 -0.3936618 -0.9192554 0 -0.3494532 -0.9369539 0 -0.3044875 -0.9525163 0 -0.2588201 -0.9659256 0 -0.2588237 -0.9659246 0 -0.2125605 -0.9771479 0 -0.02379399 -0.9997169 0 0.02379369 -0.999717 0 0.2125666 -0.9771467 0 0.2588164 -0.9659266 0 0.3494628 -0.9369503 0 0.3936513 -0.9192599 0 0.4369407 -0.8994904 0 0.4792542 -0.8776763 0 0.4792664 -0.8776696 0 0.5204537 -0.8538899 0 0.5605128 -0.8281458 0 0.5992821 -0.800538 0 0.6366857 -0.7711235 0 0.6726637 -0.7399483 0 0.7399418 -0.672671 0 0.853883 -0.5204652 0 0.8776804 -0.4792466 0 0.9525116 -0.3045026 0 0.9659301 -0.2588035 0 0.9853056 0 0.1708005 0.6924133 0.07711309 0.7173684 0.911069 -0.06516122 0.4070717 0.8591183 -0.02044397 0.5113687 0.8044216 0.01914244 0.5937504 0.7511438 0.05372309 0.6579492 0.7013018 0.08385813 0.707915 0.6557269 0.1102548 0.7469044 0.6144701 0.1336789 0.7775323 0.5772644 0.1546849 0.801772 0.5437386 0.1738078 0.8210599 0.5134167 0.1914957 0.8365004 0.4858855 0.2080519 0.8488991 0.4607567 0.2238374 0.8588365 0.4376917 0.2389889 0.8667815 0.416383 0.2538039 0.8730458 0.3965672 0.2683956 0.8778943 0.3780126 0.2829841 0.8814911 0.3605176 0.2976726 0.8839786 0.3438964 0.312618 0.8854408 0.3279881 0.3279885 0.8859161 0.3126294 0.343894 0.8854376 0.2976666 0.3605198 0.8839797 0.2829805 0.3780131 0.881492 0.2684047 0.3965762 0.8778874 0.2537934 0.4163829 0.8730489 0.2389991 0.4376884 0.8667805 0.2238202 0.4607579 0.8588404 0.2080702 0.4858812 0.8488972 0.1914913 0.5134186 0.8365001 0.1738142 0.5437361 0.8210601 0.1546816 0.5772684 0.8017699 0.1336667 0.6144706 0.7775341 0.1102713 0.655727 0.7469019 0.08384871 0.7013132 0.7079048 0.05372625 0.7511589 0.6579315 0.01914632 0.8044381 0.593728 -0.02044743 0.8590914 0.5114136 -0.06516426 0.9110625 0.4070858 -0.1140161 0.9536483 0.2784877 -0.1644874 0.9781365 0.1272509 2.4915e-4 0.8154276 0.5788592 0 0.8125839 0.5828444 0.1644582 0.9779463 0.1287429 0.1139097 0.9527643 0.2815403 0.06503564 0.9092598 0.4111169 0.02038317 0.8564159 0.5158841 -0.01906597 0.8010585 0.5982823 -0.05344974 0.7472999 0.6623338 -0.08335024 0.6971384 0.712075 -0.1095414 0.6513946 0.7507902 -0.1327098 0.6100673 0.781157 -0.1535039 0.572878 0.8051381 -0.1724287 0.5393912 0.8242122 -0.1899065 0.5091703 0.8394528 -0.2062978 0.4817403 0.851685 -0.221868 0.4567461 0.8614858 -0.2368781 0.4337981 0.8693147 -0.2515079 0.4126334 0.875487 -0.265961 0.3929672 0.8802509 -0.2803828 0.3745491 0.8837978 -0.2949201 0.3571875 0.8862502 -0.3097349 0.3407095 0.8876832 -0.324946 0.3249489 0.8881545 -0.3407119 0.3097268 0.887685 -0.3571909 0.2949224 0.886248 -0.374544 0.2803823 0.8838002 -0.3929568 0.2659581 0.8802565 -0.4126338 0.2515156 0.8754846 -0.4338057 0.236869 0.8693134 -0.4567404 0.2218867 0.8614839 -0.4817455 0.2062799 0.8516865 -0.5091673 0.1899139 0.8394531 -0.5394024 0.1724135 0.8242079 -0.5728704 0.153509 0.8051425 -0.610072 0.1327198 0.7811515 -0.6513881 0.1095352 0.7507967 -0.6971303 0.08335876 0.7120819 -0.7472798 0.05344283 0.662357 -0.8010465 0.01906478 0.5982985 -0.8564407 -0.02038305 0.515843 -0.9092667 -0.06502759 0.4111028 -0.9527673 -0.1139267 0.2815231 -0.8202553 -3.15465e-4 0.5719974 -0.2595143 -0.04363548 0.964753 -0.2121679 -0.04615682 0.9761427 -0.8358574 0.003558397 0.5489353 0.4611204 -0.065454 0.8849203 0.9857133 -2.85437e-4 0.1684322 0.2913736 -0.07807338 0.9534181 0.8098386 -0.008554756 0.5865905 0.9370028 0.3196246 0.1409461 0 -0.9503344 0.3112308 0.0604304 -0.8255231 0.5611237 0 -0.9517781 0.3067877 0.9348954 0.2444269 0.2573446 0.9181453 0.1695854 0.3581201 0.891313 0.098082 0.4426525 0.858444 0.03134405 0.5119486 0.8225319 -0.03003329 0.5679255 0.7856162 -0.08645087 0.6126447 0.7488828 -0.1383208 0.6481065 0.7129947 -0.1864128 0.6759355 0.6781967 -0.2313422 0.697517 0.6445549 -0.2739456 0.7137946 0.6119803 -0.3146245 0.7255975 0.580244 -0.35414 0.733418 0.5491339 -0.3928452 0.7376481 0.5183246 -0.4313484 0.7384296 0.487478 -0.4700139 0.7358343 0.4562703 -0.5092115 0.7297404 0.424204 -0.5493923 0.7198745 0.390886 -0.5908094 0.7057992 0.3557363 -0.6338236 0.6868183 0.3181028 -0.6785873 0.6620649 0.2773161 -0.7250461 0.6303999 0.232559 -0.7730051 0.5902368 0.1830331 -0.8216224 0.5398477 0.1279549 -0.8695086 0.4770562 0.06691169 -0.9141011 0.3999278 0 -0.9517723 0.3068056 -0.07156586 -0.9776827 0.1975218 0 -0.9484931 0.3167978 0 -0.9485005 0.3167757 0 -0.9484936 0.3167963 0 -0.9484943 0.3167943 0 -0.9483975 0.3170842 0 -0.9486831 0.3162287 2.64275e-4 -0.9488942 0.3155944 -0.8320501 0 0.5547006 0 -0.9517728 0.306804 0 -0.9516829 0.3070824 4.11403e-4 -0.9503734 0.3111113 0 -0.9517734 0.3068021 0 -0.9517762 0.3067936 0 -0.9484907 0.3168052 0 0 -1 -4.22026e-6 0 -1 6.51958e-6 0 -1 -4.25131e-6 0 -1 -3.99518e-6 0 -1 4.00632e-6 0 -1 -6.08163e-6 0 -1 3.65905e-6 0 -1 -3.70254e-6 0 -1 6.44639e-6 0 -1 -6.44639e-6 0 -1 0 -0.9432515 -0.3320796 -0.07135003 -0.9747283 -0.2116935 0 -0.9448779 -0.3274229 0.06609624 -0.9029294 -0.4246763 0.1257479 -0.8545075 -0.5039886 0.179017 -0.803605 -0.567602 0.2265018 -0.7528599 -0.6179798 0.2691197 -0.7036157 -0.6576469 0.3077778 -0.6565639 -0.6886194 0.3433543 -0.611773 -0.7126301 0.3765598 -0.5691654 -0.7309265 0.4080768 -0.5284881 -0.7444285 0.4384623 -0.4893412 -0.7538541 0.4681536 -0.451378 -0.7596645 0.4976369 -0.4141467 -0.7621287 0.5272624 -0.3772 -0.7613899 0.5573878 -0.3401655 -0.757368 0.5883488 -0.3024926 -0.7498959 0.620431 -0.2636684 -0.7386099 0.6538892 -0.2230722 -0.7229577 0.6889252 -0.1801041 -0.7021002 0.7255446 -0.1340126 -0.6750006 0.7636258 -0.08403474 -0.6401672 0.8026341 -0.02932822 -0.5957502 0.8414546 0.03074616 -0.5394525 0.8780261 0.09662413 -0.468758 0.9091165 0.1679218 -0.3811947 0.9301195 0.2431569 -0.2752319 0.9355486 0.3191594 -0.1512823 0.8004199 0.005132555 -0.5994179 9.31731e-6 0 -1 8.41116e-6 0 -1 -1.27519e-5 0 -1 -6.70801e-6 0 -1 1.03365e-5 0 -1 5.48749e-6 0 -1 -7.92039e-6 0 -1 -7.62984e-6 0 -1 4.82151e-6 0 -1 -7.08732e-6 0 -1 4.61952e-6 0 -1 -6.77383e-6 0 -1 4.39739e-6 0 -1 -6.52064e-6 0 -1 4.24541e-6 0 -1 -4.25153e-6 0 -1 4.26963e-6 0 -1 -4.00633e-6 0 -1 3.99518e-6 0 -1 4.25131e-6 0 -1 -6.51958e-6 0 -1 4.22026e-6 0 -1 -4.21051e-6 0 -1 4.22072e-6 0 -1 -4.24286e-6 0 -1 4.27639e-6 0 -1 -4.32213e-6 0 -1 -4.53961e-6 0 -1 4.76343e-6 0 -1 -5.47806e-6 0 -1 6.03258e-6 0 -1 -9.53024e-6 0 -1 -1.22305e-5 0 -1 1.43355e-5 0 -1 -0.8358574 0.003558397 -0.5489351 -0.2121618 -0.04615688 -0.9761439 -0.2595215 -0.04363542 -0.9647511 -0.82553 3.11189e-4 -0.5643583 -0.9545077 -0.1141364 -0.2754781 -0.9128196 -0.06527805 -0.4031121 -0.8617272 -0.02051568 -0.5069571 -0.8077212 0.01922988 -0.589251 -0.7549307 0.05398702 -0.6535785 -0.7053992 0.08434897 -0.7037737 -0.659997 0.110973 -0.7430269 -0.6188087 0.1346252 -0.7739198 -0.5816042 0.1558459 -0.7984039 -0.5480281 0.1751779 -0.8179107 -0.5176212 0.1930608 -0.8335441 -0.4899834 0.209814 -0.8461054 -0.4647367 0.22577 -0.856182 -0.4415432 0.2410905 -0.8642425 -0.4200995 0.2560732 -0.8705993 -0.4001493 0.2708197 -0.8755213 -0.3814538 0.2855593 -0.8791753 -0.3638203 0.3003955 -0.8817015 -0.347056 0.3154932 -0.8831853 -0.3310042 0.3310092 -0.8836681 -0.3155031 0.3470542 -0.8831825 -0.3003931 0.3638148 -0.8817045 -0.2855563 0.3814616 -0.8791727 -0.2708287 0.4001561 -0.8755153 -0.2560597 0.4201012 -0.8706025 -0.2411032 0.441533 -0.8642442 -0.2257525 0.4647444 -0.8561825 -0.2098268 0.4899753 -0.846107 -0.1930581 0.517628 -0.8335406 -0.1751855 0.5480197 -0.8179149 -0.1558452 0.5816037 -0.7984043 -0.1346098 0.6188128 -0.7739193 -0.1109896 0.6599978 -0.7430236 -0.08433872 0.70541 -0.703764 -0.0539968 0.754951 -0.6535546 -0.01922595 0.8077331 -0.5892348 0.02051055 0.8617013 -0.5070013 0.06528955 0.912813 -0.4031252 0.1141172 0.9545053 -0.2754942 0.1645206 0.9783192 -0.1257963 -2.47205e-4 0.8186093 -0.5743508 0 0.8158316 -0.5782896 -0.1644878 0.9781365 -0.1272509 -0.1140165 0.9536483 -0.2784876 -0.06516301 0.9110625 -0.4070858 -0.0204482 0.8590914 -0.5114136 0.01914703 0.8044381 -0.593728 0.05372524 0.751159 -0.6579315 0.08384901 0.7013132 -0.7079048 0.1102716 0.655727 -0.7469019 0.1336661 0.6144706 -0.7775341 0.1546825 0.5772683 -0.8017698 0.1738137 0.5437362 -0.8210603 0.1914918 0.5134186 -0.8365001 0.2080706 0.4858811 -0.8488971 0.2238198 0.4607579 -0.8588405 0.2389991 0.4376884 -0.8667805 0.2537938 0.4163829 -0.8730487 0.268405 0.3965761 -0.8778873 0.2829805 0.3780131 -0.881492 0.2976663 0.3605198 -0.8839798 0.3126294 0.343894 -0.8854376 0.3279865 0.3279865 -0.8859174 0.343896 0.312618 -0.8854408 0.3605176 0.2976726 -0.8839786 0.3780122 0.2829841 -0.8814913 0.396568 0.2683954 -0.877894 0.416383 0.2538039 -0.8730458 0.437691 0.2389891 -0.866782 0.460756 0.2238375 -0.8588369 0.4858869 0.2080518 -0.8488983 0.5134174 0.1914956 -0.8364999 0.5437386 0.1738078 -0.8210599 0.5772659 0.1546847 -0.8017711 0.6144716 0.1336795 -0.7775312 0.6557261 0.110255 -0.746905 0.7012998 0.08385837 -0.7079169 0.751143 0.05372315 -0.6579498 0.8044221 0.01914244 -0.5937498 0.8591195 -0.02044385 -0.5113667 0.9110698 -0.06516093 -0.4070698 0.9536508 -0.1140342 -0.2784715 0.8214106 9.6631e-4 -0.5703365 0.2507593 -0.04216444 -0.9671308 0.2048479 -0.04456228 -0.9777789 0.1725018 -0.04622364 -0.983924 0.148492 -0.04746663 -0.9877738 0.1299021 -0.04845255 -0.9903423 0 -0.9484931 -0.3167978 0 -0.9483975 -0.3170842 0 -0.9484938 -0.316796 3.70254e-6 0 -1 6.08163e-6 0 -1 -3.65905e-6 0 -1 -0.8320502 0 -0.5547004 0 -0.9486831 -0.3162287 2.64255e-4 -0.9488942 -0.3155944 0 0 -1 1.25829e-7 0 -1 -2.62852e-7 0 -1 4.3113e-7 0 -1 -6.51775e-7 0 -1 5.41933e-7 0 -1 -1.01274e-6 0 -1 9.17984e-7 0 -1 -8.88188e-7 0 -1 1.7352e-6 0 -1 -1.71036e-6 0 -1 1.70077e-6 0 -1 -1.76185e-6 0 -1 3.63108e-6 0 -1 -3.77952e-6 0 -1 -1.41477e-7 0 -1 1.70073e-6 0 -1 -1.71038e-6 0 -1 -1.0127e-6 0 -1 -6.51802e-7 0 -1 -4.3113e-7 0 -1 -4.26703e-4 -0.9465079 -0.3226805 0 -0.9447751 -0.3277193 0 -0.944878 -0.3274229 -1.05629e-6 0 -1 0 -0.9448849 -0.3274027 0.05900269 -0.8060121 -0.588951 0 -0.9484936 -0.3167963 0 -0.9485005 -0.3167757 0 -0.9484907 -0.3168052 0 -0.9448702 -0.3274452 0 -0.07391214 0.9972648 0 0.07391214 -0.9972648 0 0.23144 0.9728491 0 -0.23144 -0.9728491 -0.3061539 0 0.9519821 0.3061539 0 -0.9519821 -0.9559746 0 -0.2934493 0.9559746 0 0.2934493 0.3162277 0 0.9486833 -0.3162277 0 -0.9486833 -0.306154 0 0.9519821 0.306154 0 -0.9519821 0.3162277 0 0.9486833 -0.3162277 0 -0.9486833 0 0.9486833 0.3162277 0 -0.9486833 -0.3162277 0.3061541 0 0.951982 -0.3061541 0 -0.951982 -0.3061539 0 0.9519821 0.3061539 0 -0.9519821 0.9559746 0 -0.2934494 -0.9559746 0 0.2934494 -0.306154 0 0.9519821 0.306154 0 -0.9519821 -0.3061541 0 0.951982 0.3061541 0 -0.951982 0 -0.2312208 0.9729014 0 0.2312208 -0.9729014 -0.9993329 -0.03652387 0 -0.9993328 -0.03652387 0 -0.9993329 0.03652328 0 -0.9993329 0.03652328 0 -0.9833644 0.1816446 0 -0.9833682 0.1816233 0 -0.9674858 0.2529256 0 -0.9674804 0.2529464 0 -0.9464499 0.322851 0 -0.8535992 0.5209305 0 -0.8535794 0.5209628 0 -0.7686488 0.6396712 0 -0.6673204 0.7447708 0 -0.6673203 0.7447709 0 -0.6111912 0.791483 0 -0.6111804 0.7914914 0 -0.5517591 0.8340036 0 -0.4894118 0.8720529 0 -0.4894022 0.8720583 0 -0.4244558 0.9054487 0 -0.4244557 0.9054487 0 -0.3572486 0.9340094 0 -0.3572485 0.9340094 0 -0.2880991 0.9576006 0 -0.288093 0.9576025 0 -0.2174297 0.976076 0 -0.2174296 0.9760761 0 -0.1456082 0.9893423 0 -0.1456018 0.9893434 0 -0.07298946 0.9973328 0 -0.07299101 0.9973326 0 0.07299107 0.9973326 0 0.07298946 0.9973328 0 0.1456018 0.9893434 0 0.1456082 0.9893423 0 0.2174203 0.9760782 0 0.2174296 0.9760761 0 0.2880991 0.9576006 0 0.2881052 0.9575988 0 0.3572486 0.9340094 0 0.4244473 0.9054527 0 0.4244557 0.9054487 0 0.4894213 0.8720476 0 0.4894117 0.8720529 0 0.5517594 0.8340035 0 0.6111805 0.7914913 0 0.611191 0.7914831 0 0.6673204 0.7447708 0 0.6673203 0.7447709 0 0.7686488 0.6396712 0 0.7686596 0.6396581 0 0.8132975 0.5818481 0 0.8535795 0.5209627 0 0.8535794 0.5209628 0 0.9203441 0.39111 0 0.9674858 0.2529256 0 0.9674912 0.2529049 0 0.9833682 0.1816232 0 0.9833642 0.1816447 0 0.9993329 0.03652328 0 0.9993321 0.03654539 0 0.9993321 -0.03654599 0 0.9993328 -0.03652387 0 0.9833645 -0.1816431 0 0.9833685 -0.1816217 0 0.9674907 -0.2529069 0 0.9674852 -0.2529277 0 0.9203441 -0.3911098 0 0.8535818 -0.5209589 0 0.8535817 -0.5209591 0 0.8132975 -0.5818481 0 0.7686561 -0.6396622 0 0.7686452 -0.6396753 0 0.6673299 -0.7447624 0 0.6673297 -0.7447624 0 0.6111805 -0.7914912 0 0.6111698 -0.7914996 0 0.5517591 -0.8340036 0 0.4894183 -0.8720492 0 0.4894277 -0.872044 0 0.4244629 -0.9054455 0 0.4244542 -0.9054495 0 0.3572338 -0.934015 0 0.3572411 -0.9340123 0 0.2880975 -0.9576011 0 0.2880913 -0.957603 0 0.217446 -0.9760724 0 0.2174364 -0.9760745 0 0.1455916 -0.9893448 0 0.1455852 -0.9893457 0 0.07300639 -0.9973316 0 0.07300794 -0.9973314 0 -0.073008 -0.9973314 0 -0.07300633 -0.9973316 0 -0.1455852 -0.9893457 0 -0.1455916 -0.9893448 0 -0.217446 -0.9760724 0 -0.2174459 -0.9760725 0 -0.2880852 -0.9576048 0 -0.2880913 -0.957603 0 -0.3572411 -0.9340123 0 -0.4244629 -0.9054455 0 -0.4244627 -0.9054455 0 -0.4894089 -0.8720545 0 -0.4894182 -0.8720493 0 -0.5517594 -0.8340035 0 -0.6673299 -0.7447624 0 -0.6673297 -0.7447624 0 -0.7686452 -0.6396753 0 -0.8535818 -0.5209589 0 -0.8536015 -0.5209268 0 -0.9464498 -0.322851 0 -0.9674799 -0.2529484 0 -0.9674852 -0.2529277 0 -0.9833685 -0.1816217 0 -0.9833646 -0.1816431 0 -0.9993329 -0.03652387 0 -0.9833646 -0.1816431 0 -0.9833685 -0.1816217 0 -0.9674853 -0.2529277 0 -0.9674798 -0.2529484 0 -0.9464499 -0.322851 0 -0.8536014 -0.5209267 0 -0.8535817 -0.520959 0 -0.6673297 -0.7447624 0 -0.6111805 -0.7914913 0 -0.4894183 -0.8720493 0 -0.4894088 -0.8720545 0 -0.4244627 -0.9054454 0 -0.2880913 -0.957603 0 -0.2880852 -0.9576048 0 -0.2174459 -0.9760724 0 -0.1455916 -0.9893448 0 -0.1455852 -0.9893457 0 -0.07300633 -0.9973316 0 -0.07300794 -0.9973314 0 0.07300794 -0.9973314 0 0.07300633 -0.9973316 0 0.1455852 -0.9893457 0 0.2174365 -0.9760745 0 0.2174459 -0.9760724 0 0.2880913 -0.957603 0 0.2880974 -0.9576011 0 0.3572338 -0.934015 0 0.4244543 -0.9054495 0 0.4244627 -0.9054454 0 0.4894277 -0.8720439 0 0.4894183 -0.8720493 0 0.6111698 -0.7914996 0 0.6111805 -0.7914913 0 0.6673297 -0.7447624 0 0.8535817 -0.520959 0 0.9674853 -0.2529277 0 0.9674906 -0.252907 0 0.9833685 -0.1816217 0 0.9833646 -0.1816431 0 0.9993329 -0.03652387 0 0.9993321 -0.03654599 0 0.9993321 0.03654539 0 0.9833642 0.1816446 0 0.9833682 0.1816232 0 0.9674912 0.2529049 0 0.9674857 0.2529256 0 0.8535794 0.5209628 0 0.6673204 0.7447709 0 0.6111912 0.7914831 0 0.6111804 0.7914913 0 0.4894117 0.8720529 0 0.4894212 0.8720476 0 0.4244558 0.9054487 0 0.4244472 0.9054527 0 0.3572486 0.9340094 0 0.2881052 0.9575988 0 0.2880991 0.9576007 0 0.2174297 0.9760761 0 0.2174203 0.9760782 0 0.07299107 0.9973326 0 -0.07299107 0.9973326 0 -0.07298946 0.9973328 0 -0.2174297 0.9760761 0 -0.2880991 0.9576007 0 -0.3572486 0.9340094 0 -0.4244558 0.9054487 0 -0.4894023 0.8720582 0 -0.4894117 0.8720529 0 -0.6111912 0.7914831 0 -0.6673204 0.7447709 0 -0.8535794 0.5209628 0 -0.8535992 0.5209305 0 -0.9464499 0.322851 0 -0.9674804 0.2529463 0 -0.9674857 0.2529256 0 -0.9833682 0.1816232 0 -0.9833642 0.1816446 0 0.9742807 -0.03557944 0.2225117 0.9751113 0.03561037 0.218838 0.967263 -0.1064239 0.2303832 0.9540619 -0.1761999 0.2423214 0.9346784 -0.2443987 0.2581582 0.9092302 -0.3101792 0.2776499 0.8778279 -0.3730036 0.3004774 0.8406701 -0.4322352 0.3262618 0.7981467 -0.4870851 0.354556 0.7506366 -0.5370621 0.3848496 0.6987579 -0.58152 0.4166196 0.6431394 -0.620075 0.4493091 0.584562 -0.6523794 0.482378 0.5237936 -0.6783481 0.5152515 0.461709 -0.697862 0.5475522 0.399105 -0.71113 0.5788 0.3367667 -0.7184217 0.6086531 0.4995973 -0.6964134 0.5151806 0.3237041 -0.8463122 0.4230501 0.2648245 -0.8802425 0.3937531 0.2023524 -0.9084004 0.365872 0.13693 -0.9304229 0.3399465 0.06924307 -0.9460906 0.3164146 0 -0.9553126 0.2955975 -0.07011693 -0.9580305 0.2779593 -0.1404494 -0.9543368 0.2636579 -0.2103537 -0.9443197 0.2530055 -0.2792364 -0.928146 0.246114 -0.3465225 -0.9059926 0.2431043 -0.4116318 -0.8780722 0.2440259 -0.474017 -0.8446224 0.2488393 -0.533156 -0.8058775 0.2574997 -0.5885108 -0.7621171 0.2698751 -0.6394876 -0.7137209 0.2857587 -0.6856185 -0.6610234 0.3049188 -0.7263908 -0.6044939 0.3270222 -0.7613095 -0.5446884 0.3517423 -0.7900316 -0.4821795 0.3786201 -0.8122708 -0.4175988 0.4072192 -0.8278018 -0.3517466 0.4370568 -0.8365944 -0.285453 0.4675752 -0.8387539 -0.219251 0.4984185 -0.8345083 -0.1541281 0.5289996 -0.8241955 -0.09069925 0.5589952 -0.8083136 -0.02957367 0.588009 -0.7873684 0.02880781 0.6158094 -0.7620027 0.08385527 0.6421218 -0.7328054 0.135343 0.6668422 -0.7004072 0.1830886 0.6898612 -0.6653578 0.2270257 0.7111669 -0.6282754 0.2669646 0.730753 -0.5895987 0.3031201 0.7486599 -0.5497664 0.3355357 0.7649659 -0.5091941 0.3643088 0.7797439 -0.4681677 0.3896084 0.7931106 -0.9606627 -0.1688194 0.2205157 -0.7083114 0.6829246 0.1786308 -0.6573558 0.7335872 0.1724333 -0.6022744 0.7800128 0.1698407 -0.5436652 0.8217117 0.1709328 -0.4818026 0.8584952 0.1756485 -0.417209 0.8899968 0.1839636 -0.3503261 0.9159374 0.1957812 -0.2816156 0.9360524 0.2109472 -0.2116447 0.9500752 0.229268 -0.1409485 0.9577891 0.2505466 -0.07020246 0.9590441 0.2744197 0 0.9537393 0.3006352 0.06894773 0.9419029 0.3287325 0.135918 0.9236418 0.3583464 0.2003213 0.8991718 0.3890522 0.2613916 0.8689022 0.4203374 0.3187008 0.8332347 0.4518295 0.3716537 0.7927659 0.4831108 0.4198876 0.7481725 0.5137435 0.4631717 0.7001011 0.5434432 0.5013333 0.6492344 0.5719788 0.5343056 0.5963303 0.5990892 0.5621806 0.5420005 0.6246507 0.5850749 0.4869113 0.6485406 0.6031943 0.4315487 0.6707625 0.4353487 0.7825621 0.4450485 0.8123622 0.4957553 0.3070738 0.8528686 0.4385073 0.2834194 0.8879576 0.3773078 0.2630019 0.9173177 0.3129382 0.2461664 0.9408067 0.2460032 0.2331634 0.9583372 0.176988 0.2241988 0.9697825 0.1067011 0.2194008 0.9812739 0.0358479 -0.1892524 0.9806486 -0.03582447 -0.1924707 0.9759467 0.1073525 -0.189746 0.9646943 0.1781818 -0.1939489 0.9475694 0.2477582 -0.2018125 0.924674 0.3154414 -0.2132481 0.8960935 0.3807784 -0.2280883 0.8619662 0.4431917 -0.2461614 0.8225627 0.5019882 -0.2672049 0.7781006 0.5567081 -0.2909224 0.7290076 0.6066969 -0.3169654 0.6757121 0.6514844 -0.3449367 0.6188051 0.6905741 -0.3744164 0.5588126 0.7237077 -0.4049393 0.4965468 0.7505207 -0.4360737 0.4326773 0.7709569 -0.46735 0.3679889 0.7850049 -0.4983488 0.3032268 0.7927846 -0.528721 0.2390464 0.7945646 -0.5581435 0.1761515 0.7907315 -0.5862717 0.2898813 0.7980675 -0.5282585 0.1305966 0.8874778 -0.4419592 0.06665474 0.9105783 -0.4079269 0 0.9269991 -0.3750638 -0.06855225 0.9364771 -0.3439643 -0.1381638 0.9389014 -0.3152377 -0.2081385 0.9343031 -0.2894068 -0.2776406 0.9228523 -0.2669447 -0.3460542 0.9047793 -0.2482358 -0.4127136 0.8804 -0.2335882 -0.4770649 0.8500425 -0.2232422 -0.5385798 0.8140569 -0.2173548 -0.5967388 0.7728174 -0.2160006 -0.6511166 0.7266256 -0.2192317 -0.7011073 0.6759732 -0.2269551 -0.7463446 0.6211323 -0.2390905 -0.7863174 0.5625497 -0.2554273 -0.8204967 0.5007578 -0.2757301 -0.8484882 0.4362306 -0.2996177 -0.8698404 0.3696522 -0.3267033 -0.8842691 0.301692 -0.356441 -0.8915475 0.2330738 -0.3883554 -0.8916189 0.1646741 -0.4217799 -0.8845802 0.09732401 -0.4561207 -0.8707183 0.03184312 -0.4907502 -0.850457 -0.03110158 -0.5251243 -0.8243955 -0.09070247 -0.5586997 -0.7932314 -0.1465045 -0.5910334 -0.7577049 -0.1980819 -0.6218094 -0.7186022 -0.2451711 -0.6507704 -0.6767305 -0.2875869 -0.6777387 -0.6328085 -0.3253433 -0.7026416 -0.5874623 -0.3585368 -0.7254925 -0.8893867 -0.06965154 -0.4518188 -0.7706834 -0.5514104 -0.3193648 -0.734117 -0.610903 -0.2964285 -0.69193 -0.6671253 -0.2760014 -0.6446587 -0.7194873 -0.2583664 -0.5927514 -0.7675995 -0.243797 -0.5366419 -0.8111588 -0.2324582 -0.4769134 -0.8497823 -0.2245521 -0.4140504 -0.8832296 -0.2201546 -0.3485385 -0.911276 -0.2193108 -0.2809069 -0.9336916 -0.2220618 -0.2116821 -0.9502865 -0.2283556 -0.1414145 -0.96089 -0.2381019 -0.07065105 -0.9653522 -0.2512043 0 -0.9635785 -0.2674258 0.06993138 -0.9554903 -0.2866149 0.1385046 -0.9411174 -0.3084069 0.2050536 -0.9205294 -0.3325338 0.2689354 -0.8938999 -0.3586319 0.3295235 -0.8615213 -0.3862583 0.3861701 -0.8237952 -0.415011 0.4384133 -0.7811819 -0.4444646 0.4857779 -0.7342751 -0.4741939 0.5279551 -0.6836898 -0.5038173 0.5646644 -0.6302075 -0.5329096 0.5958511 -0.574456 -0.5612146 0.621502 -0.5172231 -0.5884009 0.6417028 -0.4591271 -0.614345 0.6566952 -0.4007816 -0.6388471 0.6667225 -0.3427836 -0.661801 0.6720921 -0.2855778 -0.683182 0.6731425 -0.2296708 -0.7029442 0.6702477 -0.1752201 -0.721156 0.6637867 -0.1225991 -0.7378054 0.5538959 -0.7951103 -0.2469797 0.9740484 -0.1071437 -0.1993743 -0.9993335 -0.0365073 0 -0.9993335 -0.0365073 0 -0.9993335 0.03650671 0 -0.9993335 0.03650671 0 -0.9940002 0.1093786 0 -0.9940001 0.1093787 0 -0.9833653 0.1816392 0 -0.9833632 0.1816501 0 -0.9674844 0.2529308 0 -0.9674872 0.2529205 0 -0.9464414 0.3228757 0 -0.920346 0.3911052 0 -0.8535869 0.5209506 0 -0.8535868 0.5209507 0 -0.7686515 0.6396679 0 -0.7686542 0.6396646 0 -0.7198939 0.6940842 0 -0.6673232 0.7447683 0 -0.6111779 0.7914934 0 -0.4894 0.8720594 0 -0.4244621 0.9054457 0 -0.4244621 0.9054457 0 -0.3572412 0.9340122 0 -0.357243 0.9340115 0 -0.2881037 0.9575992 0 -0.2881036 0.9575992 0 -0.2174215 0.9760779 0 -0.2174214 0.9760779 0 -0.1456074 0.9893425 0 -0.07298982 0.9973328 0 -0.07299023 0.9973327 0 0.07299023 0.9973327 0 0.07299023 0.9973327 0 0.145607 0.9893425 0 0.1456074 0.9893425 0 0.2174215 0.9760779 0 0.217422 0.9760778 0 0.2881037 0.9575992 0 0.2881029 0.9575995 0 0.3572421 0.9340118 0 0.3572421 0.9340119 0 0.4244611 0.9054462 0 0.4244599 0.9054467 0 0.4894048 0.8720569 0 0.4894058 0.8720562 0 0.6111736 0.7914965 0 0.6673232 0.7447683 0 0.6673231 0.7447685 0 0.7198967 0.6940813 0 0.7686515 0.6396679 0 0.8535906 0.5209445 0 0.8535906 0.5209447 0 0.8893427 0.4572413 0 0.9464402 0.3228794 0 0.9674837 0.2529333 0 0.9674831 0.252936 0 0.9833658 0.1816365 0 0.9833658 0.1816366 0 0.9940012 0.1093704 0 0.9940007 0.1093746 0 0.9993329 0.03652191 0 0.9993329 0.03652191 0 0.9993329 -0.0365225 0 0.9993329 -0.0365225 0 0.9940006 -0.1093745 0 0.994001 -0.1093705 0 0.983366 -0.181635 0 0.9833661 -0.1816352 0 0.9674826 -0.252938 0 0.9674832 -0.2529355 0 0.9464402 -0.3228795 0 0.8893428 -0.4572412 0 0.8535929 -0.5209408 0 0.8535928 -0.520941 0 0.768648 -0.6396721 0 0.7198968 -0.6940812 0 0.6673326 -0.7447599 0 0.6673325 -0.7447599 0 0.6111631 -0.7915048 0 0.6111643 -0.7915037 0 0.4894124 -0.8720525 0 0.4894111 -0.8720533 0 0.4244671 -0.9054434 0 0.424468 -0.905443 0 0.3572348 -0.9340147 0 0.3572346 -0.9340147 0 0.2880952 -0.9576018 0 0.2880958 -0.9576016 0 0.2174383 -0.9760742 0 0.2174376 -0.9760742 0 0.1455908 -0.9893449 0 0.1455904 -0.989345 0 0.07300716 -0.9973315 0 0.07300716 -0.9973315 0 -0.07300716 -0.9973315 0 -0.07300674 -0.9973315 0 -0.1455908 -0.9893449 0 -0.1455907 -0.9893449 0 -0.2174378 -0.9760742 0 -0.2174376 -0.9760742 0 -0.288096 -0.9576016 0 -0.2880958 -0.9576016 0 -0.3572357 -0.9340143 0 -0.3572337 -0.934015 0 -0.4244692 -0.9054424 0 -0.4244691 -0.9054425 0 -0.4894064 -0.8720558 0 -0.6111671 -0.7915017 0 -0.6673325 -0.7447599 0 -0.7198941 -0.6940841 0 -0.7686507 -0.6396688 0 -0.768648 -0.6396721 0 -0.8535891 -0.5209468 0 -0.8535891 -0.520947 0 -0.920346 -0.3911051 0 -0.9464414 -0.3228757 0 -0.9674866 -0.2529224 0 -0.9674839 -0.2529329 0 -0.9833636 -0.1816484 0 -0.9833656 -0.1816378 0 -0.9940002 -0.1093786 0 -0.9940001 -0.1093787 0 -0.9993335 -0.0365073 0 -0.9940002 -0.1093786 0 -0.9833656 -0.1816378 0 -0.9833636 -0.1816484 0 -0.9674839 -0.2529329 0 -0.9674866 -0.2529225 0 -0.9464414 -0.3228757 0 -0.8535891 -0.5209469 0 -0.7198939 -0.6940841 0 -0.6673325 -0.7447599 0 -0.6111671 -0.7915017 0 -0.4894064 -0.8720558 0 -0.4244691 -0.9054424 0 -0.3572338 -0.934015 0 -0.3572356 -0.9340143 0 -0.2880959 -0.9576016 0 -0.2174377 -0.9760742 0 -0.1455908 -0.9893449 0 -0.07300674 -0.9973315 0 -0.07300716 -0.9973315 0 0.07300716 -0.9973315 0 0.1455908 -0.9893449 0 0.2174377 -0.9760742 0 0.2174383 -0.9760742 0 0.2880959 -0.9576016 0 0.2880951 -0.9576018 0 0.3572347 -0.9340147 0 0.4244681 -0.905443 0 0.424467 -0.9054434 0 0.4894111 -0.8720532 0 0.4894123 -0.8720525 0 0.6111644 -0.7915037 0 0.6111631 -0.7915048 0 0.6673325 -0.7447599 0 0.8535928 -0.5209408 0 0.9674832 -0.2529354 0 0.9674825 -0.252938 0 0.983366 -0.1816351 0 0.9940011 -0.1093705 0 0.9940007 -0.1093745 0 0.9993329 -0.0365225 0 0.9993329 0.03652191 0 0.9940007 0.1093745 0 0.9940011 0.1093705 0 0.9833658 0.1816366 0 0.9674831 0.252936 0 0.9674837 0.2529334 0 0.8535905 0.5209447 0 0.6673231 0.7447684 0 0.6111738 0.7914965 0 0.6111751 0.7914955 0 0.4894059 0.8720562 0 0.4894047 0.8720569 0 0.42446 0.9054467 0 0.4244611 0.9054462 0 0.3572421 0.9340119 0 0.2881029 0.9575995 0 0.2174221 0.9760777 0 0.2174215 0.9760779 0 0.07299023 0.9973327 0 -0.07299023 0.9973327 0 -0.07298982 0.9973328 0 -0.2174215 0.9760779 0 -0.357243 0.9340115 0 -0.4244621 0.9054457 0 -0.4894 0.8720595 0 -0.6111778 0.7914934 0 -0.6673231 0.7447684 0 -0.7198939 0.6940841 0 -0.8535868 0.5209507 0 -0.9464414 0.3228757 0 -0.9674871 0.2529204 0 -0.9674844 0.2529308 0 -0.9833633 0.18165 0 -0.9833653 0.1816393 0 -0.9940002 0.1093786 0 0.9820295 -0.03587353 0.1852869 0.9840461 0.03594779 0.174245 0.9740657 -0.1071866 0.1992667 0.9601456 -0.1773537 0.2160235 0.6566812 -0.6775383 0.3312276 0.6729434 -0.1759291 0.718468 0.6820495 -0.2326723 0.6933052 0.686565 -0.2917573 0.6659627 0.6858822 -0.3526365 0.6365635 0.6794767 -0.4146896 0.6052635 0.6668918 -0.4771226 0.5723719 0.6477996 -0.5390921 0.5382708 0.6220034 -0.5997056 0.503453 0.5895571 -0.6579791 0.4684934 0.5506031 -0.7130473 0.4340504 0.5055089 -0.7640674 0.4008264 0.4547836 -0.8103763 0.369408 0.3990872 -0.8513125 0.3405828 0.3390731 -0.8865129 0.3148401 0.275484 -0.9156541 0.2927218 0.20906 -0.9385334 0.2746801 0.1405587 -0.9550423 0.2610319 0.07063382 -0.9651392 0.2520263 0 -0.9688057 0.2478219 -0.07070112 -0.9660516 0.2484868 -0.1408307 -0.9568933 0.2540121 -0.2096911 -0.9413663 0.2643089 -0.2766478 -0.9195257 0.2791746 -0.3409683 -0.8914679 0.2983716 -0.4019237 -0.8573697 0.3215194 -0.4587873 -0.8174973 0.3481557 -0.5108836 -0.7721913 0.3777813 -0.5575203 -0.7220117 0.4097197 -0.5981501 -0.6675663 0.443364 -0.6323199 -0.6096462 0.47802 -0.6597974 -0.5490825 0.5130067 -0.6804755 -0.4868439 0.5476643 -0.6944395 -0.4238158 0.5814929 -0.7019752 -0.3609078 0.6139841 -0.7034817 -0.2989462 0.6447827 -0.7035394 -0.387405 0.5957767 -0.8032371 -0.2740246 0.5288861 -0.8393201 -0.2194279 0.4973866 -0.8702673 -0.1607479 0.4656125 -0.895496 -0.09853166 0.434026 -0.9145293 -0.03342324 0.4031366 -0.9270334 0.03388077 0.3734451 -0.9327934 0.1026355 0.3454889 -0.9317433 0.1721017 0.3197429 -0.923942 0.2415531 0.2966201 -0.9095266 0.3102853 0.2765582 -0.8887317 0.3776672 0.2598529 -0.8618427 0.4431024 0.2467541 -0.829171 0.5060377 0.2374904 -0.7910606 0.5659629 0.2321834 -0.7478774 0.6223869 0.2308983 -0.6999652 0.6748645 0.2336806 -0.6477511 0.7229065 0.240468 -0.5915722 0.7661286 0.2511758 -0.5319495 0.8040338 0.2656306 -0.469314 0.836243 0.2836228 -0.404262 0.8623434 0.3048545 -0.3373485 0.8820189 0.3289965 -0.2692629 0.8950039 0.35562 -0.2007423 0.9011282 0.3842793 -0.1324965 0.9003666 0.4144691 -0.06535518 0.8928019 0.4456832 0 0.8786916 0.47739 0.06283676 0.8583979 0.5091214 0.1225023 0.8324521 0.5403859 0.1785334 0.8014329 0.5708162 0.0609554 0.8658409 0.4965925 0.2617401 0.8699997 0.4178431 0.329137 0.8605509 0.388743 0.3960056 0.8447268 0.3600228 0.4616432 0.8225821 0.3320305 0.5254591 0.7942261 0.305119 0.5867791 0.759915 0.2796775 0.6450947 0.7199401 0.2560063 0.6998305 0.6747432 0.2344332 0.7506389 0.6246817 0.2152072 0.7970906 0.570275 0.1985776 0.8388974 0.5119832 0.1847276 0.8758063 0.4502793 0.1738157 0.9075843 0.3856782 0.1659616 0.9340573 0.3186466 0.1612496 0.9550648 0.249682 0.1597192 0.9704741 0.17926 0.1613881 0.9801672 0.107858 0.1662503 0.9548275 0.0348832 -0.2951065 0.9492473 -0.03467869 -0.3126134 0.9535685 0.104927 -0.2823075 0.9455972 0.1746704 -0.2744748 0.9310694 0.2434054 -0.2717785 0.9101539 0.3104965 -0.2742477 0.8830384 0.3752431 -0.2818441 0.8499225 0.4369739 -0.2944243 0.811057 0.4949844 -0.3117327 0.7667475 0.548574 -0.333414 0.7174077 0.5970273 -0.3590052 0.6635096 0.6397234 -0.387955 0.6057481 0.6760261 -0.4195926 0.5447918 0.7055369 -0.4532325 0.4815772 0.7279037 -0.488098 0.4169891 0.7430173 -0.5234937 0.3520579 0.7509732 -0.5586541 0.2876453 0.7520722 -0.5929988 0.2246614 0.7467477 -0.6260154 0.1638726 0.7356378 -0.657254 0.105866 0.7193865 -0.6864951 0.05115419 0.6987763 -0.7135089 0.2963819 0.777922 -0.5540715 0 0.9007574 -0.4343228 -0.06677877 0.9122475 -0.4041599 -0.1349817 0.9172517 -0.3747391 -0.2039654 0.9155976 -0.3465245 -0.2729526 0.9072689 -0.3199378 -0.3412941 0.892333 -0.2953986 -0.4083115 0.8709808 -0.273266 -0.4733745 0.8434782 -0.2538921 -0.5359808 0.8101249 -0.2375339 -0.5955733 0.7713139 -0.2244264 -0.6517646 0.727386 -0.2147385 -0.7040589 0.6788117 -0.2086045 -0.752147 0.6259394 -0.2060946 -0.795627 0.5692312 -0.2072523 -0.8341823 0.5090935 -0.2120466 -0.8674685 0.4459952 -0.2204238 -0.895173 0.3804031 -0.2322909 -0.9170031 0.312838 -0.2474629 -0.9326961 0.24384 -0.2657446 -0.9420248 0.1739999 -0.286903 -0.9448438 0.1039644 -0.3105826 -0.9410724 0.03439277 -0.3364521 -0.93073 -0.03401416 -0.3641219 -0.913962 -0.1005663 -0.3931414 -0.8910179 -0.1645801 -0.4230844 -0.8622745 -0.2254273 -0.4535033 -0.8282098 -0.2825459 -0.4839798 -0.8094218 -0.3090926 -0.4992978 -0.8052988 -0.3422124 -0.4841328 -0.792191 -0.4072889 -0.4544769 -0.7728697 -0.4716826 -0.4244859 -0.7473197 -0.5346685 -0.3945161 -0.7156305 -0.5955464 -0.3649623 -0.6779944 -0.6536828 -0.3361881 -0.6347521 -0.7084162 -0.308604 -0.5862635 -0.7592331 -0.2825959 -0.5330137 -0.8056432 -0.2585257 -0.4755024 -0.8472781 -0.2366801 -0.4143084 -0.8837937 -0.2173874 -0.3499602 -0.9149756 -0.2008672 -0.2830035 -0.9406486 -0.1873214 -0.2139928 -0.9606805 -0.1769182 -0.1434934 -0.9749824 -0.1697615 -0.0719785 -0.9835071 -0.1659307 0 -0.9862146 -0.1654711 0.07194781 -0.9830926 -0.1683824 0.1433692 -0.9741386 -0.1746403 0.2137035 -0.9593816 -0.1841682 0.2824664 -0.9388591 -0.1968667 0.3490734 -0.9126617 -0.2125941 0.412968 -0.8809207 -0.2311629 0.8088716 -0.467753 -0.3562777 0.329531 -0.587188 -0.7393373 0.3859398 -0.5833437 -0.7146753 0.4436838 -0.574582 -0.6877502 0.502141 -0.5604147 -0.6586273 0.5605418 -0.5404455 -0.6274645 0.6180551 -0.5143435 -0.5945239 0.673674 -0.4819818 -0.5602294 0.7264471 -0.4433522 -0.5250843 0.7754101 -0.398665 -0.4896994 0.8196634 -0.3483119 -0.4547864 0.8584485 -0.2928572 -0.4210713 0.8911531 -0.232968 -0.3893226 0.9173371 -0.1694518 -0.360248 0.9367468 -0.1030761 -0.3344856 -0.007245957 -0.9892325 -0.1461738 -0.8935648 0.4340043 0.1148149 0.9141596 0 0.4053546 0.6553457 0.2382006 0.7167863 0 0.9786854 0.2053653 -0.7202464 -0.1812627 0.6696186 -0.4866451 0.2256734 0.8439479 0 -0.8098841 0.58659 0.9596624 0 -0.2811548 -0.2352825 -0.9017549 -0.3626022 2.30031e-7 0 -1 -0.7196228 -0.1984806 -0.6653935 0 0.9786854 -0.2053653 0.5838961 0.435078 -0.6853996 -0.9993329 -0.0365225 0 -0.9993328 -0.0365253 0 -0.9993329 0.03652465 0 -0.9993329 0.03652191 0 -0.9940013 0.109369 0 -0.9940009 0.1093719 0 -0.9833658 0.1816365 0 -0.983366 0.1816353 0 -0.9674831 0.252936 0 -0.9674824 0.2529386 0 -0.9203485 0.3910992 0 -0.8893439 0.4572392 0 -0.8535893 0.5209466 0 -0.8535906 0.5209447 0 -0.7686501 0.6396695 0 -0.7198981 0.6940799 0 -0.6673217 0.7447697 0 -0.6111738 0.7914965 0 -0.611175 0.7914955 0 -0.4894059 0.8720561 0 -0.4894058 0.8720562 0 -0.424459 0.9054473 0 -0.424461 0.9054462 0 -0.3572403 0.9340125 0 -0.2881029 0.9575995 0 -0.2174221 0.9760777 0 -0.145607 0.9893425 0 -0.07299023 0.9973327 0 0.07298982 0.9973328 0 0.2174262 0.9760768 0 0.2174249 0.976077 0 0.2881036 0.9575992 0 0.3572375 0.9340136 0 0.3572338 0.9340151 0 0.4244621 0.9054457 0 0.4244621 0.9054457 0 0.4894095 0.8720542 0 0.4894093 0.8720542 0 0.6111725 0.7914975 0 0.6111696 0.7914996 0 0.7198994 0.6940784 0 0.7686542 0.6396646 0 0.8132793 0.5818737 0 0.8535943 0.5209385 0 0.8535941 0.5209386 0 0.920346 0.3911051 0 0.92035 0.3910959 0 0.9674872 0.2529204 0 0.9674844 0.2529308 0 0.9833633 0.1816499 0 0.9833652 0.1816393 0 0.9993329 0.03652328 0 0.9993329 -0.03652387 0 0.9833655 -0.1816377 0 0.9833636 -0.1816485 0 0.9674839 -0.2529328 0 0.9674866 -0.2529225 0 0.92035 -0.3910957 0 0.920346 -0.3911052 0 0.8535965 -0.5209347 0 0.8535965 -0.5209349 0 0.8132793 -0.5818737 0 0.7686507 -0.6396688 0 0.7198995 -0.6940783 0 0.6111591 -0.7915078 0 0.6111617 -0.7915058 0 0.489416 -0.8720505 0 0.4894158 -0.8720505 0 0.4244692 -0.9054424 0 0.4244691 -0.9054425 0 0.3572264 -0.9340178 0 0.35723 -0.9340165 0 0.288096 -0.9576016 0 0.2174413 -0.9760734 0 0.2174423 -0.9760732 0 0.1455907 -0.9893449 0 0.07300674 -0.9973315 0 -0.07300716 -0.9973315 0 -0.1455904 -0.989345 0 -0.2174382 -0.9760742 0 -0.2880951 -0.9576018 0 -0.3572338 -0.934015 0 -0.3572328 -0.9340155 0 -0.4244681 -0.9054428 0 -0.4244659 -0.905444 0 -0.4894124 -0.8720525 0 -0.4894123 -0.8720526 0 -0.6111645 -0.7915037 0 -0.6111631 -0.7915048 0 -0.6673312 -0.7447611 0 -0.7198982 -0.6940798 0 -0.7686467 -0.6396737 0 -0.8535929 -0.5209408 0 -0.8535915 -0.5209429 0 -0.8893439 -0.457239 0 -0.9203485 -0.3910993 0 -0.9674819 -0.2529405 0 -0.9674826 -0.2529381 0 -0.9833663 -0.1816337 0 -0.9833661 -0.1816352 0 -0.9940009 -0.1093718 0 -0.9940012 -0.1093691 0 -0.9993329 0.03652191 0 -0.9993329 0.03652465 0 -0.9993328 -0.0365253 0 -0.9993329 -0.0365225 0 -0.9940013 -0.1093691 0 -0.9940009 -0.1093718 0 -0.983366 -0.1816351 0 -0.9833663 -0.1816337 0 -0.9674825 -0.252938 0 -0.9674819 -0.2529406 0 -0.9203485 -0.3910993 0 -0.8893438 -0.457239 0 -0.8535916 -0.5209429 0 -0.8535928 -0.5209408 0 -0.7198981 -0.6940798 0 -0.6673312 -0.7447612 0 -0.6111644 -0.7915037 0 -0.4894123 -0.8720525 0 -0.4244659 -0.9054439 0 -0.4244681 -0.905443 0 -0.3572328 -0.9340155 0 -0.2880951 -0.9576018 0 -0.2174383 -0.9760742 0 -0.1455904 -0.989345 0 0.07300674 -0.9973315 0 0.2174424 -0.9760732 0 0.2174412 -0.9760735 0 0.3572301 -0.9340165 0 0.3572264 -0.9340178 0 0.4244691 -0.9054424 0 0.4894159 -0.8720505 0 0.6111618 -0.7915058 0 0.6111591 -0.7915079 0 0.7198995 -0.6940783 0 0.8535966 -0.5209348 0 0.9203501 -0.3910958 0 0.9674866 -0.2529225 0 0.9674839 -0.2529329 0 0.9833636 -0.1816484 0 0.9833656 -0.1816378 0 0.9833653 0.1816393 0 0.9833633 0.18165 0 0.9674844 0.2529308 0 0.9674871 0.2529204 0 0.9203501 0.3910958 0 0.8535943 0.5209386 0 0.7198995 0.6940783 0 0.6111698 0.7914996 0 0.6111724 0.7914975 0 0.4894094 0.8720542 0 0.4244621 0.9054457 0 0.3572338 0.9340151 0 0.3572375 0.9340137 0 0.217425 0.976077 0 0.2174262 0.9760768 0 -0.2174221 0.9760777 0 -0.2881029 0.9575995 0 -0.3572402 0.9340125 0 -0.4244611 0.9054462 0 -0.4244589 0.9054473 0 -0.4894059 0.8720562 0 -0.6111751 0.7914955 0 -0.6111738 0.7914965 0 -0.6673218 0.7447696 0 -0.7198981 0.6940798 0 -0.8535905 0.5209447 0 -0.8535894 0.5209467 0 -0.8893438 0.457239 0 -0.9203485 0.3910993 0 -0.9674824 0.2529386 0 -0.9674831 0.252936 0 -0.983366 0.1816353 0 -0.9833658 0.1816366 0 -0.9940009 0.1093718 0 -0.9940013 0.1093691 0 0.6724368 -0.02457523 0.7397465 0.7011383 0.02562457 0.7125647 0.6410081 -0.07053095 0.7642866 0.6075787 -0.1122248 0.7862912 0.572788 -0.1497492 0.8059089 0.8823743 0.3918018 0.26059 0.9324068 -0.3180932 0.1715644 0.9083611 -0.3860073 0.1608678 0.8787755 -0.4518069 0.1537016 0.8439145 -0.5150426 0.1501321 0.804061 -0.5752596 0.1502076 0.7594901 -0.6320454 0.1539263 0.7104773 -0.684998 0.1612446 0.6573668 -0.7336598 0.1720821 0.6004713 -0.7776352 0.1863275 0.5401927 -0.8164902 0.2038031 0.4769347 -0.8498336 0.2243127 0.4112463 -0.8772599 0.2475716 0.3436418 -0.8984607 0.2732741 0.2747349 -0.9131646 0.3010835 0.2051991 -0.9212046 0.3305686 0.1357697 -0.922503 0.3613239 0.06712001 -0.9171243 0.3929097 0 -0.9052577 0.4248632 -0.06493079 -0.887215 0.4567644 -0.1270744 -0.8634199 0.4882194 -0.1858642 -0.834386 0.5188975 -0.2409036 -0.800718 0.5484672 -0.2918425 -0.7630419 0.5767106 -0.3384711 -0.7220084 0.6034412 -0.3806564 -0.678275 0.628525 -0.418397 -0.6324002 0.6519311 -0.451725 -0.5850096 0.6735788 -0.4807475 -0.5365424 0.6935446 -0.1391838 -0.9164134 0.3752524 -0.6948459 -0.6699227 0.2615201 -0.7453573 -0.6202774 0.2443329 -0.7915032 -0.5662932 0.2298585 -0.8330144 -0.5083782 0.2182629 -0.8695699 -0.4470748 0.2096956 -0.900946 -0.3828513 0.2042576 -0.9269238 -0.3162333 0.2020118 -0.9473428 -0.2476654 0.2029867 -0.9620307 -0.1777011 0.2071701 -0.9708629 -0.1068157 0.2145128 -0.9737272 -0.0355876 0.2249197 -0.9705484 0.03547203 0.2382803 -0.9612931 0.1057628 0.2544208 -0.9459734 0.1747336 0.2731346 -0.9246698 0.2417399 0.2941902 -0.8975374 0.3062079 0.3172751 -0.8648216 0.3675003 0.3420925 -0.8268302 0.4251006 0.3682953 -0.7839908 0.4784548 0.3955244 -0.4527844 0.7206987 0.5249569 -0.5274029 0.377343 0.7612218 -0.5200717 0.432801 0.7363483 -0.5078231 0.489609 0.708801 -0.490128 0.5469931 0.6786553 -0.4665447 0.6042177 0.6459545 -0.4368084 0.6602323 0.610976 -0.4007212 0.7140108 0.5741178 -0.3583496 0.7644038 0.5359781 -0.3099456 0.8103913 0.4971919 -0.2560082 0.8509457 0.4586407 -0.1972115 0.8852584 0.4212186 -0.1343212 0.9127621 0.3857762 -0.06829935 0.9330227 0.353276 0 0.9459007 0.3244566 0.06964325 0.9513811 0.3000398 0.1397433 0.9496073 0.2805673 0.2095752 0.9407818 0.266473 0.2783374 0.9251661 0.2580622 0.345377 0.9030152 0.2554965 0.4100031 0.8745869 0.2588341 0.4715065 0.840153 0.268001 0.5292487 0.7999472 0.2828084 0.5824414 0.7543085 0.3029535 0.6304152 0.7035584 0.3279973 0.6723704 0.6482583 0.3573224 0.7076948 0.5889477 0.3902676 0.735794 0.5264227 0.4260123 0.7563025 0.461566 0.4636414 0.769021 0.39538 0.5022763 0.7740229 0.3289183 0.5410187 0.7716371 0.2632443 0.5790327 0.7623751 0.1993165 0.6156763 0.7469943 0.1379749 0.6503558 0.7262703 0.07991242 0.6827485 0.9298692 0.03398579 -0.3663172 0.9420167 -0.03442913 -0.3337954 0.910647 0.1001979 -0.4008521 0.8846393 0.1633994 -0.4367082 0.8523119 0.222828 -0.4731937 0.8143088 0.2778044 -0.5096331 0.7713991 0.3278045 -0.5454242 0.7244526 0.3724628 -0.5800344 0.6743752 0.4115679 -0.6130498 0.6220954 0.4450745 -0.6441321 0.5684628 0.4730806 -0.6730861 0.5142502 0.4958051 -0.6998028 0.4601542 0.5135475 -0.7242424 0.406679 0.5266802 -0.7464718 0.3543448 0.5355825 -0.7665451 0.3034343 0.5406662 -0.7846069 0.9567653 0.2531132 -0.1432964 0.4206362 0.8972694 -0.1340624 0.3540959 0.9258117 -0.132245 0.2855107 0.9490119 -0.1336414 0.2153507 0.9667031 -0.1382369 0.1440301 0.9787454 -0.1459894 0.07210409 0.9849904 -0.1568279 0 0.9853348 -0.1706324 -0.07171553 0.9796867 -0.1872727 -0.1424511 0.9680109 -0.2065497 -0.2117013 0.9503008 -0.2282784 -0.2787857 0.9266586 -0.2521559 -0.3431564 0.8972248 -0.2779054 -0.4042142 0.8622353 -0.3052233 -0.4613613 0.8220615 -0.3337076 -0.5141233 0.7770919 -0.3630502 -0.5620226 0.7278724 -0.3928517 -0.6047651 0.6749327 -0.4227589 -0.6420174 0.6189877 -0.4524023 -0.6736648 0.5606224 -0.4815376 -0.699649 0.5005763 -0.5098181 -0.7161214 0.4522367 -0.5316505 -0.7266395 0.4434574 -0.524729 -0.7736302 0.3977469 -0.4932481 -0.8161819 0.3468288 -0.4621222 -0.8536062 0.2912209 -0.4319105 -0.8853592 0.231462 -0.403193 -0.9110038 0.1682745 -0.3765048 -0.9302346 0.1023473 -0.3524044 -0.9428802 0.03446042 -0.3313449 -0.9488794 -0.03467911 -0.3137284 -0.9482498 -0.1043295 -0.299896 -0.9410824 -0.1738318 -0.2900803 -0.9275135 -0.2424808 -0.2844679 -0.9077016 -0.3096762 -0.283158 -0.8818593 -0.3747376 -0.2861747 -0.8501873 -0.437108 -0.2934591 -0.8129518 -0.496136 -0.3048911 -0.7704429 -0.551227 -0.3202606 -0.7230642 -0.601725 -0.3392716 -0.6711902 -0.6471152 -0.3615878 -0.6153909 -0.6868076 -0.3867678 -0.5562453 -0.7203691 -0.4143185 -0.4944851 -0.7474071 -0.443697 -0.430847 -0.7677026 -0.4743454 -0.3661951 -0.7811497 -0.5056741 -0.3013247 -0.787837 -0.5371373 -0.2370694 -0.7879711 -0.5682426 -0.1741791 -0.7819346 -0.5985314 -0.1264639 -0.7730392 -0.6216248 -0.114888 -0.7806074 -0.614372 -0.05938315 -0.8114177 -0.5814421 0 -0.8371969 -0.5469018 0.0627337 -0.8571972 -0.5111533 0.1281559 -0.8707596 -0.4747146 0.1954342 -0.8773654 -0.4382187 0.263756 -0.8766774 -0.40233 0.332212 -0.8685736 -0.3677161 0.3999187 -0.8530958 -0.3351012 0.4660689 -0.8304747 -0.3051095 0.5299748 -0.8010448 -0.2783056 0.590934 -0.7652817 -0.2552272 0.648429 -0.7236846 -0.2362635 0.701975 -0.6768005 -0.2217484 0.7511945 -0.6251417 -0.2119072 0.7956903 -0.5692725 -0.206896 0.8351387 -0.5096857 -0.2067946 0.8692048 -0.4468848 -0.211606 0.8975403 -0.3814091 -0.2212433 0.9198027 -0.3137934 -0.2355774 0.9356662 -0.2446181 -0.2543439 0.9448074 -0.1745141 -0.2772793 0.9469844 -0.1041962 -0.3039142 0.5373302 0.8357585 -0.1130667 0.5161039 -0.8560555 0.02838784 -0.999717 -0.0237897 0 -0.9997164 -0.02381879 0 -0.9997164 0.02381891 0 -0.999717 0.02378982 0 -0.9929284 0.1187147 0 -0.9929268 0.1187291 0 -0.9771469 0.2125653 0 -0.95252 0.3044762 0 -0.9525158 0.3044894 0 -0.936954 0.3494531 0 -0.9369491 0.3494659 0 -0.919261 0.3936489 0 -0.899488 0.4369456 0 -0.8776742 0.4792577 0 -0.8776865 0.4792353 0 -0.8538765 0.5204758 0 -0.8538895 0.5204546 0 -0.8281447 0.5605145 0 -0.8281515 0.5605045 0 -0.8005409 0.5992782 0 -0.8005338 0.5992876 0 -0.7711153 0.6366956 0 -0.7711225 0.6366869 0 -0.7399562 0.6726551 0 -0.739949 0.672663 0 -0.7071064 0.7071073 0 -0.7071136 0.7071 0 -0.6726565 0.739955 0 -0.672671 0.7399418 0 -0.5992751 0.8005433 0 -0.5604993 0.828155 0 -0.560506 0.8281504 0 -0.4792603 0.8776729 0 -0.4792481 0.8776795 0 -0.4369465 0.8994876 0 -0.436935 0.8994932 0 -0.2588201 0.9659256 0 -0.2588237 0.9659246 0 -0.1658379 0.9861531 0 -0.1658355 0.9861535 0 -0.07134342 0.9974519 0 0.07134342 0.9974519 0 0.1658355 0.9861535 0 0.1658379 0.9861531 0 0.2588164 0.9659266 0 0.436935 0.8994932 0 0.4369407 0.8994904 0 0.4792542 0.8776763 0 0.4792664 0.8776696 0 0.5605128 0.8281458 0 0.560506 0.8281504 0 0.5992821 0.800538 0 0.5992751 0.8005433 0 0.6726637 0.7399483 0 0.7071136 0.7071 0 0.7071064 0.7071073 0 0.7399418 0.672671 0 0.739949 0.672663 0 0.7711225 0.6366869 0 0.7711153 0.6366956 0 0.8005409 0.5992782 0 0.8281515 0.5605045 0 0.853883 0.5204652 0 0.8776804 0.4792466 0 0.8776742 0.4792577 0 0.899488 0.4369456 0 0.919261 0.3936489 0 0.9369491 0.3494659 0 0.936954 0.3494531 0 0.9525158 0.3044894 0 0.9525116 0.3045026 0 0.9771469 0.2125653 0 0.9929284 0.1187147 0 0.9997167 0.02380436 0 0.999717 0.02378982 0 0.999717 -0.0237897 0 0.9997167 -0.02380424 0 0.9929284 -0.1187154 0 0.9771472 -0.2125641 0 0.9525111 -0.3045042 0 0.9525153 -0.3044911 0 0.9369546 -0.3494513 0 0.9369499 -0.3494641 0 0.91926 -0.3936508 0 0.8994891 -0.4369434 0 0.877673 -0.4792601 0 0.8776791 -0.4792489 0 0.8538845 -0.5204627 0 0.8281497 -0.5605071 0 0.8005429 -0.5992756 0 0.7711131 -0.6366984 0 0.7711201 -0.6366897 0 0.7399516 -0.6726602 0 0.7399443 -0.6726682 0 0.7071036 -0.7071101 0 0.7071108 -0.7071028 0 0.6726667 -0.7399456 0 0.5992715 -0.8005459 0 0.5992785 -0.8005406 0 0.5605099 -0.8281478 0 0.5605166 -0.8281432 0 0.4792621 -0.8776718 0 0.4792498 -0.8776785 0 0.4369453 -0.8994882 0 0.4369395 -0.8994909 0 0.2588112 -0.965928 0 0.1658434 -0.9861521 0 0.165841 -0.9861526 0 0.07133781 -0.9974523 0 -0.07133781 -0.9974523 0 -0.165841 -0.9861526 0 -0.1658434 -0.9861521 0 -0.2588185 -0.9659261 0 -0.2588148 -0.965927 0 -0.4369395 -0.8994909 0 -0.4369509 -0.8994854 0 -0.4792438 -0.8776819 0 -0.479256 -0.8776752 0 -0.5605099 -0.8281478 0 -0.5605031 -0.8281524 0 -0.5992715 -0.8005459 0 -0.672674 -0.739939 0 -0.6726595 -0.7399522 0 -0.7071108 -0.7071028 0 -0.7071036 -0.7071101 0 -0.7399516 -0.6726602 0 -0.7399588 -0.6726523 0 -0.7711201 -0.6366897 0 -0.7711131 -0.6366984 0 -0.8005359 -0.5992849 0 -0.8005429 -0.5992756 0 -0.8281497 -0.5605071 0 -0.828143 -0.5605171 0 -0.8538909 -0.520452 0 -0.853878 -0.5204733 0 -0.8776852 -0.4792376 0 -0.877673 -0.4792601 0 -0.8994891 -0.4369434 0 -0.91926 -0.3936508 0 -0.9369499 -0.3494641 0 -0.9369546 -0.3494513 0 -0.9525153 -0.3044911 0 -0.9525194 -0.3044778 0 -0.9771472 -0.2125641 0 -0.9929267 -0.1187297 0 -0.9929284 -0.1187154 0 0.4984707 -0.2674831 0.8246089 0.4323928 -0.6388714 0.6363016 0.4155839 -0.6818028 0.6020257 0.3951902 -0.7237321 0.5657178 0.3711807 -0.7641062 0.5276048 0.3435608 -0.8022787 0.488175 0.3124476 -0.8377241 0.4478783 0.2780992 -0.8699509 0.4072424 0.2407628 -0.8985501 0.3669345 0.2008345 -0.9232226 0.3276062 0.1587212 -0.9438384 0.2897875 0.1148168 -0.96034 0.2540949 0.06957858 -0.9727801 0.2210382 0.02335566 -0.9813008 0.1910582 -0.0234695 -0.9860964 0.1645091 -0.07062369 -0.9873916 0.1416698 -0.117815 -0.9854173 0.1227701 -0.1648677 -0.9803886 0.1079675 -0.2115553 -0.9725054 0.09735286 -0.2577417 -0.9619169 0.09102314 -0.3032842 -0.9487347 0.08900237 -0.3480014 -0.9330371 0.09130579 -0.3917589 -0.9148427 0.09791791 -0.4343414 -0.894153 0.1088027 -0.4755751 -0.8709077 0.1238886 -0.5151073 -0.8451049 0.1430466 -0.5527174 -0.8166415 0.1661328 -0.5880199 -0.7855031 0.1929184 -0.8405697 -0.129914 0.5258946 -0.17773 -0.2152531 0.960249 -0.1949336 -0.2144352 0.9570885 -0.2130827 -0.2130774 0.9535166 -0.2322527 -0.2111364 0.9494631 -0.2525414 -0.2085157 0.9448513 -0.2740227 -0.2051379 0.9395904 -0.2968019 -0.2008751 0.9335727 -0.3209681 -0.1956382 0.9266635 -0.3466077 -0.1892668 0.9187173 -0.373838 -0.1815984 0.9095424 -0.4027246 -0.1724539 0.8989287 -0.4333518 -0.1616312 0.8866125 -0.46573 -0.1488809 0.8723132 -0.4999138 -0.1339493 0.8556541 -0.5357818 -0.1165535 0.8362735 -0.5732177 -0.09640115 0.8137127 -0.6119845 -0.07315683 0.7874789 -0.651636 -0.04661452 0.7570981 -0.6916021 -0.01646596 0.722091 -0.7311124 0.01740658 0.682035 -0.7691709 0.05502235 0.6366701 -0.8046308 0.09618639 0.585933 -0.8362109 0.1406303 0.5300705 -0.8626293 0.1876543 0.4697409 -0.8827594 0.2365308 0.4059423 -0.8957796 0.2863578 0.3399682 -0.90122 0.336134 0.273526 -0.8991244 0.3850232 0.2081646 -0.8899102 0.4322871 0.1455603 -0.8743412 0.4774408 0.08705091 -0.8533987 0.5201657 0.03374028 -0.8280786 0.5604456 -0.0136646 -0.7993352 0.5983918 -0.05468583 -0.7680514 0.6341614 -0.08908683 -0.7348808 0.6680605 -0.1168137 -0.7003576 0.7003455 -0.1378968 -0.6648019 0.7313047 -0.1524205 -0.6284444 0.7611218 -0.1604725 -0.5913487 0.7899571 -0.1620948 -0.5535275 0.8178403 -0.1573046 -0.5148811 0.8447257 -0.1460679 -0.4752921 0.8704206 -0.128317 -0.4345759 0.8946152 -0.1039591 -0.3926054 0.9168101 -0.07294046 -0.3492414 0.9363697 -0.03524667 -0.3044857 0.952475 0.008942723 -0.2583516 0.964226 0.05935496 -0.2111456 0.9706262 0.1153357 -0.1632539 0.9707558 0.1760151 -0.1152372 0.9638614 0.2401907 -0.06790924 0.9495121 0.3062926 -0.02207946 0.9276821 0.372718 0.02139276 0.8988314 0.4377723 0.06177914 0.8638004 0.5000324 0.09849393 0.823818 0.5582319 0.1312033 0.7801736 0.6116495 0.1597396 0.7343282 0.6597312 0.184207 0.6874774 0.7024548 0.2048075 0.6406907 0.7399793 0.2218518 0.5948188 0.7726399 0.2357117 0.5504224 0.8009214 0.2467615 0.5079718 0.8252718 0.2553724 0.4676917 0.8461971 0.2618789 0.4296358 0.8641948 0.266598 0.3939085 0.8796373 0.2698004 0.3604146 0.8929216 0.2717204 0.3290935 0.9043592 0.2725523 0.2998027 0.9142394 0.2724686 0.2724773 0.9227769 0.2716124 0.2468965 0.9301984 0.2701082 0.2230339 0.9366416 0.2680515 0.2006607 0.9422758 0.2655344 0.1797143 0.9472034 0.2626231 0.16008 0.951527 0.2593756 0.1416289 0.9553353 0.2298319 0.006192624 0.9732107 1.97077e-5 0 -1 1.05755e-5 0 -1 -1.71485e-5 0 -1 1.4152e-5 0 -1 -1.00795e-5 0 -1 -6.61673e-6 0 -1 -5.22559e-6 0 -1 9.38835e-6 0 -1 0.3618835 0.1308677 -0.9229919 0.3479983 0.4214803 -0.8374077 0.3427928 0.45792 -0.8202453 0.335692 0.4960002 -0.8008087 0.3264405 0.5355579 -0.7788546 0.3147602 0.5764433 -0.7540817 0.3003588 0.6183115 -0.726275 0.2829771 0.6607975 -0.6951767 0.262351 0.7034061 -0.6605997 0.2383008 0.7454571 -0.6225002 0.2106763 0.7862708 -0.5808562 0.1794643 0.8249952 -0.5358878 0.1447626 0.8607969 -0.4879269 0.1067518 0.8928874 -0.4374431 0.06583172 0.9204653 -0.3852403 0.02244412 0.9429908 -0.332061 -0.02285027 0.9600541 -0.27888 -0.0694825 0.971511 -0.2265808 -0.1168573 0.9774114 -0.1761004 -0.1644744 0.9780133 -0.1282116 -0.2118175 0.9737225 -0.08365368 -0.2585718 0.9650368 -0.04295051 -0.3044882 0.9524943 -0.006465673 -0.3493478 0.9366463 0.02549129 -0.3931003 0.9179782 0.05280584 -0.4357039 0.8969299 0.07535803 -0.4771741 0.873859 0.09314113 -0.5175174 0.8490633 0.1061485 -0.5568266 0.8227117 0.1144098 -0.5950934 0.7949558 0.1179371 -0.6323372 0.7658469 0.1167408 -0.6685275 0.7353845 0.1108181 -0.7035477 0.7035551 0.1001549 -0.737294 0.670237 0.08473414 -0.7695084 0.6353679 0.064534 -0.7999109 0.598813 0.03956657 -0.8281047 0.5604865 0.009879887 -0.8536303 0.5203078 -0.02439785 -0.8759319 0.4782971 -0.06304961 -0.894442 0.4344938 -0.1057767 -0.9085655 0.3890746 -0.1520844 -0.9177601 0.3422842 -0.2013899 -0.9215555 0.2946041 -0.2528715 -0.9196643 0.2464221 -0.3057676 -0.9119864 0.1983882 -0.3590584 -0.8986316 0.151132 -0.41185 -0.879945 0.1051864 -0.4632846 -0.856465 0.06125873 -0.5125575 -0.8288899 0.01973831 -0.5590635 -0.7979832 -0.01900237 -0.6023801 -0.7645515 -0.05468475 -0.6422389 -0.7293616 -0.08718544 -0.6785503 -0.6930965 -0.1165658 -0.7113576 -0.6564155 -0.1427928 -0.7407624 -0.6197925 -0.1660726 -0.7669923 -0.5940043 -0.180796 -0.7838826 -0.6003778 -0.1919278 -0.7763442 -0.6205481 -0.2314399 -0.7492367 -0.6389557 -0.2736113 -0.7189384 -0.6549118 -0.31814 -0.6854761 -0.6678686 -0.3646966 -0.648805 -0.6771644 -0.4127457 -0.6091711 -0.6822288 -0.4617409 -0.5668857 -0.6825677 -0.5109717 -0.522503 -0.6778464 -0.5596693 -0.4767542 -0.6678856 -0.6071514 -0.4304603 -0.6527109 -0.6527277 -0.3845975 -0.6325662 -0.6958247 -0.3401295 -0.607773 -0.7360975 -0.2979474 -0.5788369 -0.7732312 -0.2589625 -0.5462749 -0.8071251 -0.2239042 -0.5106375 -0.8377692 -0.1933709 -0.47246 -0.8652248 -0.1678324 -0.4321541 -0.8896354 -0.1476202 -0.3901502 -0.9110984 -0.1329761 -0.3467649 -0.9297108 -0.1240656 -0.302255 -0.9455221 -0.120955 -0.2568295 -0.9585099 -0.1236832 -0.2106991 -0.9685684 -0.1322166 -0.1640498 -0.9755139 -0.1464939 -0.1170585 -0.979096 -0.1663384 -0.07002258 -0.9789852 -0.1915329 -0.02320116 -0.974824 -0.2217652 0.02299809 -0.9662567 -0.2565525 0.06816118 -0.9529779 -0.295275 0.1117588 -0.934753 -0.337264 0.1532848 -0.9115165 -0.3816301 0.1921667 -0.8833764 -0.4274553 0.2279351 -0.8506749 -0.4737067 0.2601721 -0.8138774 -0.5195325 0.2885617 -0.7736769 -0.5640535 0.3129956 -0.7309097 -0.6064692 0.3334311 -0.6863904 -0.646291 0.4242222 -0.2919433 -0.8572075 -7.55424e-6 0 -1 8.29903e-6 0 -1 2.7852e-5 0 -1 -0.9939984 0.1093951 0 -0.8535892 0.5209467 0 -0.7686596 0.6396581 0 -0.6673314 0.7447609 0 -0.4894117 0.8720529 0 -0.4244472 0.9054527 0 -0.2881053 0.9575988 0 -0.2880991 0.9576007 0 -0.2174251 0.976077 0 -0.2174203 0.9760782 0 -0.145605 0.9893429 0 -0.07299107 0.9973326 0 0.1456114 0.9893419 0 0.145605 0.9893429 0 0.2174251 0.976077 0 0.288093 0.9576025 0 0.2880991 0.9576007 0 0.3572412 0.9340122 0 0.4244558 0.9054487 0 0.4244642 0.9054448 0 0.4894118 0.8720529 0 0.4894211 0.8720476 0 0.5517795 0.8339901 0 0.6673314 0.7447609 0 0.6673093 0.7447808 0 0.8535992 0.5209305 0 0.8535991 0.5209307 0 0.9674804 0.2529463 0 0.9833644 0.1816446 0 0.9993336 0.03650116 0 0.9993337 -0.03650182 0 0.9833646 -0.1816431 0 0.9674798 -0.2529485 0 0.8536015 -0.5209267 0 0.8536015 -0.5209268 0 0.6673188 -0.7447723 0 0.6673407 -0.7447526 0 0.611159 -0.7915079 0 0.5517798 -0.83399 0 0.4894277 -0.8720439 0 0.4894182 -0.8720493 0 0.4244713 -0.9054415 0 0.4244627 -0.9054455 0 0.3572337 -0.934015 0 0.2880914 -0.957603 0 0.2880852 -0.9576048 0 0.2174412 -0.9760735 0 0.1455884 -0.9893453 0 0.1455947 -0.9893444 0 -0.07300639 -0.9973316 0 -0.07300794 -0.9973314 0 -0.1455884 -0.9893453 0 -0.2174366 -0.9760745 0 -0.2174412 -0.9760735 0 -0.2880914 -0.957603 0 -0.2880974 -0.9576011 0 -0.4244543 -0.9054494 0 -0.4894183 -0.8720492 0 -0.611159 -0.7915079 0 -0.6673407 -0.7447526 0 -0.7686561 -0.6396622 0 -0.8535916 -0.5209428 0 -0.9939984 -0.109395 0 -0.9939984 -0.109395 0 -0.6673408 -0.7447525 0 -0.6111591 -0.7915079 0 -0.4244543 -0.9054495 0 -0.2880974 -0.9576011 0 -0.2174412 -0.9760735 0 -0.2174365 -0.9760745 0 -0.1455884 -0.9893453 0 0.1455948 -0.9893444 0 0.1455884 -0.9893453 0 0.2880852 -0.9576048 0 0.4244713 -0.9054415 0 0.5517796 -0.83399 0 0.6673408 -0.7447525 0 0.6673188 -0.7447723 0 0.8536014 -0.5209267 0 0.9674798 -0.2529484 0 0.9993336 -0.03650176 0 0.9674804 0.2529463 0 0.8535992 0.5209305 0 0.6673094 0.7447807 0 0.6673313 0.744761 0 0.5517796 0.83399 0 0.4244642 0.9054448 0 0.288093 0.9576025 0 -0.2174203 0.9760782 0 -0.217425 0.976077 0 -0.2881052 0.9575988 0 -0.4244472 0.9054527 0 -0.6111698 0.7914996 0 -0.6673313 0.744761 0 -0.9939984 0.109395 0 0.965052 -0.0352661 0.2596746 0.9666691 0.03532576 0.2535807 0.9568744 -0.1052981 0.2707464 0.9421122 -0.174026 0.2866002 0.9207878 -0.240726 0.3069218 0.8929833 -0.304647 0.3313171 0.8588966 -0.3649827 0.3592832 0.8188415 -0.4209885 0.3902146 0.7732846 -0.4719313 0.4234525 0.722863 -0.5171785 0.4582526 0.6683664 -0.5561885 0.4939036 0.6106061 -0.5887207 0.5296868 0.5506376 -0.6145426 0.564921 0.4893574 -0.6337398 0.5990854 0.4277565 -0.6465439 0.6316687 0.366652 -0.6533263 0.6623678 0.3068479 -0.654566 0.6909325 0.2489345 -0.6508368 0.7172469 0.1933702 -0.6427307 0.7412863 0.1405168 -0.6308223 0.7630978 0.09061747 -0.615714 0.7827418 0.04375654 -0.5978888 0.8003839 0 -0.5778505 0.8161427 -0.04069143 -0.5560075 0.8301807 -0.078399 -0.5326938 0.842669 0.672297 -0.7268239 0.1405128 -0.2154099 -0.9670274 0.1358553 -0.2855109 -0.9489965 0.1337509 -0.3539828 -0.9254992 0.1347123 -0.420356 -0.8966909 0.1387315 -0.4841846 -0.8627375 0.1457715 -0.5450344 -0.8238161 0.1557709 -0.6024174 -0.780166 0.1686246 -0.6559073 -0.7320194 0.1842099 -0.7049934 -0.6797326 0.2023561 -0.7493282 -0.6235665 0.2228725 -0.7883906 -0.5640673 0.2454963 -0.821896 -0.5015817 0.2700051 -0.8494693 -0.4367542 0.2960535 -0.8709038 -0.3700912 0.3233562 -0.8860317 -0.3022706 0.3515401 -0.8947932 -0.2339174 0.3802998 -0.8972343 -0.1657559 0.4092622 -0.8935288 -0.0982905 0.4381156 -0.872605 0.02167779 0.4879454 -0.8557631 -0.03125458 0.516423 -0.8732479 0.03189373 0.4862313 -0.8844543 0.09734004 0.4563613 -0.8890622 0.1641948 0.4273273 -0.8868619 0.2318532 0.3996499 -0.877829 0.2994945 0.3737907 -0.8620296 0.3663351 0.3502907 -0.8396843 0.4316943 0.3295003 -0.8110341 0.4949482 0.3118492 -0.7764236 0.5555206 0.297596 -0.7363121 0.6127374 0.2870497 -0.6910316 0.6662551 0.2803207 -0.6411051 0.7155073 0.2775493 -0.5869289 0.7601234 0.2787957 -0.5290548 0.7996456 0.2840213 -0.4679153 0.8337447 0.2931299 -0.4041156 0.8620088 0.3059927 -0.338158 0.8841496 0.3223799 -0.2707162 0.8998563 0.342011 -0.2024826 0.9089102 0.3645315 -0.1340895 0.9111914 0.3895516 -0.06637078 0.9066786 0.4165682 0 0.8954475 0.4451673 0.06425374 0.8777581 0.4747762 0.1256708 0.8539828 0.5048966 0.1836944 0.8245945 0.5350705 0.332512 0.7180015 0.6114817 0.2112194 0.7020789 0.6800526 0.2712807 0.7092788 0.6506385 0.3333116 0.7110028 0.6191757 0.3965995 0.7066771 0.5859319 0.4603557 0.695818 0.5512803 0.523599 0.6781024 0.5157724 0.5854535 0.6533822 0.4799333 0.6448454 0.6217327 0.444548 0.7009931 0.5833458 0.4102639 0.7529926 0.5387353 0.3778444 0.8002399 0.488377 0.3480002 0.8421738 0.4329842 0.3213533 0.8783922 0.3732672 0.2984938 0.9086194 0.3099813 0.2798618 0.9326663 0.2438337 0.265855 0.9504156 0.1755582 0.2566895 0.9617679 0.1058366 0.2525891 0.9868327 0.03605216 -0.1576755 0.9861935 -0.0360282 -0.1616304 0.9816673 0.1080274 -0.1570329 0.9707466 0.1793028 -0.1596918 0.9541134 0.2494528 -0.1656534 0.9318652 0.3179065 -0.1748223 0.9040896 0.384194 -0.1871286 0.8709372 0.4477669 -0.2024185 0.832579 0.5081132 -0.2205298 0.7892604 0.5646927 -0.2412264 0.7413391 0.6169096 -0.2642707 0.6890931 0.6644002 -0.2893496 0.6331089 0.7065705 -0.3161193 0.573803 0.7431191 -0.3442734 0.5118724 0.7736881 -0.3733544 0.4479006 0.7980824 -0.4030507 0.3826251 0.8161919 -0.4329307 0.3167013 0.8280431 -0.4626501 0.2508306 0.8337374 -0.4919004 0.1856797 0.8335184 -0.5203559 0.1218031 0.8276946 -0.5478008 0.05978232 0.8166683 -0.5740026 0.2780941 0.8432534 -0.4599862 0 0.9314627 -0.3638371 -0.06868946 0.9383696 -0.3387395 -0.1381632 0.9388575 -0.3153689 -0.2078342 0.932941 -0.2939833 -0.2769891 0.9206944 -0.2749523 -0.3450894 0.9022728 -0.2584901 -0.4115549 0.8778792 -0.2448483 -0.4758016 0.8477995 -0.2341984 -0.5374087 0.8122849 -0.2266836 -0.5958624 0.7716811 -0.222388 -0.65077 0.7262901 -0.2213619 -0.7016642 0.6764999 -0.223641 -0.7481942 0.6226415 -0.2291788 -0.7899314 0.5651662 -0.2378982 -0.8265585 0.5044241 -0.2497145 -0.8576849 0.440961 -0.2644432 -0.8830128 0.3752402 -0.2819279 -0.9022799 0.3078368 -0.3018734 -0.9152734 0.2392758 -0.3240704 -0.9218503 0.1702669 -0.3481395 -0.9219539 0.1014654 -0.3737723 -0.7954424 -0.3332817 -0.5061568 -0.622529 0.02275079 -0.782266 -0.6509363 -0.02378857 -0.7587597 -0.6765802 -0.07443201 -0.7325975 -0.698638 -0.1290525 -0.7037404 -0.7162495 -0.1872414 -0.6722553 -0.7285377 -0.2485455 -0.6383244 -0.7346433 -0.3121967 -0.6023558 -0.7338891 -0.3773249 -0.5648299 -0.7257154 -0.4428888 -0.5264852 -0.7098228 -0.5078529 -0.4880954 -0.6861693 -0.5710057 -0.450693 -0.6549293 -0.6314505 -0.415136 -0.616599 -0.6881586 -0.3824179 -0.5717309 -0.7404218 -0.353411 -0.5210708 -0.7876139 -0.3288612 -0.4653996 -0.8292531 -0.3094229 -0.405498 -0.8650025 -0.2955371 -0.3421523 -0.8945654 -0.2875492 -0.2760997 -0.9177057 -0.2856313 -0.2080923 -0.9341849 -0.2898214 -0.1388979 -0.9437569 -0.3000505 -0.06924784 -0.946208 -0.3160624 0 -0.9413336 -0.3374775 0.06798887 -0.9290052 -0.3637679 0.1338142 -0.9092151 -0.3942358 0.1964896 -0.8820968 -0.4281321 0.2551332 -0.8480324 -0.464487 0.3088888 -0.8075819 -0.5023937 0.3570181 -0.7615999 -0.5408361 0.3990362 -0.7110206 -0.5789818 0.4346583 -0.6569704 -0.616005 0.4637885 -0.6006308 -0.6512627 0.4866007 -0.5430734 -0.684318 0.5034288 -0.4853813 -0.7148178 0.5147178 -0.4283418 -0.7426905 0.5210242 -0.3727628 -0.7678422 0.5229138 -0.3191337 -0.7903892 0.5209595 -0.2678379 -0.8104715 0.5157343 -0.2191683 -0.8282412 0.5077064 -0.1731979 -0.8439412 0.4875366 -0.8204563 -0.298596 0.9493401 -0.2482028 -0.1927403 0.9674375 -0.1786931 -0.1792581 0.9797279 -0.107814 -0.1688477 -0.9993325 -0.03653496 0 -0.9993325 0.0365343 0 -0.9833662 0.181634 0 -0.9674831 0.252936 0 -0.946433 0.3229005 0 -0.9464397 0.3228807 0 -0.8535943 0.5209385 0 -0.6673259 0.7447659 0 -0.6673313 0.7447611 0 -0.4894071 0.8720555 0 -0.489407 0.8720555 0 -0.4244643 0.9054448 0 -0.4244599 0.9054467 0 -0.3572375 0.9340136 0 -0.2881022 0.9575998 0 -0.2174273 0.9760766 0 -0.1456034 0.9893431 0 -0.07299184 0.9973326 0 0.07299184 0.9973326 0 0.07299101 0.9973326 0 0.2881053 0.9575988 0 0.2881022 0.9575998 0 0.3572338 0.9340151 0 0.3572375 0.9340137 0 0.4244643 0.9054448 0 0.489407 0.8720555 0 0.6673259 0.7447659 0 0.8535893 0.5209466 0 0.8535892 0.5209467 0 0.8893421 0.4572423 0 0.9833662 0.181634 0 0.9833665 -0.1816323 0 0.8893422 -0.4572424 0 0.8535916 -0.5209428 0 0.8535915 -0.5209429 0 0.6673352 -0.7447575 0 0.4894136 -0.8720518 0 0.4244711 -0.9054415 0 0.3572301 -0.9340164 0 0.3572263 -0.934018 0 0.2880944 -0.957602 0 0.2880974 -0.9576011 0 0.073008 -0.9973314 0 0.07300877 -0.9973314 0 -0.07300877 -0.9973314 0 -0.1455868 -0.9893456 0 -0.2174436 -0.9760729 0 -0.2880944 -0.957602 0 -0.3572301 -0.9340164 0 -0.35723 -0.9340165 0 -0.4244671 -0.9054434 0 -0.4244711 -0.9054415 0 -0.4894136 -0.8720518 0 -0.4894134 -0.8720518 0 -0.6111537 -0.791512 0 -0.6673408 -0.7447525 0 -0.6673352 -0.7447575 0 -0.8535965 -0.5209349 0 -0.9464397 -0.3228806 0 -0.9464329 -0.3229005 0 -0.9674826 -0.252938 0 -0.9833665 -0.1816323 0 -0.9993325 0.0365343 0 -0.9993325 -0.03653496 0 -0.9833665 -0.1816324 0 -0.946433 -0.3229005 0 -0.8535966 -0.5209348 0 -0.6673353 -0.7447575 0 -0.6111537 -0.791512 0 -0.4894135 -0.8720518 0 -0.4244713 -0.9054415 0 -0.424467 -0.9054434 0 -0.3572301 -0.9340165 0 -0.2880944 -0.9576021 0 -0.2174435 -0.9760729 0 -0.07300877 -0.9973314 0 0.07300877 -0.9973314 0 0.2880944 -0.9576021 0 0.4894135 -0.8720518 0 0.6673353 -0.7447575 0 0.8535916 -0.5209429 0 0.9833665 -0.1816324 0 0.9833663 0.1816339 0 0.8535894 0.5209467 0 0.6673259 0.7447659 0 0.4894071 0.8720555 0 0.2881022 0.9575998 0 -0.07299184 0.9973326 0 -0.2174273 0.9760766 0 -0.2881022 0.9575998 0 -0.3572375 0.9340137 0 -0.42446 0.9054467 0 -0.4244642 0.9054448 0 -0.4894071 0.8720555 0 -0.6111644 0.7915037 0 -0.6673259 0.7447659 0 -0.8535943 0.5209386 0 -0.946433 0.3229005 0 -0.9833663 0.1816339 0 0.962256 -0.03515809 0.2698656 0.9573989 0.03498125 0.2866422 0.9608637 -0.105737 0.2560485 0.9532971 -0.1760683 0.245407 0.9396697 -0.2456591 0.2380597 0.9201252 -0.3139314 0.2341297 0.8948734 -0.3802703 0.2336584 0.8640819 -0.4442508 0.2366513 0.8279897 -0.5053197 0.2430747 0.7868614 -0.5629609 0.2528323 0.7410101 -0.6166448 0.265807 0.6907135 -0.6659583 0.281806 0.6364601 -0.7103245 0.3005957 0.2178666 -0.88772 0.4055702 0.4518779 -0.5852095 0.6733025 0.4214867 -0.6370747 0.6453564 0.3856604 -0.68718 0.6156702 0.3444052 -0.7346789 0.5844929 0.2978358 -0.7787026 0.552192 0.2462283 -0.8184174 0.5191961 0.1900138 -0.8530203 0.4860568 0.1297785 -0.8818038 0.4534091 0.06618028 -0.904271 0.421799 0 -0.9199919 0.3919375 -0.06797242 -0.9287583 0.3644005 -0.1369432 -0.9304856 0.3397693 -0.2060991 -0.9252315 0.3185436 -0.274729 -0.9131483 0.3011383 -0.3421136 -0.8944686 0.2878961 -0.4075973 -0.8694788 0.2790543 -0.4705691 -0.838486 0.2747837 -0.5304783 -0.8018013 0.2751498 -0.5867012 -0.7598004 0.2801522 -0.6386981 -0.7128377 0.2897019 -0.6859198 -0.6613063 0.3036249 -0.7278039 -0.6056703 0.3216598 -0.7638127 -0.5464746 0.3434467 -0.7934938 -0.484269 0.3685801 -0.8164414 -0.4197648 0.3965111 -0.8323616 -0.3536984 0.4266985 -0.8410876 -0.286966 0.4585 -0.8426709 -0.2202851 0.4913047 -0.8372854 -0.1546617 0.524436 -0.8252906 -0.09079736 0.5573611 -0.8072256 -0.02951258 0.5895048 -0.7837003 0.02865296 0.6204779 -0.7554568 0.08311432 0.6499056 -0.8062008 -0.01082628 0.591543 -0.8405118 0.1552575 0.5190714 -0.8445972 0.2208025 0.4877519 -0.8424903 0.2874274 0.4556266 -0.8338879 0.3543654 0.4231503 -0.8186545 0.4208895 0.3907135 -0.7967808 0.486271 0.3587213 -0.7683666 0.549729 0.3277361 -0.733693 0.6105802 0.2981384 -0.6930833 0.6682174 0.270409 -0.6469995 0.7220754 0.2449466 -0.5958963 0.7717396 0.2220939 -0.5403749 0.8167684 0.2021988 -0.4809216 0.8569172 0.1854919 -0.4181317 0.8919147 0.1722034 -0.3524803 0.9216088 0.1624656 -0.2845498 0.9458156 0.1564106 -0.2148466 0.9644153 0.1540914 -0.143815 0.9773058 0.1555337 -0.07205992 0.9843648 0.1607275 0 0.9855106 0.1696143 0.07178783 0.9806573 0.182093 0.1427052 0.9697538 0.1980227 0.2122506 0.9527717 0.2171999 0.2797223 0.92976 0.2393782 0.3445296 0.9008111 0.26427 0.4060327 0.8661159 0.2915144 0.4635639 0.8259888 0.3207041 0.516578 0.7807997 0.3514243 0.5645017 0.7310897 0.3832048 0.6069745 0.6773881 0.4156049 0.6435705 0.6204985 0.4481056 0.6741741 0.5610485 0.480327 0.6986715 0.4998487 0.5118687 0.6910122 0.5219795 0.5000397 0.7570807 0.4620391 0.4618971 0.8015406 0.4120965 0.4332541 0.8414292 0.3575595 0.4051522 0.8762151 0.29895 0.3779895 0.9054979 0.2367277 0.3521839 0.9289268 0.1715657 0.3281164 0.9462671 0.1041307 0.3061625 0.9479408 0.03463447 -0.3165577 0.9538159 -0.03484857 -0.2983638 0.9356252 0.1029502 -0.3376489 0.916955 0.1693673 -0.3612592 0.6631795 0.5649113 -0.4909872 0.6506357 0.1700926 -0.7400958 0.6586433 0.2247064 -0.7181199 0.6626342 0.2815883 -0.6939914 0.6620667 0.3403835 -0.6676876 0.6564554 0.4006417 -0.6391811 0.6453093 0.461679 -0.6086284 0.6282234 0.5228022 -0.576206 0.6048912 0.5832024 -0.5422008 0.5751999 0.6419289 -0.5070232 0.5390825 0.698175 -0.4711071 0.4968115 0.750912 -0.4350972 0.4486464 0.799416 -0.3995629 0.3951475 0.8428949 -0.3652218 0.3368847 0.8808209 -0.3326609 0.2745971 0.9127316 -0.3025186 0.2090359 0.9383338 -0.2753793 0.1408998 0.9574953 -0.2516946 0.07101851 0.9701423 -0.2319062 0 0.9763236 -0.2163154 -0.07145553 0.9761125 -0.2051795 -0.1426869 0.9696268 -0.1986566 -0.2131865 0.9569777 -0.1968381 -0.2822899 0.9383018 -0.1997555 -0.349462 0.9137167 -0.20736 -0.4141169 0.8833466 -0.2195585 -0.4755701 0.8473898 -0.2361432 -0.5332624 0.8060063 -0.2568758 -0.5864635 0.759527 -0.2813882 -0.6346094 0.7082426 -0.3092949 -0.677004 0.652718 -0.3400366 -0.713154 0.5934925 -0.3730658 -0.7426038 0.5312872 -0.4077667 -0.7650777 0.4669351 -0.4434273 -0.780436 0.4012398 -0.4795061 -0.7887641 0.3351875 -0.5152676 -0.7902959 0.2696218 -0.550215 -0.7854195 0.2053289 -0.5839146 -0.7747085 0.1430988 -0.6159136 -0.758762 0.08348393 -0.6459959 -0.7382408 0.02697747 -0.6739975 -0.7138648 -0.02608621 -0.6997976 -0.6862571 -0.0755065 -0.7234293 -0.8266737 0.2440331 -0.5070093 -0.9125913 -0.1685714 -0.3725062 -0.9080756 -0.2373929 -0.3450266 -0.8970862 -0.3060596 -0.3186911 -0.8797078 -0.3738216 -0.2938904 -0.8560738 -0.4401445 -0.2709441 -0.8264496 -0.5043749 -0.2501741 -0.7911296 -0.5660139 -0.2318239 -0.7504789 -0.6245478 -0.2161518 -0.7048614 -0.6795782 -0.203332 -0.6547041 -0.7306917 -0.1935257 -0.6004127 -0.777558 -0.1868378 -0.5424242 -0.8198532 -0.183349 -0.4811331 -0.8573147 -0.1830915 -0.4170476 -0.8896339 -0.1860727 -0.3505722 -0.9165896 -0.1922568 -0.2821888 -0.9379427 -0.2015768 -0.2123931 -0.9534792 -0.2139316 -0.1417282 -0.9630152 -0.2291612 -0.07072865 -0.9664049 -0.2471014 0 -0.9635539 -0.2675144 0.06985259 -0.9544345 -0.2901301 0.1382064 -0.9390853 -0.314671 0.3925982 -0.8249667 -0.4065672 0.1852074 -0.8314229 -0.5238649 0.2504593 -0.8324932 -0.4941917 0.3163625 -0.8271432 -0.4644879 0.3821535 -0.8151919 -0.4352254 0.447074 -0.7966198 -0.4068436 0.5104256 -0.7714956 -0.3798162 0.5714579 -0.7400562 -0.3546166 0.6295514 -0.7026236 -0.3316401 0.684118 -0.6595923 -0.3113209 0.7347036 -0.6113935 -0.2939536 0.7807878 -0.558629 -0.2798286 0.8220846 -0.5017119 -0.2691882 0.8582366 -0.4412437 -0.2621716 0.8889701 -0.3777605 -0.2588998 0.9140314 -0.31185 -0.2594152 0.9332373 -0.2439775 -0.2637105 0.9463646 -0.1748011 -0.2717326 0.9532677 -0.1048914 -0.2833348 -0.9993321 -0.03654599 0 -0.9993321 0.03654539 0 -0.9833642 0.1816447 0 -0.9674912 0.2529048 0 -0.6673094 0.7447807 0 -0.6111805 0.7914913 0 -0.4894024 0.8720582 0 -0.2881052 0.9575988 0 -0.2174203 0.9760782 0 -0.2174249 0.976077 0 -0.1456114 0.9893419 0 0.07298946 0.9973328 0 0.3572485 0.9340094 0 0.4894024 0.8720582 0 0.4894022 0.8720583 0 0.6111804 0.7914914 0 0.9674857 0.2529256 0 0.9940032 0.1093513 0 0.999332 0.03654539 0 0.9993336 0.03650116 0 0.9993336 -0.03650176 0 0.9993321 -0.03654599 0 0.9940032 -0.1093513 0 0.9674853 -0.2529276 0 0.4894089 -0.8720545 0 0.4894087 -0.8720545 0 0.07300633 -0.9973316 0 -0.1455948 -0.9893444 0 -0.2174413 -0.9760734 0 -0.2174364 -0.9760745 0 -0.2880975 -0.9576011 0 -0.4894087 -0.8720545 0 -0.6111698 -0.7914996 0 -0.6673188 -0.7447723 0 -0.9674906 -0.252907 0 -0.9833645 -0.1816431 0 -0.9993321 0.03654539 0 -0.9993321 -0.03654599 0 -0.9674906 -0.252907 0 -0.6673188 -0.7447723 0 -0.1455948 -0.9893444 0 0.4894088 -0.8720545 0 0.9940032 -0.1093513 0 0.9940032 0.1093513 0 0.4894023 0.8720582 0 -0.6673094 0.7447807 0 -0.9674912 0.2529049 0 0.7296975 -0.02668088 0.6832494 0.7029559 0.02570348 0.7107688 0.7523208 -0.08277994 0.6535755 0.7700282 -0.142235 0.6219531 0.782066 -0.2044578 0.5887018 0.7877689 -0.2687312 0.5542598 0.7865806 -0.334258 0.5191941 0.7781543 -0.4000781 0.4841628 0.7623195 -0.4652572 0.4498944 0.7391555 -0.5288091 0.4171452 0.7088508 -0.5899141 0.3866938 0.6718487 -0.6477623 0.3591984 0.6286876 -0.7016454 0.3353293 0.579948 -0.7510379 0.3155987 0.5262714 -0.7954711 0.3004399 0.468345 -0.8345381 0.2901712 0.4068657 -0.867885 0.2850195 0.3424131 -0.8952636 0.285055 0.2756981 -0.9163565 0.2903125 0.2073633 -0.9309151 0.3006618 0.1381489 -0.9386807 0.315901 0.06875514 -0.9394514 0.3357141 0 -0.9330891 0.3596455 -0.06729662 -0.9195374 0.3871979 -0.1322972 -0.8989059 0.4176908 -0.194115 -0.8714254 0.4504857 -0.2519817 -0.8375698 0.4847494 -0.3051924 -0.7979071 0.5198094 -0.3531235 -0.7532865 0.5548545 -0.3954075 -0.704559 0.5892788 -0.4318243 -0.6526877 0.6225164 -0.4622911 -0.5986829 0.6541146 -0.4869537 -0.543475 0.6837478 -0.506067 -0.487924 0.7112147 -0.5199956 -0.432736 0.7364403 -0.5291517 -0.3785879 0.7593877 -0.4020226 -0.7961487 0.4522448 -0.8124534 -0.4958184 0.3067307 -0.8532947 -0.4387241 0.2817969 -0.888941 -0.3777607 0.2590001 -0.9190905 -0.3135541 0.2386557 -0.9435546 -0.2466745 0.2210353 -0.9622017 -0.1777081 0.2063682 -0.9749543 -0.1072791 0.1948215 -0.981791 -0.03587985 0.1865453 -0.9827109 0.03591406 0.1816301 -0.9777412 0.1075857 0.1801321 -0.9669336 0.1785804 0.1820676 -0.9503412 0.2484509 0.1874136 -0.928061 0.3166144 0.1961078 -0.900205 0.3825474 0.208059 -0.8669167 0.445728 0.2231191 -0.8284219 0.5055584 0.2410975 -0.7849245 0.5615802 0.2617659 -0.7368099 0.6131647 0.2848513 -0.6844209 0.6598819 0.3100387 -0.6283017 0.701215 0.336949 -0.5689392 0.7368209 0.3652441 -0.5070262 0.7663581 0.3944866 -0.4431761 0.78966 0.4243019 -0.3781453 0.8066421 0.4542408 -0.3126075 0.8173239 0.4840025 -0.3002783 0.8185181 0.4897564 -0.2549844 0.8475478 0.4654521 -0.1957206 0.8785917 0.4356262 -0.1330574 0.9041773 0.4059055 -0.0676282 0.9238587 0.3767118 0 0.9373397 0.3484168 0.0691322 0.9444044 0.3214359 0.1390577 0.9449519 0.2961906 0.2091768 0.9389966 0.2730029 0.2787841 0.9266375 0.2522349 0.3473019 0.9080507 0.2341482 0.4141609 0.8834695 0.2189807 0.478819 0.8531719 0.2069544 0.5408252 0.8174536 0.1981862 0.5996956 0.7766559 0.1927977 0.6550723 0.7310661 0.1908471 0.7064499 0.6811222 0.192357 0.7535349 0.6270992 0.1973119 0.7959043 0.5694246 0.2056499 0.8332011 0.508494 0.2172785 0.8650669 0.4447616 0.2320482 0.8911771 0.3786976 0.2497829 0.9112299 0.3108677 0.270225 0.924992 0.2418249 0.293105 0.8569834 -0.2811614 0.4318886 0.6402387 0.11826 0.7590184 0.6728998 0.07404106 0.736019 0.8839761 0.03231549 -0.4664142 0.8659268 -0.03165519 -0.499168 0.8954618 0.09850311 -0.4341029 0.9000609 0.166274 -0.4027947 0.8976504 0.2346632 -0.3730376 0.8881812 0.3030067 -0.3454291 0.8718065 0.3704816 -0.3204636 0.848771 0.4363831 -0.2985928 0.8193978 0.5000559 -0.2802346 0.7840446 0.5609681 -0.265686 0.7432013 0.6184773 -0.2552211 0.6972184 0.6722336 -0.2489749 0.6466541 0.7216596 -0.247075 0.5918225 0.7664732 -0.2495298 0.5333467 0.8061268 -0.2563225 0.4715914 0.8403227 -0.2673189 0.4072005 0.8685962 -0.2823622 0.3406385 0.8906466 -0.3011878 0.2726123 0.9061155 -0.3234769 0.2037807 0.9147722 -0.3488057 0.134863 0.9164536 -0.376729 0.066697 0.9111226 -0.4067028 0 0.8988847 -0.4381856 -0.06441831 0.8799946 -0.4705953 -0.1258043 0.8548953 -0.5033165 -0.1835843 0.8240894 -0.5358859 -0.2371588 0.7882954 -0.5677555 -0.2941832 0.7412028 -0.6033862 -0.2833628 0.7408468 -0.6089758 -0.3464667 0.7390794 -0.5776872 -0.4102713 0.7310293 -0.5452282 -0.4739973 0.7164366 -0.5119035 -0.5367289 0.6951037 -0.4782813 -0.5976521 0.6669977 -0.444889 -0.6558265 0.6323288 -0.4123736 -0.7105774 0.591337 -0.3813139 -0.7611296 0.5445585 -0.352332 -0.806974 0.492463 -0.3259958 -0.8475852 0.4357907 -0.3027965 -0.8826754 0.3750949 -0.2831748 -0.9119549 0.311111 -0.2674852 -0.935242 0.2445043 -0.2560084 -0.9524132 0.1759124 -0.2489256 -0.9633649 0.106 -0.2463578 -0.9680251 0.03538286 -0.2483459 -0.9663329 -0.0353204 -0.2548592 -0.9582478 -0.1054369 -0.26579 -0.9437562 -0.1743151 -0.2809601 -0.9228926 -0.2412731 -0.3000944 -0.895756 -0.3055849 -0.322861 -0.8625351 -0.3665368 -0.3488323 -0.8235312 -0.4234223 -0.377505 -0.7791965 -0.4755162 -0.4083347 -0.7300454 -0.5223169 -0.4407026 -0.6768181 -0.5632355 -0.4740074 -0.6202296 -0.5980073 -0.5076442 -0.5612218 -0.6263589 -0.5410219 -0.5006202 -0.6483193 -0.5736389 -0.4393052 -0.6640004 -0.6050739 -0.3780772 -0.6736742 -0.6349967 -0.3177126 -0.6777519 -0.6631072 -0.2588103 -0.6766421 -0.6893278 -0.2018504 -0.6709336 -0.7135156 -0.6468289 -0.6474857 -0.4029576 -0.2095091 -0.9405288 -0.2674166 -0.1411631 -0.9591596 -0.2451245 -0.07111793 -0.9717479 -0.2250518 0 -0.9782605 -0.2073802 0.07162731 -0.978708 -0.1923544 0.143226 -0.9731595 -0.1801303 0.2142276 -0.9617281 -0.1708382 0.2841736 -0.9445416 -0.1645798 0.3525567 -0.9217623 -0.1614253 0.4189015 -0.8935729 -0.1613981 0.4827327 -0.8601806 -0.1644946 0.5436666 -0.8217584 -0.1707038 0.6012106 -0.7785668 -0.1799432 0.6548911 -0.7308956 -0.1921181 0.7042865 -0.6790357 -0.2071018 0.7489865 -0.6233125 -0.2247238 0.7885527 -0.5641597 -0.2447625 0.8225955 -0.50204 -0.2670069 0.850816 -0.4374256 -0.2911548 0.8729131 -0.3709421 -0.3168986 0.8887126 -0.3031821 -0.3439049 0.8934322 2.30834e-4 -0.449198 0.7778118 -0.2033331 -0.5946969 0.8121985 -0.1500433 -0.5637559 0.8418182 -0.09260219 -0.5317584 -0.9993336 -0.03650176 0 -0.9993333 -0.03651285 0 -0.9993333 0.03651219 0 -0.9993336 0.03650116 0 -0.9939996 0.1093842 0 -0.9833663 0.1816338 0 -0.9674857 0.2529256 0 -0.920356 0.3910816 0 -0.920356 0.3910818 0 -0.8893332 0.45726 0 -0.8535941 0.5209386 0 -0.6673258 0.744766 0 -0.6111751 0.7914954 0 -0.6111857 0.7914873 0 -0.5517644 0.834 0 -0.5517642 0.8340002 0 -0.4244601 0.9054467 0 -0.4244642 0.9054448 0 -0.1456066 0.9893426 0 0.1456066 0.9893426 0 0.2174227 0.9760776 0 0.2174226 0.9760776 0 0.2881022 0.9575998 0 0.3572449 0.9340108 0 0.4894071 0.8720555 0 0.9674804 0.2529464 0 0.9833663 0.1816338 0 0.9833702 0.1816126 0 0.9993324 0.0365343 0 0.9993325 -0.03653496 0 0.9833706 -0.181611 0 0.9833665 -0.1816324 0 0.9674799 -0.2529484 0 0.4894134 -0.8720518 0 0.3572374 -0.9340137 0 0.2880944 -0.9576021 0 0.2174389 -0.976074 0 0.2174388 -0.976074 0 0.14559 -0.989345 0 0.14559 -0.989345 0 -0.14559 -0.989345 0 -0.4244713 -0.9054415 0 -0.424467 -0.9054436 0 -0.5517644 -0.834 0 -0.5517642 -0.8340002 0 -0.6111752 -0.7914955 0 -0.6111643 -0.7915037 0 -0.6673353 -0.7447574 0 -0.8535965 -0.5209347 0 -0.8893333 -0.4572598 0 -0.920356 -0.3910816 0 -0.920356 -0.3910818 0 -0.9674853 -0.2529276 0 -0.9833665 -0.1816324 0 -0.9939997 -0.1093841 0 -0.9993336 0.03650116 0 -0.9993333 0.03651225 0 -0.9993332 -0.03651285 0 -0.9993336 -0.03650176 0 -0.920356 -0.3910817 0 -0.8893331 -0.4572598 0 -0.6111751 -0.7914954 0 -0.5517643 -0.8340001 0 -0.14559 -0.989345 0 0.14559 -0.989345 0 0.2174389 -0.976074 0 0.9833704 -0.181611 0 0.9993325 -0.03653496 0 0.9993325 0.0365343 0 0.9833702 0.1816125 0 0.3572449 0.9340108 0 0.2174227 0.9760776 0 -0.5517643 0.8340001 0 -0.6111858 0.7914873 0 -0.8893331 0.4572598 0 -0.920356 0.3910817 0 0.9701733 -0.03543943 0.2398078 0.9732298 0.03555172 0.2270678 0.96091 -0.1057375 0.2558744 0.9454509 -0.1746428 0.2749959 0.9238508 -0.2415261 0.2969257 0.8962486 -0.3057652 0.3213193 0.8628936 -0.3666629 0.3478118 0.8240802 -0.4237003 0.3759919 0.7803005 -0.4762133 0.4054036 0.732065 -0.523753 0.4356189 0.680026 -0.565911 0.4661645 0.6248304 -0.6024334 0.4966499 0.5672798 -0.6331188 0.5266444 0.5080695 -0.6579609 0.5558354 0.4479242 -0.6770429 0.5839322 0.3875426 -0.6905399 0.610709 0.3275576 -0.6987351 0.6359837 0.4604952 -0.6800782 0.5704715 0.3150449 -0.8236901 0.4714674 0.2593514 -0.8620367 0.435465 0.1992589 -0.8945385 0.400121 0.1354972 -0.9206447 0.3661339 0.06879568 -0.9400104 0.3341373 0 -0.9524244 0.3047753 -0.07010018 -0.9578474 0.2785935 -0.1407503 -0.95635 0.2560939 -0.2111918 -0.9481092 0.23767 -0.2808098 -0.9333477 0.2236248 -0.3489504 -0.9123364 0.2141867 -0.4150336 -0.8853548 0.2095094 -0.4785324 -0.8526737 0.2096533 -0.538913 -0.8145634 0.2146142 -0.5956054 -0.771313 0.2243443 -0.6480379 -0.7232513 0.2386514 -0.6956505 -0.6707139 0.2573197 -0.7378933 -0.6140705 0.2800554 -0.7741605 -0.5538616 0.3064523 -0.8039661 -0.4906702 0.3359782 -0.8268982 -0.4251262 0.368113 -0.8426237 -0.3580729 0.4022052 -0.8510125 -0.2903134 0.4376024 -0.8520871 -0.2227972 0.4736128 -0.8461008 -0.1562609 0.5096039 -0.833433 -0.09171056 0.5449574 -0.8146602 -0.02977842 0.5791736 -0.7904564 0.02889418 0.6118365 -0.7615831 0.08380419 0.642626 -0.7288323 0.1346022 0.6713313 -0.69294 0.1811861 0.697858 -0.6546797 0.2233367 0.7221602 -0.6146793 0.2612077 0.7442714 -0.5735248 0.2948617 0.7642815 -0.5317001 0.3244999 0.782301 -0.95639 -0.2115259 0.2014321 -0.8004205 0.5726656 0.1771476 -0.7570295 0.6299924 0.1732515 -0.7090353 0.6836223 0.1730018 -0.6568646 0.7330798 0.1764174 -0.6007897 0.7780733 0.1834498 -0.5412877 0.8181467 0.1940204 -0.4787099 0.852977 0.2080069 -0.4135554 0.8821821 0.2252258 -0.3463134 0.905433 0.2454753 -0.2775177 0.9224517 0.2684524 -0.2078392 0.9329832 0.2938454 -0.1378692 0.9368823 0.3213156 -0.06837838 0.9340961 0.3504124 0 0.9246858 0.3807309 0.06652873 0.9088287 0.4118304 0.130508 0.8868591 0.4432255 0.1913967 0.859156 0.4745717 0.2485924 0.8263058 0.5053917 0.3017203 0.7888783 0.5353838 0.3504347 0.7475106 0.5642903 0.3945037 0.7029363 0.591817 0.4338541 0.6557782 0.6178395 0.468459 0.6066864 0.6422443 0.4984096 0.5562321 0.6649765 0.5237956 0.5050219 0.6859965 0.5448805 0.4534511 0.7053279 0.5618106 0.4019439 0.723056 0.2486988 0.9111957 0.328438 0.8289489 0.5058981 0.2385604 0.8663043 0.4454098 0.2261127 0.8983968 0.381749 0.2171425 0.9249689 0.3155636 0.2117837 0.9458884 0.2472897 0.210102 0.9609899 0.1775116 0.2121039 0.9701395 0.1067531 0.2177917 0.9683419 0.03537732 -0.2471082 0.9647434 -0.03524523 -0.2608219 0.9656545 0.1062595 -0.2371083 0.9567771 0.1767191 -0.2309716 0.9418156 0.2462307 -0.2288095 0.9209253 0.3141791 -0.2306257 0.8942662 0.3799974 -0.2364105 0.8619865 0.4431983 -0.2460781 0.8243621 0.5030876 -0.2594802 0.7815919 0.5591974 -0.2764279 0.7340518 0.6108744 -0.2966487 0.6820795 0.65763 -0.3198288 0.6262243 0.6988758 -0.3455658 0.5669456 0.7342405 -0.3734484 0.504981 0.7632758 -0.4029943 0.4409883 0.7857691 -0.4337009 0.3757765 0.8015785 -0.4650419 0.3100806 0.8107163 -0.4965776 0.2446942 0.8133561 -0.5278037 0.1803945 0.8097835 -0.5583086 0.1177864 0.8003909 -0.5877932 0.05751568 0.7857043 -0.6159229 0 0.7662776 -0.6425097 0.1785286 0.8212978 -0.5418465 -0.06596434 0.901128 -0.4285055 -0.1337445 0.9088447 -0.3951123 -0.2026007 0.90946 -0.3630918 -0.2716402 0.9029205 -0.3330858 -0.3401491 0.8893206 -0.3056266 -0.4073364 0.8689081 -0.2812044 -0.4725441 0.8419968 -0.2602759 -0.5352135 0.8089557 -0.2431812 -0.5947474 0.7702481 -0.2302034 -0.6507447 0.7262571 -0.2215444 -0.702685 0.6774953 -0.2173341 -0.7502279 0.6243318 -0.2176416 -0.7929049 0.5672944 -0.2224387 -0.8303673 0.5067644 -0.2316897 -0.8621895 0.4432755 -0.2452267 -0.887986 0.3773508 -0.2628452 -0.9073948 0.3095577 -0.2842686 -0.9201006 0.2405498 -0.3091129 -0.9258633 0.1710078 -0.3369472 -0.9245392 0.1017325 -0.3672572 -0.9161238 0.03347629 -0.3994956 -0.9007783 -0.03291499 -0.4330303 -0.8788011 -0.09669935 -0.4672878 -0.8506928 -0.1571253 -0.5016307 -0.8170347 -0.2136023 -0.5355637 -0.7785835 -0.2656142 -0.5685568 -0.7361192 -0.312816 -0.6002289 -0.6904695 -0.3549895 -0.6302654 -0.6424282 -0.3920704 -0.6584579 -0.5927784 -0.4241096 -0.6846495 -0.5422179 -0.4512234 -0.7087998 -0.4913052 -0.4736889 -0.7309159 -0.4406051 -0.4917467 -0.7510342 -0.390507 -0.5057252 -0.7692506 -0.973803 -0.1311323 -0.1857749 -0.5447866 -0.8234334 -0.1586349 -0.4835035 -0.8615305 -0.1548861 -0.4193385 -0.8945384 -0.1547783 -0.3527335 -0.9222353 -0.1583071 -0.2841339 -0.9444024 -0.1654452 -0.2140253 -0.9608216 -0.1761113 -0.1429498 -0.9712868 -0.1901773 -0.07140105 -0.9756292 -0.2074843 0 -0.973703 -0.2278217 0.07065433 -0.9654265 -0.2509177 0.1399341 -0.9507782 -0.2764767 0.2071238 -0.9298483 -0.3041085 0.2716121 -0.9027918 -0.3334574 0.3327241 -0.8699111 -0.3640735 0.3898553 -0.8316181 -0.395505 0.4424704 -0.7884244 -0.4273253 0.4901822 -0.7409169 -0.4590901 0.5326228 -0.6897628 -0.490449 0.5695983 -0.6356983 -0.5210044 0.6010178 -0.5794754 -0.5504416 0.6269217 -0.5217137 -0.5786053 0.6474156 -0.4631958 -0.6052295 0.66273 -0.4044598 -0.6302391 0.6731322 -0.3460876 -0.6535415 0.6789339 -0.288497 -0.6751432 0.6804738 -0.2321527 -0.6950256 0.6128692 -0.6419373 -0.4607691 0.915958 -0.2394683 -0.3219878 0.9385132 -0.1733472 -0.2985695 0.9547945 -0.1050643 -0.2780811 -0.4323232 0.648123 0.6269237 -0.9997167 -0.02380424 0 -0.9997167 0.02380436 0 -0.9525116 0.3045026 0 -0.8776804 0.4792466 0 -0.853883 0.5204652 0 -0.7399418 0.672671 0 -0.6726637 0.7399483 0 -0.5992821 0.800538 0 -0.5605128 0.8281458 0 -0.4792664 0.8776696 0 -0.4792542 0.8776763 0 -0.4369407 0.8994904 0 -0.2588164 0.9659266 0 0.2588237 0.9659246 0 0.2588201 0.9659256 0 0.4369465 0.8994876 0 0.4792481 0.8776795 0 0.4792603 0.8776729 0 0.5604993 0.828155 0 0.672671 0.7399418 0 0.6726565 0.739955 0 0.7399562 0.6726551 0 0.8005338 0.5992876 0 0.8281447 0.5605145 0 0.8538895 0.5204546 0 0.8538765 0.5204758 0 0.8776865 0.4792353 0 0.95252 0.3044762 0 0.9929268 0.1187291 0 0.9997164 0.02381891 0 0.9997164 -0.02381879 0 0.9929267 -0.1187297 0 0.9525194 -0.3044778 0 0.8776852 -0.4792376 0 0.853878 -0.5204733 0 0.8538909 -0.520452 0 0.828143 -0.5605171 0 0.8005359 -0.5992849 0 0.7399588 -0.6726523 0 0.6726595 -0.7399522 0 0.672674 -0.739939 0 0.5605031 -0.8281524 0 0.479256 -0.8776752 0 0.4792438 -0.8776819 0 0.4369509 -0.8994854 0 0.2588148 -0.965927 0 0.2588185 -0.9659261 0 -0.2588112 -0.965928 0 -0.4369453 -0.8994882 0 -0.4792498 -0.8776785 0 -0.4792621 -0.8776718 0 -0.5605166 -0.8281432 0 -0.5992785 -0.8005406 0 -0.6726667 -0.7399456 0 -0.7399443 -0.6726682 0 -0.8538845 -0.5204627 0 -0.8776791 -0.4792489 0 -0.9525111 -0.3045042 0 0.6799742 -0.0161978 0.7330572 0.6425412 0.01530599 0.7660983 0.7168599 -0.05126976 0.6953297 0.7523311 -0.08994084 0.6526168 0.785318 -0.1320688 0.6048417 0.8146339 -0.1772139 0.5522381 0.8391363 -0.2248407 0.4952746 0.8577656 -0.2741985 0.4348028 0.869692 -0.3243789 0.3720407 0.8744497 -0.3744606 0.3084106 0.8719672 -0.4235777 0.2454692 0.8625736 -0.4709903 0.1847567 0.8468936 -0.5162188 0.1276304 0.825809 -0.5589148 0.07519161 0.8002126 -0.5990487 0.02829009 0.7710638 -0.6366347 -0.01252597 0.7391307 -0.6719232 -0.04695683 0.7051228 -0.7051277 -0.07481133 0.6695513 -0.7365238 -0.09609287 0.6327762 -0.7663638 -0.11082 0.5950212 -0.7948479 -0.1190248 0.5563951 -0.8220971 -0.1207517 0.5169488 -0.8481199 -0.1160036 0.4766217 -0.8728427 -0.1047732 0.435284 -0.8960816 -0.08698183 0.3928803 -0.9174535 -0.06264233 0.3492852 -0.9364799 -0.03170752 0.3044866 -0.9524995 0.005726456 0.2585001 -0.9647463 0.04941868 0.2115224 -0.9723452 0.09901183 0.1638646 -0.9744312 0.1537277 0.1159954 -0.970205 0.2127143 0.06859964 -0.9590997 0.2746304 0.0223931 -0.9408482 0.3380876 -0.02179199 -0.9155945 0.401512 -0.06322044 -0.8838926 0.4633973 -0.1012353 -0.8467345 0.5222951 -0.135401 -0.8051711 0.5773786 -0.1654635 -0.7606312 0.6277437 -0.1913933 -0.7142845 0.6731762 -0.2133339 -0.6673545 0.7135312 -0.231532 -0.6207796 0.7490165 -0.2463363 -0.5752442 0.7800081 -0.2581228 -0.5313647 0.8068608 -0.2672479 -0.4894239 0.8300861 -0.2740916 -0.4496727 0.850099 -0.2789851 -0.4122209 0.8673185 -0.2822179 -0.3769955 0.8821721 -0.2840551 -0.3440307 0.8949613 -0.2846968 -0.313174 0.9060187 -0.2843658 -0.2843678 0.9155715 -0.2831979 -0.257434 0.9238651 -0.2813251 -0.2322846 0.9310747 -0.2751153 -0.8072743 0.5221303 -0.7838938 -0.5868183 0.2028661 -0.8159936 -0.5522667 0.1707518 -0.8453237 -0.5152706 0.1411527 -0.8719299 -0.4760919 0.1143449 -0.8957834 -0.435173 0.0905351 -0.9170211 -0.3926666 0.06989443 -0.9356574 -0.3489767 0.05254173 -0.9518094 -0.304255 0.03857111 -0.9655456 -0.258719 0.02804231 -0.9769293 -0.2125294 0.02098721 -0.9860032 -0.1658128 0.01743549 -0.9927788 -0.1186923 0.01739537 -0.9972344 -0.07133197 0.02086746 -0.9993295 -0.0237801 0.02783918 -0.9989838 0.02377176 0.03829526 -0.9960924 0.07125031 0.05218511 -0.9905306 0.1184242 0.06946164 -0.9821487 0.1651647 0.09002703 -0.7622242 0.573554 0.3000835 -0.293805 0.8927346 0.3416193 0.1639186 0.9747185 0.1518372 0.2106722 0.968444 0.1331673 0.2569995 0.9591645 0.1181305 0.302749 0.9470638 0.1068333 0.3477351 0.9323134 0.09935837 0.3918387 0.9150391 0.09573894 0.4349244 0.895334 0.09601098 0.4768499 0.8732589 0.1001661 0.5174046 0.8488759 0.108177 0.5564574 0.8221648 0.1200019 0.593743 0.793154 0.1355584 0.629023 0.7618348 0.1547194 0.6620103 0.7282078 0.1773579 0.6923421 0.6923605 0.2032226 0.7197539 0.6542912 0.232072 0.7438479 0.6141819 0.2635737 0.7643305 0.5721709 0.2973541 0.7808986 0.5285333 0.3329413 0.7933356 0.4835464 0.3698672 0.8014609 0.4376521 0.4075796 0.8052451 0.3911533 0.4456226 0.8047186 0.3446097 0.4833966 0.7154923 0.008653938 0.6985671 0.4063532 0.1515614 0.9010585 0.435727 0.1392875 0.8892362 0.466721 0.1250548 0.8755186 0.4992754 0.1086108 0.8596092 0.5333303 0.08969134 0.8411387 0.5687709 0.06799668 0.8196806 0.6052926 0.04329049 0.7948251 0.7608268 0.01811057 -0.6487023 0.7918275 -0.01884859 -0.610454 0.7279897 0.05206793 -0.6836081 0.6939761 0.08296036 -0.7152026 0.6593357 0.1108809 -0.7436275 0.6246046 0.1358809 -0.769029 0.590142 0.1581279 -0.7916616 0.59355 0.1560872 -0.7895157 0.6199347 0.1981824 -0.7592132 0.6423724 0.2395776 -0.7279837 0.662513 0.2837076 -0.6932436 0.6795908 0.3301214 -0.6551156 0.6928898 0.3783546 -0.613801 0.7016822 0.427683 -0.5698504 0.7054004 0.4774415 -0.5238893 0.7036632 0.526748 -0.4768593 0.6962756 0.5748938 -0.4297646 0.6832858 0.6211602 -0.3837715 0.6649761 0.664982 -0.3400087 0.6417927 0.7059713 -0.2995108 0.6142436 0.7439368 -0.2631787 0.5829476 0.778731 -0.2318407 0.5484783 0.8103826 -0.2060381 0.5113574 0.8389464 -0.1862326 0.4720537 0.8644828 -0.172728 0.4309015 0.8870561 -0.1656968 0.3882406 0.906623 -0.1652395 0.3442971 0.9230894 -0.171364 0.2992889 0.9362592 -0.18397 0.2534303 0.945831 -0.2029206 0.2069711 0.9514346 -0.2278934 0.1602072 0.9526337 -0.2585006 0.1134587 0.9489898 -0.2941866 0.06723839 0.940117 -0.3341543 0.02203118 0.9257372 -0.3775253 -0.02155625 0.9057438 -0.4232772 -0.06295812 0.8802712 -0.4702754 -0.1015893 0.8497123 -0.517367 -0.1369971 0.8146265 -0.5635739 -0.1687889 0.7759106 -0.6078429 -0.1967825 0.7344284 -0.649532 -0.2209306 0.6911168 -0.6881479 -0.2412949 0.6469594 -0.7233398 -0.2580915 0.6026845 -0.7550896 -0.2715784 0.5590481 -0.7833968 -0.2820822 0.5166071 -0.8084225 -0.3102772 0.3414575 -0.8872062 -0.1764361 0.2894631 -0.9407877 -0.2025328 0.2992495 -0.9324325 -0.2312939 0.3089708 -0.9225185 -0.2629927 0.3185195 -0.9107032 -0.2978811 0.3276711 -0.896604 -0.3361957 0.3362024 -0.8797389 -0.378139 0.343747 -0.8595632 -0.4237608 0.349883 -0.8354693 -0.4730114 0.354097 -0.8067686 -0.5255886 0.3557257 -0.7727975 -0.5808563 0.3540488 -0.7329771 -0.6378278 0.3482812 -0.6869323 -0.6951678 0.3377076 -0.6345828 -0.7511668 0.3216568 -0.576442 -0.8039905 0.2998657 -0.5134978 -0.8518197 0.2722862 -0.4475081 -0.8932282 0.2393528 -0.3805965 -0.9273538 0.2017407 -0.3151441 -0.9539229 0.1604077 -0.2535758 -0.9732827 0.1163794 -0.1979312 -0.9861928 0.07052528 -0.1498329 -0.9935996 0.02364557 -0.1104577 -0.9964722 -0.02371406 -0.0805028 -0.9956306 -0.07120019 -0.0604183 -0.9916656 -0.1185768 -0.05039054 -0.9848963 -0.1656159 -0.05050605 -0.9753395 -0.2121812 -0.06076365 -0.9627416 -0.2579804 -0.08108663 -0.9466087 -0.3025835 -0.1112443 -0.9262314 -0.345462 -0.1508362 -0.9008591 -0.3857506 -0.1991213 -0.8697616 -0.4225257 -0.2549251 -0.832527 -0.4545916 -0.3166158 -0.7890854 -0.4809744 -0.38211 -0.7399632 -0.5008153 -0.4490418 -0.6862099 -0.5136976 -0.5150057 -0.6293572 -0.5196361 -0.5778304 -0.5711084 -0.5191655 -0.6358479 -0.5131291 -0.5131342 -0.6880349 -0.4568715 -0.5025616 -0.7339621 -0.4034199 -0.4886011 -0.7736417 -0.3535135 -0.4722362 -0.8074783 -0.3075116 -0.4543597 -0.8360586 -0.2655206 -0.4356278 -0.860074 -0.2274897 -0.4166064 -0.8801634 -0.1931818 -0.3976854 -0.8969544 -0.1623454 -0.3791123 -0.9109983 -0.1346691 -0.3610688 -0.9227642 -0.1098629 -0.3436759 -0.9326399 -0.08761179 -0.3269689 -0.9409653 -0.06764858 -0.310992 -0.948002 -0.3837574 -0.5530968 -0.7394688 -0.1479899 -0.8800247 -0.4512822 -0.1087405 -0.9095174 -0.4011904 -0.066823 -0.9342623 -0.3502694 -0.02270436 -0.9539356 -0.2991511 0.02304565 -0.9682757 -0.2488197 0.06989955 -0.9772757 -0.2001158 0.1173001 -0.9811108 -0.1538259 0.1648181 -0.9801064 -0.1105731 0.2120306 -0.9746824 -0.07097494 0.2586548 -0.9653224 -0.03536123 0.3044894 -0.952507 -0.004095137 0.3493699 -0.9367104 0.02268004 0.3932584 -0.918334 0.04483962 0.4360869 -0.8977444 0.06231683 0.4779064 -0.8751922 0.075127 0.5186582 -0.850921 0.08322888 0.5583925 -0.825038 0.08666157 0.5970926 -0.7976121 0.08541285 0.6346747 -0.7686805 0.07948774 0.6710662 -0.7381916 0.06887304 0.7060921 -0.7060906 0.05357235 0.7395327 -0.6722816 0.03359782 0.7710902 -0.636663 0.008957803 0.8003702 -0.5991646 -0.0202347 0.8269486 -0.5596935 -0.05384492 0.8502893 -0.518277 -0.09163653 0.869853 -0.4749774 -0.1332374 0.8850946 -0.4299525 -0.1781814 0.895506 -0.3834757 -0.2258662 0.9006845 -0.3359292 -0.2755342 0.900357 -0.2878168 -0.3263726 0.8944463 -0.2396674 -0.3775253 0.8830785 -0.1921124 -0.428095 0.8665782 -0.1457329 -0.4772884 0.8454242 -0.1010643 -0.5244463 0.8202646 -0.05866783 -0.5689676 -0.7071062 0.7071075 0 0.707104 0.7071096 0 -0.7071126 0.707101 0 -0.7071063 -0.7071073 0 0.707104 -0.7071096 0 -0.7071062 -0.7071075 0 0.7071211 -0.7070924 0 0.7071169 -0.7070967 0 0.7071148 0.7070989 0 0.7071149 -0.7070987 0 0.7071127 -0.7071009 0 0.7071169 0.7070967 0 0.7071211 0.7070924 0 0.9967588 -0.08044791 0 0.9967607 -0.0804252 0 0.9920481 -0.1258597 0 0.9852635 -0.1710435 0 0.9852674 -0.1710214 0 0.9764341 -0.2158161 0 0.9764293 -0.2158379 0 0.9655606 -0.2601786 0 0.9655548 -0.2601999 0 0.9526687 -0.3040104 0 0.9526754 -0.3039897 0 0.9377988 -0.3471792 0 0.9209735 -0.3896251 0 0.9022231 -0.4312696 0 0.8815912 -0.472014 0 0.859126 -0.5117642 0 0.8591159 -0.511781 0 0.8348571 -0.5504669 0 0.8348676 -0.5504509 0 0.8088595 -0.588002 0 0.8088704 -0.587987 0 0.8945938 0.4468803 0 0.8946025 0.4468628 0 0.9149232 0.403628 0 0.9331611 0.3594586 0 0.9492523 0.3145157 0 0.9492653 0.3144763 0 0.9631925 0.2688127 0 0.9632039 0.2687721 0 0.9749371 0.222481 0 0.9749418 0.2224602 0 0.9844463 0.1756858 0 0.9844539 0.1756435 0 0.9917154 0.1284549 0 0.9967191 0.08093959 0 0.9967208 0.08091783 0 -0.2588189 -0.9659259 0 -0.2588199 -0.9659256 0 0.9659269 -0.2588155 0 0.9659246 -0.258824 0 0.2588186 0.9659259 0 0.2588173 0.9659263 0 -0.5159088 0.8566436 0 -0.5159167 0.8566389 0 -0.9848076 0.173649 0 -0.1736508 -0.9848073 0 -0.1736493 -0.9848076 0 0.9848075 -0.1736502 0 -0.9961333 -0.08785456 0 -0.9961311 -0.08787953 0 -0.990922 -0.1344379 0 -0.9909187 -0.1344625 0 -0.9835349 -0.1807184 0 -0.9835394 -0.1806941 0 -0.9739943 -0.2265729 0 -0.9739888 -0.2265967 0 -0.9623059 -0.2719699 0 -0.9485051 -0.3167619 0 -0.9485126 -0.3167393 0 -0.9326308 -0.3608322 0 -0.9147065 -0.4041189 0 -0.9146972 -0.4041399 0 -0.8947808 -0.4465058 0 -0.8947607 -0.446546 0 0.7071074 -0.7071063 0 0.7071064 -0.7071072 0 0.7071026 0.7071111 0 0.7071071 0.7071065 0 -0.7071067 0.707107 0 -0.707108 0.7071057 0 -0.7071066 -0.707107 0 -0.7071073 -0.7071064 0 0.7071026 -0.7071111 0 0.7071049 -0.7071087 0 0.7071068 0.7071068 0 0.7071059 0.7071077 0 -0.8097866 0.5867246 0 -0.837482 0.5464649 0 -0.837471 0.5464819 0 -0.8631592 0.5049318 0 -0.8631698 0.5049139 0 -0.8867961 0.4621611 0 -0.9082921 0.4183367 0 -0.9083104 0.4182968 0 -0.9276549 0.3734387 0 -0.9276466 0.3734595 0 -0.9447759 0.3277173 0 -0.9596507 0.2811951 0 -0.972242 0.2339779 0 -0.9825071 0.1862251 0 -0.9825028 0.1862484 0 -0.9904269 0.1380385 0 -0.9959877 0.08949095 0 -0.9959856 0.08951491 0 -0.6063203 -0.7952207 0 -0.6063158 -0.795224 0 0.4468762 -0.8945958 0 0.4468675 -0.8946002 0 0.4036241 -0.914925 0 0.4036321 -0.9149215 0 0.35947 -0.9331567 0 0.3144845 -0.9492627 0 0.314491 -0.9492605 0 0.2687932 -0.9631979 0 0.2224836 -0.9749366 0 0.2224788 -0.9749376 0 0.1756622 -0.9844505 0 0.1284412 -0.9917172 0 0.128444 -0.9917169 0 0.0809285 -0.99672 0 0.08093023 -0.9967198 0 -0.9659258 0.258819 0 -0.2588183 -0.9659261 0 0.9659257 -0.25882 0 0.965927 -0.2588149 0 0.8566411 0.515913 0 0.1736481 0.9848078 0 0.1736486 0.9848077 0 -0.9848075 0.1736497 0 -0.9848091 0.1736409 0 -0.1736478 -0.9848079 0 -0.08787137 0.9961319 0 -0.08787578 0.9961315 0 -0.1344416 0.9909216 0 -0.1807119 0.9835361 0 -0.2265847 0.9739915 0 -0.2265902 0.9739902 0 -0.2719748 0.9623044 0 -0.2719616 0.9623081 0 -0.3167552 0.9485074 0 -0.3167476 0.9485099 0 -0.3608247 0.9326337 0 -0.4041311 0.9147012 0 -0.4465177 0.8947749 0 -0.4465378 0.8947648 0 -0.7071073 -0.7071063 0 -0.7071055 -0.7071081 0 0.7071023 -0.7071114 0 0.7071068 -0.7071068 0 0.7071053 0.7071084 0 0.7071066 0.7071071 0 -0.7071054 0.7071082 0 -0.7071067 0.7071069 0 -0.7071046 -0.707109 0 -0.7071091 -0.7071045 0 0.7071059 -0.7071077 0 0.7071077 -0.7071059 0 0.5867165 0.8097924 0 0.5464704 0.8374785 0 0.5464814 0.8374713 0 0.504922 0.863165 0 0.5049116 0.8631711 0 0.4621748 0.8867889 0 0.4621649 0.886794 0 0.4183111 0.9083038 0 0.418302 0.908308 0 0.3734666 0.9276437 0 0.3734582 0.927647 0 0.327718 0.9447756 0 0.2811852 0.9596536 0 0.2339936 0.9722382 0 0.2339881 0.9722395 0 0.1862288 0.9825064 0 0.1380298 0.9904282 0 0.1380331 0.9904276 0 0.08950024 0.9959868 0 -0.7952192 0.6063222 0 -0.08044373 -0.9967592 0 -0.08044189 -0.9967593 0 -0.1258625 -0.9920478 0 -0.1258654 -0.9920474 0 -0.1710279 -0.9852662 0 -0.171024 -0.9852669 0 -0.2158299 -0.9764311 0 -0.2158347 -0.97643 0 -0.2601802 -0.9655601 0 -0.2601917 -0.965557 0 -0.303999 -0.9526724 0 -0.3471859 -0.9377964 0 -0.347171 -0.9378018 0 -0.3896227 -0.9209747 0 -0.3896309 -0.9209712 0 -0.4312686 -0.9022237 0 -0.4720128 -0.8815917 0 -0.511779 -0.8591172 0 -0.5117689 -0.8591232 0 -0.5504539 -0.8348657 0 -0.5504643 -0.8348588 0 -0.5879873 -0.8088701 0 -0.5880091 -0.8088544 0 0.7071069 -0.7071067 0 0.7071061 -0.7071076 0 0.7071058 0.7071079 0 0.7071067 0.7071069 0 -0.7071056 0.707108 0 -0.7071076 -0.7071061 0 -0.7071065 -0.7071071 0 -0.7071073 0.7071064 0</float_array>
          <technique_common>
            <accessor source="#MPU_6050-mesh-normals-array" count="5137" stride="3">
              <param name="X" type="float"/>
              <param name="Y" type="float"/>
              <param name="Z" type="float"/>
            </accessor>
          </technique_common>
        </source>
        <vertices id="MPU_6050-mesh-vertices">
          <input semantic="POSITION" source="#MPU_6050-mesh-positions"/>
        </vertices>
        <triangles material="MPU_6050-material" count="10527">
          <input semantic="VERTEX" source="#MPU_6050-mesh-vertices" offset="0"/>
          <input semantic="NORMAL" source="#MPU_6050-mesh-normals" offset="1"/>
          <p>2707 0 2708 0 2625 0 2624 0 2707 0 2625 0 2624 1 2625 1 2519 1 2518 2 2624 2 2519 2 2518 3 2519 3 2477 3 2476 4 2518 4 2477 4 2476 5 2477 5 2565 5 2564 5 2476 5 2565 5 2564 0 2565 0 2475 0 2474 0 2564 0 2475 0 2474 6 2475 6 2517 6 2516 7 2474 7 2517 7 2516 8 2517 8 2623 8 2622 9 2516 9 2623 9 2622 10 2623 10 2706 10 2705 10 2622 10 2706 10 2705 11 2706 11 2710 11 2709 12 2705 12 2710 12 2709 13 2710 13 2700 13 2699 14 2709 14 2700 14 2699 15 2700 15 2712 15 2711 16 2699 16 2712 16 2711 17 2712 17 2708 17 2707 18 2711 18 2708 18 2699 19 2711 19 2707 19 2624 20 2699 20 2707 20 2622 21 2699 21 2624 21 2564 22 2622 22 2624 22 2516 23 2622 23 2564 23 2474 20 2516 20 2564 20 2624 20 2518 20 2476 20 2564 24 2624 24 2476 24 2622 20 2705 20 2709 20 2699 20 2622 20 2709 20 2182 25 2183 25 2205 25 2204 26 2182 26 2205 26 2223 27 2204 27 2205 27 2222 28 2204 28 2223 28 2247 29 2222 29 2223 29 2246 30 2222 30 2247 30 2273 31 2246 31 2247 31 2272 31 2246 31 2273 31 2287 32 2272 32 2273 32 2286 32 2272 32 2287 32 2300 33 2286 33 2287 33 2299 33 2286 33 2300 33 2306 34 2299 34 2300 34 2305 34 2299 34 2306 34 2320 35 2305 35 2306 35 2319 36 2305 36 2320 36 2324 37 2319 37 2320 37 2323 38 2319 38 2324 38 2338 39 2323 39 2324 39 2337 40 2323 40 2338 40 2341 41 2337 41 2338 41 2342 42 2341 42 2338 42 2350 43 2341 43 2342 43 2349 43 2341 43 2350 43 2352 44 2349 44 2350 44 2351 45 2349 45 2352 45 2351 46 2352 46 2696 46 2695 46 2351 46 2696 46 2695 47 2696 47 2698 47 2697 47 2695 47 2698 47 2697 48 2698 48 2354 48 2353 48 2697 48 2354 48 2353 49 2354 49 2348 49 2347 50 2353 50 2348 50 2340 51 2347 51 2348 51 2339 51 2347 51 2340 51 2336 52 2339 52 2340 52 2335 53 2339 53 2336 53 2322 54 2335 54 2336 54 2321 55 2335 55 2322 55 2318 56 2321 56 2322 56 2317 57 2321 57 2318 57 2304 58 2317 58 2318 58 2303 59 2317 59 2304 59 2296 60 2303 60 2304 60 2295 60 2303 60 2296 60 2285 61 2295 61 2296 61 2284 61 2295 61 2285 61 2269 62 2284 62 2285 62 2268 63 2284 63 2269 63 2268 64 2269 64 2419 64 2418 65 2268 65 2419 65 2418 66 2419 66 2431 66 2430 67 2418 67 2431 67 2430 68 2431 68 2177 68 2176 69 2430 69 2177 69 2176 70 2177 70 2094 70 2093 71 2176 71 2094 71 2093 72 2094 72 2082 72 2081 72 2093 72 2082 72 2081 73 2082 73 2137 73 2136 74 2081 74 2137 74 2136 75 2137 75 2169 75 2168 75 2136 75 2169 75 2168 76 2169 76 2185 76 2184 77 2168 77 2185 77 2201 78 2184 78 2185 78 2200 79 2184 79 2201 79 2215 80 2200 80 2201 80 2214 80 2200 80 2215 80 2221 81 2214 81 2215 81 2220 82 2214 82 2221 82 2239 83 2220 83 2221 83 2238 83 2220 83 2239 83 2245 84 2238 84 2239 84 2244 85 2238 85 2245 85 2257 86 2244 86 2245 86 2256 87 2244 87 2257 87 2261 88 2256 88 2257 88 2260 89 2256 89 2261 89 2264 90 2260 90 2261 90 2265 91 2264 91 2261 91 2264 48 2265 48 2008 48 2007 48 2264 48 2008 48 2007 92 2008 92 2038 92 2037 93 2007 93 2038 93 2037 94 2038 94 2026 94 2025 95 2037 95 2026 95 2025 96 2026 96 1929 96 1928 97 2025 97 1929 97 1928 98 1929 98 1927 98 1926 98 1928 98 1927 98 1926 99 1927 99 2024 99 2023 100 1926 100 2024 100 2023 101 2024 101 2036 101 2035 102 2023 102 2036 102 2035 103 2036 103 2010 103 2009 104 2035 104 2010 104 2009 46 2010 46 2263 46 2262 46 2009 46 2263 46 2262 105 2263 105 2259 105 2258 106 2262 106 2259 106 2255 107 2258 107 2259 107 2254 107 2258 107 2255 107 2243 108 2254 108 2255 108 2242 109 2254 109 2243 109 2233 110 2242 110 2243 110 2232 110 2242 110 2233 110 2219 111 2232 111 2233 111 2218 111 2232 111 2219 111 2213 112 2218 112 2219 112 2212 112 2218 112 2213 112 2199 113 2212 113 2213 113 2198 114 2212 114 2199 114 2179 115 2198 115 2199 115 2178 116 2198 116 2179 116 2167 117 2178 117 2179 117 2166 117 2178 117 2167 117 2147 118 2166 118 2167 118 2146 119 2166 119 2147 119 2127 120 2146 120 2147 120 2126 121 2146 121 2127 121 2095 122 2126 122 2127 122 2096 122 2095 122 2127 122 2095 123 2096 123 2183 123 2182 124 2095 124 2183 124 2095 20 2182 20 2204 20 2126 20 2095 20 2204 20 2222 20 2126 20 2204 20 2146 125 2126 125 2222 125 2246 20 2146 20 2222 20 2166 20 2146 20 2246 20 2272 20 2166 20 2246 20 2178 126 2166 126 2272 126 2286 20 2178 20 2272 20 2198 127 2178 127 2286 127 2299 128 2198 128 2286 128 2212 129 2198 129 2299 129 2305 20 2212 20 2299 20 2218 130 2212 130 2305 130 2319 20 2218 20 2305 20 2232 131 2218 131 2319 131 2323 132 2232 132 2319 132 2242 133 2232 133 2323 133 2337 20 2242 20 2323 20 2254 134 2242 134 2337 134 2341 20 2254 20 2337 20 2258 135 2254 135 2341 135 2349 20 2258 20 2341 20 2262 136 2258 136 2349 136 2351 20 2262 20 2349 20 2264 20 2262 20 2351 20 2353 20 2264 20 2351 20 2347 20 2264 20 2353 20 2353 20 2351 20 2695 20 2697 20 2353 20 2695 20 2347 20 2339 20 2256 20 2260 20 2347 20 2256 20 2264 137 2347 137 2260 137 2244 20 2256 20 2339 20 2335 20 2244 20 2339 20 2238 138 2244 138 2335 138 2321 20 2238 20 2335 20 2220 139 2238 139 2321 139 2317 140 2220 140 2321 140 2214 20 2220 20 2317 20 2303 141 2214 141 2317 141 2200 20 2214 20 2303 20 2295 142 2200 142 2303 142 2184 20 2200 20 2295 20 2284 143 2184 143 2295 143 2168 144 2184 144 2284 144 2268 145 2168 145 2284 145 2093 20 2168 20 2268 20 2176 146 2093 146 2268 146 2430 20 2176 20 2268 20 2418 147 2430 147 2268 147 2168 20 2093 20 2081 20 2136 20 2168 20 2081 20 2009 20 2262 20 2264 20 2007 20 2009 20 2264 20 1926 20 2009 20 2007 20 1928 20 1926 20 2007 20 2025 148 1928 148 2007 148 2037 20 2025 20 2007 20 2009 20 1926 20 2023 20 2035 20 2009 20 2023 20 2364 98 2365 98 2363 98 2362 98 2364 98 2363 98 2362 46 2363 46 2411 46 2410 46 2362 46 2411 46 2410 47 2411 47 2413 47 2412 47 2410 47 2413 47 2412 149 2413 149 2435 149 2434 150 2412 150 2435 150 2455 151 2434 151 2435 151 2454 152 2434 152 2455 152 2481 153 2454 153 2455 153 2480 153 2454 153 2481 153 2501 154 2480 154 2481 154 2500 155 2480 155 2501 155 2525 156 2500 156 2501 156 2524 156 2500 156 2525 156 2545 157 2524 157 2525 157 2544 158 2524 158 2545 158 2575 159 2544 159 2545 159 2574 159 2544 159 2575 159 2601 160 2574 160 2575 160 2600 161 2574 161 2601 161 2637 162 2600 162 2601 162 2636 163 2600 163 2637 163 2636 164 2637 164 2587 164 2586 164 2636 164 2587 164 2586 165 2587 165 2694 165 2693 165 2586 165 2694 165 2693 166 2694 166 2704 166 2703 167 2693 167 2704 167 2703 168 2704 168 2702 168 2701 168 2703 168 2702 168 2701 169 2702 169 2479 169 2478 170 2701 170 2479 170 2478 171 2479 171 2461 171 2460 172 2478 172 2461 172 2460 173 2461 173 2599 173 2598 173 2460 173 2599 173 2598 174 2599 174 2573 174 2572 175 2598 175 2573 175 2547 176 2572 176 2573 176 2546 176 2572 176 2547 176 2533 177 2546 177 2547 177 2532 177 2546 177 2533 177 2509 178 2532 178 2533 178 2508 179 2532 179 2509 179 2489 180 2508 180 2509 180 2488 181 2508 181 2489 181 2469 182 2488 182 2489 182 2468 183 2488 183 2469 183 2447 184 2468 184 2469 184 2446 184 2468 184 2447 184 2433 185 2446 185 2447 185 2432 185 2446 185 2433 185 2414 186 2432 186 2433 186 2415 187 2414 187 2433 187 2414 47 2415 47 2417 47 2416 47 2414 47 2417 47 2416 188 2417 188 2507 188 2506 189 2416 189 2507 189 2506 190 2507 190 2549 190 2548 191 2506 191 2549 191 2548 192 2549 192 2409 192 2408 193 2548 193 2409 193 2408 48 2409 48 2371 48 2370 48 2408 48 2371 48 2370 194 2371 194 2135 194 2134 195 2370 195 2135 195 2134 196 2135 196 2203 196 2202 197 2134 197 2203 197 2202 198 2203 198 2369 198 2368 199 2202 199 2369 199 2368 98 2369 98 2367 98 2366 98 2368 98 2367 98 2366 200 2367 200 2328 200 2327 200 2366 200 2328 200 2302 201 2327 201 2328 201 2301 202 2327 202 2302 202 2271 203 2301 203 2302 203 2270 203 2301 203 2271 203 2231 204 2270 204 2271 204 2230 205 2270 205 2231 205 2193 206 2230 206 2231 206 2192 206 2230 206 2193 206 2159 207 2192 207 2193 207 2158 207 2192 207 2159 207 2119 208 2158 208 2159 208 2118 209 2158 209 2119 209 2092 210 2118 210 2119 210 2091 211 2118 211 2092 211 2084 212 2091 212 2092 212 2083 213 2091 213 2084 213 2074 214 2083 214 2084 214 2073 215 2083 215 2074 215 2070 216 2073 216 2074 216 2069 217 2073 217 2070 217 2061 218 2069 218 2070 218 2062 218 2061 218 2070 218 2061 219 2062 219 2050 219 2049 219 2061 219 2050 219 2049 220 2050 220 2056 220 2055 221 2049 221 2056 221 2064 222 2055 222 2056 222 2063 223 2055 223 2064 223 2072 224 2063 224 2064 224 2071 225 2063 225 2072 225 2080 226 2071 226 2072 226 2079 226 2071 226 2080 226 2086 227 2079 227 2080 227 2085 227 2079 227 2086 227 2098 228 2085 228 2086 228 2097 229 2085 229 2098 229 2145 230 2097 230 2098 230 2144 231 2097 231 2145 231 2181 232 2144 232 2145 232 2180 232 2144 232 2181 232 2217 233 2180 233 2181 233 2216 234 2180 234 2217 234 2267 235 2216 235 2217 235 2266 236 2216 236 2267 236 2297 237 2266 237 2267 237 2298 238 2297 238 2267 238 2326 239 2297 239 2298 239 2325 240 2297 240 2326 240 2365 241 2325 241 2326 241 2364 242 2325 242 2365 242 2061 243 2049 243 2055 243 2069 244 2061 244 2055 244 2063 20 2069 20 2055 20 2073 245 2069 245 2063 245 2071 246 2073 246 2063 246 2083 20 2073 20 2071 20 2079 20 2083 20 2071 20 2091 20 2083 20 2079 20 2085 247 2091 247 2079 247 2118 20 2091 20 2085 20 2097 248 2118 248 2085 248 2158 20 2118 20 2097 20 2144 249 2158 249 2097 249 2192 250 2158 250 2144 250 2180 20 2192 20 2144 20 2230 20 2192 20 2180 20 2216 20 2230 20 2180 20 2270 20 2230 20 2216 20 2266 20 2270 20 2216 20 2301 20 2270 20 2266 20 2297 20 2301 20 2266 20 2327 20 2301 20 2297 20 2325 251 2327 251 2297 251 2366 252 2327 252 2325 252 2364 253 2366 253 2325 253 2414 254 2366 254 2364 254 2412 20 2414 20 2364 20 2434 20 2414 20 2412 20 2412 20 2364 20 2362 20 2410 20 2412 20 2362 20 2434 255 2454 255 2446 255 2432 256 2434 256 2446 256 2414 20 2434 20 2432 20 2468 257 2446 257 2454 257 2480 258 2468 258 2454 258 2488 20 2468 20 2480 20 2500 20 2488 20 2480 20 2508 259 2488 259 2500 259 2524 20 2508 20 2500 20 2532 20 2508 20 2524 20 2544 20 2532 20 2524 20 2546 20 2532 20 2544 20 2574 260 2546 260 2544 260 2572 20 2546 20 2574 20 2600 261 2572 261 2574 261 2598 20 2572 20 2600 20 2636 20 2598 20 2600 20 2701 262 2598 262 2636 262 2703 263 2701 263 2636 263 2693 20 2703 20 2636 20 2586 20 2693 20 2636 20 2598 20 2701 20 2478 20 2460 20 2598 20 2478 20 2368 264 2366 264 2414 264 2416 20 2368 20 2414 20 2370 265 2368 265 2416 265 2408 20 2370 20 2416 20 2548 266 2408 266 2416 266 2506 20 2548 20 2416 20 2368 267 2370 267 2134 267 2202 20 2368 20 2134 20 1846 268 1847 268 1931 268 1930 269 1846 269 1931 269 1930 46 1931 46 2016 46 2015 46 1930 46 2016 46 2015 47 2016 47 2018 47 2017 47 2015 47 2018 47 2017 48 2018 48 1933 48 1932 48 2017 48 1933 48 1932 270 1933 270 1849 270 1848 271 1932 271 1849 271 1848 272 1849 272 1813 272 1812 272 1848 272 1813 272 1812 273 1813 273 1883 273 1882 274 1812 274 1883 274 1882 275 1883 275 1811 275 1810 0 1882 0 1811 0 1810 10 1811 10 1847 10 1846 10 1810 10 1847 10 1882 276 1810 276 1846 276 1930 20 1882 20 1846 20 1932 277 1882 277 1930 277 2015 20 1932 20 1930 20 2017 20 1932 20 2015 20 1882 20 1932 20 1848 20 1812 20 1882 20 1848 20 2103 278 2109 278 2110 278 2104 279 2103 279 2110 279 2106 280 2103 280 2104 280 2107 281 2106 281 2104 281 2112 282 2106 282 2107 282 2113 283 2112 283 2107 283 2120 284 2112 284 2113 284 2121 285 2120 285 2113 285 2128 286 2120 286 2121 286 2129 287 2128 287 2121 287 2138 288 2128 288 2129 288 2139 289 2138 289 2129 289 2148 290 2138 290 2139 290 2149 291 2148 291 2139 291 2160 292 2148 292 2149 292 2161 293 2160 293 2149 293 2170 294 2160 294 2161 294 2171 295 2170 295 2161 295 2186 296 2170 296 2171 296 2187 297 2186 297 2171 297 2206 298 2186 298 2187 298 2207 298 2206 298 2187 298 2224 299 2206 299 2207 299 2225 300 2224 300 2207 300 2248 301 2224 301 2225 301 2249 302 2248 302 2225 302 2274 303 2248 303 2249 303 2275 304 2274 304 2249 304 2289 305 2274 305 2275 305 2290 306 2289 306 2275 306 2311 307 2289 307 2290 307 2312 308 2311 308 2290 308 2329 309 2311 309 2312 309 2330 310 2329 310 2312 310 2355 311 2329 311 2330 311 2356 312 2355 312 2330 312 2376 313 2355 313 2356 313 2377 314 2376 314 2356 314 2382 315 2376 315 2377 315 2383 316 2382 316 2377 316 2392 317 2382 317 2383 317 2393 318 2392 318 2383 318 2402 319 2392 319 2393 319 2403 320 2402 320 2393 320 2424 46 2402 46 2403 46 2425 46 2424 46 2403 46 2440 321 2424 321 2425 321 2441 322 2440 322 2425 322 2448 323 2440 323 2441 323 2449 324 2448 324 2441 324 2462 325 2448 325 2449 325 2463 326 2462 326 2449 326 2482 327 2462 327 2463 327 2483 328 2482 328 2463 328 2494 329 2482 329 2483 329 2495 330 2494 330 2483 330 2510 331 2494 331 2495 331 2511 332 2510 332 2495 332 2526 333 2510 333 2511 333 2527 334 2526 334 2511 334 2538 335 2526 335 2527 335 2539 336 2538 336 2527 336 2554 337 2538 337 2539 337 2555 338 2554 338 2539 338 2566 339 2554 339 2555 339 2567 340 2566 340 2555 340 2580 341 2566 341 2567 341 2581 342 2580 342 2567 342 2592 343 2580 343 2581 343 2593 344 2592 344 2581 344 2606 345 2592 345 2593 345 2607 346 2606 346 2593 346 2616 347 2606 347 2607 347 2617 348 2616 348 2607 348 2626 349 2616 349 2617 349 2627 350 2626 350 2617 350 2638 351 2626 351 2627 351 2639 352 2638 352 2627 352 2648 353 2638 353 2639 353 2649 354 2648 354 2639 354 2658 355 2648 355 2649 355 2659 356 2658 356 2649 356 2668 357 2658 357 2659 357 2669 358 2668 358 2659 358 2678 359 2668 359 2669 359 2679 360 2678 360 2669 360 2688 361 2678 361 2679 361 2689 362 2688 362 2679 362 2681 363 2688 363 2689 363 2682 364 2681 364 2689 364 2671 365 2681 365 2682 365 2672 366 2671 366 2682 366 2661 367 2671 367 2672 367 2662 368 2661 368 2672 368 2651 369 2661 369 2662 369 2652 370 2651 370 2662 370 2641 371 2651 371 2652 371 2642 372 2641 372 2652 372 2629 373 2641 373 2642 373 2630 374 2629 374 2642 374 2619 375 2629 375 2630 375 2620 376 2619 376 2630 376 2609 377 2619 377 2620 377 2610 378 2609 378 2620 378 2595 379 2609 379 2610 379 2596 380 2595 380 2610 380 2583 381 2595 381 2596 381 2584 382 2583 382 2596 382 2569 383 2583 383 2584 383 2570 384 2569 384 2584 384 2557 385 2569 385 2570 385 2558 386 2557 386 2570 386 2541 387 2557 387 2558 387 2542 388 2541 388 2558 388 2529 389 2541 389 2542 389 2530 390 2529 390 2542 390 2513 391 2529 391 2530 391 2514 392 2513 392 2530 392 2497 393 2513 393 2514 393 2498 394 2497 394 2514 394 2485 395 2497 395 2498 395 2486 396 2485 396 2498 396 2465 397 2485 397 2486 397 2466 398 2465 398 2486 398 2451 399 2465 399 2466 399 2452 400 2451 400 2466 400 2443 401 2451 401 2452 401 2444 402 2443 402 2452 402 2427 403 2443 403 2444 403 2428 404 2427 404 2444 404 2405 48 2427 48 2428 48 2406 48 2405 48 2428 48 2395 405 2405 405 2406 405 2396 406 2395 406 2406 406 2385 407 2395 407 2396 407 2386 408 2385 408 2396 408 2379 409 2385 409 2386 409 2380 410 2379 410 2386 410 2358 411 2379 411 2380 411 2359 412 2358 412 2380 412 2332 413 2358 413 2359 413 2333 414 2332 414 2359 414 2314 415 2332 415 2333 415 2315 416 2314 416 2333 416 2292 417 2314 417 2315 417 2293 418 2292 418 2315 418 2277 419 2292 419 2293 419 2278 420 2277 420 2293 420 2251 421 2277 421 2278 421 2252 422 2251 422 2278 422 2227 423 2251 423 2252 423 2228 424 2227 424 2252 424 2209 425 2227 425 2228 425 2210 426 2209 426 2228 426 2189 427 2209 427 2210 427 2190 427 2189 427 2210 427 2173 428 2189 428 2190 428 2174 429 2173 429 2190 429 2163 430 2173 430 2174 430 2164 431 2163 431 2174 431 2151 432 2163 432 2164 432 2152 433 2151 433 2164 433 2141 434 2151 434 2152 434 2142 435 2141 435 2152 435 2131 436 2141 436 2142 436 2132 437 2131 437 2142 437 2123 438 2131 438 2132 438 2124 439 2123 439 2132 439 2115 440 2123 440 2124 440 2116 441 2115 441 2124 441 2109 442 2115 442 2116 442 2110 443 2109 443 2116 443 2105 444 2108 444 2107 444 2104 444 2105 444 2107 444 2111 278 2105 278 2104 278 2110 278 2111 278 2104 278 2117 445 2111 445 2110 445 2116 445 2117 445 2110 445 2125 446 2117 446 2116 446 2124 447 2125 447 2116 447 2133 448 2125 448 2124 448 2132 449 2133 449 2124 449 2143 450 2133 450 2132 450 2142 451 2143 451 2132 451 2153 452 2143 452 2142 452 2152 452 2153 452 2142 452 2165 453 2153 453 2152 453 2164 454 2165 454 2152 454 2175 455 2165 455 2164 455 2174 456 2175 456 2164 456 2191 429 2175 429 2174 429 2190 428 2191 428 2174 428 2211 427 2191 427 2190 427 2210 427 2211 427 2190 427 2229 457 2211 457 2210 457 2228 458 2229 458 2210 458 2253 459 2229 459 2228 459 2252 459 2253 459 2228 459 2279 460 2253 460 2252 460 2278 461 2279 461 2252 461 2294 462 2279 462 2278 462 2293 463 2294 463 2278 463 2316 464 2294 464 2293 464 2315 465 2316 465 2293 465 2334 466 2316 466 2315 466 2333 466 2334 466 2315 466 2360 467 2334 467 2333 467 2359 467 2360 467 2333 467 2381 468 2360 468 2359 468 2380 469 2381 469 2359 469 2387 470 2381 470 2380 470 2386 470 2387 470 2380 470 2397 408 2387 408 2386 408 2396 407 2397 407 2386 407 2407 406 2397 406 2396 406 2406 471 2407 471 2396 471 2429 48 2407 48 2406 48 2428 48 2429 48 2406 48 2445 472 2429 472 2428 472 2444 473 2445 473 2428 473 2453 402 2445 402 2444 402 2452 401 2453 401 2444 401 2467 474 2453 474 2452 474 2466 475 2467 475 2452 475 2487 476 2467 476 2466 476 2486 477 2487 477 2466 477 2499 478 2487 478 2486 478 2498 479 2499 479 2486 479 2515 480 2499 480 2498 480 2514 481 2515 481 2498 481 2531 482 2515 482 2514 482 2530 483 2531 483 2514 483 2543 484 2531 484 2530 484 2542 485 2543 485 2530 485 2559 486 2543 486 2542 486 2558 487 2559 487 2542 487 2571 488 2559 488 2558 488 2570 488 2571 488 2558 488 2585 489 2571 489 2570 489 2584 489 2585 489 2570 489 2597 382 2585 382 2584 382 2596 381 2597 381 2584 381 2611 380 2597 380 2596 380 2610 379 2611 379 2596 379 2621 490 2611 490 2610 490 2620 490 2621 490 2610 490 2631 491 2621 491 2620 491 2630 491 2631 491 2620 491 2643 492 2631 492 2630 492 2642 493 2643 493 2630 493 2653 494 2643 494 2642 494 2652 495 2653 495 2642 495 2663 496 2653 496 2652 496 2662 497 2663 497 2652 497 2673 498 2663 498 2662 498 2672 499 2673 499 2662 499 2683 500 2673 500 2672 500 2682 500 2683 500 2672 500 2690 501 2683 501 2682 501 2689 502 2690 502 2682 502 2680 503 2690 503 2689 503 2679 504 2680 504 2689 504 2670 505 2680 505 2679 505 2669 505 2670 505 2679 505 2660 506 2670 506 2669 506 2659 507 2660 507 2669 507 2650 508 2660 508 2659 508 2649 509 2650 509 2659 509 2640 510 2650 510 2649 510 2639 353 2640 353 2649 353 2628 511 2640 511 2639 511 2627 512 2628 512 2639 512 2618 513 2628 513 2627 513 2617 513 2618 513 2627 513 2608 514 2618 514 2617 514 2607 514 2608 514 2617 514 2594 346 2608 346 2607 346 2593 345 2594 345 2607 345 2582 344 2594 344 2593 344 2581 343 2582 343 2593 343 2568 515 2582 515 2581 515 2567 515 2568 515 2581 515 2556 516 2568 516 2567 516 2555 516 2556 516 2567 516 2540 517 2556 517 2555 517 2539 337 2540 337 2555 337 2528 518 2540 518 2539 518 2527 519 2528 519 2539 519 2512 520 2528 520 2527 520 2511 521 2512 521 2527 521 2496 522 2512 522 2511 522 2495 523 2496 523 2511 523 2484 524 2496 524 2495 524 2483 525 2484 525 2495 525 2464 526 2484 526 2483 526 2463 527 2464 527 2483 527 2450 528 2464 528 2463 528 2449 529 2450 529 2463 529 2442 530 2450 530 2449 530 2441 531 2442 531 2449 531 2426 532 2442 532 2441 532 2425 533 2426 533 2441 533 2404 46 2426 46 2425 46 2403 46 2404 46 2425 46 2394 534 2404 534 2403 534 2393 535 2394 535 2403 535 2384 536 2394 536 2393 536 2383 317 2384 317 2393 317 2378 537 2384 537 2383 537 2377 537 2378 537 2383 537 2357 538 2378 538 2377 538 2356 539 2357 539 2377 539 2331 540 2357 540 2356 540 2330 540 2331 540 2356 540 2313 541 2331 541 2330 541 2312 541 2313 541 2330 541 2291 542 2313 542 2312 542 2290 543 2291 543 2312 543 2276 544 2291 544 2290 544 2275 545 2276 545 2290 545 2250 546 2276 546 2275 546 2249 547 2250 547 2275 547 2226 548 2250 548 2249 548 2225 548 2226 548 2249 548 2208 549 2226 549 2225 549 2207 550 2208 550 2225 550 2188 298 2208 298 2207 298 2187 298 2188 298 2207 298 2172 297 2188 297 2187 297 2171 296 2172 296 2187 296 2162 551 2172 551 2171 551 2161 552 2162 552 2171 552 2150 553 2162 553 2161 553 2149 554 2150 554 2161 554 2140 555 2150 555 2149 555 2139 555 2140 555 2149 555 2130 556 2140 556 2139 556 2129 557 2130 557 2139 557 2122 558 2130 558 2129 558 2121 559 2122 559 2129 559 2114 560 2122 560 2121 560 2113 561 2114 561 2121 561 2108 562 2114 562 2113 562 2107 562 2108 562 2113 562 825 563 831 563 832 563 826 564 825 564 832 564 828 565 825 565 826 565 829 566 828 566 826 566 834 567 828 567 829 567 835 568 834 568 829 568 840 569 834 569 835 569 841 570 840 570 835 570 846 571 840 571 841 571 847 572 846 572 841 572 855 573 846 573 847 573 856 574 855 574 847 574 861 575 855 575 856 575 862 576 861 576 856 576 867 577 861 577 862 577 868 578 867 578 862 578 873 579 867 579 868 579 874 580 873 580 868 580 879 297 873 297 874 297 880 297 879 297 874 297 885 581 879 581 880 581 886 582 885 582 880 582 891 583 885 583 886 583 892 584 891 584 886 584 898 585 891 585 892 585 899 302 898 302 892 302 904 586 898 586 899 586 905 304 904 304 899 304 910 587 904 587 905 587 911 588 910 588 905 588 916 589 910 589 911 589 917 308 916 308 911 308 922 590 916 590 917 590 923 591 922 591 917 591 928 592 922 592 923 592 929 593 928 593 923 593 935 594 928 594 929 594 936 595 935 595 929 595 941 596 935 596 936 596 942 597 941 597 936 597 948 598 941 598 942 598 949 599 948 599 942 599 954 600 948 600 949 600 955 601 954 601 949 601 960 46 954 46 955 46 961 46 960 46 955 46 966 602 960 602 961 602 967 603 966 603 961 603 972 604 966 604 967 604 973 605 972 605 967 605 978 606 972 606 973 606 979 607 978 607 973 607 984 608 978 608 979 608 985 609 984 609 979 609 990 610 984 610 985 610 991 611 990 611 985 611 996 612 990 612 991 612 997 613 996 613 991 613 1002 614 996 614 997 614 1003 615 1002 615 997 615 1008 616 1002 616 1003 616 1009 617 1008 617 1003 617 1014 618 1008 618 1009 618 1015 619 1014 619 1009 619 1020 620 1014 620 1015 620 1021 621 1020 621 1015 621 1026 622 1020 622 1021 622 1027 623 1026 623 1021 623 1032 624 1026 624 1027 624 1033 624 1032 624 1027 624 1038 625 1032 625 1033 625 1039 625 1038 625 1033 625 1044 626 1038 626 1039 626 1045 627 1044 627 1039 627 1050 628 1044 628 1045 628 1051 629 1050 629 1045 629 1056 630 1050 630 1051 630 1057 631 1056 631 1051 631 1062 632 1056 632 1057 632 1063 633 1062 633 1057 633 1068 634 1062 634 1063 634 1069 635 1068 635 1063 635 1074 636 1068 636 1069 636 1075 637 1074 637 1069 637 1080 638 1074 638 1075 638 1081 639 1080 639 1075 639 1086 640 1080 640 1081 640 1087 641 1086 641 1081 641 1083 642 1086 642 1087 642 1084 643 1083 643 1087 643 1077 644 1083 644 1084 644 1078 645 1077 645 1084 645 1071 646 1077 646 1078 646 1072 647 1071 647 1078 647 1065 648 1071 648 1072 648 1066 649 1065 649 1072 649 1059 650 1065 650 1066 650 1060 651 1059 651 1066 651 1053 652 1059 652 1060 652 1054 653 1053 653 1060 653 1047 654 1053 654 1054 654 1048 655 1047 655 1054 655 1041 656 1047 656 1048 656 1042 657 1041 657 1048 657 1035 658 1041 658 1042 658 1036 658 1035 658 1042 658 1029 659 1035 659 1036 659 1030 659 1029 659 1036 659 1023 660 1029 660 1030 660 1024 661 1023 661 1030 661 1017 662 1023 662 1024 662 1018 663 1017 663 1024 663 1011 664 1017 664 1018 664 1012 665 1011 665 1018 665 1005 666 1011 666 1012 666 1006 667 1005 667 1012 667 999 668 1005 668 1006 668 1000 669 999 669 1006 669 993 670 999 670 1000 670 994 671 993 671 1000 671 987 672 993 672 994 672 988 673 987 673 994 673 981 674 987 674 988 674 982 675 981 675 988 675 975 676 981 676 982 676 976 677 975 677 982 677 969 678 975 678 976 678 970 679 969 679 976 679 963 680 969 680 970 680 964 681 963 681 970 681 957 48 963 48 964 48 958 48 957 48 964 48 951 682 957 682 958 682 952 683 951 683 958 683 944 684 951 684 952 684 945 684 944 684 952 684 938 685 944 685 945 685 939 686 938 686 945 686 931 687 938 687 939 687 932 688 931 688 939 688 925 689 931 689 932 689 926 690 925 690 932 690 919 691 925 691 926 691 920 692 919 692 926 692 913 417 919 417 920 417 914 693 913 693 920 693 907 694 913 694 914 694 908 695 907 695 914 695 901 421 907 421 908 421 902 696 901 696 908 696 894 423 901 423 902 423 895 697 894 697 902 697 888 698 894 698 895 698 889 699 888 699 895 699 882 700 888 700 889 700 883 701 882 701 889 701 876 428 882 428 883 428 877 428 876 428 883 428 870 702 876 702 877 702 871 703 870 703 877 703 864 704 870 704 871 704 865 705 864 705 871 705 858 706 864 706 865 706 859 707 858 707 865 707 849 708 858 708 859 708 850 709 849 709 859 709 843 710 849 710 850 710 844 711 843 711 850 711 837 712 843 712 844 712 838 713 837 713 844 713 831 714 837 714 838 714 832 715 831 715 838 715 827 716 830 716 829 716 826 716 827 716 829 716 833 563 827 563 826 563 832 563 833 563 826 563 839 717 833 717 832 717 838 717 839 717 832 717 845 718 839 718 838 718 844 719 845 719 838 719 851 720 845 720 844 720 850 721 851 721 844 721 860 722 851 722 850 722 859 723 860 723 850 723 866 724 860 724 859 724 865 725 866 725 859 725 872 726 866 726 865 726 871 726 872 726 865 726 878 727 872 727 871 727 877 727 878 727 871 727 884 428 878 428 877 428 883 428 884 428 877 428 890 701 884 701 883 701 889 700 890 700 883 700 896 458 890 458 889 458 895 728 896 728 889 728 903 729 896 729 895 729 902 459 903 459 895 459 909 730 903 730 902 730 908 461 909 461 902 461 915 731 909 731 908 731 914 732 915 732 908 732 921 733 915 733 914 733 920 465 921 465 914 465 927 734 921 734 920 734 926 734 927 734 920 734 933 735 927 735 926 735 932 736 933 736 926 736 940 687 933 687 932 687 939 687 940 687 932 687 946 737 940 737 939 737 945 737 946 737 939 737 953 684 946 684 945 684 952 684 953 684 945 684 959 683 953 683 952 683 958 738 959 738 952 738 965 48 959 48 958 48 964 48 965 48 958 48 971 739 965 739 964 739 970 739 971 739 964 739 977 679 971 679 970 679 976 678 977 678 970 678 983 740 977 740 976 740 982 741 983 741 976 741 989 742 983 742 982 742 988 743 989 743 982 743 995 744 989 744 988 744 994 744 995 744 988 744 1001 745 995 745 994 745 1000 746 1001 746 994 746 1007 747 1001 747 1000 747 1006 748 1007 748 1000 748 1013 749 1007 749 1006 749 1012 750 1013 750 1006 750 1019 751 1013 751 1012 751 1018 752 1019 752 1012 752 1025 753 1019 753 1018 753 1024 753 1025 753 1018 753 1031 754 1025 754 1024 754 1030 754 1031 754 1024 754 1037 659 1031 659 1030 659 1036 659 1037 659 1030 659 1043 658 1037 658 1036 658 1042 658 1043 658 1036 658 1049 755 1043 755 1042 755 1048 755 1049 755 1042 755 1055 756 1049 756 1048 756 1054 756 1055 756 1048 756 1061 757 1055 757 1054 757 1060 757 1061 757 1054 757 1067 758 1061 758 1060 758 1066 758 1067 758 1060 758 1073 649 1067 649 1066 649 1072 759 1073 759 1066 759 1079 760 1073 760 1072 760 1078 760 1079 760 1072 760 1085 761 1079 761 1078 761 1084 762 1085 762 1078 762 1088 763 1085 763 1084 763 1087 763 1088 763 1084 763 1082 764 1088 764 1087 764 1081 764 1082 764 1087 764 1076 765 1082 765 1081 765 1075 766 1076 766 1081 766 1070 767 1076 767 1075 767 1069 767 1070 767 1075 767 1064 768 1070 768 1069 768 1063 769 1064 769 1069 769 1058 770 1064 770 1063 770 1057 770 1058 770 1063 770 1052 771 1058 771 1057 771 1051 771 1052 771 1057 771 1046 772 1052 772 1051 772 1045 772 1046 772 1051 772 1040 773 1046 773 1045 773 1039 773 1040 773 1045 773 1034 625 1040 625 1039 625 1033 625 1034 625 1039 625 1028 624 1034 624 1033 624 1027 624 1028 624 1033 624 1022 774 1028 774 1027 774 1021 774 1022 774 1027 774 1016 775 1022 775 1021 775 1015 775 1016 775 1021 775 1010 619 1016 619 1015 619 1009 776 1010 776 1015 776 1004 777 1010 777 1009 777 1003 778 1004 778 1009 778 998 779 1004 779 1003 779 997 780 998 780 1003 780 992 781 998 781 997 781 991 782 992 782 997 782 986 783 992 783 991 783 985 783 986 783 991 783 980 784 986 784 985 784 979 785 980 785 985 785 974 786 980 786 979 786 973 787 974 787 979 787 968 788 974 788 973 788 967 789 968 789 973 789 962 790 968 790 967 790 961 790 962 790 967 790 956 46 962 46 961 46 955 46 956 46 961 46 950 791 956 791 955 791 949 792 950 792 955 792 943 793 950 793 949 793 942 793 943 793 949 793 937 794 943 794 942 794 936 794 937 794 942 794 930 795 937 795 936 795 929 795 930 795 936 795 924 796 930 796 929 796 923 797 924 797 929 797 918 798 924 798 923 798 917 798 918 798 923 798 912 542 918 542 917 542 911 799 912 799 917 799 906 800 912 800 911 800 905 801 906 801 911 801 900 546 906 546 905 546 899 802 900 802 905 802 893 548 900 548 899 548 892 803 893 803 899 803 887 804 893 804 892 804 886 549 887 549 892 549 881 582 887 582 886 582 880 581 881 581 886 581 875 297 881 297 880 297 874 297 875 297 880 297 869 805 875 805 874 805 868 805 869 805 874 805 863 806 869 806 868 806 862 806 863 806 868 806 857 807 863 807 862 807 856 808 857 808 862 808 848 809 857 809 856 809 847 810 848 810 856 810 842 811 848 811 847 811 841 812 842 812 847 812 836 813 842 813 841 813 835 814 836 814 841 814 830 815 836 815 835 815 829 815 830 815 835 815 137 46 136 46 4 46 5 46 137 46 4 46 139 47 138 47 136 47 137 47 139 47 136 47 7 48 6 48 138 48 139 48 7 48 138 48 5 98 4 98 6 98 7 98 5 98 6 98 1089 816 1095 816 1096 816 1090 817 1089 817 1096 817 1092 818 1089 818 1090 818 1093 819 1092 819 1090 819 1098 820 1092 820 1093 820 1099 821 1098 821 1093 821 1104 822 1098 822 1099 822 1105 823 1104 823 1099 823 1110 824 1104 824 1105 824 1111 825 1110 825 1105 825 1116 826 1110 826 1111 826 1117 827 1116 827 1111 827 1122 828 1116 828 1117 828 1123 829 1122 829 1117 829 1128 830 1122 830 1123 830 1129 831 1128 831 1123 831 1134 832 1128 832 1129 832 1135 833 1134 833 1129 833 1140 834 1134 834 1135 834 1141 297 1140 297 1135 297 1146 835 1140 835 1141 835 1147 581 1146 581 1141 581 1152 836 1146 836 1147 836 1153 837 1152 837 1147 837 1160 585 1152 585 1153 585 1161 838 1160 838 1153 838 1166 839 1160 839 1161 839 1167 840 1166 840 1161 840 1172 841 1166 841 1167 841 1173 842 1172 842 1167 842 1178 843 1172 843 1173 843 1179 844 1178 844 1173 844 1184 845 1178 845 1179 845 1185 846 1184 846 1179 846 1190 847 1184 847 1185 847 1191 848 1190 848 1185 848 1196 849 1190 849 1191 849 1197 595 1196 595 1191 595 1202 850 1196 850 1197 850 1203 597 1202 597 1197 597 1208 598 1202 598 1203 598 1209 851 1208 851 1203 851 1214 852 1208 852 1209 852 1215 601 1214 601 1209 601 1220 46 1214 46 1215 46 1221 46 1220 46 1215 46 1226 602 1220 602 1221 602 1227 853 1226 853 1221 853 1233 854 1226 854 1227 854 1234 605 1233 605 1227 605 1239 855 1233 855 1234 855 1240 856 1239 856 1234 856 1245 608 1239 608 1240 608 1246 857 1245 857 1240 857 1251 858 1245 858 1246 858 1252 859 1251 859 1246 859 1257 860 1251 860 1252 860 1258 861 1257 861 1252 861 1263 862 1257 862 1258 862 1264 863 1263 863 1258 863 1269 864 1263 864 1264 864 1270 617 1269 617 1264 617 1275 865 1269 865 1270 865 1276 866 1275 866 1270 866 1281 339 1275 339 1276 339 1282 621 1281 621 1276 621 1287 867 1281 867 1282 867 1288 868 1287 868 1282 868 1293 869 1287 869 1288 869 1294 624 1293 624 1288 624 1299 870 1293 870 1294 870 1300 870 1299 870 1294 870 1305 871 1299 871 1300 871 1306 872 1305 872 1300 872 1311 873 1305 873 1306 873 1312 874 1311 874 1306 874 1317 875 1311 875 1312 875 1318 876 1317 876 1312 876 1323 353 1317 353 1318 353 1324 877 1323 877 1318 877 1329 878 1323 878 1324 878 1330 879 1329 879 1324 879 1335 880 1329 880 1330 880 1336 881 1335 881 1330 881 1341 882 1335 882 1336 882 1342 883 1341 883 1336 883 1347 361 1341 361 1342 361 1348 884 1347 884 1342 884 1344 501 1347 501 1348 501 1345 364 1344 364 1348 364 1338 885 1344 885 1345 885 1339 886 1338 886 1345 886 1332 887 1338 887 1339 887 1333 888 1332 888 1339 888 1326 889 1332 889 1333 889 1327 890 1326 890 1333 890 1320 494 1326 494 1327 494 1321 372 1320 372 1327 372 1314 891 1320 891 1321 891 1315 892 1314 892 1321 892 1308 893 1314 893 1315 893 1309 894 1308 894 1315 894 1302 895 1308 895 1309 895 1303 896 1302 896 1309 896 1296 897 1302 897 1303 897 1297 897 1296 897 1303 897 1290 659 1296 659 1297 659 1291 898 1290 898 1297 898 1284 899 1290 899 1291 899 1285 900 1284 900 1291 900 1278 662 1284 662 1285 662 1279 386 1278 386 1285 386 1272 901 1278 901 1279 901 1273 902 1272 902 1279 902 1266 666 1272 666 1273 666 1267 903 1266 903 1273 903 1260 904 1266 904 1267 904 1261 905 1260 905 1267 905 1254 906 1260 906 1261 906 1255 907 1254 907 1261 907 1248 908 1254 908 1255 908 1249 909 1248 909 1255 909 1242 742 1248 742 1249 742 1243 675 1242 675 1249 675 1236 910 1242 910 1243 910 1237 911 1236 911 1243 911 1229 678 1236 678 1237 678 1230 678 1229 678 1237 678 1223 912 1229 912 1230 912 1224 681 1223 681 1230 681 1217 48 1223 48 1224 48 1218 48 1217 48 1224 48 1211 682 1217 682 1218 682 1212 913 1211 913 1218 913 1205 914 1211 914 1212 914 1206 684 1205 684 1212 684 1199 685 1205 685 1206 685 1200 915 1199 915 1206 915 1193 687 1199 687 1200 687 1194 916 1193 916 1200 916 1187 917 1193 917 1194 917 1188 918 1187 918 1194 918 1181 919 1187 919 1188 919 1182 920 1181 920 1188 920 1175 921 1181 921 1182 921 1176 922 1175 922 1182 922 1169 923 1175 923 1176 923 1170 924 1169 924 1176 924 1163 925 1169 925 1170 925 1164 926 1163 926 1170 926 1155 927 1163 927 1164 927 1156 697 1155 697 1164 697 1149 928 1155 928 1156 928 1150 929 1149 929 1156 929 1143 701 1149 701 1150 701 1144 930 1143 930 1150 930 1137 428 1143 428 1144 428 1138 931 1137 931 1144 931 1131 932 1137 932 1138 932 1132 933 1131 933 1138 933 1125 934 1131 934 1132 934 1126 935 1125 935 1132 935 1119 936 1125 936 1126 936 1120 937 1119 937 1126 937 1113 938 1119 938 1120 938 1114 939 1113 939 1120 939 1107 940 1113 940 1114 940 1108 941 1107 941 1114 941 1101 942 1107 942 1108 942 1102 943 1101 943 1108 943 1095 944 1101 944 1102 944 1096 945 1095 945 1102 945 1091 946 1094 946 1093 946 1090 947 1091 947 1093 947 1097 948 1091 948 1090 948 1096 949 1097 949 1090 949 1103 950 1097 950 1096 950 1102 951 1103 951 1096 951 1109 952 1103 952 1102 952 1108 953 1109 953 1102 953 1115 954 1109 954 1108 954 1114 955 1115 955 1108 955 1121 956 1115 956 1114 956 1120 957 1121 957 1114 957 1127 958 1121 958 1120 958 1126 724 1127 724 1120 724 1133 959 1127 959 1126 959 1132 960 1133 960 1126 960 1139 961 1133 961 1132 961 1138 962 1139 962 1132 962 1145 931 1139 931 1138 931 1144 428 1145 428 1138 428 1151 930 1145 930 1144 930 1150 701 1151 701 1144 701 1157 963 1151 963 1150 963 1156 964 1157 964 1150 964 1165 729 1157 729 1156 729 1164 965 1165 965 1156 965 1171 966 1165 966 1164 966 1170 967 1171 967 1164 967 1177 968 1171 968 1170 968 1176 731 1177 731 1170 731 1183 969 1177 969 1176 969 1182 969 1183 969 1176 969 1189 970 1183 970 1182 970 1188 971 1189 971 1182 971 1195 972 1189 972 1188 972 1194 735 1195 735 1188 735 1201 973 1195 973 1194 973 1200 687 1201 687 1194 687 1207 974 1201 974 1200 974 1206 737 1207 737 1200 737 1213 684 1207 684 1206 684 1212 914 1213 914 1206 914 1219 738 1213 738 1212 738 1218 738 1219 738 1212 738 1225 48 1219 48 1218 48 1224 48 1225 48 1218 48 1231 739 1225 739 1224 739 1230 975 1231 975 1224 975 1238 678 1231 678 1230 678 1237 678 1238 678 1230 678 1244 976 1238 976 1237 976 1243 977 1244 977 1237 977 1250 742 1244 742 1243 742 1249 742 1250 742 1243 742 1256 978 1250 978 1249 978 1255 979 1256 979 1249 979 1262 980 1256 980 1255 980 1261 980 1262 980 1255 980 1268 981 1262 981 1261 981 1267 981 1268 981 1261 981 1274 750 1268 750 1267 750 1273 750 1274 750 1267 750 1280 982 1274 982 1273 982 1279 983 1280 983 1273 983 1286 488 1280 488 1279 488 1285 753 1286 753 1279 753 1292 984 1286 984 1285 984 1291 985 1292 985 1285 985 1298 898 1292 898 1291 898 1297 659 1298 659 1291 659 1304 897 1298 897 1297 897 1303 897 1304 897 1297 897 1310 986 1304 986 1303 986 1309 986 1310 986 1303 986 1316 987 1310 987 1309 987 1315 987 1316 987 1309 987 1322 988 1316 988 1315 988 1321 989 1322 989 1315 989 1328 494 1322 494 1321 494 1327 494 1328 494 1321 494 1334 990 1328 990 1327 990 1333 991 1334 991 1327 991 1340 992 1334 992 1333 992 1339 993 1340 993 1333 993 1346 994 1340 994 1339 994 1345 994 1346 994 1339 994 1349 501 1346 501 1345 501 1348 501 1349 501 1345 501 1343 504 1349 504 1348 504 1342 504 1343 504 1348 504 1337 995 1343 995 1342 995 1336 995 1337 995 1342 995 1331 996 1337 996 1336 996 1330 997 1331 997 1336 997 1325 998 1331 998 1330 998 1324 999 1325 999 1330 999 1319 353 1325 353 1324 353 1318 353 1319 353 1324 353 1313 1000 1319 1000 1318 1000 1312 1001 1313 1001 1318 1001 1307 1002 1313 1002 1312 1002 1306 1002 1307 1002 1312 1002 1301 1003 1307 1003 1306 1003 1300 1003 1301 1003 1306 1003 1295 870 1301 870 1300 870 1294 870 1295 870 1300 870 1289 624 1295 624 1294 624 1288 869 1289 869 1294 869 1283 1004 1289 1004 1288 1004 1282 1005 1283 1005 1288 1005 1277 775 1283 775 1282 775 1276 516 1277 516 1282 516 1271 1006 1277 1006 1276 1006 1270 1007 1271 1007 1276 1007 1265 777 1271 777 1270 777 1264 777 1265 777 1270 777 1259 1008 1265 1008 1264 1008 1258 1008 1259 1008 1264 1008 1253 1009 1259 1009 1258 1009 1252 1009 1253 1009 1258 1009 1247 1010 1253 1010 1252 1010 1246 1011 1247 1011 1252 1011 1241 785 1247 785 1246 785 1240 785 1241 785 1246 785 1235 1012 1241 1012 1240 1012 1234 1013 1235 1013 1240 1013 1228 788 1235 788 1234 788 1227 788 1228 788 1234 788 1222 1014 1228 1014 1227 1014 1221 790 1222 790 1227 790 1216 46 1222 46 1221 46 1215 46 1216 46 1221 46 1210 791 1216 791 1215 791 1209 791 1210 791 1215 791 1204 851 1210 851 1209 851 1203 793 1204 793 1209 793 1198 794 1204 794 1203 794 1197 1015 1198 1015 1203 1015 1192 795 1198 795 1197 795 1191 1016 1192 1016 1197 1016 1186 797 1192 797 1191 797 1185 1017 1186 1017 1191 1017 1180 1018 1186 1018 1185 1018 1179 1019 1180 1019 1185 1019 1174 1020 1180 1020 1179 1020 1173 1020 1174 1020 1179 1020 1168 801 1174 801 1173 801 1167 1021 1168 1021 1173 1021 1162 1022 1168 1022 1167 1022 1161 1023 1162 1023 1167 1023 1154 1024 1162 1024 1161 1024 1153 803 1154 803 1161 803 1148 1025 1154 1025 1153 1025 1147 1026 1148 1026 1153 1026 1142 581 1148 581 1147 581 1141 835 1142 835 1147 835 1136 297 1142 297 1141 297 1135 834 1136 834 1141 834 1130 1027 1136 1027 1135 1027 1129 1028 1130 1028 1135 1028 1124 1029 1130 1029 1129 1029 1123 1030 1124 1030 1129 1030 1118 808 1124 808 1123 808 1117 1031 1118 1031 1123 1031 1112 1032 1118 1032 1117 1032 1111 1033 1112 1033 1117 1033 1106 1034 1112 1034 1111 1034 1105 1035 1106 1035 1111 1035 1100 1036 1106 1036 1105 1036 1099 1037 1100 1037 1105 1037 1094 1038 1100 1038 1099 1038 1093 1039 1094 1039 1099 1039 8 1040 12 1040 13 1040 9 1041 8 1041 13 1041 10 1042 8 1042 9 1042 11 1043 10 1043 9 1043 14 1044 10 1044 11 1044 15 1044 14 1044 11 1044 18 1045 14 1045 15 1045 19 1046 18 1046 15 1046 22 1047 18 1047 19 1047 23 1048 22 1048 19 1048 26 1049 22 1049 23 1049 27 1049 26 1049 23 1049 30 1050 26 1050 27 1050 31 1051 30 1051 27 1051 34 1052 30 1052 31 1052 35 1053 34 1053 31 1053 38 1054 34 1054 35 1054 39 1055 38 1055 35 1055 42 1056 38 1056 39 1056 43 1056 42 1056 39 1056 46 1057 42 1057 43 1057 47 1057 46 1057 43 1057 50 1058 46 1058 47 1058 51 1059 50 1059 47 1059 57 1060 50 1060 51 1060 58 1061 57 1061 51 1061 62 1062 57 1062 58 1062 63 1063 62 1063 58 1063 66 1064 62 1064 63 1064 67 1065 66 1065 63 1065 70 1066 66 1066 67 1066 71 1067 70 1067 67 1067 75 1068 70 1068 71 1068 76 1069 75 1069 71 1069 79 1070 75 1070 76 1070 80 1071 79 1071 76 1071 84 1072 79 1072 80 1072 85 1073 84 1073 80 1073 88 1074 84 1074 85 1074 89 1074 88 1074 85 1074 92 1075 88 1075 89 1075 93 1075 92 1075 89 1075 98 1076 92 1076 93 1076 99 1077 98 1077 93 1077 102 1078 98 1078 99 1078 103 1079 102 1079 99 1079 107 1080 102 1080 103 1080 108 1081 107 1081 103 1081 111 1082 107 1082 108 1082 112 1083 111 1083 108 1083 115 1084 111 1084 112 1084 116 1085 115 1085 112 1085 120 1086 115 1086 116 1086 121 1087 120 1087 116 1087 124 1088 120 1088 121 1088 125 1089 124 1089 121 1089 128 1090 124 1090 125 1090 129 1091 128 1091 125 1091 132 1092 128 1092 129 1092 133 1093 132 1093 129 1093 140 1094 132 1094 133 1094 141 1095 140 1095 133 1095 144 1096 140 1096 141 1096 145 1096 144 1096 141 1096 148 1097 144 1097 145 1097 149 1097 148 1097 145 1097 152 1098 148 1098 149 1098 153 1099 152 1099 149 1099 156 1100 152 1100 153 1100 157 1101 156 1101 153 1101 160 1102 156 1102 157 1102 161 1102 160 1102 157 1102 164 1103 160 1103 161 1103 165 1103 164 1103 161 1103 168 1104 164 1104 165 1104 169 1105 168 1105 165 1105 172 1106 168 1106 169 1106 173 1107 172 1107 169 1107 176 1108 172 1108 173 1108 177 1108 176 1108 173 1108 180 1109 176 1109 177 1109 181 1109 180 1109 177 1109 184 1110 180 1110 181 1110 185 1111 184 1111 181 1111 188 1112 184 1112 185 1112 189 1113 188 1113 185 1113 192 1114 188 1114 189 1114 193 1115 192 1115 189 1115 229 1116 192 1116 193 1116 230 1117 229 1117 193 1117 251 1118 229 1118 230 1118 252 1119 251 1119 230 1119 269 1120 251 1120 252 1120 270 1121 269 1121 252 1121 280 1122 269 1122 270 1122 281 1123 280 1123 270 1123 297 1124 280 1124 281 1124 298 1125 297 1125 281 1125 307 1126 297 1126 298 1126 308 1126 307 1126 298 1126 317 1127 307 1127 308 1127 318 1128 317 1128 308 1128 327 1129 317 1129 318 1129 328 1130 327 1130 318 1130 337 1131 327 1131 328 1131 338 1132 337 1132 328 1132 347 1133 337 1133 338 1133 348 1133 347 1133 338 1133 359 1134 347 1134 348 1134 360 1134 359 1134 348 1134 369 1135 359 1135 360 1135 370 1135 369 1135 360 1135 379 1136 369 1136 370 1136 380 1137 379 1137 370 1137 383 1138 379 1138 380 1138 384 1138 383 1138 380 1138 393 1139 383 1139 384 1139 394 1139 393 1139 384 1139 403 1140 393 1140 394 1140 404 1141 403 1141 394 1141 407 1142 403 1142 404 1142 408 1143 407 1143 404 1143 411 1144 407 1144 408 1144 412 1145 411 1145 408 1145 422 1146 411 1146 412 1146 423 1146 422 1146 412 1146 426 1147 422 1147 423 1147 427 1147 426 1147 423 1147 430 1148 426 1148 427 1148 431 1148 430 1148 427 1148 434 1149 430 1149 431 1149 435 1149 434 1149 431 1149 438 1150 434 1150 435 1150 439 1151 438 1151 435 1151 436 1152 438 1152 439 1152 437 1153 436 1153 439 1153 432 1154 436 1154 437 1154 433 1154 432 1154 437 1154 428 1155 432 1155 433 1155 429 1155 428 1155 433 1155 424 1156 428 1156 429 1156 425 1156 424 1156 429 1156 413 1157 424 1157 425 1157 414 1157 413 1157 425 1157 409 1158 413 1158 414 1158 410 1159 409 1159 414 1159 405 1160 409 1160 410 1160 406 1161 405 1161 410 1161 395 1162 405 1162 406 1162 396 1163 395 1163 406 1163 385 1164 395 1164 396 1164 386 1164 385 1164 396 1164 381 1165 385 1165 386 1165 382 1165 381 1165 386 1165 371 1166 381 1166 382 1166 372 1167 371 1167 382 1167 361 1168 371 1168 372 1168 362 1168 361 1168 372 1168 349 1169 361 1169 362 1169 350 1169 349 1169 362 1169 339 1170 349 1170 350 1170 340 1170 339 1170 350 1170 329 1171 339 1171 340 1171 330 1172 329 1172 340 1172 319 1173 329 1173 330 1173 320 1174 319 1174 330 1174 309 1175 319 1175 320 1175 310 1176 309 1176 320 1176 299 1177 309 1177 310 1177 300 1177 299 1177 310 1177 282 1178 299 1178 300 1178 283 1179 282 1179 300 1179 271 1180 282 1180 283 1180 272 1181 271 1181 283 1181 253 1182 271 1182 272 1182 254 1183 253 1183 272 1183 231 1184 253 1184 254 1184 232 1185 231 1185 254 1185 194 1186 231 1186 232 1186 195 1187 194 1187 232 1187 190 1188 194 1188 195 1188 191 1189 190 1189 195 1189 186 1190 190 1190 191 1190 187 1191 186 1191 191 1191 182 1192 186 1192 187 1192 183 1193 182 1193 187 1193 178 1194 182 1194 183 1194 179 1194 178 1194 183 1194 174 1195 178 1195 179 1195 175 1195 174 1195 179 1195 170 1196 174 1196 175 1196 171 1197 170 1197 175 1197 166 1198 170 1198 171 1198 167 1199 166 1199 171 1199 162 1200 166 1200 167 1200 163 1200 162 1200 167 1200 158 1201 162 1201 163 1201 159 1201 158 1201 163 1201 154 1202 158 1202 159 1202 155 1203 154 1203 159 1203 150 1204 154 1204 155 1204 151 1205 150 1205 155 1205 146 1206 150 1206 151 1206 147 1206 146 1206 151 1206 142 1207 146 1207 147 1207 143 1207 142 1207 147 1207 134 1208 142 1208 143 1208 135 1209 134 1209 143 1209 130 1210 134 1210 135 1210 131 1211 130 1211 135 1211 126 1212 130 1212 131 1212 127 1213 126 1213 131 1213 122 1214 126 1214 127 1214 123 1215 122 1215 127 1215 117 1216 122 1216 123 1216 118 1217 117 1217 123 1217 113 1218 117 1218 118 1218 114 1219 113 1219 118 1219 109 1220 113 1220 114 1220 110 1221 109 1221 114 1221 104 1222 109 1222 110 1222 105 1223 104 1223 110 1223 100 1224 104 1224 105 1224 101 1225 100 1225 105 1225 94 1226 100 1226 101 1226 95 1227 94 1227 101 1227 90 1228 94 1228 95 1228 91 1228 90 1228 95 1228 86 1229 90 1229 91 1229 87 1229 86 1229 91 1229 81 1230 86 1230 87 1230 82 1231 81 1231 87 1231 77 1232 81 1232 82 1232 78 1233 77 1233 82 1233 72 1234 77 1234 78 1234 73 1235 72 1235 78 1235 68 1236 72 1236 73 1236 69 1237 68 1237 73 1237 64 1238 68 1238 69 1238 65 1239 64 1239 69 1239 59 1240 64 1240 65 1240 60 1241 59 1241 65 1241 52 1242 59 1242 60 1242 53 1243 52 1243 60 1243 48 1244 52 1244 53 1244 49 1245 48 1245 53 1245 44 1246 48 1246 49 1246 45 1246 44 1246 49 1246 40 1247 44 1247 45 1247 41 1247 40 1247 45 1247 36 1248 40 1248 41 1248 37 1249 36 1249 41 1249 32 1250 36 1250 37 1250 33 1251 32 1251 37 1251 28 1252 32 1252 33 1252 29 1253 28 1253 33 1253 24 1254 28 1254 29 1254 25 1254 24 1254 29 1254 20 1255 24 1255 25 1255 21 1256 20 1256 25 1256 16 1257 20 1257 21 1257 17 1258 16 1258 21 1258 12 1259 16 1259 17 1259 13 1259 12 1259 17 1259 1624 278 1630 278 1631 278 1625 279 1624 279 1631 279 1627 280 1624 280 1625 280 1628 281 1627 281 1625 281 1633 282 1627 282 1628 282 1634 1260 1633 1260 1628 1260 1639 284 1633 284 1634 284 1640 285 1639 285 1634 285 1645 286 1639 286 1640 286 1646 287 1645 287 1640 287 1651 1261 1645 1261 1646 1261 1652 574 1651 574 1646 574 1657 1262 1651 1262 1652 1262 1658 291 1657 291 1652 291 1663 1263 1657 1263 1658 1263 1664 1264 1663 1264 1658 1264 1669 832 1663 832 1664 832 1670 1265 1669 1265 1664 1265 1675 297 1669 297 1670 297 1676 297 1675 297 1670 297 1681 298 1675 298 1676 298 1682 1266 1681 1266 1676 1266 1687 583 1681 583 1682 583 1688 300 1687 300 1682 300 1694 1267 1687 1267 1688 1267 1695 302 1694 302 1688 302 1701 1268 1694 1268 1695 1268 1702 304 1701 304 1695 304 1707 305 1701 305 1702 305 1708 1269 1707 1269 1702 1269 1713 307 1707 307 1708 307 1714 1270 1713 1270 1708 1270 1719 309 1713 309 1714 309 1720 1271 1719 1271 1714 1271 1725 311 1719 311 1720 311 1726 848 1725 848 1720 848 1733 1272 1725 1272 1726 1272 1734 1273 1733 1273 1726 1273 1757 1274 1733 1274 1734 1274 1758 1275 1757 1275 1734 1275 1776 317 1757 317 1758 317 1777 1276 1776 1276 1758 1276 1786 1277 1776 1277 1777 1277 1787 1278 1786 1278 1777 1278 1800 46 1786 46 1787 46 1801 46 1800 46 1787 46 1815 321 1800 321 1801 321 1816 322 1815 322 1801 322 1825 1279 1815 1279 1816 1279 1826 1280 1825 1280 1816 1280 1836 1281 1825 1281 1826 1281 1837 326 1836 326 1826 326 1850 1282 1836 1282 1837 1282 1851 1283 1850 1283 1837 1283 1862 1284 1850 1284 1851 1284 1863 330 1862 330 1851 330 1872 1285 1862 1285 1863 1285 1873 1286 1872 1286 1863 1286 1884 1287 1872 1287 1873 1287 1885 1288 1884 1288 1873 1288 1894 335 1884 335 1885 335 1895 1289 1894 1289 1885 1289 1900 1290 1894 1290 1895 1290 1901 866 1900 866 1895 866 1910 1291 1900 1291 1901 1291 1911 1292 1910 1292 1901 1292 1920 867 1910 867 1911 867 1921 342 1920 342 1911 342 1934 344 1920 344 1921 344 1935 344 1934 344 1921 344 1944 1293 1934 1293 1935 1293 1945 1293 1944 1293 1935 1293 1950 1294 1944 1294 1945 1294 1951 1295 1950 1295 1945 1295 1956 349 1950 349 1951 349 1957 1296 1956 1296 1951 1296 1966 1297 1956 1297 1957 1297 1967 1298 1966 1298 1957 1298 1972 353 1966 353 1967 353 1973 877 1972 877 1967 877 1978 1299 1972 1299 1973 1299 1979 356 1978 356 1973 356 1984 1300 1978 1300 1979 1300 1985 358 1984 358 1979 358 1990 359 1984 359 1985 359 1991 360 1990 360 1985 360 1996 1301 1990 1301 1991 1301 1997 884 1996 884 1991 884 1993 501 1996 501 1997 501 1994 1302 1993 1302 1997 1302 1987 365 1993 365 1994 365 1988 366 1987 366 1994 366 1981 367 1987 367 1988 367 1982 1303 1981 1303 1988 1303 1975 369 1981 369 1982 369 1976 1304 1975 1304 1982 1304 1969 494 1975 494 1976 494 1970 372 1969 372 1976 372 1959 1305 1969 1305 1970 1305 1960 1306 1959 1306 1970 1306 1953 1307 1959 1307 1960 1307 1954 376 1953 376 1960 376 1947 1308 1953 1308 1954 1308 1948 1309 1947 1309 1954 1309 1937 1310 1947 1310 1948 1310 1938 1310 1937 1310 1948 1310 1923 381 1937 381 1938 381 1924 381 1923 381 1938 381 1913 383 1923 383 1924 383 1914 900 1913 900 1924 900 1903 1311 1913 1311 1914 1311 1904 1312 1903 1312 1914 1312 1897 901 1903 901 1904 901 1898 1313 1897 1313 1904 1313 1887 1314 1897 1314 1898 1314 1888 390 1887 390 1898 390 1875 1315 1887 1315 1888 1315 1876 1316 1875 1316 1888 1316 1865 1317 1875 1317 1876 1317 1866 1318 1865 1318 1876 1318 1853 395 1865 395 1866 395 1854 1319 1853 1319 1866 1319 1839 1320 1853 1320 1854 1320 1840 1321 1839 1321 1854 1321 1828 399 1839 399 1840 399 1829 1322 1828 1322 1840 1322 1818 1323 1828 1323 1829 1323 1819 1324 1818 1324 1829 1324 1803 403 1818 403 1819 403 1804 404 1803 404 1819 404 1789 48 1803 48 1804 48 1790 48 1789 48 1804 48 1779 1325 1789 1325 1790 1325 1780 1326 1779 1326 1790 1326 1760 1327 1779 1327 1780 1327 1761 408 1760 408 1780 408 1736 1328 1760 1328 1761 1328 1737 1329 1736 1329 1761 1329 1728 1330 1736 1330 1737 1330 1729 1331 1728 1331 1737 1331 1722 917 1728 917 1729 917 1723 414 1722 414 1729 414 1716 1332 1722 1332 1723 1332 1717 416 1716 416 1723 416 1710 1333 1716 1333 1717 1333 1711 418 1710 418 1717 418 1704 1334 1710 1334 1711 1334 1705 420 1704 420 1711 420 1697 421 1704 421 1705 421 1698 1335 1697 1335 1705 1335 1690 423 1697 423 1698 423 1691 1336 1690 1336 1698 1336 1684 425 1690 425 1691 425 1685 699 1684 699 1691 699 1678 1337 1684 1337 1685 1337 1679 427 1678 427 1685 427 1672 428 1678 428 1679 428 1673 428 1672 428 1679 428 1666 1338 1672 1338 1673 1338 1667 933 1666 933 1673 933 1660 1339 1666 1339 1667 1339 1661 1340 1660 1340 1667 1340 1654 434 1660 434 1661 434 1655 1341 1654 1341 1661 1341 1648 708 1654 708 1655 708 1649 1342 1648 1342 1655 1342 1642 438 1648 438 1649 438 1643 439 1642 439 1649 439 1636 440 1642 440 1643 440 1637 441 1636 441 1643 441 1630 1343 1636 1343 1637 1343 1631 443 1630 443 1637 443 1626 444 1629 444 1628 444 1625 444 1626 444 1628 444 1632 278 1626 278 1625 278 1631 278 1632 278 1625 278 1638 445 1632 445 1631 445 1637 1344 1638 1344 1631 1344 1644 446 1638 446 1637 446 1643 447 1644 447 1637 447 1650 448 1644 448 1643 448 1649 449 1650 449 1643 449 1656 723 1650 723 1649 723 1655 723 1656 723 1649 723 1662 1345 1656 1345 1655 1345 1661 452 1662 452 1655 452 1668 454 1662 454 1661 454 1667 453 1668 453 1661 453 1674 961 1668 961 1667 961 1673 961 1674 961 1667 961 1680 428 1674 428 1673 428 1679 428 1680 428 1673 428 1686 427 1680 427 1679 427 1685 1337 1686 1337 1679 1337 1692 458 1686 458 1685 458 1691 458 1692 458 1685 458 1699 1346 1692 1346 1691 1346 1698 459 1699 459 1691 459 1706 1347 1699 1347 1698 1347 1705 461 1706 461 1698 461 1712 462 1706 462 1705 462 1711 462 1712 462 1705 462 1718 464 1712 464 1711 464 1717 464 1718 464 1711 464 1724 466 1718 466 1717 466 1723 1348 1724 1348 1717 1348 1730 467 1724 467 1723 467 1729 735 1730 735 1723 735 1738 1349 1730 1349 1729 1349 1737 468 1738 468 1729 468 1762 1350 1738 1350 1737 1350 1761 1351 1762 1351 1737 1351 1781 408 1762 408 1761 408 1780 1327 1781 1327 1761 1327 1791 471 1781 471 1780 471 1790 406 1791 406 1780 406 1805 48 1791 48 1790 48 1804 48 1805 48 1790 48 1820 472 1805 472 1804 472 1819 473 1820 473 1804 473 1830 1324 1820 1324 1819 1324 1829 1323 1830 1323 1819 1323 1841 977 1830 977 1829 977 1840 475 1841 475 1829 475 1855 1321 1841 1321 1840 1321 1854 476 1855 476 1840 476 1867 479 1855 479 1854 479 1866 479 1867 479 1854 479 1877 481 1867 481 1866 481 1876 1352 1877 1352 1866 1352 1889 483 1877 483 1876 483 1888 482 1889 482 1876 482 1899 484 1889 484 1888 484 1898 1353 1899 1353 1888 1353 1905 983 1899 983 1898 983 1904 983 1905 983 1898 983 1915 1354 1905 1354 1904 1354 1914 1355 1915 1355 1904 1355 1925 984 1915 984 1914 984 1924 489 1925 489 1914 489 1939 381 1925 381 1924 381 1938 381 1939 381 1924 381 1949 1310 1939 1310 1938 1310 1948 1310 1949 1310 1938 1310 1955 1356 1949 1356 1948 1356 1954 1356 1955 1356 1948 1356 1961 491 1955 491 1954 491 1960 1357 1961 1357 1954 1357 1971 493 1961 493 1960 493 1970 492 1971 492 1960 492 1977 494 1971 494 1970 494 1976 494 1977 494 1970 494 1983 1358 1977 1358 1976 1358 1982 497 1983 497 1976 497 1989 499 1983 499 1982 499 1988 499 1989 499 1982 499 1995 500 1989 500 1988 500 1994 500 1995 500 1988 500 1998 1359 1995 1359 1994 1359 1997 501 1998 501 1994 501 1992 504 1998 504 1997 504 1991 1360 1992 1360 1997 1360 1986 505 1992 505 1991 505 1985 505 1986 505 1991 505 1980 506 1986 506 1985 506 1979 506 1980 506 1985 506 1974 508 1980 508 1979 508 1973 1361 1974 1361 1979 1361 1968 353 1974 353 1973 353 1967 353 1968 353 1973 353 1958 512 1968 512 1967 512 1957 511 1958 511 1967 511 1952 1362 1958 1362 1957 1362 1951 513 1952 513 1957 513 1946 1363 1952 1363 1951 1363 1945 1363 1946 1363 1951 1363 1936 1293 1946 1293 1945 1293 1935 1293 1936 1293 1945 1293 1922 344 1936 344 1935 344 1921 344 1922 344 1935 344 1912 515 1922 515 1921 515 1911 1005 1912 1005 1921 1005 1902 1364 1912 1364 1911 1364 1901 1365 1902 1365 1911 1365 1896 1006 1902 1006 1901 1006 1895 1006 1896 1006 1901 1006 1886 1366 1896 1366 1895 1366 1885 519 1886 519 1895 519 1874 521 1886 521 1885 521 1873 520 1874 520 1885 520 1864 1367 1874 1367 1873 1367 1863 522 1864 522 1873 522 1852 524 1864 524 1863 524 1851 524 1852 524 1863 524 1838 527 1852 527 1851 527 1837 1368 1838 1368 1851 1368 1827 528 1838 528 1837 528 1826 1012 1827 1012 1837 1012 1817 1280 1827 1280 1826 1280 1816 1369 1817 1369 1826 1369 1802 532 1817 532 1816 532 1801 533 1802 533 1816 533 1788 46 1802 46 1801 46 1787 46 1788 46 1801 46 1778 535 1788 535 1787 535 1777 534 1778 534 1787 534 1759 1276 1778 1276 1777 1276 1758 317 1759 317 1777 317 1735 1370 1759 1370 1758 1370 1734 1371 1735 1371 1758 1371 1727 539 1735 539 1734 539 1726 1372 1727 1372 1734 1372 1721 797 1727 797 1726 797 1720 540 1721 540 1726 540 1715 1373 1721 1373 1720 1373 1714 541 1715 541 1720 541 1709 543 1715 543 1714 543 1708 543 1709 543 1714 543 1703 545 1709 545 1708 545 1702 545 1703 545 1708 545 1696 546 1703 546 1702 546 1695 1374 1696 1374 1702 1374 1689 548 1696 548 1695 548 1688 1375 1689 1375 1695 1375 1683 549 1689 549 1688 549 1682 549 1683 549 1688 549 1677 1266 1683 1266 1682 1266 1676 298 1677 298 1682 298 1671 297 1677 297 1676 297 1670 297 1671 297 1676 297 1665 1028 1671 1028 1670 1028 1664 1028 1665 1028 1670 1028 1659 554 1665 554 1664 554 1658 553 1659 553 1664 553 1653 555 1659 555 1658 555 1652 1376 1653 1376 1658 1376 1647 809 1653 809 1652 809 1646 809 1647 809 1652 809 1641 558 1647 558 1646 558 1640 559 1641 559 1646 559 1635 560 1641 560 1640 560 1634 561 1635 561 1640 561 1629 1377 1635 1377 1634 1377 1628 562 1629 562 1634 562 556 1378 562 1378 563 1378 557 279 556 279 563 279 559 280 556 280 557 280 560 1379 559 1379 557 1379 565 1380 559 1380 560 1380 566 1381 565 1381 560 1381 571 284 565 284 566 284 572 1382 571 1382 566 1382 577 286 571 286 572 286 578 1383 577 1383 572 1383 583 1384 577 1384 578 1384 584 1385 583 1385 578 1385 589 575 583 575 584 575 590 829 589 829 584 829 595 292 589 292 590 292 596 1386 595 1386 590 1386 601 1387 595 1387 596 1387 602 295 601 295 596 295 607 1388 601 1388 602 1388 608 297 607 297 602 297 613 582 607 582 608 582 614 582 613 582 608 582 619 583 613 583 614 583 620 300 619 300 614 300 627 1389 619 1389 620 1389 628 1390 627 1390 620 1390 633 1391 627 1391 628 1391 634 840 633 840 628 840 639 1392 633 1392 634 1392 640 588 639 588 634 588 645 1393 639 1393 640 1393 646 1394 645 1394 640 1394 651 1395 645 1395 646 1395 652 1396 651 1396 646 1396 657 1397 651 1397 652 1397 658 1398 657 1398 652 1398 663 1272 657 1272 658 1272 664 1399 663 1399 658 1399 671 1274 663 1274 664 1274 672 1400 671 1400 664 1400 677 1401 671 1401 672 1401 678 1276 677 1276 672 1276 684 1277 677 1277 678 1277 685 1402 684 1402 678 1402 690 46 684 46 685 46 691 46 690 46 685 46 696 1403 690 1403 691 1403 697 1404 696 1404 691 1404 702 1405 696 1405 697 1405 703 1280 702 1280 697 1280 708 1281 702 1281 703 1281 709 856 708 856 703 856 714 1406 708 1406 709 1406 715 1407 714 1407 709 1407 720 1408 714 1408 715 1408 721 1409 720 1409 715 1409 728 1410 720 1410 721 1410 729 613 728 613 721 613 737 1287 728 1287 729 1287 738 1411 737 1411 729 1411 743 1412 737 1412 738 1412 744 1413 743 1413 738 1413 749 1290 743 1290 744 1290 750 866 749 866 744 866 755 1414 749 1414 750 1414 756 340 755 340 750 340 761 622 755 622 756 622 762 1415 761 1415 756 1415 767 869 761 869 762 869 768 869 767 869 762 869 773 1416 767 1416 768 1416 774 345 773 345 768 345 779 1417 773 1417 774 1417 780 1418 779 1418 774 1418 785 1419 779 1419 780 1419 786 1420 785 1420 780 1420 791 630 785 630 786 630 792 1298 791 1298 786 1298 797 353 791 353 792 353 798 877 797 877 792 877 803 355 797 355 798 355 804 635 803 635 798 635 809 1300 803 1300 804 1300 810 1421 809 1421 804 1421 815 882 809 882 810 882 816 360 815 360 810 360 821 361 815 361 816 361 822 884 821 884 816 884 818 501 821 501 822 501 819 364 818 364 822 364 812 365 818 365 819 365 813 886 812 886 819 886 806 1422 812 1422 813 1422 807 1303 806 1303 813 1303 800 648 806 648 807 648 801 370 800 370 807 370 794 494 800 494 801 494 795 372 794 372 801 372 788 1305 794 1305 795 1305 789 653 788 653 795 653 782 1423 788 1423 789 1423 783 1424 782 1424 789 1424 776 1425 782 1425 783 1425 777 1426 776 1426 783 1426 770 380 776 380 777 380 771 1427 770 1427 777 1427 764 898 770 898 771 898 765 898 764 898 771 898 758 1428 764 1428 765 1428 759 661 758 661 765 661 752 385 758 385 759 385 753 1429 752 1429 759 1429 746 901 752 901 753 901 747 1313 746 1313 753 1313 740 1430 746 1430 747 1430 741 1431 740 1431 747 1431 731 1432 740 1432 741 1432 732 1316 731 1316 741 1316 723 670 731 670 732 670 724 1433 723 1433 732 1433 717 1434 723 1434 724 1434 718 1435 717 1435 724 1435 711 1436 717 1436 718 1436 712 1437 711 1437 718 1437 705 910 711 910 712 910 706 1322 705 1322 712 1322 699 1323 705 1323 706 1323 700 1323 699 1323 706 1323 693 1438 699 1438 700 1438 694 1439 693 1439 700 1439 687 48 693 48 694 48 688 48 687 48 694 48 680 1440 687 1440 688 1440 681 1326 680 1326 688 1326 674 1327 680 1327 681 1327 675 1441 674 1441 681 1441 666 1442 674 1442 675 1442 667 1329 666 1329 675 1329 660 1443 666 1443 667 1443 661 1331 660 1331 667 1331 654 1444 660 1444 661 1444 655 1445 654 1445 661 1445 648 1446 654 1446 655 1446 649 1447 648 1447 655 1447 642 1448 648 1448 649 1448 643 1449 642 1449 649 1449 636 694 642 694 643 694 637 1450 636 1450 643 1450 630 925 636 925 637 925 631 1451 630 1451 637 1451 622 1452 630 1452 631 1452 623 1453 622 1453 631 1453 616 425 622 425 623 425 617 699 616 699 623 699 610 700 616 700 617 700 611 700 610 700 617 700 604 428 610 428 611 428 605 1454 604 1454 611 1454 598 430 604 430 605 430 599 1455 598 1455 605 1455 592 1456 598 1456 599 1456 593 433 592 433 599 433 586 936 592 936 593 936 587 707 586 707 593 707 580 1457 586 1457 587 1457 581 1458 580 1458 587 1458 574 1459 580 1459 581 1459 575 439 574 439 581 439 568 1460 574 1460 575 1460 569 441 568 441 575 441 562 1461 568 1461 569 1461 563 1462 562 1462 569 1462 558 1463 561 1463 560 1463 557 444 558 444 560 444 564 278 558 278 557 278 563 1464 564 1464 557 1464 570 1465 564 1465 563 1465 569 1465 570 1465 563 1465 576 446 570 446 569 446 575 1466 576 1466 569 1466 582 448 576 448 575 448 581 954 582 954 575 954 588 1467 582 1467 581 1467 587 956 588 956 581 956 594 724 588 724 587 724 593 724 594 724 587 724 600 453 594 453 593 453 599 1468 600 1468 593 1468 606 1469 600 1469 599 1469 605 456 606 456 599 456 612 1454 606 1454 605 1454 611 428 612 428 605 428 618 700 612 700 611 700 617 700 618 700 611 700 624 458 618 458 617 458 623 458 624 458 617 458 632 1470 624 1470 623 1470 631 1346 632 1346 623 1346 638 1471 632 1471 631 1471 637 967 638 967 631 967 644 732 638 732 637 732 643 732 644 732 637 732 650 1472 644 1472 643 1472 649 1472 650 1472 643 1472 656 1473 650 1473 649 1473 655 1474 656 1474 649 1474 662 1475 656 1475 655 1475 661 1475 662 1475 655 1475 668 1349 662 1349 661 1349 667 1476 668 1476 661 1476 676 1350 668 1350 667 1350 675 1477 676 1477 667 1477 682 1441 676 1441 675 1441 681 1327 682 1327 675 1327 689 471 682 471 681 471 688 1440 689 1440 681 1440 695 48 689 48 688 48 694 48 695 48 688 48 701 1478 695 1478 694 1478 700 472 701 472 694 472 707 1323 701 1323 700 1323 706 1323 707 1323 700 1323 713 977 707 977 706 977 712 977 713 977 706 977 719 477 713 477 712 477 718 1479 719 1479 712 1479 725 979 719 979 718 979 724 978 725 978 718 978 733 1352 725 1352 724 1352 732 746 733 746 724 746 742 483 733 483 732 483 741 1480 742 1480 732 1480 748 1481 742 1481 741 1481 747 1481 748 1481 741 1481 754 983 748 983 747 983 753 983 754 983 747 983 760 1482 754 1482 753 1482 759 488 760 488 753 488 766 754 760 754 759 754 765 984 766 984 759 984 772 898 766 898 765 898 771 898 772 898 765 898 778 1427 772 1427 771 1427 777 380 778 380 771 380 784 1483 778 1483 777 1483 783 1483 784 1483 777 1483 790 1484 784 1484 783 1484 789 1484 790 1484 783 1484 796 757 790 757 789 757 795 492 796 492 789 492 802 494 796 494 795 494 801 494 802 494 795 494 808 496 802 496 801 496 807 759 808 759 801 759 814 499 808 499 807 499 813 1485 814 1485 807 1485 820 994 814 994 813 994 819 500 820 500 813 500 823 501 820 501 819 501 822 501 823 501 819 501 817 504 823 504 822 504 816 504 817 504 822 504 811 505 817 505 816 505 810 995 811 995 816 995 805 1486 811 1486 810 1486 804 506 805 506 810 506 799 768 805 768 804 768 798 509 799 509 804 509 793 353 799 353 798 353 792 353 793 353 798 353 787 512 793 512 792 512 786 771 787 771 792 771 781 1487 787 1487 786 1487 780 1487 781 1487 786 1487 775 1488 781 1488 780 1488 774 1488 775 1488 780 1488 769 345 775 345 774 345 768 1416 769 1416 774 1416 763 869 769 869 768 869 762 869 763 869 768 869 757 1005 763 1005 762 1005 756 774 757 774 762 774 751 516 757 516 756 516 750 1489 751 1489 756 1489 745 1006 751 1006 750 1006 744 1006 745 1006 750 1006 739 1490 745 1490 744 1490 738 1490 739 1490 744 1490 730 1491 739 1491 738 1491 729 520 730 520 738 520 722 781 730 781 729 781 721 1367 722 1367 729 1367 716 1011 722 1011 721 1011 715 1010 716 1010 721 1010 710 1492 716 1492 715 1492 709 526 710 526 715 526 704 1012 710 1012 709 1012 703 1012 704 1012 709 1012 698 1280 704 1280 703 1280 697 1280 698 1280 703 1280 692 533 698 533 697 533 691 1493 692 1493 697 1493 686 46 692 46 691 46 685 46 686 46 691 46 679 1494 686 1494 685 1494 678 534 679 534 685 534 673 1276 679 1276 678 1276 672 1495 673 1495 678 1495 665 1496 673 1496 672 1496 664 1371 665 1371 672 1371 659 1497 665 1497 664 1497 658 1372 659 1372 664 1372 653 1498 659 1498 658 1498 652 1498 653 1498 658 1498 647 1499 653 1499 652 1499 646 1500 647 1500 652 1500 641 1501 647 1501 646 1501 640 1501 641 1501 646 1501 635 800 641 800 640 800 634 800 635 800 640 800 629 1022 635 1022 634 1022 628 1502 629 1502 634 1502 621 1375 629 1375 628 1375 620 1503 621 1503 628 1503 615 549 621 549 620 549 614 549 615 549 620 549 609 582 615 582 614 582 608 582 609 582 614 582 603 297 609 297 608 297 602 1388 603 1388 608 1388 597 551 603 551 602 551 596 1504 597 1504 602 1504 591 1505 597 1505 596 1505 590 554 591 554 596 554 585 808 591 808 590 808 584 808 585 808 590 808 579 1033 585 1033 584 1033 578 1506 579 1506 584 1506 573 1035 579 1035 578 1035 572 559 573 559 578 559 567 1507 573 1507 572 1507 566 561 567 561 572 561 561 1508 567 1508 566 1508 560 1508 561 1508 566 1508 196 1509 202 1509 203 1509 197 279 196 279 203 279 199 280 196 280 197 280 200 1510 199 1510 197 1510 205 282 199 282 200 282 206 283 205 283 200 283 211 284 205 284 206 284 212 1511 211 1511 206 1511 217 1512 211 1512 212 1512 218 287 217 287 212 287 223 288 217 288 218 288 224 1513 223 1513 218 1513 233 1262 223 1262 224 1262 234 291 233 291 224 291 239 292 233 292 234 292 240 1264 239 1264 234 1264 245 832 239 832 240 832 246 295 245 295 240 295 255 297 245 297 246 297 256 296 255 296 246 296 263 1266 255 1266 256 1266 264 298 263 298 256 298 273 583 263 583 264 583 274 1514 273 1514 264 1514 284 1515 273 1515 274 1515 285 1390 284 1390 274 1390 291 546 284 546 285 546 292 304 291 304 285 304 301 305 291 305 292 305 302 1269 301 1269 292 1269 311 1516 301 1516 302 1516 312 1270 311 1270 302 1270 321 1395 311 1395 312 1395 322 310 321 310 312 310 331 592 321 592 322 592 332 848 331 848 322 848 341 313 331 313 332 313 342 1517 341 1517 332 1517 351 1518 341 1518 342 1518 352 1519 351 1519 342 1519 363 1520 351 1520 352 1520 364 1521 363 1521 352 1521 373 319 363 319 364 319 374 320 373 320 364 320 387 46 373 46 374 46 388 46 387 46 374 46 397 1522 387 1522 388 1522 398 1404 397 1404 388 1404 415 1405 397 1405 398 1405 416 324 415 324 398 324 440 1281 415 1281 416 1281 441 856 440 856 416 856 446 327 440 327 441 327 447 1283 446 1283 441 1283 452 1284 446 1284 447 1284 453 1523 452 1523 447 1523 458 1285 452 1285 453 1285 459 1286 458 1286 453 1286 464 1524 458 1524 459 1524 465 1525 464 1525 459 1525 470 1526 464 1526 465 1526 471 336 470 336 465 336 476 337 470 337 471 337 477 1527 476 1527 471 1527 482 339 476 339 477 339 483 340 482 340 477 340 488 341 482 341 483 341 489 342 488 342 483 342 494 344 488 344 489 344 495 343 494 343 489 343 500 345 494 345 495 345 501 345 500 345 495 345 506 1294 500 1294 501 1294 507 1418 506 1418 501 1418 512 1528 506 1528 507 1528 513 1296 512 1296 507 1296 518 351 512 351 513 351 519 352 518 352 513 352 524 1529 518 1529 519 1529 525 1530 524 1530 519 1530 530 1299 524 1299 525 1299 531 1531 530 1531 525 1531 536 357 530 357 531 357 537 358 536 358 531 358 542 359 536 359 537 359 543 1532 542 1532 537 1532 548 1533 542 1533 543 1533 549 1534 548 1534 543 1534 545 1359 548 1359 549 1359 546 1535 545 1535 549 1535 539 1536 545 1536 546 1536 540 366 539 366 546 366 533 367 539 367 540 367 534 368 533 368 540 368 527 1537 533 1537 534 1537 528 1304 527 1304 534 1304 521 1538 527 1538 528 1538 522 1539 521 1539 528 1539 515 373 521 373 522 373 516 374 515 374 522 374 509 1307 515 1307 516 1307 510 1540 509 1540 516 1540 503 1425 509 1425 510 1425 504 1309 503 1309 510 1309 497 380 503 380 504 380 498 380 497 380 504 380 491 382 497 382 498 382 492 381 491 381 498 381 485 383 491 383 492 383 486 384 485 384 492 384 479 385 485 385 486 385 480 386 479 386 486 386 473 1541 479 1541 480 1541 474 388 473 388 480 388 467 389 473 389 474 389 468 1542 467 1542 474 1542 461 1543 467 1543 468 1543 462 1544 461 1544 468 1544 455 1317 461 1317 462 1317 456 1318 455 1318 462 1318 449 1545 455 1545 456 1545 450 1319 449 1319 456 1319 443 1320 449 1320 450 1320 444 398 443 398 450 398 418 910 443 910 444 910 419 1322 418 1322 444 1322 400 401 418 401 419 401 401 1323 400 1323 419 1323 390 1438 400 1438 401 1438 391 473 390 473 401 473 376 48 390 48 391 48 377 48 376 48 391 48 366 405 376 405 377 405 367 406 366 406 377 406 354 1546 366 1546 367 1546 355 1327 354 1327 367 1327 344 1547 354 1547 355 1547 345 1548 344 1548 355 1548 334 1549 344 1549 345 1549 335 412 334 412 345 412 324 917 334 917 335 917 325 690 324 690 335 690 314 415 324 415 325 415 315 1447 314 1447 325 1447 304 1333 314 1333 315 1333 305 1550 304 1550 315 1550 294 1334 304 1334 305 1334 295 420 294 420 305 420 287 421 294 421 295 421 288 1551 287 1551 295 1551 276 1452 287 1452 288 1452 277 1552 276 1552 288 1552 266 1553 276 1553 277 1553 267 699 266 699 277 699 258 427 266 427 267 427 259 1337 258 1337 267 1337 248 429 258 429 259 429 249 428 248 428 259 428 242 430 248 430 249 430 243 933 242 933 249 933 236 1339 242 1339 243 1339 237 433 236 433 243 433 226 434 236 434 237 434 227 1341 226 1341 237 1341 220 1554 226 1554 227 1554 221 437 220 437 227 437 214 438 220 438 221 438 215 1555 214 1555 221 1555 208 1556 214 1556 215 1556 209 441 208 441 215 441 202 442 208 442 209 442 203 443 202 443 209 443 198 1557 201 1557 200 1557 197 444 198 444 200 444 204 278 198 278 197 278 203 1558 204 1558 197 1558 210 445 204 445 203 445 209 445 210 445 203 445 216 446 210 446 209 446 215 446 216 446 209 446 222 1559 216 1559 215 1559 221 449 222 449 215 449 228 450 222 450 221 450 227 1554 228 1554 221 1554 238 1345 228 1345 227 1345 237 452 238 452 227 452 244 453 238 453 237 453 243 453 244 453 237 453 250 961 244 961 243 961 249 456 250 456 243 456 260 428 250 428 249 428 259 429 260 429 249 429 268 1337 260 1337 259 1337 267 427 268 427 259 427 278 458 268 458 267 458 277 457 278 457 267 457 289 1560 278 1560 277 1560 288 1346 289 1346 277 1346 296 461 289 461 288 461 295 461 296 461 288 461 306 462 296 462 295 462 305 462 306 462 295 462 316 465 306 465 305 465 315 464 316 464 305 464 326 1473 316 1473 315 1473 325 466 326 466 315 466 336 735 326 735 325 735 335 735 336 735 325 735 346 468 336 468 335 468 345 1349 346 1349 335 1349 356 1351 346 1351 345 1351 355 1350 356 1350 345 1350 368 1327 356 1327 355 1327 367 1546 368 1546 355 1546 378 406 368 406 367 406 377 471 378 471 367 471 392 48 378 48 377 48 391 48 392 48 377 48 402 473 392 473 391 473 401 472 402 472 391 472 420 1323 402 1323 401 1323 419 401 420 401 401 401 445 977 420 977 419 977 444 977 445 977 419 977 451 476 445 476 444 476 450 476 451 476 444 476 457 479 451 479 450 479 456 478 457 478 450 478 463 481 457 481 456 481 462 1352 463 1352 456 1352 469 1561 463 1561 462 1561 468 1561 469 1561 462 1561 475 485 469 485 468 485 474 485 475 485 468 485 481 486 475 486 474 486 480 486 481 486 474 486 487 488 481 488 480 488 486 488 487 488 480 488 493 489 487 489 486 489 492 489 493 489 486 489 499 381 493 381 492 381 498 382 499 382 492 382 505 380 499 380 498 380 504 380 505 380 498 380 511 1356 505 1356 504 1356 510 1483 511 1483 504 1483 517 1357 511 1357 510 1357 516 1357 517 1357 510 1357 523 492 517 492 516 492 522 493 523 493 516 493 529 1562 523 1562 522 1562 528 1562 529 1562 522 1562 535 1358 529 1358 528 1358 534 496 535 496 528 496 541 498 535 498 534 498 540 499 541 499 534 499 547 500 541 500 540 500 546 1563 547 1563 540 1563 550 502 547 502 546 502 549 1359 550 1359 546 1359 544 1360 550 1360 549 1360 543 503 544 503 549 503 538 1564 544 1564 543 1564 537 505 538 505 543 505 532 506 538 506 537 506 531 507 532 507 537 507 526 509 532 509 531 509 525 1361 526 1361 531 1361 520 1565 526 1565 525 1565 519 1565 520 1565 525 1565 514 511 520 511 519 511 513 512 514 512 519 512 508 1362 514 1362 513 1362 507 1362 508 1362 513 1362 502 1488 508 1488 507 1488 501 1363 502 1363 507 1363 496 345 502 345 501 345 495 345 496 345 501 345 490 343 496 343 495 343 489 344 490 344 495 344 484 515 490 515 489 515 483 515 484 515 489 515 478 516 484 516 483 516 477 516 478 516 483 516 472 337 478 337 477 337 471 337 472 337 477 337 466 518 472 518 471 518 465 518 466 518 471 518 460 1566 466 1566 465 1566 459 1566 460 1566 465 1566 454 1367 460 1367 459 1367 453 522 454 522 459 522 448 525 454 525 453 525 447 524 448 524 453 524 442 527 448 527 447 527 441 527 442 527 447 527 417 1012 442 1012 441 1012 416 1012 417 1012 441 1012 399 530 417 530 416 530 398 1280 399 1280 416 1280 389 533 399 533 398 533 388 532 389 532 398 532 375 46 389 46 388 46 374 46 375 46 388 46 365 534 375 534 374 534 364 535 365 535 374 535 353 1567 365 1567 364 1567 352 1276 353 1276 364 1276 343 1371 353 1371 352 1371 342 1370 343 1370 352 1370 333 1372 343 1372 342 1372 332 539 333 539 342 539 323 797 333 797 332 797 322 797 323 797 332 797 313 541 323 541 322 541 312 1500 313 1500 322 1500 303 543 313 543 312 543 302 542 303 542 312 542 293 545 303 545 302 545 292 545 293 545 302 545 286 546 293 546 292 546 285 546 286 546 292 546 275 1375 286 1375 285 1375 274 1568 275 1568 285 1568 265 550 275 550 274 550 264 549 265 549 274 549 257 298 265 298 264 298 256 1266 257 1266 264 1266 247 296 257 296 256 296 246 297 247 297 256 297 241 551 247 551 246 551 240 1028 241 1028 246 1028 235 554 241 554 240 554 234 554 235 554 240 554 225 555 235 555 234 555 224 1376 225 1376 234 1376 219 1569 225 1569 224 1569 218 557 219 557 224 557 213 558 219 558 218 558 212 1570 213 1570 218 1570 207 561 213 561 212 561 206 561 207 561 212 561 201 562 207 562 206 562 200 562 201 562 206 562 1352 1571 1358 1571 1359 1571 1353 1572 1352 1572 1359 1572 1355 1573 1352 1573 1353 1573 1356 1574 1355 1574 1353 1574 1361 1575 1355 1575 1356 1575 1362 1576 1361 1576 1356 1576 1367 1577 1361 1577 1362 1577 1368 1511 1367 1511 1362 1511 1373 824 1367 824 1368 824 1374 1578 1373 1578 1368 1578 1379 1569 1373 1569 1374 1569 1380 1513 1379 1513 1374 1513 1385 1579 1379 1579 1380 1579 1386 1580 1385 1580 1380 1580 1392 1263 1385 1263 1386 1263 1393 1581 1392 1581 1386 1581 1398 294 1392 294 1393 294 1399 1582 1398 1582 1393 1582 1404 297 1398 297 1399 297 1405 1583 1404 1583 1399 1583 1410 582 1404 582 1405 582 1411 582 1410 582 1405 582 1416 583 1410 583 1411 583 1417 300 1416 300 1411 300 1423 301 1416 301 1417 301 1424 1584 1423 1584 1417 1584 1430 1585 1423 1585 1424 1585 1431 1586 1430 1586 1424 1586 1437 1587 1430 1587 1431 1587 1438 1588 1437 1588 1431 1588 1443 1393 1437 1393 1438 1393 1444 1270 1443 1270 1438 1270 1449 1589 1443 1589 1444 1589 1450 1590 1449 1590 1444 1590 1455 592 1449 592 1450 592 1456 848 1455 848 1450 848 1461 313 1455 313 1456 313 1462 1273 1461 1273 1456 1273 1469 1274 1461 1274 1462 1274 1470 1519 1469 1519 1462 1519 1478 1591 1469 1591 1470 1591 1479 1592 1478 1592 1470 1592 1484 852 1478 852 1479 852 1485 601 1484 601 1479 601 1490 46 1484 46 1485 46 1491 46 1490 46 1485 46 1496 602 1490 602 1491 602 1497 603 1496 603 1491 603 1502 1593 1496 1593 1497 1593 1503 1594 1502 1594 1497 1594 1508 1595 1502 1595 1503 1595 1509 1596 1508 1596 1503 1596 1514 1597 1508 1597 1509 1597 1515 328 1514 328 1509 328 1520 1598 1514 1598 1515 1598 1521 330 1520 330 1515 330 1526 1285 1520 1285 1521 1285 1527 332 1526 332 1521 332 1532 1599 1526 1599 1527 1599 1533 1411 1532 1411 1527 1411 1538 1412 1532 1412 1533 1412 1539 1413 1538 1413 1533 1413 1544 618 1538 618 1539 618 1545 1527 1544 1527 1539 1527 1550 339 1544 339 1545 339 1551 340 1550 340 1545 340 1556 341 1550 341 1551 341 1557 342 1556 342 1551 342 1562 869 1556 869 1557 869 1563 869 1562 869 1557 869 1568 345 1562 345 1563 345 1569 1600 1568 1600 1563 1600 1574 347 1568 347 1569 347 1575 872 1574 872 1569 872 1580 1419 1574 1419 1575 1419 1581 350 1580 350 1575 350 1586 630 1580 630 1581 630 1587 631 1586 631 1581 631 1592 1601 1586 1601 1587 1601 1593 1530 1592 1530 1587 1530 1598 1299 1592 1299 1593 1299 1599 1602 1598 1602 1593 1602 1604 1603 1598 1603 1599 1603 1605 1604 1604 1604 1599 1604 1610 1605 1604 1605 1605 1605 1611 360 1610 360 1605 360 1616 1606 1610 1606 1611 1606 1617 884 1616 884 1611 884 1613 501 1616 501 1617 501 1614 1607 1613 1607 1617 1607 1607 365 1613 365 1614 365 1608 1608 1607 1608 1614 1608 1601 1609 1607 1609 1608 1609 1602 1610 1601 1610 1608 1610 1595 1611 1601 1611 1602 1611 1596 1304 1595 1304 1602 1304 1589 1538 1595 1538 1596 1538 1590 1612 1589 1612 1596 1612 1583 652 1589 652 1590 652 1584 653 1583 653 1590 653 1577 375 1583 375 1584 375 1578 1424 1577 1424 1584 1424 1571 895 1577 895 1578 895 1572 378 1571 378 1578 378 1565 1613 1571 1613 1572 1613 1566 380 1565 380 1572 380 1559 898 1565 898 1566 898 1560 898 1559 898 1566 898 1553 383 1559 383 1560 383 1554 384 1553 384 1560 384 1547 385 1553 385 1554 385 1548 386 1547 386 1554 386 1541 1541 1547 1541 1548 1541 1542 665 1541 665 1548 665 1535 1430 1541 1430 1542 1430 1536 1431 1535 1431 1542 1431 1529 1432 1535 1432 1536 1432 1530 1614 1529 1614 1536 1614 1523 393 1529 393 1530 393 1524 1318 1523 1318 1530 1318 1517 395 1523 395 1524 395 1518 1615 1517 1615 1524 1615 1511 397 1517 397 1518 397 1512 1616 1511 1616 1518 1616 1505 1617 1511 1617 1512 1617 1506 1618 1505 1618 1512 1618 1499 1619 1505 1619 1506 1619 1500 1619 1499 1619 1506 1619 1493 680 1499 680 1500 680 1494 681 1493 681 1500 681 1487 48 1493 48 1494 48 1488 48 1487 48 1494 48 1481 682 1487 682 1488 682 1482 913 1481 913 1488 913 1472 408 1481 408 1482 408 1473 1620 1472 1620 1482 1620 1464 1547 1472 1547 1473 1547 1465 1329 1464 1329 1473 1329 1458 1330 1464 1330 1465 1330 1459 412 1458 412 1465 412 1452 917 1458 917 1459 917 1453 690 1452 690 1459 690 1446 1621 1452 1621 1453 1621 1447 1622 1446 1622 1453 1622 1440 1333 1446 1333 1447 1333 1441 1449 1440 1449 1447 1449 1433 1623 1440 1623 1441 1623 1434 1624 1433 1624 1441 1624 1426 1625 1433 1625 1434 1625 1427 1626 1426 1626 1434 1626 1419 1627 1426 1627 1427 1627 1420 424 1419 424 1427 424 1413 425 1419 425 1420 425 1414 699 1413 699 1420 699 1407 700 1413 700 1414 700 1408 700 1407 700 1414 700 1401 1628 1407 1628 1408 1628 1402 428 1401 428 1408 428 1395 1629 1401 1629 1402 1629 1396 431 1395 431 1402 431 1388 1630 1395 1630 1396 1630 1389 1340 1388 1340 1396 1340 1382 1631 1388 1631 1389 1631 1383 1632 1382 1632 1389 1632 1376 1554 1382 1554 1383 1554 1377 1633 1376 1633 1383 1633 1370 1634 1376 1634 1377 1634 1371 941 1370 941 1377 941 1364 1556 1370 1556 1371 1556 1365 1635 1364 1635 1371 1635 1358 1636 1364 1636 1365 1636 1359 1637 1358 1637 1365 1637 1354 1638 1357 1638 1356 1638 1353 1639 1354 1639 1356 1639 1360 1640 1354 1640 1353 1640 1359 1571 1360 1571 1353 1571 1366 1641 1360 1641 1359 1641 1365 1641 1366 1641 1359 1641 1372 1466 1366 1466 1365 1466 1371 446 1372 446 1365 446 1378 954 1372 954 1371 954 1377 448 1378 448 1371 448 1384 1554 1378 1554 1377 1554 1383 1554 1384 1554 1377 1554 1390 1642 1384 1642 1383 1642 1389 1642 1390 1642 1383 1642 1397 454 1390 454 1389 454 1396 1643 1397 1643 1389 1643 1403 455 1397 455 1396 455 1402 1469 1403 1469 1396 1469 1409 428 1403 428 1402 428 1408 1628 1409 1628 1402 1628 1415 700 1409 700 1408 700 1414 700 1415 700 1408 700 1421 458 1415 458 1414 458 1420 458 1421 458 1414 458 1428 459 1421 459 1420 459 1427 1470 1428 1470 1420 1470 1435 967 1428 967 1427 967 1434 1644 1435 1644 1427 1644 1442 1645 1435 1645 1434 1645 1441 1645 1442 1645 1434 1645 1448 1472 1442 1472 1441 1472 1447 464 1448 464 1441 464 1454 1474 1448 1474 1447 1474 1453 1473 1454 1473 1447 1473 1460 735 1454 735 1453 735 1459 735 1460 735 1453 735 1466 468 1460 468 1459 468 1465 468 1466 468 1459 468 1474 1350 1466 1350 1465 1350 1473 1350 1474 1350 1465 1350 1483 1620 1474 1620 1473 1620 1482 408 1483 408 1473 408 1489 738 1483 738 1482 738 1488 738 1489 738 1482 738 1495 48 1489 48 1488 48 1494 48 1495 48 1488 48 1501 739 1495 739 1494 739 1500 739 1501 739 1494 739 1507 1619 1501 1619 1500 1619 1506 1619 1507 1619 1500 1619 1513 1646 1507 1646 1506 1646 1512 1646 1513 1646 1506 1646 1519 1479 1513 1479 1512 1479 1518 477 1519 477 1512 477 1525 1647 1519 1647 1518 1647 1524 479 1525 479 1518 479 1531 481 1525 481 1524 481 1530 481 1531 481 1524 481 1537 1480 1531 1480 1530 1480 1536 1480 1537 1480 1530 1480 1543 1481 1537 1481 1536 1481 1542 1481 1543 1481 1536 1481 1549 751 1543 751 1542 751 1548 486 1549 486 1542 486 1555 488 1549 488 1548 488 1554 488 1555 488 1548 488 1561 489 1555 489 1554 489 1560 489 1561 489 1554 489 1567 898 1561 898 1560 898 1566 898 1567 898 1560 898 1573 380 1567 380 1566 380 1572 1613 1573 1613 1566 1613 1579 490 1573 490 1572 490 1578 986 1579 986 1572 986 1585 1484 1579 1484 1578 1484 1584 491 1585 491 1578 491 1591 757 1585 757 1584 757 1590 757 1591 757 1584 757 1597 1648 1591 1648 1590 1648 1596 1562 1597 1562 1590 1562 1603 1358 1597 1358 1596 1358 1602 1358 1603 1358 1596 1358 1609 1485 1603 1485 1602 1485 1608 1649 1609 1649 1602 1649 1615 1650 1609 1650 1608 1650 1614 500 1615 500 1608 500 1618 1651 1615 1651 1614 1651 1617 501 1618 501 1614 501 1612 504 1618 504 1617 504 1611 1652 1612 1652 1617 1652 1606 505 1612 505 1611 505 1605 1653 1606 1653 1611 1653 1600 1654 1606 1654 1605 1654 1599 1486 1600 1486 1605 1486 1594 1361 1600 1361 1599 1361 1593 1361 1594 1361 1599 1361 1588 1565 1594 1565 1593 1565 1587 1655 1588 1655 1593 1655 1582 771 1588 771 1587 771 1581 771 1582 771 1587 771 1576 513 1582 513 1581 513 1575 1487 1576 1487 1581 1487 1570 1003 1576 1003 1575 1003 1569 514 1570 514 1575 514 1564 1600 1570 1600 1569 1600 1563 345 1564 345 1569 345 1558 869 1564 869 1563 869 1557 869 1558 869 1563 869 1552 515 1558 515 1557 515 1551 515 1552 515 1557 515 1546 516 1552 516 1551 516 1545 516 1546 516 1551 516 1540 337 1546 337 1545 337 1539 776 1540 776 1545 776 1534 1490 1540 1490 1539 1490 1533 1490 1534 1490 1539 1490 1528 1491 1534 1491 1533 1491 1527 1491 1528 1491 1533 1491 1522 522 1528 522 1527 522 1521 522 1522 522 1527 522 1516 524 1522 524 1521 524 1515 1656 1516 1656 1521 1656 1510 526 1516 526 1515 526 1509 1492 1510 1492 1515 1492 1504 1657 1510 1657 1509 1657 1503 1657 1504 1657 1509 1657 1498 1658 1504 1658 1503 1658 1497 1658 1498 1658 1503 1658 1492 790 1498 790 1497 790 1491 790 1492 790 1497 790 1486 46 1492 46 1491 46 1485 46 1486 46 1491 46 1480 791 1486 791 1485 791 1479 791 1480 791 1485 791 1471 317 1480 317 1479 317 1470 1659 1471 1659 1479 1659 1463 1371 1471 1371 1470 1371 1462 1371 1463 1371 1470 1371 1457 539 1463 539 1462 539 1456 539 1457 539 1462 539 1451 797 1457 797 1456 797 1450 797 1451 797 1456 797 1445 1500 1451 1500 1450 1500 1444 1499 1445 1499 1450 1499 1439 543 1445 543 1444 543 1438 1501 1439 1501 1444 1501 1432 1660 1439 1660 1438 1660 1431 1660 1432 1660 1438 1660 1425 1661 1432 1661 1431 1661 1424 1022 1425 1022 1431 1022 1418 1503 1425 1503 1424 1503 1417 548 1418 548 1424 548 1412 549 1418 549 1417 549 1411 549 1412 549 1417 549 1406 582 1412 582 1411 582 1405 582 1406 582 1411 582 1400 1583 1406 1583 1405 1583 1399 297 1400 297 1405 297 1394 1504 1400 1504 1399 1504 1393 552 1394 552 1399 552 1387 1662 1394 1662 1393 1662 1386 553 1387 553 1393 553 1381 1663 1387 1663 1386 1663 1380 1663 1381 1663 1386 1663 1375 1569 1381 1569 1380 1569 1374 1569 1375 1569 1380 1569 1369 559 1375 559 1374 559 1368 1035 1369 1035 1374 1035 1363 561 1369 561 1368 561 1362 1507 1363 1507 1368 1507 1357 1664 1363 1664 1362 1664 1356 1664 1357 1664 1362 1664 1739 1665 1743 1665 1744 1665 1740 1040 1739 1040 1744 1040 1741 1043 1739 1043 1740 1043 1742 1666 1741 1666 1740 1666 1745 1044 1741 1044 1742 1044 1746 1044 1745 1044 1742 1044 1749 1045 1745 1045 1746 1045 1750 1045 1749 1045 1746 1045 1753 1047 1749 1047 1750 1047 1754 1047 1753 1047 1750 1047 1763 1049 1753 1049 1754 1049 1764 1049 1763 1049 1754 1049 1768 1667 1763 1667 1764 1667 1769 1050 1768 1050 1764 1050 1772 1668 1768 1668 1769 1668 1773 1053 1772 1053 1769 1053 1782 1054 1772 1054 1773 1054 1783 1055 1782 1055 1773 1055 1792 1056 1782 1056 1783 1056 1793 1056 1792 1056 1783 1056 1796 1057 1792 1057 1793 1057 1797 1057 1796 1057 1793 1057 1806 1058 1796 1058 1797 1058 1807 1669 1806 1669 1797 1669 1821 1670 1806 1670 1807 1670 1822 1670 1821 1670 1807 1670 1832 1063 1821 1063 1822 1063 1833 1063 1832 1063 1822 1063 1842 1064 1832 1064 1833 1064 1843 1064 1842 1064 1833 1064 1856 1066 1842 1066 1843 1066 1857 1067 1856 1067 1843 1067 1868 1069 1856 1069 1857 1069 1869 1671 1868 1671 1857 1671 1878 1070 1868 1070 1869 1070 1879 1071 1878 1071 1869 1071 1890 1672 1878 1672 1879 1672 1891 1672 1890 1672 1879 1672 1906 1673 1890 1673 1891 1673 1907 1074 1906 1074 1891 1074 1916 1075 1906 1075 1907 1075 1917 1674 1916 1674 1907 1674 1940 1077 1916 1077 1917 1077 1941 1675 1940 1675 1917 1675 1962 1676 1940 1676 1941 1676 1963 1079 1962 1079 1941 1079 1999 1677 1962 1677 1963 1677 2000 1678 1999 1678 1963 1678 2003 1679 1999 1679 2000 1679 2004 1083 2003 1083 2000 1083 2011 1084 2003 1084 2004 1084 2012 1680 2011 1680 2004 1680 2019 1681 2011 1681 2012 1681 2020 1087 2019 1087 2012 1087 2027 1088 2019 1088 2020 1088 2028 1088 2027 1088 2020 1088 2031 1682 2027 1682 2028 1682 2032 1682 2031 1682 2028 1682 2039 1683 2031 1683 2032 1683 2040 1093 2039 1093 2032 1093 2044 1094 2039 1094 2040 1094 2045 1095 2044 1095 2040 1095 2051 1096 2044 1096 2045 1096 2052 1096 2051 1096 2045 1096 2057 1097 2051 1097 2052 1097 2058 1097 2057 1097 2052 1097 2065 1098 2057 1098 2058 1098 2066 1684 2065 1684 2058 1684 2075 1685 2065 1685 2066 1685 2076 1101 2075 1101 2066 1101 2087 1102 2075 1102 2076 1102 2088 1102 2087 1102 2076 1102 2099 1103 2087 1103 2088 1103 2100 1103 2099 1103 2088 1103 2154 1104 2099 1104 2100 1104 2155 1105 2154 1105 2100 1105 2194 1106 2154 1106 2155 1106 2195 1686 2194 1686 2155 1686 2234 1687 2194 1687 2195 1687 2235 1688 2234 1688 2195 1688 2280 1689 2234 1689 2235 1689 2281 1109 2280 1109 2235 1109 2307 1110 2280 1110 2281 1110 2308 1690 2307 1690 2281 1690 2343 1691 2307 1691 2308 1691 2344 1113 2343 1113 2308 1113 2372 1114 2343 1114 2344 1114 2373 1692 2372 1692 2344 1692 2388 1693 2372 1693 2373 1693 2389 1694 2388 1694 2373 1694 2398 1118 2388 1118 2389 1118 2399 1695 2398 1695 2389 1695 2420 1121 2398 1121 2399 1121 2421 1696 2420 1696 2399 1696 2436 1123 2420 1123 2421 1123 2437 1123 2436 1123 2421 1123 2456 1124 2436 1124 2437 1124 2457 1124 2456 1124 2437 1124 2470 1697 2456 1697 2457 1697 2471 1698 2470 1698 2457 1698 2490 1127 2470 1127 2471 1127 2491 1128 2490 1128 2471 1128 2502 1130 2490 1130 2491 1130 2503 1699 2502 1699 2491 1699 2520 1131 2502 1131 2503 1131 2521 1132 2520 1132 2503 1132 2534 1700 2520 1700 2521 1700 2535 1133 2534 1133 2521 1133 2550 1134 2534 1134 2535 1134 2551 1701 2550 1701 2535 1701 2560 1702 2550 1702 2551 1702 2561 1703 2560 1703 2551 1703 2576 1704 2560 1704 2561 1704 2577 1137 2576 1137 2561 1137 2588 1138 2576 1138 2577 1138 2589 1138 2588 1138 2577 1138 2602 1139 2588 1139 2589 1139 2603 1139 2602 1139 2589 1139 2612 1140 2602 1140 2603 1140 2613 1141 2612 1141 2603 1141 2632 1142 2612 1142 2613 1142 2633 1705 2632 1705 2613 1705 2644 1706 2632 1706 2633 1706 2645 1144 2644 1144 2633 1144 2654 1146 2644 1146 2645 1146 2655 1146 2654 1146 2645 1146 2664 1707 2654 1707 2655 1707 2665 1147 2664 1147 2655 1147 2674 1708 2664 1708 2665 1708 2675 1148 2674 1148 2665 1148 2684 1149 2674 1149 2675 1149 2685 1149 2684 1149 2675 1149 2691 1151 2684 1151 2685 1151 2692 1709 2691 1709 2685 1709 2686 1710 2691 1710 2692 1710 2687 1152 2686 1152 2692 1152 2676 1154 2686 1154 2687 1154 2677 1154 2676 1154 2687 1154 2666 1155 2676 1155 2677 1155 2667 1711 2666 1711 2677 1711 2656 1156 2666 1156 2667 1156 2657 1712 2656 1712 2667 1712 2646 1157 2656 1157 2657 1157 2647 1157 2646 1157 2657 1157 2634 1159 2646 1159 2647 1159 2635 1713 2634 1713 2647 1713 2614 1714 2634 1714 2635 1714 2615 1161 2614 1161 2635 1161 2604 1162 2614 1162 2615 1162 2605 1163 2604 1163 2615 1163 2590 1164 2604 1164 2605 1164 2591 1164 2590 1164 2605 1164 2578 1165 2590 1165 2591 1165 2579 1165 2578 1165 2591 1165 2562 1166 2578 1166 2579 1166 2563 1715 2562 1715 2579 1715 2552 1716 2562 1716 2563 1716 2553 1717 2552 1717 2563 1717 2536 1718 2552 1718 2553 1718 2537 1169 2536 1169 2553 1169 2522 1170 2536 1170 2537 1170 2523 1719 2522 1719 2537 1719 2504 1171 2522 1171 2523 1171 2505 1172 2504 1172 2523 1172 2492 1720 2504 1720 2505 1720 2493 1173 2492 1173 2505 1173 2472 1175 2492 1175 2493 1175 2473 1176 2472 1176 2493 1176 2458 1721 2472 1721 2473 1721 2459 1722 2458 1722 2473 1722 2438 1179 2458 1179 2459 1179 2439 1179 2438 1179 2459 1179 2422 1180 2438 1180 2439 1180 2423 1180 2422 1180 2439 1180 2400 1723 2422 1723 2423 1723 2401 1182 2400 1182 2423 1182 2390 1724 2400 1724 2401 1724 2391 1185 2390 1185 2401 1185 2374 1725 2390 1725 2391 1725 2375 1726 2374 1726 2391 1726 2345 1727 2374 1727 2375 1727 2346 1189 2345 1189 2375 1189 2309 1190 2345 1190 2346 1190 2310 1728 2309 1728 2346 1728 2282 1729 2309 1729 2310 1729 2283 1193 2282 1193 2310 1193 2236 1194 2282 1194 2283 1194 2237 1730 2236 1730 2283 1730 2196 1731 2236 1731 2237 1731 2197 1732 2196 1732 2237 1732 2156 1733 2196 1733 2197 1733 2157 1197 2156 1197 2197 1197 2101 1198 2156 1198 2157 1198 2102 1199 2101 1199 2157 1199 2089 1200 2101 1200 2102 1200 2090 1200 2089 1200 2102 1200 2077 1201 2089 1201 2090 1201 2078 1201 2077 1201 2090 1201 2067 1202 2077 1202 2078 1202 2068 1734 2067 1734 2078 1734 2059 1735 2067 1735 2068 1735 2060 1205 2059 1205 2068 1205 2053 1206 2059 1206 2060 1206 2054 1206 2053 1206 2060 1206 2046 1207 2053 1207 2054 1207 2047 1207 2046 1207 2054 1207 2041 1208 2046 1208 2047 1208 2042 1209 2041 1209 2047 1209 2033 1210 2041 1210 2042 1210 2034 1736 2033 1736 2042 1736 2029 1737 2033 1737 2034 1737 2030 1737 2029 1737 2034 1737 2021 1215 2029 1215 2030 1215 2022 1215 2021 1215 2030 1215 2013 1216 2021 1216 2022 1216 2014 1738 2013 1738 2022 1738 2005 1739 2013 1739 2014 1739 2006 1219 2005 1219 2014 1219 2001 1220 2005 1220 2006 1220 2002 1740 2001 1740 2006 1740 1964 1741 2001 1741 2002 1741 1965 1742 1964 1742 2002 1742 1942 1224 1964 1224 1965 1224 1943 1743 1942 1743 1965 1743 1918 1744 1942 1744 1943 1744 1919 1226 1918 1226 1943 1226 1908 1745 1918 1745 1919 1745 1909 1228 1908 1228 1919 1228 1892 1229 1908 1229 1909 1229 1893 1746 1892 1746 1909 1746 1880 1747 1892 1747 1893 1747 1881 1747 1880 1747 1893 1747 1870 1232 1880 1232 1881 1232 1871 1233 1870 1233 1881 1233 1858 1748 1870 1748 1871 1748 1859 1234 1858 1234 1871 1234 1844 1236 1858 1236 1859 1236 1845 1237 1844 1237 1859 1237 1834 1239 1844 1239 1845 1239 1835 1239 1834 1239 1845 1239 1823 1240 1834 1240 1835 1240 1824 1240 1823 1240 1835 1240 1808 1749 1823 1749 1824 1749 1809 1749 1808 1749 1824 1749 1798 1750 1808 1750 1809 1750 1799 1245 1798 1245 1809 1245 1794 1246 1798 1246 1799 1246 1795 1246 1794 1246 1799 1246 1784 1247 1794 1247 1795 1247 1785 1247 1784 1247 1795 1247 1774 1248 1784 1248 1785 1248 1775 1249 1774 1249 1785 1249 1770 1250 1774 1250 1775 1250 1771 1751 1770 1751 1775 1751 1765 1253 1770 1253 1771 1253 1766 1752 1765 1752 1771 1752 1755 1254 1765 1254 1766 1254 1756 1254 1755 1254 1766 1254 1751 1256 1755 1256 1756 1256 1752 1256 1751 1256 1756 1256 1747 1258 1751 1258 1752 1258 1748 1258 1747 1258 1752 1258 1743 1259 1747 1259 1748 1259 1744 1259 1743 1259 1748 1259 2519 20 2625 20 2708 20 2696 20 2519 20 2708 20 2352 20 2519 20 2696 20 2696 20 2708 20 2712 20 2698 20 2696 20 2712 20 2645 20 2698 20 2712 20 2633 20 2698 20 2645 20 2712 20 2700 20 2710 20 2714 1753 2712 1753 2710 1753 2675 1754 2712 1754 2714 1754 2685 1755 2675 1755 2714 1755 2692 1756 2685 1756 2714 1756 2687 1757 2692 1757 2714 1757 2677 1758 2687 1758 2714 1758 2667 1759 2677 1759 2714 1759 2657 1760 2667 1760 2714 1760 2647 1761 2657 1761 2714 1761 2635 1762 2647 1762 2714 1762 2615 1763 2635 1763 2714 1763 2605 1764 2615 1764 2714 1764 2591 1765 2605 1765 2714 1765 2579 1766 2591 1766 2714 1766 2563 1767 2579 1767 2714 1767 2553 1768 2563 1768 2714 1768 2537 1769 2553 1769 2714 1769 2523 1770 2537 1770 2714 1770 2505 1771 2523 1771 2714 1771 2493 1772 2505 1772 2714 1772 2473 1773 2493 1773 2714 1773 2459 1774 2473 1774 2714 1774 2439 1775 2459 1775 2714 1775 2423 1776 2439 1776 2714 1776 2401 1777 2423 1777 2714 1777 2391 1778 2401 1778 2714 1778 2375 1779 2391 1779 2714 1779 2346 1780 2375 1780 2714 1780 2310 1781 2346 1781 2714 1781 2283 1782 2310 1782 2714 1782 2237 1783 2283 1783 2714 1783 2197 1784 2237 1784 2714 1784 2157 1785 2197 1785 2714 1785 2102 1786 2157 1786 2714 1786 2090 1787 2102 1787 2714 1787 2078 1788 2090 1788 2714 1788 2068 1789 2078 1789 2714 1789 2060 1790 2068 1790 2714 1790 2054 1791 2060 1791 2714 1791 2047 1792 2054 1792 2714 1792 2042 1793 2047 1793 2714 1793 1 1794 2042 1794 2714 1794 171 1795 2042 1795 1 1795 167 1796 171 1796 1 1796 163 1797 167 1797 1 1797 159 1798 163 1798 1 1798 155 1799 159 1799 1 1799 151 1800 155 1800 1 1800 147 1801 151 1801 1 1801 143 1802 147 1802 1 1802 135 1803 143 1803 1 1803 131 1804 135 1804 1 1804 127 1805 131 1805 1 1805 123 1806 127 1806 1 1806 118 1807 123 1807 1 1807 114 1808 118 1808 1 1808 110 1809 114 1809 1 1809 105 1810 110 1810 1 1810 101 1811 105 1811 1 1811 95 1812 101 1812 1 1812 91 1813 95 1813 1 1813 87 1814 91 1814 1 1814 82 1815 87 1815 1 1815 78 1816 82 1816 1 1816 73 1817 78 1817 1 1817 69 1818 73 1818 1 1818 65 1819 69 1819 1 1819 60 1820 65 1820 1 1820 53 1821 60 1821 1 1821 49 1822 53 1822 1 1822 45 1823 49 1823 1 1823 41 1824 45 1824 1 1824 37 1825 41 1825 1 1825 33 1826 37 1826 1 1826 29 1827 33 1827 1 1827 25 1828 29 1828 1 1828 21 1829 25 1829 1 1829 17 1830 21 1830 1 1830 13 1831 17 1831 1 1831 9 1832 13 1832 1 1832 11 1833 9 1833 1 1833 15 1834 11 1834 1 1834 19 1835 15 1835 1 1835 0 1836 19 1836 1 1836 23 1837 19 1837 0 1837 27 1838 23 1838 0 1838 7 1839 27 1839 0 1839 31 20 27 20 7 20 35 20 31 20 7 20 39 20 35 20 7 20 43 20 39 20 7 20 47 20 43 20 7 20 51 20 47 20 7 20 58 20 51 20 7 20 63 20 58 20 7 20 67 20 63 20 7 20 71 20 67 20 7 20 76 20 71 20 7 20 80 20 76 20 7 20 85 20 80 20 7 20 89 20 85 20 7 20 93 20 89 20 7 20 99 20 93 20 7 20 103 20 99 20 7 20 108 20 103 20 7 20 112 20 108 20 7 20 116 20 112 20 7 20 121 20 116 20 7 20 125 20 121 20 7 20 129 20 125 20 7 20 133 20 129 20 7 20 141 20 133 20 7 20 145 20 141 20 7 20 139 20 145 20 7 20 149 20 145 20 139 20 153 20 149 20 139 20 157 20 153 20 139 20 368 20 157 20 139 20 161 20 157 20 368 20 378 20 161 20 368 20 165 20 161 20 378 20 392 20 165 20 378 20 169 20 165 20 392 20 173 20 169 20 392 20 402 20 173 20 392 20 177 20 173 20 402 20 682 20 177 20 402 20 181 20 177 20 682 20 689 20 181 20 682 20 185 20 181 20 689 20 189 20 185 20 689 20 695 20 189 20 689 20 193 20 189 20 695 20 701 20 193 20 695 20 230 20 193 20 701 20 953 20 230 20 701 20 252 20 230 20 953 20 959 20 252 20 953 20 270 20 252 20 959 20 281 20 270 20 959 20 965 20 281 20 959 20 298 20 281 20 965 20 1811 20 298 20 965 20 308 20 298 20 1811 20 318 20 308 20 1811 20 328 20 318 20 1811 20 338 20 328 20 1811 20 348 20 338 20 1811 20 360 20 348 20 1811 20 370 20 360 20 1811 20 380 20 370 20 1811 20 384 20 380 20 1811 20 394 20 384 20 1811 20 404 20 394 20 1811 20 1813 20 404 20 1811 20 408 20 404 20 1813 20 1769 20 408 20 1813 20 412 20 408 20 1769 20 1764 20 412 20 1769 20 423 20 412 20 1764 20 1754 20 423 20 1764 20 427 20 423 20 1754 20 1750 20 427 20 1754 20 431 20 427 20 1750 20 1746 20 431 20 1750 20 435 20 431 20 1746 20 1742 20 435 20 1746 20 439 20 435 20 1742 20 1740 20 439 20 1742 20 437 20 439 20 1740 20 1744 20 437 20 1740 20 433 20 437 20 1744 20 1748 20 433 20 1744 20 429 20 433 20 1748 20 1752 20 429 20 1748 20 425 20 429 20 1752 20 1756 20 425 20 1752 20 414 20 425 20 1756 20 1766 20 414 20 1756 20 410 20 414 20 1766 20 1771 20 410 20 1766 20 406 20 410 20 1771 20 1775 20 406 20 1771 20 396 20 406 20 1775 20 1785 20 396 20 1775 20 386 20 396 20 1785 20 1795 20 386 20 1785 20 382 20 386 20 1795 20 1799 20 382 20 1795 20 372 20 382 20 1799 20 1809 20 372 20 1799 20 362 20 372 20 1809 20 1824 20 362 20 1809 20 350 20 362 20 1824 20 1835 20 350 20 1824 20 340 20 350 20 1835 20 1845 20 340 20 1835 20 330 20 340 20 1845 20 1859 20 330 20 1845 20 320 20 330 20 1859 20 1871 20 320 20 1859 20 310 20 320 20 1871 20 1881 20 310 20 1871 20 300 20 310 20 1881 20 1893 20 300 20 1881 20 283 20 300 20 1893 20 1909 20 283 20 1893 20 272 20 283 20 1909 20 1919 20 272 20 1909 20 254 20 272 20 1919 20 1943 20 254 20 1919 20 232 20 254 20 1943 20 1965 20 232 20 1943 20 195 20 232 20 1965 20 2002 20 195 20 1965 20 191 20 195 20 2002 20 2006 20 191 20 2002 20 187 20 191 20 2006 20 2014 20 187 20 2006 20 183 20 187 20 2014 20 2022 20 183 20 2014 20 179 20 183 20 2022 20 2030 20 179 20 2022 20 175 20 179 20 2030 20 2034 20 175 20 2030 20 171 20 175 20 2034 20 2042 20 171 20 2034 20 2710 20 2706 20 2704 20 2713 1840 2710 1840 2704 1840 2714 1841 2710 1841 2713 1841 2706 20 2623 20 2517 20 2549 20 2706 20 2517 20 2702 20 2706 20 2549 20 2507 20 2702 20 2549 20 2479 20 2702 20 2507 20 2417 20 2479 20 2507 20 2415 20 2479 20 2417 20 2549 20 2517 20 2475 20 2409 20 2549 20 2475 20 2565 20 2409 20 2475 20 2477 20 2409 20 2565 20 2477 20 2519 20 2324 20 2320 20 2477 20 2324 20 2306 20 2477 20 2320 20 2519 20 2352 20 2350 20 2342 20 2519 20 2350 20 2338 20 2519 20 2342 20 2519 20 2338 20 2324 20 2477 20 2306 20 2300 20 2287 20 2477 20 2300 20 2273 20 2477 20 2287 20 2273 20 2247 20 2371 20 2409 20 2273 20 2371 20 2477 20 2273 20 2409 20 2371 20 2247 20 2223 20 2205 20 2371 20 2223 20 2183 20 2371 20 2205 20 2135 20 2371 20 2183 20 2096 20 2135 20 2183 20 2024 20 2135 20 2096 20 2127 20 2024 20 2096 20 2036 20 2024 20 2127 20 2147 20 2036 20 2127 20 2167 20 2036 20 2147 20 2036 20 2167 20 2179 20 2199 20 2036 20 2179 20 2213 20 2036 20 2199 20 2036 20 2213 20 2219 20 2233 20 2036 20 2219 20 2243 20 2036 20 2233 20 2036 20 2243 20 2255 20 2259 20 2036 20 2255 20 2263 20 2036 20 2259 20 2036 20 2263 20 2010 20 2024 20 1927 20 2050 20 2062 20 2024 20 2050 20 2135 20 2024 20 2062 20 2203 20 2135 20 2062 20 2070 20 2203 20 2062 20 2074 20 2203 20 2070 20 1927 20 1929 20 1847 20 1811 20 1927 20 1847 20 971 20 1927 20 1811 20 965 20 971 20 1811 20 1847 20 1929 20 2026 20 1931 20 1847 20 2026 20 2016 20 1931 20 2026 20 2052 20 2016 20 2026 20 2045 20 2016 20 2052 20 2026 20 2038 20 2094 20 2058 20 2026 20 2094 20 2052 20 2026 20 2058 20 2082 20 2094 20 2038 20 2008 20 2082 20 2038 20 2265 20 2082 20 2008 20 2137 20 2082 20 2265 20 2261 20 2137 20 2265 20 2257 20 2137 20 2261 20 2137 20 2257 20 2245 20 2239 20 2137 20 2245 20 2221 20 2137 20 2239 20 2137 20 2221 20 2215 20 2201 20 2137 20 2215 20 2185 20 2137 20 2201 20 2137 20 2185 20 2169 20 2094 20 2177 20 2100 20 2088 20 2094 20 2100 20 2076 20 2094 20 2088 20 2177 20 2431 20 2281 20 2235 20 2177 20 2281 20 2195 20 2177 20 2235 20 2431 20 2419 20 2698 20 2491 20 2431 20 2698 20 2471 20 2431 20 2491 20 2419 20 2269 20 2285 20 2296 20 2419 20 2285 20 2304 20 2419 20 2296 20 2419 20 2304 20 2318 20 2322 20 2419 20 2318 20 2336 20 2419 20 2322 20 2419 20 2336 20 2340 20 2698 20 2419 20 2340 20 2698 20 2340 20 2348 20 2354 20 2698 20 2348 20 2363 20 2365 20 2326 20 2298 20 2363 20 2326 20 2267 20 2363 20 2298 20 2363 20 2267 20 2217 20 2181 20 2363 20 2217 20 2145 20 2363 20 2181 20 2363 20 2145 20 2098 20 2086 20 2363 20 2098 20 2080 20 2363 20 2086 20 2363 20 2080 20 2072 20 2064 20 2363 20 2072 20 2056 20 2363 20 2064 20 2363 20 2056 20 2050 20 1489 20 2363 20 2050 20 1495 20 2363 20 1489 20 2203 20 2074 20 2084 20 2092 20 2203 20 2084 20 2119 20 2203 20 2092 20 2203 20 2119 20 2159 20 2193 20 2203 20 2159 20 2231 20 2203 20 2193 20 2203 20 2231 20 2271 20 2302 20 2203 20 2271 20 2328 20 2203 20 2302 20 2203 20 2328 20 2367 20 2369 20 2203 20 2367 20 2461 20 2479 20 2415 20 2433 20 2461 20 2415 20 2447 20 2461 20 2433 20 2461 20 2447 20 2469 20 2489 20 2461 20 2469 20 2509 20 2461 20 2489 20 2461 20 2509 20 2533 20 2547 20 2461 20 2533 20 2573 20 2461 20 2547 20 2461 20 2573 20 2599 20 2706 20 2702 20 2704 20 2713 1842 2704 1842 2694 1842 2643 1843 2713 1843 2694 1843 2653 1844 2713 1844 2643 1844 2694 20 2587 20 2411 20 2559 20 2694 20 2411 20 2571 20 2694 20 2559 20 2587 20 2637 20 2601 20 2575 20 2587 20 2601 20 2545 20 2587 20 2575 20 2587 20 2545 20 2525 20 2501 20 2587 20 2525 20 2481 20 2587 20 2501 20 2587 20 2481 20 2455 20 2435 20 2587 20 2455 20 2413 20 2587 20 2435 20 2587 20 2413 20 2411 20 2411 20 2363 20 2407 20 2429 20 2411 20 2407 20 2445 20 2411 20 2429 20 1813 20 1811 20 1883 20 1813 20 1849 20 1843 20 1833 20 1813 20 1843 20 1822 20 1813 20 1833 20 1849 20 1933 20 1941 20 1917 20 1849 20 1941 20 1907 20 1849 20 1917 20 1933 20 2018 20 2012 20 2004 20 1933 20 2012 20 2000 20 1933 20 2004 20 2018 20 2016 20 2045 20 2040 20 2018 20 2045 20 2032 20 2018 20 2040 20 2105 20 2111 20 1995 20 1998 20 2105 20 1995 20 2108 20 2105 20 1998 20 1992 20 2108 20 1998 20 2114 20 2108 20 1992 20 1986 20 2114 20 1992 20 2122 20 2114 20 1986 20 1980 20 2122 20 1986 20 2130 20 2122 20 1980 20 1974 20 2130 20 1980 20 2140 20 2130 20 1974 20 1968 20 2140 20 1974 20 2150 20 2140 20 1968 20 1958 20 2150 20 1968 20 2162 20 2150 20 1958 20 1952 20 2162 20 1958 20 2172 20 2162 20 1952 20 1946 20 2172 20 1952 20 2188 20 2172 20 1946 20 1936 20 2188 20 1946 20 2208 20 2188 20 1936 20 1922 20 2208 20 1936 20 2226 20 2208 20 1922 20 1912 20 2226 20 1922 20 2250 20 2226 20 1912 20 1902 20 2250 20 1912 20 2276 20 2250 20 1902 20 1896 20 2276 20 1902 20 2291 20 2276 20 1896 20 1886 20 2291 20 1896 20 2313 20 2291 20 1886 20 1874 20 2313 20 1886 20 2331 20 2313 20 1874 20 1864 20 2331 20 1874 20 2357 20 2331 20 1864 20 1852 20 2357 20 1864 20 2378 20 2357 20 1852 20 1838 20 2378 20 1852 20 2384 20 2378 20 1838 20 1827 20 2384 20 1838 20 2394 20 2384 20 1827 20 1817 20 2394 20 1827 20 2713 1845 2394 1845 1817 1845 1802 1846 2713 1846 1817 1846 1788 1847 2713 1847 1802 1847 1989 20 1995 20 2111 20 2117 20 1989 20 2111 20 1983 20 1989 20 2117 20 2125 20 1983 20 2117 20 1977 20 1983 20 2125 20 2133 20 1977 20 2125 20 1971 20 1977 20 2133 20 2143 20 1971 20 2133 20 1961 20 1971 20 2143 20 2153 20 1961 20 2143 20 1955 20 1961 20 2153 20 2165 20 1955 20 2153 20 1949 20 1955 20 2165 20 2175 20 1949 20 2165 20 1939 20 1949 20 2175 20 2191 20 1939 20 2175 20 1925 20 1939 20 2191 20 2211 20 1925 20 2191 20 1915 20 1925 20 2211 20 2229 20 1915 20 2211 20 1905 20 1915 20 2229 20 2253 20 1905 20 2229 20 1899 20 1905 20 2253 20 2279 20 1899 20 2253 20 1889 20 1899 20 2279 20 2294 20 1889 20 2279 20 1877 20 1889 20 2294 20 2316 20 1877 20 2294 20 1867 20 1877 20 2316 20 2334 20 1867 20 2316 20 1855 20 1867 20 2334 20 2360 20 1855 20 2334 20 1841 20 1855 20 2360 20 2381 20 1841 20 2360 20 2363 20 1841 20 2381 20 2387 20 2363 20 2381 20 2397 20 2363 20 2387 20 2363 20 2397 20 2407 20 2411 20 2445 20 2453 20 2467 20 2411 20 2453 20 2487 20 2411 20 2467 20 2411 20 2487 20 2499 20 2515 20 2411 20 2499 20 2531 20 2411 20 2515 20 2411 20 2531 20 2543 20 2559 20 2411 20 2543 20 2694 20 2571 20 2585 20 2597 20 2694 20 2585 20 2611 20 2694 20 2597 20 2694 20 2611 20 2621 20 2631 20 2694 20 2621 20 2643 20 2694 20 2631 20 2713 1848 2653 1848 2663 1848 2673 1849 2713 1849 2663 1849 2683 1850 2713 1850 2673 1850 2713 1851 2683 1851 2690 1851 2680 1852 2713 1852 2690 1852 2670 1853 2713 1853 2680 1853 2713 1854 2670 1854 2660 1854 2650 1855 2713 1855 2660 1855 2640 1856 2713 1856 2650 1856 2713 1857 2640 1857 2628 1857 2618 1858 2713 1858 2628 1858 2608 1859 2713 1859 2618 1859 2713 1860 2608 1860 2594 1860 2582 1861 2713 1861 2594 1861 2568 1862 2713 1862 2582 1862 2713 1863 2568 1863 2556 1863 2540 1864 2713 1864 2556 1864 2528 1865 2713 1865 2540 1865 2713 1866 2528 1866 2512 1866 2496 1867 2713 1867 2512 1867 2484 1868 2713 1868 2496 1868 2713 1869 2484 1869 2464 1869 2450 1870 2713 1870 2464 1870 2442 1871 2713 1871 2450 1871 2713 1872 2442 1872 2426 1872 2404 1873 2713 1873 2426 1873 2394 1874 2713 1874 2404 1874 827 20 833 20 820 20 823 20 827 20 820 20 830 20 827 20 823 20 817 20 830 20 823 20 836 20 830 20 817 20 811 20 836 20 817 20 842 20 836 20 811 20 805 20 842 20 811 20 848 20 842 20 805 20 799 20 848 20 805 20 857 20 848 20 799 20 793 20 857 20 799 20 863 20 857 20 793 20 787 20 863 20 793 20 869 20 863 20 787 20 781 20 869 20 787 20 875 20 869 20 781 20 775 20 875 20 781 20 881 20 875 20 775 20 769 20 881 20 775 20 887 20 881 20 769 20 763 20 887 20 769 20 893 20 887 20 763 20 757 20 893 20 763 20 900 20 893 20 757 20 751 20 900 20 757 20 906 20 900 20 751 20 745 20 906 20 751 20 912 20 906 20 745 20 739 20 912 20 745 20 918 20 912 20 739 20 730 20 918 20 739 20 924 20 918 20 730 20 722 20 924 20 730 20 930 20 924 20 722 20 716 20 930 20 722 20 937 20 930 20 716 20 710 20 937 20 716 20 943 20 937 20 710 20 704 20 943 20 710 20 950 20 943 20 704 20 698 20 950 20 704 20 956 20 950 20 698 20 692 20 956 20 698 20 0 1875 956 1875 692 1875 686 1876 0 1876 692 1876 389 1877 0 1877 686 1877 399 20 389 20 686 20 679 20 399 20 686 20 417 20 399 20 679 20 673 20 417 20 679 20 442 20 417 20 673 20 665 20 442 20 673 20 448 20 442 20 665 20 659 20 448 20 665 20 454 20 448 20 659 20 653 20 454 20 659 20 460 20 454 20 653 20 647 20 460 20 653 20 466 20 460 20 647 20 641 20 466 20 647 20 472 20 466 20 641 20 635 20 472 20 641 20 478 20 472 20 635 20 629 20 478 20 635 20 484 20 478 20 629 20 621 20 484 20 629 20 490 20 484 20 621 20 615 20 490 20 621 20 496 20 490 20 615 20 609 20 496 20 615 20 502 20 496 20 609 20 603 20 502 20 609 20 508 20 502 20 603 20 597 20 508 20 603 20 514 20 508 20 597 20 591 20 514 20 597 20 520 20 514 20 591 20 585 20 520 20 591 20 526 20 520 20 585 20 579 20 526 20 585 20 532 20 526 20 579 20 573 20 532 20 579 20 538 20 532 20 573 20 567 20 538 20 573 20 544 20 538 20 567 20 561 20 544 20 567 20 550 20 544 20 561 20 558 20 550 20 561 20 547 20 550 20 558 20 564 20 547 20 558 20 541 20 547 20 564 20 570 20 541 20 564 20 535 20 541 20 570 20 576 20 535 20 570 20 529 20 535 20 576 20 582 20 529 20 576 20 523 20 529 20 582 20 588 20 523 20 582 20 517 20 523 20 588 20 594 20 517 20 588 20 511 20 517 20 594 20 600 20 511 20 594 20 505 20 511 20 600 20 606 20 505 20 600 20 499 20 505 20 606 20 612 20 499 20 606 20 493 20 499 20 612 20 618 20 493 20 612 20 487 20 493 20 618 20 624 20 487 20 618 20 481 20 487 20 624 20 632 20 481 20 624 20 475 20 481 20 632 20 638 20 475 20 632 20 469 20 475 20 638 20 644 20 469 20 638 20 463 20 469 20 644 20 650 20 463 20 644 20 457 20 463 20 650 20 656 20 457 20 650 20 451 20 457 20 656 20 662 20 451 20 656 20 445 20 451 20 662 20 668 20 445 20 662 20 420 20 445 20 668 20 676 20 420 20 668 20 402 20 420 20 676 20 682 20 402 20 676 20 814 20 820 20 833 20 839 20 814 20 833 20 808 20 814 20 839 20 845 20 808 20 839 20 802 20 808 20 845 20 851 20 802 20 845 20 796 20 802 20 851 20 860 20 796 20 851 20 790 20 796 20 860 20 866 20 790 20 860 20 784 20 790 20 866 20 872 20 784 20 866 20 778 20 784 20 872 20 878 20 778 20 872 20 772 20 778 20 878 20 884 20 772 20 878 20 766 20 772 20 884 20 890 20 766 20 884 20 760 20 766 20 890 20 896 20 760 20 890 20 754 20 760 20 896 20 903 20 754 20 896 20 748 20 754 20 903 20 909 20 748 20 903 20 742 20 748 20 909 20 915 20 742 20 909 20 733 20 742 20 915 20 921 20 733 20 915 20 725 20 733 20 921 20 927 20 725 20 921 20 719 20 725 20 927 20 933 20 719 20 927 20 713 20 719 20 933 20 940 20 713 20 933 20 707 20 713 20 940 20 946 20 707 20 940 20 701 20 707 20 946 20 953 20 701 20 946 20 971 20 977 20 1207 20 1213 20 971 20 1207 20 1927 20 971 20 1213 20 2050 20 1927 20 1213 20 1201 20 1207 20 977 20 983 20 1201 20 977 20 1195 20 1201 20 983 20 989 20 1195 20 983 20 1189 20 1195 20 989 20 995 20 1189 20 989 20 1183 20 1189 20 995 20 1001 20 1183 20 995 20 1177 20 1183 20 1001 20 1007 20 1177 20 1001 20 1171 20 1177 20 1007 20 1013 20 1171 20 1007 20 1165 20 1171 20 1013 20 1019 20 1165 20 1013 20 1157 20 1165 20 1019 20 1025 20 1157 20 1019 20 1151 20 1157 20 1025 20 1031 20 1151 20 1025 20 1145 20 1151 20 1031 20 1037 20 1145 20 1031 20 1139 20 1145 20 1037 20 1043 20 1139 20 1037 20 1133 20 1139 20 1043 20 1049 20 1133 20 1043 20 1127 20 1133 20 1049 20 1055 20 1127 20 1049 20 1121 20 1127 20 1055 20 1061 20 1121 20 1055 20 1115 20 1121 20 1061 20 1067 20 1115 20 1061 20 1109 20 1115 20 1067 20 1073 20 1109 20 1067 20 1103 20 1109 20 1073 20 1079 20 1103 20 1073 20 1097 20 1103 20 1079 20 1085 20 1097 20 1079 20 1091 20 1097 20 1085 20 1088 20 1091 20 1085 20 1094 20 1091 20 1088 20 1082 20 1094 20 1088 20 1100 20 1094 20 1082 20 1076 20 1100 20 1082 20 1106 20 1100 20 1076 20 1070 20 1106 20 1076 20 1112 20 1106 20 1070 20 1064 20 1112 20 1070 20 1118 20 1112 20 1064 20 1058 20 1118 20 1064 20 1124 20 1118 20 1058 20 1052 20 1124 20 1058 20 1130 20 1124 20 1052 20 1046 20 1130 20 1052 20 1136 20 1130 20 1046 20 1040 20 1136 20 1046 20 1142 20 1136 20 1040 20 1034 20 1142 20 1040 20 1148 20 1142 20 1034 20 1028 20 1148 20 1034 20 1154 20 1148 20 1028 20 1022 20 1154 20 1028 20 1162 20 1154 20 1022 20 1016 20 1162 20 1022 20 1168 20 1162 20 1016 20 1010 20 1168 20 1016 20 1174 20 1168 20 1010 20 1004 20 1174 20 1010 20 1180 20 1174 20 1004 20 998 20 1180 20 1004 20 1186 20 1180 20 998 20 992 20 1186 20 998 20 1192 20 1186 20 992 20 986 20 1192 20 992 20 1198 20 1192 20 986 20 980 20 1198 20 986 20 1204 20 1198 20 980 20 974 20 1204 20 980 20 1210 20 1204 20 974 20 968 20 1210 20 974 20 1216 20 1210 20 968 20 962 20 1216 20 968 20 0 1878 1216 1878 962 1878 956 1879 0 1879 962 1879 139 20 137 20 198 20 204 20 139 20 198 20 210 20 139 20 204 20 137 1880 5 1880 0 1880 375 1881 137 1881 0 1881 365 20 137 20 375 20 0 1882 5 1882 7 1882 2050 20 1213 20 1219 20 1225 20 2050 20 1219 20 1231 20 2050 20 1225 20 2050 20 1231 20 1238 20 1474 20 2050 20 1238 20 1483 20 2050 20 1474 20 1466 20 1474 20 1238 20 1244 20 1466 20 1238 20 1460 20 1466 20 1244 20 1250 20 1460 20 1244 20 1454 20 1460 20 1250 20 1256 20 1454 20 1250 20 1448 20 1454 20 1256 20 1262 20 1448 20 1256 20 1442 20 1448 20 1262 20 1268 20 1442 20 1262 20 1435 20 1442 20 1268 20 1274 20 1435 20 1268 20 1428 20 1435 20 1274 20 1280 20 1428 20 1274 20 1421 20 1428 20 1280 20 1286 20 1421 20 1280 20 1415 20 1421 20 1286 20 1292 20 1415 20 1286 20 1409 20 1415 20 1292 20 1298 20 1409 20 1292 20 1403 20 1409 20 1298 20 1304 20 1403 20 1298 20 1397 20 1403 20 1304 20 1310 20 1397 20 1304 20 1390 20 1397 20 1310 20 1316 20 1390 20 1310 20 1384 20 1390 20 1316 20 1322 20 1384 20 1316 20 1378 20 1384 20 1322 20 1328 20 1378 20 1322 20 1372 20 1378 20 1328 20 1334 20 1372 20 1328 20 1366 20 1372 20 1334 20 1340 20 1366 20 1334 20 1360 20 1366 20 1340 20 1346 20 1360 20 1340 20 1354 20 1360 20 1346 20 1349 20 1354 20 1346 20 1357 20 1354 20 1349 20 1343 20 1357 20 1349 20 1363 20 1357 20 1343 20 1337 20 1363 20 1343 20 1369 20 1363 20 1337 20 1331 20 1369 20 1337 20 1375 20 1369 20 1331 20 1325 20 1375 20 1331 20 1381 20 1375 20 1325 20 1319 20 1381 20 1325 20 1387 20 1381 20 1319 20 1313 20 1387 20 1319 20 1394 20 1387 20 1313 20 1307 20 1394 20 1313 20 1400 20 1394 20 1307 20 1301 20 1400 20 1307 20 1406 20 1400 20 1301 20 1295 20 1406 20 1301 20 1412 20 1406 20 1295 20 1289 20 1412 20 1295 20 1418 20 1412 20 1289 20 1283 20 1418 20 1289 20 1425 20 1418 20 1283 20 1277 20 1425 20 1283 20 1432 20 1425 20 1277 20 1271 20 1432 20 1277 20 1439 20 1432 20 1271 20 1265 20 1439 20 1271 20 1445 20 1439 20 1265 20 1259 20 1445 20 1265 20 1451 20 1445 20 1259 20 1253 20 1451 20 1259 20 1457 20 1451 20 1253 20 1247 20 1457 20 1253 20 1463 20 1457 20 1247 20 1241 20 1463 20 1247 20 1471 20 1463 20 1241 20 1235 20 1471 20 1241 20 1480 20 1471 20 1235 20 1228 20 1480 20 1235 20 1486 20 1480 20 1228 20 1222 20 1486 20 1228 20 2713 1883 1486 1883 1222 1883 1216 1884 2713 1884 1222 1884 0 1885 2713 1885 1216 1885 1626 20 1632 20 1615 20 1618 20 1626 20 1615 20 1629 20 1626 20 1618 20 1612 20 1629 20 1618 20 1635 20 1629 20 1612 20 1606 20 1635 20 1612 20 1641 20 1635 20 1606 20 1600 20 1641 20 1606 20 1647 20 1641 20 1600 20 1594 20 1647 20 1600 20 1653 20 1647 20 1594 20 1588 20 1653 20 1594 20 1659 20 1653 20 1588 20 1582 20 1659 20 1588 20 1665 20 1659 20 1582 20 1576 20 1665 20 1582 20 1671 20 1665 20 1576 20 1570 20 1671 20 1576 20 1677 20 1671 20 1570 20 1564 20 1677 20 1570 20 1683 20 1677 20 1564 20 1558 20 1683 20 1564 20 1689 20 1683 20 1558 20 1552 20 1689 20 1558 20 1696 20 1689 20 1552 20 1546 20 1696 20 1552 20 1703 20 1696 20 1546 20 1540 20 1703 20 1546 20 1709 20 1703 20 1540 20 1534 20 1709 20 1540 20 1715 20 1709 20 1534 20 1528 20 1715 20 1534 20 1721 20 1715 20 1528 20 1522 20 1721 20 1528 20 1727 20 1721 20 1522 20 1516 20 1727 20 1522 20 1735 20 1727 20 1516 20 1510 20 1735 20 1516 20 1759 20 1735 20 1510 20 1504 20 1759 20 1510 20 1778 20 1759 20 1504 20 1498 20 1778 20 1504 20 1788 20 1778 20 1498 20 1492 20 1788 20 1498 20 2713 1886 1788 1886 1492 1886 1486 1887 2713 1887 1492 1887 1609 20 1615 20 1632 20 1638 20 1609 20 1632 20 1603 20 1609 20 1638 20 1644 20 1603 20 1638 20 1597 20 1603 20 1644 20 1650 20 1597 20 1644 20 1591 20 1597 20 1650 20 1656 20 1591 20 1650 20 1585 20 1591 20 1656 20 1662 20 1585 20 1656 20 1579 20 1585 20 1662 20 1668 20 1579 20 1662 20 1573 20 1579 20 1668 20 1674 20 1573 20 1668 20 1567 20 1573 20 1674 20 1680 20 1567 20 1674 20 1561 20 1567 20 1680 20 1686 20 1561 20 1680 20 1555 20 1561 20 1686 20 1692 20 1555 20 1686 20 1549 20 1555 20 1692 20 1699 20 1549 20 1692 20 1543 20 1549 20 1699 20 1706 20 1543 20 1699 20 1537 20 1543 20 1706 20 1712 20 1537 20 1706 20 1531 20 1537 20 1712 20 1718 20 1531 20 1712 20 1525 20 1531 20 1718 20 1724 20 1525 20 1718 20 1519 20 1525 20 1724 20 1730 20 1519 20 1724 20 1513 20 1519 20 1730 20 1738 20 1513 20 1730 20 1507 20 1513 20 1738 20 1762 20 1507 20 1738 20 2363 20 1507 20 1762 20 1781 20 2363 20 1762 20 1791 20 2363 20 1781 20 2363 20 1791 20 1805 20 1820 20 2363 20 1805 20 1830 20 2363 20 1820 20 2363 20 1830 20 1841 20 139 20 210 20 216 20 222 20 139 20 216 20 228 20 139 20 222 20 139 20 228 20 238 20 244 20 139 20 238 20 250 20 139 20 244 20 139 20 250 20 260 20 268 20 139 20 260 20 278 20 139 20 268 20 139 20 278 20 289 20 296 20 139 20 289 20 306 20 139 20 296 20 139 20 306 20 316 20 326 20 139 20 316 20 336 20 139 20 326 20 139 20 336 20 346 20 356 20 139 20 346 20 368 20 139 20 356 20 0 1888 389 1888 375 1888 137 20 365 20 353 20 343 20 137 20 353 20 333 20 137 20 343 20 137 20 333 20 323 20 313 20 137 20 323 20 303 20 137 20 313 20 137 20 303 20 293 20 286 20 137 20 293 20 275 20 137 20 286 20 137 20 275 20 265 20 257 20 137 20 265 20 247 20 137 20 257 20 137 20 247 20 241 20 235 20 137 20 241 20 225 20 137 20 235 20 137 20 225 20 219 20 213 20 137 20 219 20 207 20 137 20 213 20 137 20 207 20 201 20 198 20 137 20 201 20 2050 20 1483 20 1489 20 2363 20 1495 20 1501 20 1507 20 2363 20 1501 20 2712 20 2675 20 2665 20 2655 20 2712 20 2665 20 2645 20 2712 20 2655 20 2698 20 2633 20 2613 20 2603 20 2698 20 2613 20 2589 20 2698 20 2603 20 2698 20 2589 20 2577 20 2561 20 2698 20 2577 20 2551 20 2698 20 2561 20 2698 20 2551 20 2535 20 2521 20 2698 20 2535 20 2503 20 2698 20 2521 20 2698 20 2503 20 2491 20 2431 20 2471 20 2457 20 2437 20 2431 20 2457 20 2421 20 2431 20 2437 20 2431 20 2421 20 2399 20 2389 20 2431 20 2399 20 2373 20 2431 20 2389 20 2431 20 2373 20 2344 20 2308 20 2431 20 2344 20 2281 20 2431 20 2308 20 2177 20 2195 20 2155 20 2100 20 2177 20 2155 20 2094 20 2076 20 2066 20 2058 20 2094 20 2066 20 2018 20 2032 20 2028 20 2020 20 2018 20 2028 20 2012 20 2018 20 2020 20 1933 20 2000 20 1963 20 1941 20 1933 20 1963 20 1849 20 1907 20 1891 20 1879 20 1849 20 1891 20 1869 20 1849 20 1879 20 1849 20 1869 20 1857 20 1843 20 1849 20 1857 20 1813 20 1822 20 1807 20 1797 20 1813 20 1807 20 1793 20 1813 20 1797 20 1813 20 1793 20 1783 20 1773 20 1813 20 1783 20 1769 20 1813 20 1773 20 2103 1889 2106 1889 1990 1889 1996 1889 2103 1889 1990 1889 2109 1889 2103 1889 1996 1889 1993 1889 2109 1889 1996 1889 2115 1889 2109 1889 1993 1889 1987 1889 2115 1889 1993 1889 2123 1889 2115 1889 1987 1889 1981 1889 2123 1889 1987 1889 2131 1889 2123 1889 1981 1889 1975 1889 2131 1889 1981 1889 2141 1889 2131 1889 1975 1889 1969 1889 2141 1889 1975 1889 2151 1889 2141 1889 1969 1889 1959 1889 2151 1889 1969 1889 2163 1889 2151 1889 1959 1889 1953 1889 2163 1889 1959 1889 2173 1889 2163 1889 1953 1889 1947 1889 2173 1889 1953 1889 2189 1889 2173 1889 1947 1889 1937 1889 2189 1889 1947 1889 2209 1889 2189 1889 1937 1889 1923 1889 2209 1889 1937 1889 2227 1889 2209 1889 1923 1889 1913 1889 2227 1889 1923 1889 2251 1889 2227 1889 1913 1889 1903 1889 2251 1889 1913 1889 2277 1889 2251 1889 1903 1889 1897 1889 2277 1889 1903 1889 2292 1889 2277 1889 1897 1889 1887 1889 2292 1889 1897 1889 2314 1889 2292 1889 1887 1889 1875 1889 2314 1889 1887 1889 2332 1889 2314 1889 1875 1889 1865 1889 2332 1889 1875 1889 2358 1889 2332 1889 1865 1889 1853 1889 2358 1889 1865 1889 2379 1889 2358 1889 1853 1889 1839 1889 2379 1889 1853 1889 2385 1889 2379 1889 1839 1889 1828 1889 2385 1889 1839 1889 2395 1889 2385 1889 1828 1889 1818 1889 2395 1889 1828 1889 2057 1889 2395 1889 1818 1889 2051 1889 2057 1889 1818 1889 1803 1889 2051 1889 1818 1889 2044 1890 2051 1890 1803 1890 1789 1889 2044 1889 1803 1889 2039 1889 2044 1889 1789 1889 2031 1889 2039 1889 1789 1889 1779 1891 2031 1891 1789 1891 2027 1892 2031 1892 1779 1892 1499 1889 2027 1889 1779 1889 2019 1889 2027 1889 1499 1889 1493 1889 2019 1889 1499 1889 2011 1893 2019 1893 1493 1893 2003 1894 2011 1894 1493 1894 1487 1889 2003 1889 1493 1889 1999 1889 2003 1889 1487 1889 1481 1889 1999 1889 1487 1889 1962 1889 1999 1889 1481 1889 1229 1889 1962 1889 1481 1889 1940 1889 1962 1889 1229 1889 1223 1895 1940 1895 1229 1895 1916 1896 1940 1896 1223 1896 1906 1889 1916 1889 1223 1889 1217 1889 1906 1889 1223 1889 1890 1897 1906 1897 1217 1897 1878 1889 1890 1889 1217 1889 1211 1898 1878 1898 1217 1898 307 1889 1878 1889 1211 1889 969 1889 307 1889 1211 1889 963 1899 307 1899 969 1899 1984 1889 1990 1889 2106 1889 2112 1889 1984 1889 2106 1889 1978 1889 1984 1889 2112 1889 2120 1889 1978 1889 2112 1889 1972 1889 1978 1889 2120 1889 2128 1889 1972 1889 2120 1889 1966 1889 1972 1889 2128 1889 2138 1889 1966 1889 2128 1889 1956 1889 1966 1889 2138 1889 2148 1889 1956 1889 2138 1889 1950 1889 1956 1889 2148 1889 2160 1889 1950 1889 2148 1889 1944 1889 1950 1889 2160 1889 2170 1889 1944 1889 2160 1889 1934 1889 1944 1889 2170 1889 2186 1889 1934 1889 2170 1889 1920 1889 1934 1889 2186 1889 2206 1889 1920 1889 2186 1889 1910 1889 1920 1889 2206 1889 2224 1889 1910 1889 2206 1889 1900 1889 1910 1889 2224 1889 2248 1889 1900 1889 2224 1889 1894 1889 1900 1889 2248 1889 2274 1889 1894 1889 2248 1889 1884 1889 1894 1889 2274 1889 2289 1889 1884 1889 2274 1889 1872 1889 1884 1889 2289 1889 2311 1889 1872 1889 2289 1889 1862 1889 1872 1889 2311 1889 2329 1889 1862 1889 2311 1889 1850 1889 1862 1889 2329 1889 2355 1889 1850 1889 2329 1889 1836 1889 1850 1889 2355 1889 2376 1889 1836 1889 2355 1889 1825 1889 1836 1889 2376 1889 2382 1889 1825 1889 2376 1889 1815 1889 1825 1889 2382 1889 2392 1889 1815 1889 2382 1889 2713 1900 1815 1900 2392 1900 2402 1901 2713 1901 2392 1901 2424 1902 2713 1902 2402 1902 2713 1903 2424 1903 2440 1903 2448 1904 2713 1904 2440 1904 2462 1905 2713 1905 2448 1905 2713 1906 2462 1906 2482 1906 2494 1907 2713 1907 2482 1907 2510 1908 2713 1908 2494 1908 2713 1909 2510 1909 2526 1909 2538 1910 2713 1910 2526 1910 2554 1911 2713 1911 2538 1911 2713 1912 2554 1912 2566 1912 2580 1913 2713 1913 2566 1913 2592 1914 2713 1914 2580 1914 2713 1915 2592 1915 2606 1915 2616 1916 2713 1916 2606 1916 2626 1917 2713 1917 2616 1917 2713 1918 2626 1918 2638 1918 2648 1919 2713 1919 2638 1919 2658 1920 2713 1920 2648 1920 2713 1921 2658 1921 2668 1921 2678 1922 2713 1922 2668 1922 2688 1923 2713 1923 2678 1923 2713 1924 2688 1924 2681 1924 2671 1925 2713 1925 2681 1925 2661 1926 2713 1926 2671 1926 2713 1927 2661 1927 2651 1927 2641 1928 2713 1928 2651 1928 2602 1929 2713 1929 2641 1929 2629 1889 2602 1889 2641 1889 2588 1930 2602 1930 2629 1930 2576 1931 2588 1931 2629 1931 2619 1932 2576 1932 2629 1932 2560 1889 2576 1889 2619 1889 2609 1889 2560 1889 2619 1889 2550 1889 2560 1889 2609 1889 2534 1933 2550 1933 2609 1933 2595 1934 2534 1934 2609 1934 2520 1889 2534 1889 2595 1889 2583 1889 2520 1889 2595 1889 2502 1889 2520 1889 2583 1889 2569 1889 2502 1889 2583 1889 2490 1889 2502 1889 2569 1889 2470 1935 2490 1935 2569 1935 2557 1889 2470 1889 2569 1889 2456 1889 2470 1889 2557 1889 2541 1936 2456 1936 2557 1936 2436 1889 2456 1889 2541 1889 2420 1889 2436 1889 2541 1889 2529 1937 2420 1937 2541 1937 2398 1938 2420 1938 2529 1938 2513 1889 2398 1889 2529 1889 2388 1889 2398 1889 2513 1889 2497 1939 2388 1939 2513 1939 2372 1940 2388 1940 2497 1940 2343 1889 2372 1889 2497 1889 2485 1889 2343 1889 2497 1889 2307 1889 2343 1889 2485 1889 2465 1941 2307 1941 2485 1941 2280 1942 2307 1942 2465 1942 2234 1889 2280 1889 2465 1889 2451 1889 2234 1889 2465 1889 2194 1889 2234 1889 2451 1889 2443 1889 2194 1889 2451 1889 2154 1889 2194 1889 2443 1889 2099 1889 2154 1889 2443 1889 2427 1943 2099 1943 2443 1943 2087 1944 2099 1944 2427 1944 2405 1889 2087 1889 2427 1889 2075 1889 2087 1889 2405 1889 2395 1889 2075 1889 2405 1889 2065 1945 2075 1945 2395 1945 2057 1946 2065 1946 2395 1946 825 1889 828 1889 815 1889 821 1889 825 1889 815 1889 831 1889 825 1889 821 1889 818 1889 831 1889 821 1889 837 1889 831 1889 818 1889 812 1889 837 1889 818 1889 843 1889 837 1889 812 1889 806 1889 843 1889 812 1889 849 1889 843 1889 806 1889 800 1889 849 1889 806 1889 858 1889 849 1889 800 1889 794 1889 858 1889 800 1889 864 1889 858 1889 794 1889 788 1889 864 1889 794 1889 870 1889 864 1889 788 1889 782 1889 870 1889 788 1889 876 1889 870 1889 782 1889 776 1889 876 1889 782 1889 882 1889 876 1889 776 1889 770 1889 882 1889 776 1889 888 1889 882 1889 770 1889 764 1889 888 1889 770 1889 894 1889 888 1889 764 1889 758 1889 894 1889 764 1889 901 1889 894 1889 758 1889 752 1889 901 1889 758 1889 907 1889 901 1889 752 1889 746 1889 907 1889 752 1889 913 1889 907 1889 746 1889 740 1889 913 1889 746 1889 919 1889 913 1889 740 1889 731 1889 919 1889 740 1889 925 1889 919 1889 731 1889 723 1889 925 1889 731 1889 931 1889 925 1889 723 1889 717 1889 931 1889 723 1889 938 1889 931 1889 717 1889 711 1889 938 1889 717 1889 944 1889 938 1889 711 1889 705 1889 944 1889 711 1889 951 1889 944 1889 705 1889 699 1889 951 1889 705 1889 229 1889 951 1889 699 1889 192 1889 229 1889 699 1889 693 1889 192 1889 699 1889 188 1889 192 1889 693 1889 687 1889 188 1889 693 1889 184 1947 188 1947 687 1947 180 1948 184 1948 687 1948 680 1889 180 1889 687 1889 176 1889 180 1889 680 1889 400 1889 176 1889 680 1889 172 1949 176 1949 400 1949 390 1950 172 1950 400 1950 168 1889 172 1889 390 1889 164 1889 168 1889 390 1889 376 1889 164 1889 390 1889 160 1951 164 1951 376 1951 366 1889 160 1889 376 1889 156 1889 160 1889 366 1889 138 1889 156 1889 366 1889 152 1889 156 1889 138 1889 148 1889 152 1889 138 1889 144 1889 148 1889 138 1889 6 1889 144 1889 138 1889 140 1952 144 1952 6 1952 132 1889 140 1889 6 1889 128 1953 132 1953 6 1953 124 1954 128 1954 6 1954 120 1955 124 1955 6 1955 115 1956 120 1956 6 1956 111 1889 115 1889 6 1889 107 1889 111 1889 6 1889 102 1957 107 1957 6 1957 98 1889 102 1889 6 1889 92 1958 98 1958 6 1958 88 1889 92 1889 6 1889 84 1889 88 1889 6 1889 79 1889 84 1889 6 1889 75 1959 79 1959 6 1959 70 1889 75 1889 6 1889 66 1960 70 1960 6 1960 62 1889 66 1889 6 1889 57 1889 62 1889 6 1889 50 1889 57 1889 6 1889 46 1889 50 1889 6 1889 42 1889 46 1889 6 1889 38 1961 42 1961 6 1961 34 1889 38 1889 6 1889 30 1962 34 1962 6 1962 26 1963 30 1963 6 1963 0 1964 26 1964 6 1964 22 1965 26 1965 0 1965 18 1966 22 1966 0 1966 1 1967 18 1967 0 1967 14 1968 18 1968 1 1968 10 1969 14 1969 1 1969 8 1970 10 1970 1 1970 12 1971 8 1971 1 1971 16 1972 12 1972 1 1972 20 1973 16 1973 1 1973 24 1974 20 1974 1 1974 28 1975 24 1975 1 1975 32 1976 28 1976 1 1976 36 1977 32 1977 1 1977 40 1978 36 1978 1 1978 44 1979 40 1979 1 1979 48 1980 44 1980 1 1980 52 1981 48 1981 1 1981 59 1982 52 1982 1 1982 64 1983 59 1983 1 1983 68 1984 64 1984 1 1984 72 1985 68 1985 1 1985 77 1986 72 1986 1 1986 81 1987 77 1987 1 1987 86 1988 81 1988 1 1988 90 1989 86 1989 1 1989 94 1990 90 1990 1 1990 100 1991 94 1991 1 1991 104 1992 100 1992 1 1992 109 1993 104 1993 1 1993 113 1994 109 1994 1 1994 117 1995 113 1995 1 1995 122 1996 117 1996 1 1996 126 1997 122 1997 1 1997 130 1998 126 1998 1 1998 134 1999 130 1999 1 1999 142 2000 134 2000 1 2000 146 2001 142 2001 1 2001 150 2002 146 2002 1 2002 154 2003 150 2003 1 2003 158 2004 154 2004 1 2004 162 2005 158 2005 1 2005 166 2006 162 2006 1 2006 170 2007 166 2007 1 2007 2714 2008 170 2008 1 2008 2041 2009 170 2009 2714 2009 2046 2010 2041 2010 2714 2010 2053 2011 2046 2011 2714 2011 2059 2012 2053 2012 2714 2012 2067 2013 2059 2013 2714 2013 2077 2014 2067 2014 2714 2014 2089 2015 2077 2015 2714 2015 2101 2016 2089 2016 2714 2016 2156 2017 2101 2017 2714 2017 2196 2018 2156 2018 2714 2018 2236 2019 2196 2019 2714 2019 2282 2020 2236 2020 2714 2020 2309 2021 2282 2021 2714 2021 2345 2022 2309 2022 2714 2022 2374 2023 2345 2023 2714 2023 2390 2024 2374 2024 2714 2024 2400 2025 2390 2025 2714 2025 2422 2026 2400 2026 2714 2026 2438 2027 2422 2027 2714 2027 2458 2028 2438 2028 2714 2028 2472 2029 2458 2029 2714 2029 2492 2030 2472 2030 2714 2030 2504 2031 2492 2031 2714 2031 2522 2032 2504 2032 2714 2032 2536 2033 2522 2033 2714 2033 2552 2034 2536 2034 2714 2034 2562 2035 2552 2035 2714 2035 2578 2036 2562 2036 2714 2036 2590 2037 2578 2037 2714 2037 2604 2038 2590 2038 2714 2038 2614 2039 2604 2039 2714 2039 2634 2040 2614 2040 2714 2040 2646 2041 2634 2041 2714 2041 2656 2042 2646 2042 2714 2042 2666 2043 2656 2043 2714 2043 2676 2044 2666 2044 2714 2044 2686 2045 2676 2045 2714 2045 2691 2046 2686 2046 2714 2046 2684 2047 2691 2047 2714 2047 2674 2048 2684 2048 2714 2048 2664 2049 2674 2049 2714 2049 2713 2050 2664 2050 2714 2050 2654 2051 2664 2051 2713 2051 2644 2052 2654 2052 2713 2052 2632 2053 2644 2053 2713 2053 2612 2054 2632 2054 2713 2054 2602 2055 2612 2055 2713 2055 809 1889 815 1889 828 1889 834 1889 809 1889 828 1889 803 1889 809 1889 834 1889 840 1889 803 1889 834 1889 797 1889 803 1889 840 1889 846 1889 797 1889 840 1889 791 1889 797 1889 846 1889 855 1889 791 1889 846 1889 785 1889 791 1889 855 1889 861 1889 785 1889 855 1889 779 1889 785 1889 861 1889 867 1889 779 1889 861 1889 773 1889 779 1889 867 1889 873 1889 773 1889 867 1889 767 1889 773 1889 873 1889 879 1889 767 1889 873 1889 761 1889 767 1889 879 1889 885 1889 761 1889 879 1889 755 1889 761 1889 885 1889 891 1889 755 1889 885 1889 749 1889 755 1889 891 1889 898 1889 749 1889 891 1889 743 1889 749 1889 898 1889 904 1889 743 1889 898 1889 737 1889 743 1889 904 1889 910 1889 737 1889 904 1889 728 1889 737 1889 910 1889 916 1889 728 1889 910 1889 720 1889 728 1889 916 1889 922 1889 720 1889 916 1889 714 1889 720 1889 922 1889 928 1889 714 1889 922 1889 708 1889 714 1889 928 1889 935 1889 708 1889 928 1889 702 1889 708 1889 935 1889 941 1889 702 1889 935 1889 696 1889 702 1889 941 1889 948 1889 696 1889 941 1889 690 1889 696 1889 948 1889 954 1889 690 1889 948 1889 0 2056 690 2056 954 2056 960 2057 0 2057 954 2057 1214 2058 0 2058 960 2058 1208 1889 1214 1889 960 1889 966 1889 1208 1889 960 1889 1202 1889 1208 1889 966 1889 972 1889 1202 1889 966 1889 1196 1889 1202 1889 972 1889 978 1889 1196 1889 972 1889 1190 1889 1196 1889 978 1889 984 1889 1190 1889 978 1889 1184 1889 1190 1889 984 1889 990 1889 1184 1889 984 1889 1178 1889 1184 1889 990 1889 996 1889 1178 1889 990 1889 1172 1889 1178 1889 996 1889 1002 1889 1172 1889 996 1889 1166 1889 1172 1889 1002 1889 1008 1889 1166 1889 1002 1889 1160 1889 1166 1889 1008 1889 1014 1889 1160 1889 1008 1889 1152 1889 1160 1889 1014 1889 1020 1889 1152 1889 1014 1889 1146 1889 1152 1889 1020 1889 1026 1889 1146 1889 1020 1889 1140 1889 1146 1889 1026 1889 1032 1889 1140 1889 1026 1889 1134 1889 1140 1889 1032 1889 1038 1889 1134 1889 1032 1889 1128 1889 1134 1889 1038 1889 1044 1889 1128 1889 1038 1889 1122 1889 1128 1889 1044 1889 1050 1889 1122 1889 1044 1889 1116 1889 1122 1889 1050 1889 1056 1889 1116 1889 1050 1889 1110 1889 1116 1889 1056 1889 1062 1889 1110 1889 1056 1889 1104 1889 1110 1889 1062 1889 1068 1889 1104 1889 1062 1889 1098 1889 1104 1889 1068 1889 1074 1889 1098 1889 1068 1889 1092 1889 1098 1889 1074 1889 1080 1889 1092 1889 1074 1889 1089 1889 1092 1889 1080 1889 1086 1889 1089 1889 1080 1889 1095 1889 1089 1889 1086 1889 1083 1889 1095 1889 1086 1889 1101 1889 1095 1889 1083 1889 1077 1889 1101 1889 1083 1889 1107 1889 1101 1889 1077 1889 1071 1889 1107 1889 1077 1889 1113 1889 1107 1889 1071 1889 1065 1889 1113 1889 1071 1889 1119 1889 1113 1889 1065 1889 1059 1889 1119 1889 1065 1889 1125 1889 1119 1889 1059 1889 1053 1889 1125 1889 1059 1889 1131 1889 1125 1889 1053 1889 1047 1889 1131 1889 1053 1889 1137 1889 1131 1889 1047 1889 1041 1889 1137 1889 1047 1889 1143 1889 1137 1889 1041 1889 1035 1889 1143 1889 1041 1889 1149 1889 1143 1889 1035 1889 1029 1889 1149 1889 1035 1889 1155 1889 1149 1889 1029 1889 1023 1889 1155 1889 1029 1889 1163 1889 1155 1889 1023 1889 1017 1889 1163 1889 1023 1889 1169 1889 1163 1889 1017 1889 1011 1889 1169 1889 1017 1889 1175 1889 1169 1889 1011 1889 1005 1889 1175 1889 1011 1889 1181 1889 1175 1889 1005 1889 999 1889 1181 1889 1005 1889 1187 1889 1181 1889 999 1889 993 1889 1187 1889 999 1889 1193 1889 1187 1889 993 1889 987 1889 1193 1889 993 1889 1199 1889 1193 1889 987 1889 981 1889 1199 1889 987 1889 1205 1889 1199 1889 981 1889 975 1889 1205 1889 981 1889 1211 1889 1205 1889 975 1889 969 1889 1211 1889 975 1889 963 1889 957 1889 280 1889 297 2059 963 2059 280 2059 307 1889 963 1889 297 1889 957 2060 951 2060 251 2060 269 2061 957 2061 251 2061 280 1889 957 1889 269 1889 0 2062 6 2062 4 2062 136 2063 0 2063 4 2063 373 2064 0 2064 136 2064 363 2065 373 2065 136 2065 351 2066 363 2066 136 2066 341 1889 351 1889 136 1889 331 2067 341 2067 136 2067 321 2068 331 2068 136 2068 311 1889 321 1889 136 1889 301 2069 311 2069 136 2069 291 1889 301 1889 136 1889 284 2070 291 2070 136 2070 273 2071 284 2071 136 2071 263 1889 273 1889 136 1889 255 2072 263 2072 136 2072 245 2073 255 2073 136 2073 239 2074 245 2074 136 2074 233 2075 239 2075 136 2075 223 2076 233 2076 136 2076 217 1889 223 1889 136 1889 211 1889 217 1889 136 1889 205 2077 211 2077 136 2077 199 2078 205 2078 136 2078 196 2079 199 2079 136 2079 138 2080 196 2080 136 2080 202 1889 196 1889 138 1889 208 2078 202 2078 138 2078 214 1889 208 1889 138 1889 220 1889 214 1889 138 1889 226 1889 220 1889 138 1889 236 2081 226 2081 138 2081 242 2082 236 2082 138 2082 248 1889 242 1889 138 1889 258 1889 248 1889 138 1889 266 1889 258 1889 138 1889 276 1889 266 1889 138 1889 287 2083 276 2083 138 2083 294 1889 287 1889 138 1889 304 1889 294 1889 138 1889 314 2084 304 2084 138 2084 324 1889 314 1889 138 1889 334 2085 324 2085 138 2085 344 1889 334 1889 138 1889 354 1889 344 1889 138 1889 366 1889 354 1889 138 1889 2713 2086 0 2086 1214 2086 1220 2087 2713 2087 1214 2087 1484 2088 2713 2088 1220 2088 1478 1889 1484 1889 1220 1889 1226 1889 1478 1889 1220 1889 1469 1889 1478 1889 1226 1889 1233 1889 1469 1889 1226 1889 1461 1889 1469 1889 1233 1889 1239 1889 1461 1889 1233 1889 1455 1889 1461 1889 1239 1889 1245 1889 1455 1889 1239 1889 1449 1889 1455 1889 1245 1889 1251 1889 1449 1889 1245 1889 1443 1889 1449 1889 1251 1889 1257 1889 1443 1889 1251 1889 1437 1889 1443 1889 1257 1889 1263 1889 1437 1889 1257 1889 1430 1889 1437 1889 1263 1889 1269 1889 1430 1889 1263 1889 1423 1889 1430 1889 1269 1889 1275 1889 1423 1889 1269 1889 1416 1889 1423 1889 1275 1889 1281 1889 1416 1889 1275 1889 1410 1889 1416 1889 1281 1889 1287 1889 1410 1889 1281 1889 1404 1889 1410 1889 1287 1889 1293 1889 1404 1889 1287 1889 1398 1889 1404 1889 1293 1889 1299 1889 1398 1889 1293 1889 1392 1889 1398 1889 1299 1889 1305 1889 1392 1889 1299 1889 1385 1889 1392 1889 1305 1889 1311 1889 1385 1889 1305 1889 1379 1889 1385 1889 1311 1889 1317 1889 1379 1889 1311 1889 1373 1889 1379 1889 1317 1889 1323 1889 1373 1889 1317 1889 1367 1889 1373 1889 1323 1889 1329 1889 1367 1889 1323 1889 1361 1889 1367 1889 1329 1889 1335 1889 1361 1889 1329 1889 1355 1889 1361 1889 1335 1889 1341 1889 1355 1889 1335 1889 1352 1889 1355 1889 1341 1889 1347 1889 1352 1889 1341 1889 1358 1889 1352 1889 1347 1889 1344 1889 1358 1889 1347 1889 1364 1889 1358 1889 1344 1889 1338 1889 1364 1889 1344 1889 1370 1889 1364 1889 1338 1889 1332 1889 1370 1889 1338 1889 1376 1889 1370 1889 1332 1889 1326 1889 1376 1889 1332 1889 1382 1889 1376 1889 1326 1889 1320 1889 1382 1889 1326 1889 1388 1889 1382 1889 1320 1889 1314 1889 1388 1889 1320 1889 1395 1889 1388 1889 1314 1889 1308 1889 1395 1889 1314 1889 1401 1889 1395 1889 1308 1889 1302 1889 1401 1889 1308 1889 1407 1889 1401 1889 1302 1889 1296 1889 1407 1889 1302 1889 1413 1889 1407 1889 1296 1889 1290 1889 1413 1889 1296 1889 1419 1889 1413 1889 1290 1889 1284 1889 1419 1889 1290 1889 1426 1889 1419 1889 1284 1889 1278 1889 1426 1889 1284 1889 1433 1889 1426 1889 1278 1889 1272 1889 1433 1889 1278 1889 1440 1889 1433 1889 1272 1889 1266 1889 1440 1889 1272 1889 1446 1889 1440 1889 1266 1889 1260 1889 1446 1889 1266 1889 1452 1889 1446 1889 1260 1889 1254 1889 1452 1889 1260 1889 1458 1889 1452 1889 1254 1889 1248 1889 1458 1889 1254 1889 1464 1889 1458 1889 1248 1889 1242 1889 1464 1889 1248 1889 1472 1889 1464 1889 1242 1889 1236 1889 1472 1889 1242 1889 1481 1889 1472 1889 1236 1889 1229 1889 1481 1889 1236 1889 951 2089 229 2089 251 2089 1868 1889 1878 1889 307 1889 317 1889 1868 1889 307 1889 1856 1889 1868 1889 317 1889 327 1889 1856 1889 317 1889 1842 1889 1856 1889 327 1889 337 1889 1842 1889 327 1889 1832 1889 1842 1889 337 1889 347 1889 1832 1889 337 1889 1821 1889 1832 1889 347 1889 359 1889 1821 1889 347 1889 1806 1889 1821 1889 359 1889 369 1889 1806 1889 359 1889 1796 1889 1806 1889 369 1889 379 1889 1796 1889 369 1889 1792 1889 1796 1889 379 1889 383 1889 1792 1889 379 1889 1782 1889 1792 1889 383 1889 393 1889 1782 1889 383 1889 1772 1889 1782 1889 393 1889 403 1889 1772 1889 393 1889 1768 1889 1772 1889 403 1889 407 1889 1768 1889 403 1889 1763 1889 1768 1889 407 1889 411 1889 1763 1889 407 1889 1753 1889 1763 1889 411 1889 422 1889 1753 1889 411 1889 1749 1889 1753 1889 422 1889 426 1889 1749 1889 422 1889 1745 1889 1749 1889 426 1889 430 1889 1745 1889 426 1889 1741 1889 1745 1889 430 1889 434 1889 1741 1889 430 1889 1739 1889 1741 1889 434 1889 438 1889 1739 1889 434 1889 1743 1889 1739 1889 438 1889 436 1889 1743 1889 438 1889 1747 1889 1743 1889 436 1889 432 1889 1747 1889 436 1889 1751 1889 1747 1889 432 1889 428 1889 1751 1889 432 1889 1755 1889 1751 1889 428 1889 424 1889 1755 1889 428 1889 1765 1889 1755 1889 424 1889 413 1889 1765 1889 424 1889 1770 1889 1765 1889 413 1889 409 1889 1770 1889 413 1889 1774 1889 1770 1889 409 1889 405 1889 1774 1889 409 1889 1784 1889 1774 1889 405 1889 395 1889 1784 1889 405 1889 1794 1889 1784 1889 395 1889 385 1889 1794 1889 395 1889 1798 1889 1794 1889 385 1889 381 1889 1798 1889 385 1889 1808 1889 1798 1889 381 1889 371 1889 1808 1889 381 1889 1823 1889 1808 1889 371 1889 361 1889 1823 1889 371 1889 1834 1889 1823 1889 361 1889 349 1889 1834 1889 361 1889 1844 1889 1834 1889 349 1889 339 1889 1844 1889 349 1889 1858 1889 1844 1889 339 1889 329 1889 1858 1889 339 1889 1870 1889 1858 1889 329 1889 319 1889 1870 1889 329 1889 1880 1889 1870 1889 319 1889 309 1889 1880 1889 319 1889 1892 1889 1880 1889 309 1889 299 1889 1892 1889 309 1889 1908 1889 1892 1889 299 1889 282 1889 1908 1889 299 1889 1918 1889 1908 1889 282 1889 271 1889 1918 1889 282 1889 1942 1889 1918 1889 271 1889 253 1889 1942 1889 271 1889 1964 1889 1942 1889 253 1889 231 1889 1964 1889 253 1889 2001 1889 1964 1889 231 1889 194 1889 2001 1889 231 1889 2005 1889 2001 1889 194 1889 190 1889 2005 1889 194 1889 2013 1889 2005 1889 190 1889 186 1889 2013 1889 190 1889 2021 1889 2013 1889 186 1889 182 1889 2021 1889 186 1889 2029 1889 2021 1889 182 1889 178 1889 2029 1889 182 1889 2033 1889 2029 1889 178 1889 174 1889 2033 1889 178 1889 2041 1889 2033 1889 174 1889 170 1889 2041 1889 174 1889 1624 1889 1627 1889 1610 1889 1616 1889 1624 1889 1610 1889 1630 1889 1624 1889 1616 1889 1613 1889 1630 1889 1616 1889 1636 1889 1630 1889 1613 1889 1607 1889 1636 1889 1613 1889 1642 1889 1636 1889 1607 1889 1601 1889 1642 1889 1607 1889 1648 1889 1642 1889 1601 1889 1595 1889 1648 1889 1601 1889 1654 1889 1648 1889 1595 1889 1589 1889 1654 1889 1595 1889 1660 1889 1654 1889 1589 1889 1583 1889 1660 1889 1589 1889 1666 1889 1660 1889 1583 1889 1577 1889 1666 1889 1583 1889 1672 1889 1666 1889 1577 1889 1571 1889 1672 1889 1577 1889 1678 1889 1672 1889 1571 1889 1565 1889 1678 1889 1571 1889 1684 1889 1678 1889 1565 1889 1559 1889 1684 1889 1565 1889 1690 1889 1684 1889 1559 1889 1553 1889 1690 1889 1559 1889 1697 1889 1690 1889 1553 1889 1547 1889 1697 1889 1553 1889 1704 1889 1697 1889 1547 1889 1541 1889 1704 1889 1547 1889 1710 1889 1704 1889 1541 1889 1535 1889 1710 1889 1541 1889 1716 1889 1710 1889 1535 1889 1529 1889 1716 1889 1535 1889 1722 1889 1716 1889 1529 1889 1523 1889 1722 1889 1529 1889 1728 1889 1722 1889 1523 1889 1517 1889 1728 1889 1523 1889 1736 1889 1728 1889 1517 1889 1511 1889 1736 1889 1517 1889 1760 1889 1736 1889 1511 1889 1505 1889 1760 1889 1511 1889 1779 1889 1760 1889 1505 1889 1499 1889 1779 1889 1505 1889 1604 1889 1610 1889 1627 1889 1633 1889 1604 1889 1627 1889 1598 1889 1604 1889 1633 1889 1639 1889 1598 1889 1633 1889 1592 1889 1598 1889 1639 1889 1645 1889 1592 1889 1639 1889 1586 1889 1592 1889 1645 1889 1651 1889 1586 1889 1645 1889 1580 1889 1586 1889 1651 1889 1657 1889 1580 1889 1651 1889 1574 1889 1580 1889 1657 1889 1663 1889 1574 1889 1657 1889 1568 1889 1574 1889 1663 1889 1669 1889 1568 1889 1663 1889 1562 1889 1568 1889 1669 1889 1675 1889 1562 1889 1669 1889 1556 1889 1562 1889 1675 1889 1681 1889 1556 1889 1675 1889 1550 1889 1556 1889 1681 1889 1687 1889 1550 1889 1681 1889 1544 1889 1550 1889 1687 1889 1694 1889 1544 1889 1687 1889 1538 1889 1544 1889 1694 1889 1701 1889 1538 1889 1694 1889 1532 1889 1538 1889 1701 1889 1707 1889 1532 1889 1701 1889 1526 1889 1532 1889 1707 1889 1713 1889 1526 1889 1707 1889 1520 1889 1526 1889 1713 1889 1719 1889 1520 1889 1713 1889 1514 1889 1520 1889 1719 1889 1725 1889 1514 1889 1719 1889 1508 1889 1514 1889 1725 1889 1733 1889 1508 1889 1725 1889 1502 1889 1508 1889 1733 1889 1757 1889 1502 1889 1733 1889 1496 1889 1502 1889 1757 1889 1776 1889 1496 1889 1757 1889 1490 1889 1496 1889 1776 1889 1786 1889 1490 1889 1776 1889 2713 2088 1490 2088 1786 2088 1800 2090 2713 2090 1786 2090 1815 2091 2713 2091 1800 2091 556 1889 559 1889 542 1889 548 1889 556 1889 542 1889 562 1889 556 1889 548 1889 545 1889 562 1889 548 1889 568 1889 562 1889 545 1889 539 1889 568 1889 545 1889 574 1889 568 1889 539 1889 533 1889 574 1889 539 1889 580 1889 574 1889 533 1889 527 1889 580 1889 533 1889 586 1889 580 1889 527 1889 521 1889 586 1889 527 1889 592 1889 586 1889 521 1889 515 1889 592 1889 521 1889 598 1889 592 1889 515 1889 509 1889 598 1889 515 1889 604 1889 598 1889 509 1889 503 1889 604 1889 509 1889 610 1889 604 1889 503 1889 497 1889 610 1889 503 1889 616 1889 610 1889 497 1889 491 1889 616 1889 497 1889 622 1889 616 1889 491 1889 485 1889 622 1889 491 1889 630 1889 622 1889 485 1889 479 1889 630 1889 485 1889 636 1889 630 1889 479 1889 473 1889 636 1889 479 1889 642 1889 636 1889 473 1889 467 1889 642 1889 473 1889 648 1889 642 1889 467 1889 461 1889 648 1889 467 1889 654 1889 648 1889 461 1889 455 1889 654 1889 461 1889 660 1889 654 1889 455 1889 449 1889 660 1889 455 1889 666 1889 660 1889 449 1889 443 1889 666 1889 449 1889 674 1889 666 1889 443 1889 418 1889 674 1889 443 1889 680 1889 674 1889 418 1889 400 1889 680 1889 418 1889 536 1889 542 1889 559 1889 565 1889 536 1889 559 1889 530 1889 536 1889 565 1889 571 1889 530 1889 565 1889 524 1889 530 1889 571 1889 577 1889 524 1889 571 1889 518 1889 524 1889 577 1889 583 1889 518 1889 577 1889 512 1889 518 1889 583 1889 589 1889 512 1889 583 1889 506 1889 512 1889 589 1889 595 1889 506 1889 589 1889 500 1889 506 1889 595 1889 601 1889 500 1889 595 1889 494 1889 500 1889 601 1889 607 1889 494 1889 601 1889 488 1889 494 1889 607 1889 613 1889 488 1889 607 1889 482 1889 488 1889 613 1889 619 1889 482 1889 613 1889 476 1889 482 1889 619 1889 627 1889 476 1889 619 1889 470 1889 476 1889 627 1889 633 1889 470 1889 627 1889 464 1889 470 1889 633 1889 639 1889 464 1889 633 1889 458 1889 464 1889 639 1889 645 1889 458 1889 639 1889 452 1889 458 1889 645 1889 651 1889 452 1889 645 1889 446 1889 452 1889 651 1889 657 1889 446 1889 651 1889 440 1889 446 1889 657 1889 663 1889 440 1889 657 1889 415 1889 440 1889 663 1889 671 1889 415 1889 663 1889 397 1889 415 1889 671 1889 677 1889 397 1889 671 1889 387 1889 397 1889 677 1889 684 1889 387 1889 677 1889 0 2092 387 2092 684 2092 690 2093 0 2093 684 2093 0 2094 373 2094 387 2094 2713 2095 1484 2095 1490 2095 853 2096 852 2096 1391 2096 853 2097 1391 2097 852 2097 1351 2098 854 2098 1350 2098 1351 2099 1350 2099 854 2099 358 2100 357 2100 551 2100 358 2101 551 2101 357 2101 736 2102 735 2102 734 2102 736 2103 734 2103 735 2103 1620 2104 1731 2104 1621 2104 1620 2105 1621 2105 1731 2105 1622 2106 1732 2106 1623 2106 1732 2107 1622 2107 1623 2107 670 2108 555 2108 554 2108 555 2109 670 2109 554 2109 97 2110 262 2110 96 2110 97 2111 96 2111 262 2111 726 2112 824 2112 727 2112 726 2113 727 2113 824 2113 1860 2114 2043 2114 1861 2114 2043 2115 1860 2115 1861 2115 1476 2116 1475 2116 1477 2116 1476 2117 1477 2117 1475 2117 1467 2118 1619 2118 1468 2118 1619 2119 1467 2119 1468 2119 552 2120 669 2120 553 2120 669 2121 552 2121 553 2121 3 2122 2 2122 261 2122 2 2123 3 2123 261 2123 2103 2124 2106 2124 2107 2124 2104 2125 2103 2125 2107 2125 2109 2126 2103 2126 2104 2126 2110 2127 2109 2127 2104 2127 2115 359 2109 359 2110 359 2116 360 2115 360 2110 360 2123 2128 2115 2128 2116 2128 2124 2129 2123 2129 2116 2129 2131 2130 2123 2130 2124 2130 2132 2131 2131 2131 2124 2131 2141 2132 2131 2132 2132 2132 2142 354 2141 354 2132 354 2151 351 2141 351 2142 351 2152 1298 2151 1298 2142 1298 2163 349 2151 349 2152 349 2164 1296 2163 1296 2152 1296 2173 2133 2163 2133 2164 2133 2174 2134 2173 2134 2164 2134 2189 1293 2173 1293 2174 1293 2190 345 2189 345 2174 345 2209 2135 2189 2135 2190 2135 2210 2135 2209 2135 2190 2135 2227 867 2209 867 2210 867 2228 342 2227 342 2210 342 2251 2136 2227 2136 2228 2136 2252 2137 2251 2137 2228 2137 2277 2138 2251 2138 2252 2138 2278 2139 2277 2139 2252 2139 2292 1526 2277 1526 2278 1526 2293 2140 2292 2140 2278 2140 2314 2141 2292 2141 2293 2141 2315 2142 2314 2142 2293 2142 2332 2143 2314 2143 2315 2143 2333 2144 2332 2144 2315 2144 2358 2145 2332 2145 2333 2145 2359 2146 2358 2146 2333 2146 2379 2147 2358 2147 2359 2147 2380 2148 2379 2148 2359 2148 2385 2149 2379 2149 2380 2149 2386 2150 2385 2150 2380 2150 2395 2151 2385 2151 2386 2151 2396 2152 2395 2152 2386 2152 2405 2153 2395 2153 2396 2153 2406 2154 2405 2154 2396 2154 2427 46 2405 46 2406 46 2428 46 2427 46 2406 46 2443 2155 2427 2155 2428 2155 2444 2156 2443 2156 2428 2156 2451 2157 2443 2157 2444 2157 2452 2158 2451 2158 2444 2158 2465 2159 2451 2159 2452 2159 2466 2160 2465 2160 2452 2160 2485 2161 2465 2161 2466 2161 2486 2162 2485 2162 2466 2162 2497 2163 2485 2163 2486 2163 2498 540 2497 540 2486 540 2513 2164 2497 2164 2498 2164 2514 2165 2513 2165 2498 2165 2529 2166 2513 2166 2514 2166 2530 2167 2529 2167 2514 2167 2541 2168 2529 2168 2530 2168 2542 1269 2541 1269 2530 1269 2557 2169 2541 2169 2542 2169 2558 2170 2557 2170 2542 2170 2569 2171 2557 2171 2558 2171 2570 2172 2569 2172 2558 2172 2583 583 2569 583 2570 583 2584 300 2583 300 2570 300 2595 2173 2583 2173 2584 2173 2596 2174 2595 2174 2584 2174 2609 297 2595 297 2596 297 2610 2175 2609 2175 2596 2175 2619 2176 2609 2176 2610 2176 2620 2177 2619 2177 2610 2177 2629 292 2619 292 2620 292 2630 1264 2629 1264 2620 1264 2641 290 2629 290 2630 290 2642 2178 2641 2178 2630 2178 2651 1569 2641 1569 2642 1569 2652 289 2651 289 2642 289 2661 2179 2651 2179 2652 2179 2662 2180 2661 2180 2652 2180 2671 2181 2661 2181 2662 2181 2672 2182 2671 2182 2662 2182 2681 282 2671 282 2672 282 2682 283 2681 283 2672 283 2688 2183 2681 2183 2682 2183 2689 2184 2688 2184 2682 2184 2678 2185 2688 2185 2689 2185 2679 2186 2678 2186 2689 2186 2668 442 2678 442 2679 442 2669 443 2668 443 2679 443 2658 2187 2668 2187 2669 2187 2659 2188 2658 2188 2669 2188 2648 2189 2658 2189 2659 2189 2649 2190 2648 2190 2659 2190 2638 436 2648 436 2649 436 2639 1633 2638 1633 2649 1633 2626 2191 2638 2191 2639 2191 2627 435 2626 435 2639 435 2616 1339 2626 1339 2627 1339 2617 433 2616 433 2627 433 2606 2192 2616 2192 2617 2192 2607 2193 2606 2193 2617 2193 2592 2194 2606 2194 2607 2194 2593 428 2592 428 2607 428 2580 2195 2592 2195 2593 2195 2581 2196 2580 2196 2593 2196 2566 425 2580 425 2581 425 2567 699 2566 699 2581 699 2554 2197 2566 2197 2567 2197 2555 2198 2554 2198 2567 2198 2538 2199 2554 2199 2555 2199 2539 2200 2538 2200 2555 2200 2526 1334 2538 1334 2539 1334 2527 2201 2526 2201 2539 2201 2510 2202 2526 2202 2527 2202 2511 2203 2510 2203 2527 2203 2494 2204 2510 2204 2511 2204 2495 2205 2494 2205 2511 2205 2482 2206 2494 2206 2495 2206 2483 2207 2482 2207 2495 2207 2462 2208 2482 2208 2483 2208 2463 2209 2462 2209 2483 2209 2448 2210 2462 2210 2463 2210 2449 2211 2448 2211 2463 2211 2440 2212 2448 2212 2449 2212 2441 2213 2440 2213 2449 2213 2424 2214 2440 2214 2441 2214 2425 2215 2424 2215 2441 2215 2402 48 2424 48 2425 48 2403 48 2402 48 2425 48 2392 2216 2402 2216 2403 2216 2393 2217 2392 2217 2403 2217 2382 2218 2392 2218 2393 2218 2383 2219 2382 2219 2393 2219 2376 2220 2382 2220 2383 2220 2377 2221 2376 2221 2383 2221 2355 2222 2376 2222 2377 2222 2356 2223 2355 2223 2377 2223 2329 479 2355 479 2356 479 2330 2224 2329 2224 2356 2224 2311 2225 2329 2225 2330 2225 2312 2226 2311 2226 2330 2226 2289 2227 2311 2227 2312 2227 2290 2228 2289 2228 2312 2228 2274 2229 2289 2229 2290 2229 2275 1542 2274 1542 2290 1542 2248 901 2274 901 2275 901 2249 486 2248 486 2275 486 2224 2230 2248 2230 2249 2230 2225 2231 2224 2231 2249 2231 2206 383 2224 383 2225 383 2207 900 2206 900 2225 900 2186 2232 2206 2232 2207 2232 2187 2232 2186 2232 2207 2232 2170 380 2186 380 2187 380 2171 1310 2170 1310 2187 1310 2160 2233 2170 2233 2171 2233 2161 2234 2160 2234 2171 2234 2148 1307 2160 1307 2161 1307 2149 376 2148 376 2161 376 2138 1305 2148 1305 2149 1305 2139 374 2138 374 2149 374 2128 371 2138 371 2139 371 2129 2235 2128 2235 2139 2235 2120 2236 2128 2236 2129 2236 2121 2237 2120 2237 2129 2237 2112 2238 2120 2238 2121 2238 2113 2239 2112 2239 2121 2239 2106 365 2112 365 2113 365 2107 366 2106 366 2113 366 2105 2126 2111 2126 2110 2126 2104 2126 2105 2126 2110 2126 2108 2240 2105 2240 2104 2240 2107 2240 2108 2240 2104 2240 2114 500 2108 500 2107 500 2113 500 2114 500 2107 500 2122 2241 2114 2241 2113 2241 2121 2242 2122 2242 2113 2242 2130 2243 2122 2243 2121 2243 2129 2244 2130 2244 2121 2244 2140 2245 2130 2245 2129 2245 2139 495 2140 495 2129 495 2150 492 2140 492 2139 492 2149 492 2150 492 2139 492 2162 491 2150 491 2149 491 2161 1357 2162 1357 2149 1357 2172 2246 2162 2246 2161 2246 2171 2247 2172 2247 2161 2247 2188 1310 2172 1310 2171 1310 2187 380 2188 380 2171 380 2208 2232 2188 2232 2187 2232 2207 2232 2208 2232 2187 2232 2226 984 2208 984 2207 984 2225 489 2226 489 2207 489 2250 2248 2226 2248 2225 2248 2249 2248 2250 2248 2225 2248 2276 2249 2250 2249 2249 2249 2275 901 2276 901 2249 901 2291 485 2276 485 2275 485 2290 484 2291 484 2275 484 2313 2250 2291 2250 2290 2250 2312 2251 2313 2251 2290 2251 2331 2252 2313 2252 2312 2252 2330 2252 2331 2252 2312 2252 2357 1319 2331 1319 2330 1319 2356 1319 2357 1319 2330 1319 2378 2253 2357 2253 2356 2253 2377 2254 2378 2254 2356 2254 2384 2255 2378 2255 2377 2255 2383 2255 2384 2255 2377 2255 2394 2256 2384 2256 2383 2256 2393 2257 2394 2257 2383 2257 2404 2258 2394 2258 2393 2258 2403 2259 2404 2259 2393 2259 2426 48 2404 48 2403 48 2425 48 2426 48 2403 48 2442 2260 2426 2260 2425 2260 2441 2261 2442 2261 2425 2261 2450 2262 2442 2262 2441 2262 2449 2212 2450 2212 2441 2212 2464 2263 2450 2263 2449 2263 2463 2264 2464 2264 2449 2264 2484 2265 2464 2265 2463 2265 2483 2266 2484 2266 2463 2266 2496 690 2484 690 2483 690 2495 2267 2496 2267 2483 2267 2512 2268 2496 2268 2495 2268 2511 2269 2512 2269 2495 2269 2528 2270 2512 2270 2511 2270 2527 2271 2528 2271 2511 2271 2540 463 2528 463 2527 463 2539 462 2540 462 2527 462 2556 2272 2540 2272 2539 2272 2555 2273 2556 2273 2539 2273 2568 2274 2556 2274 2555 2274 2567 2274 2568 2274 2555 2274 2582 458 2568 458 2567 458 2581 458 2582 458 2567 458 2594 2196 2582 2196 2581 2196 2593 2195 2594 2195 2581 2195 2608 428 2594 428 2593 428 2607 2194 2608 2194 2593 2194 2618 2275 2608 2275 2607 2275 2617 2275 2618 2275 2607 2275 2628 453 2618 453 2617 453 2627 453 2628 453 2617 453 2640 452 2628 452 2627 452 2639 1345 2640 1345 2627 1345 2650 1554 2640 1554 2639 1554 2649 451 2650 451 2639 451 2660 2276 2650 2276 2649 2276 2659 2277 2660 2277 2649 2277 2670 2278 2660 2278 2659 2278 2669 2279 2670 2279 2659 2279 2680 445 2670 445 2669 445 2679 445 2680 445 2669 445 2690 2280 2680 2280 2679 2280 2689 2281 2690 2281 2679 2281 2683 2282 2690 2282 2689 2282 2682 2183 2683 2183 2689 2183 2673 562 2683 562 2682 562 2672 562 2673 562 2682 562 2663 2283 2673 2283 2672 2283 2662 2284 2663 2284 2672 2284 2653 2285 2663 2285 2662 2285 2652 2286 2653 2286 2662 2286 2643 556 2653 556 2652 556 2642 1569 2643 1569 2652 1569 2631 1376 2643 1376 2642 1376 2630 555 2631 555 2642 555 2621 554 2631 554 2630 554 2620 554 2621 554 2630 554 2611 2287 2621 2287 2620 2287 2610 2287 2611 2287 2620 2287 2597 2175 2611 2175 2610 2175 2596 297 2597 297 2610 297 2585 2174 2597 2174 2596 2174 2584 2173 2585 2173 2596 2173 2571 549 2585 549 2584 549 2570 549 2571 549 2584 549 2559 2288 2571 2288 2570 2288 2558 2288 2559 2288 2570 2288 2543 2289 2559 2289 2558 2289 2542 2290 2543 2290 2558 2290 2531 545 2543 545 2542 545 2530 544 2531 544 2542 544 2515 2291 2531 2291 2530 2291 2514 2292 2515 2292 2530 2292 2499 2293 2515 2293 2514 2293 2498 2294 2499 2294 2514 2294 2487 311 2499 311 2498 311 2486 2295 2487 2295 2498 2295 2467 2296 2487 2296 2486 2296 2466 2297 2467 2297 2486 2297 2453 2298 2467 2298 2466 2298 2452 2299 2453 2299 2466 2299 2445 2158 2453 2158 2452 2158 2444 2157 2445 2157 2452 2157 2429 2156 2445 2156 2444 2156 2428 2300 2429 2300 2444 2300 2407 46 2429 46 2428 46 2406 46 2407 46 2428 46 2397 2301 2407 2301 2406 2301 2396 2302 2397 2302 2406 2302 2387 2152 2397 2152 2396 2152 2386 2151 2387 2151 2396 2151 2381 2303 2387 2303 2386 2303 2380 2303 2381 2303 2386 2303 2360 2148 2381 2148 2380 2148 2359 2304 2360 2304 2380 2304 2334 2305 2360 2305 2359 2305 2333 2305 2334 2305 2359 2305 2316 2306 2334 2306 2333 2306 2315 2306 2316 2306 2333 2306 2294 2307 2316 2307 2315 2307 2293 2308 2294 2308 2315 2308 2279 519 2294 519 2293 519 2278 518 2279 518 2293 518 2253 338 2279 338 2278 338 2252 2309 2253 2309 2278 2309 2229 2310 2253 2310 2252 2310 2228 2310 2229 2310 2252 2310 2211 515 2229 515 2228 515 2210 1005 2211 1005 2228 1005 2191 2135 2211 2135 2210 2135 2190 2135 2191 2135 2210 2135 2175 345 2191 345 2190 345 2174 1293 2175 1293 2190 1293 2165 2311 2175 2311 2174 2311 2164 2312 2165 2312 2174 2312 2153 1362 2165 1362 2164 1362 2152 513 2153 513 2164 513 2143 512 2153 512 2152 512 2142 512 2143 512 2152 512 2133 510 2143 510 2142 510 2132 2313 2133 2313 2142 2313 2125 2314 2133 2314 2132 2314 2124 2315 2125 2315 2132 2315 2117 2316 2125 2316 2124 2316 2116 2317 2117 2317 2124 2317 2111 505 2117 505 2116 505 2110 505 2111 505 2116 505 2105 2318 2240 2318 2111 2318 2108 2319 2240 2319 2105 2319 2117 2320 2111 2320 2240 2320 2125 2321 2117 2321 2240 2321 2133 2322 2125 2322 2240 2322 2143 2323 2133 2323 2240 2323 2153 2324 2143 2324 2240 2324 2165 2325 2153 2325 2240 2325 2175 2326 2165 2326 2240 2326 2191 2327 2175 2327 2240 2327 2211 2328 2191 2328 2240 2328 2229 2329 2211 2329 2240 2329 2253 2330 2229 2330 2240 2330 2279 2331 2253 2331 2240 2331 2294 2332 2279 2332 2240 2332 2316 2333 2294 2333 2240 2333 2334 2334 2316 2334 2240 2334 2241 2335 2334 2335 2240 2335 2360 2336 2334 2336 2241 2336 2381 2337 2360 2337 2241 2337 2387 2338 2381 2338 2241 2338 2397 2339 2387 2339 2241 2339 2407 2340 2397 2340 2241 2340 2429 2341 2407 2341 2241 2341 2445 2342 2429 2342 2241 2342 2453 2343 2445 2343 2241 2343 2467 2344 2453 2344 2241 2344 2487 2345 2467 2345 2241 2345 2499 2346 2487 2346 2241 2346 2515 2347 2499 2347 2241 2347 2531 2348 2515 2348 2241 2348 2543 2349 2531 2349 2241 2349 2559 2350 2543 2350 2241 2350 2571 2351 2559 2351 2241 2351 2585 2352 2571 2352 2241 2352 2597 2353 2585 2353 2241 2353 2611 2354 2597 2354 2241 2354 2621 2355 2611 2355 2241 2355 2631 2356 2621 2356 2241 2356 2643 2357 2631 2357 2241 2357 2653 2358 2643 2358 2241 2358 2663 2359 2653 2359 2241 2359 2673 2360 2663 2360 2241 2360 2683 2361 2673 2361 2241 2361 2690 2362 2683 2362 2241 2362 2680 2363 2690 2363 2241 2363 2670 2364 2680 2364 2241 2364 2660 2365 2670 2365 2241 2365 2650 2366 2660 2366 2241 2366 2640 2367 2650 2367 2241 2367 2628 2368 2640 2368 2241 2368 2618 2369 2628 2369 2241 2369 2608 2370 2618 2370 2241 2370 2594 2371 2608 2371 2241 2371 2582 2372 2594 2372 2241 2372 2288 2373 2582 2373 2241 2373 2568 2374 2582 2374 2288 2374 2556 2375 2568 2375 2288 2375 2540 2376 2556 2376 2288 2376 2528 2377 2540 2377 2288 2377 2512 2378 2528 2378 2288 2378 2496 2379 2512 2379 2288 2379 2484 2380 2496 2380 2288 2380 2464 2381 2484 2381 2288 2381 2450 2382 2464 2382 2288 2382 2442 2383 2450 2383 2288 2383 2426 2384 2442 2384 2288 2384 2404 2385 2426 2385 2288 2385 2394 2386 2404 2386 2288 2386 2384 2387 2394 2387 2288 2387 2378 2388 2384 2388 2288 2388 2357 2389 2378 2389 2288 2389 2331 2390 2357 2390 2288 2390 2313 2391 2331 2391 2288 2391 2291 2392 2313 2392 2288 2392 2276 2393 2291 2393 2288 2393 2250 2394 2276 2394 2288 2394 2226 2395 2250 2395 2288 2395 2208 2396 2226 2396 2288 2396 2188 2397 2208 2397 2288 2397 2172 2398 2188 2398 2288 2398 2240 2399 2172 2399 2288 2399 2162 2400 2172 2400 2240 2400 2150 2401 2162 2401 2240 2401 2140 2402 2150 2402 2240 2402 2130 2403 2140 2403 2240 2403 2122 2404 2130 2404 2240 2404 2114 2405 2122 2405 2240 2405 2108 2406 2114 2406 2240 2406 2103 2407 2240 2407 2106 2407 2109 2408 2240 2408 2103 2408 2112 2409 2106 2409 2240 2409 2120 2410 2112 2410 2240 2410 2128 2411 2120 2411 2240 2411 2138 2412 2128 2412 2240 2412 2148 2413 2138 2413 2240 2413 2160 2414 2148 2414 2240 2414 2170 2415 2160 2415 2240 2415 2186 2416 2170 2416 2240 2416 2206 2417 2186 2417 2240 2417 2224 2418 2206 2418 2240 2418 2248 2419 2224 2419 2240 2419 2274 2420 2248 2420 2240 2420 2289 2421 2274 2421 2240 2421 2311 2422 2289 2422 2240 2422 2329 2423 2311 2423 2240 2423 2355 2424 2329 2424 2240 2424 2376 2425 2355 2425 2240 2425 2382 2426 2376 2426 2240 2426 2288 2427 2382 2427 2240 2427 2392 2428 2382 2428 2288 2428 2402 2429 2392 2429 2288 2429 2424 2430 2402 2430 2288 2430 2440 2431 2424 2431 2288 2431 2448 2432 2440 2432 2288 2432 2462 2433 2448 2433 2288 2433 2482 2434 2462 2434 2288 2434 2494 2435 2482 2435 2288 2435 2510 2436 2494 2436 2288 2436 2526 2437 2510 2437 2288 2437 2538 2438 2526 2438 2288 2438 2554 2439 2538 2439 2288 2439 2566 2440 2554 2440 2288 2440 2580 2441 2566 2441 2288 2441 2592 2442 2580 2442 2288 2442 2606 2443 2592 2443 2288 2443 2616 2444 2606 2444 2288 2444 2626 2445 2616 2445 2288 2445 2638 2446 2626 2446 2288 2446 2648 2447 2638 2447 2288 2447 2658 2448 2648 2448 2288 2448 2668 2449 2658 2449 2288 2449 2678 2450 2668 2450 2288 2450 2688 2451 2678 2451 2288 2451 2681 2452 2688 2452 2288 2452 2671 2453 2681 2453 2288 2453 2661 2454 2671 2454 2288 2454 2651 2455 2661 2455 2288 2455 2641 2456 2651 2456 2288 2456 2629 2457 2641 2457 2288 2457 2619 2458 2629 2458 2288 2458 2609 2459 2619 2459 2288 2459 2241 2460 2609 2460 2288 2460 2595 2461 2609 2461 2241 2461 2583 2462 2595 2462 2241 2462 2569 2463 2583 2463 2241 2463 2557 2464 2569 2464 2241 2464 2541 2465 2557 2465 2241 2465 2529 2466 2541 2466 2241 2466 2513 2467 2529 2467 2241 2467 2497 2468 2513 2468 2241 2468 2485 2469 2497 2469 2241 2469 2465 2470 2485 2470 2241 2470 2451 2471 2465 2471 2241 2471 2443 2472 2451 2472 2241 2472 2427 2473 2443 2473 2241 2473 2405 2474 2427 2474 2241 2474 2395 2475 2405 2475 2241 2475 2385 2476 2395 2476 2241 2476 2379 2477 2385 2477 2241 2477 2358 2478 2379 2478 2241 2478 2332 2479 2358 2479 2241 2479 2314 2480 2332 2480 2241 2480 2292 2481 2314 2481 2241 2481 2277 2482 2292 2482 2241 2482 2251 2483 2277 2483 2241 2483 2227 2484 2251 2484 2241 2484 2209 2485 2227 2485 2241 2485 2189 2486 2209 2486 2241 2486 2173 2487 2189 2487 2241 2487 2163 2488 2173 2488 2241 2488 2151 2489 2163 2489 2241 2489 2141 2490 2151 2490 2241 2490 2131 2491 2141 2491 2241 2491 2123 2492 2131 2492 2241 2492 2115 2493 2123 2493 2241 2493 2240 2494 2115 2494 2241 2494 2109 2495 2115 2495 2240 2495 825 2496 828 2496 829 2496 826 2497 825 2497 829 2497 831 2498 825 2498 826 2498 832 2499 831 2499 826 2499 837 2500 831 2500 832 2500 838 2501 837 2501 832 2501 843 2502 837 2502 838 2502 844 2503 843 2503 838 2503 849 2504 843 2504 844 2504 850 2505 849 2505 844 2505 858 2506 849 2506 850 2506 859 1530 858 1530 850 1530 864 630 858 630 859 630 865 2507 864 2507 859 2507 870 873 864 873 865 873 871 874 870 874 865 874 876 2508 870 2508 871 2508 877 2509 876 2509 871 2509 882 345 876 345 877 345 883 345 882 345 877 345 888 2510 882 2510 883 2510 889 2511 888 2511 883 2511 894 341 888 341 889 341 895 2512 894 2512 889 2512 901 2513 894 2513 895 2513 902 2137 901 2137 895 2137 907 2514 901 2514 902 2514 908 2139 907 2139 902 2139 913 864 907 864 908 864 914 1413 913 1413 908 1413 919 2515 913 2515 914 2515 920 2142 919 2142 914 2142 925 2516 919 2516 920 2516 926 2517 925 2517 920 2517 931 2518 925 2518 926 2518 932 2519 931 2519 926 2519 938 2520 931 2520 932 2520 939 2521 938 2521 932 2521 944 2522 938 2522 939 2522 945 2523 944 2523 939 2523 951 2524 944 2524 945 2524 952 2524 951 2524 945 2524 957 2525 951 2525 952 2525 958 2526 957 2526 952 2526 963 46 957 46 958 46 964 46 963 46 958 46 969 2527 963 2527 964 2527 970 2528 969 2528 964 2528 975 2529 969 2529 970 2529 976 2530 975 2530 970 2530 981 2531 975 2531 976 2531 982 2532 981 2532 976 2532 987 2533 981 2533 982 2533 988 2534 987 2534 982 2534 993 2535 987 2535 988 2535 994 2536 993 2536 988 2536 999 2537 993 2537 994 2537 1000 2538 999 2538 994 2538 1005 2539 999 2539 1000 2539 1006 2540 1005 2540 1000 2540 1011 841 1005 841 1006 841 1012 842 1011 842 1006 842 1017 1661 1011 1661 1012 1661 1018 2541 1017 2541 1012 2541 1023 2542 1017 2542 1018 2542 1024 2543 1023 2543 1018 2543 1029 836 1023 836 1024 836 1030 2544 1029 2544 1024 2544 1035 2545 1029 2545 1030 2545 1036 2545 1035 2545 1030 2545 1041 834 1035 834 1036 834 1042 834 1041 834 1036 834 1047 2546 1041 2546 1042 2546 1048 2547 1047 2547 1042 2547 1053 830 1047 830 1048 830 1054 2548 1053 2548 1048 2548 1059 575 1053 575 1054 575 1060 829 1059 829 1054 829 1065 2549 1059 2549 1060 2549 1066 827 1065 827 1060 827 1071 2550 1065 2550 1066 2550 1072 2551 1071 2551 1066 2551 1077 2552 1071 2552 1072 2552 1078 2553 1077 2553 1072 2553 1083 2554 1077 2554 1078 2554 1084 2555 1083 2555 1078 2555 1086 2556 1083 2556 1084 2556 1087 2557 1086 2557 1084 2557 1080 2558 1086 2558 1087 2558 1081 2559 1080 2559 1087 2559 1074 2560 1080 2560 1081 2560 1075 2561 1074 2561 1081 2561 1068 2562 1074 2562 1075 2562 1069 2563 1068 2563 1075 2563 1062 2564 1068 2564 1069 2564 1063 2565 1062 2565 1069 2565 1056 938 1062 938 1063 938 1057 2566 1056 2566 1063 2566 1050 936 1056 936 1057 936 1051 707 1050 707 1057 707 1044 2567 1050 2567 1051 2567 1045 935 1044 935 1051 935 1038 2568 1044 2568 1045 2568 1039 2569 1038 2569 1045 2569 1032 931 1038 931 1039 931 1033 931 1032 931 1039 931 1026 2570 1032 2570 1033 2570 1027 2570 1026 2570 1033 2570 1020 2571 1026 2571 1027 2571 1021 929 1020 929 1027 929 1014 2572 1020 2572 1021 2572 1015 2573 1014 2573 1021 2573 1008 2574 1014 2574 1015 2574 1009 2575 1008 2575 1015 2575 1002 923 1008 923 1009 923 1003 924 1002 924 1009 924 996 2576 1002 2576 1003 2576 997 2577 996 2577 1003 2577 990 2578 996 2578 997 2578 991 2579 990 2579 997 2579 984 2580 990 2580 991 2580 985 2581 984 2581 991 2581 978 2582 984 2582 985 2582 979 2583 978 2583 985 2583 972 2584 978 2584 979 2584 973 2585 972 2585 979 2585 966 2586 972 2586 973 2586 967 2587 966 2587 973 2587 960 2588 966 2588 967 2588 961 2589 960 2589 967 2589 954 48 960 48 961 48 955 48 954 48 961 48 948 2590 954 2590 955 2590 949 2591 948 2591 955 2591 941 2592 948 2592 949 2592 942 2593 941 2593 949 2593 935 2594 941 2594 942 2594 936 2595 935 2595 942 2595 928 2596 935 2596 936 2596 929 2597 928 2597 936 2597 922 2598 928 2598 929 2598 923 2599 922 2599 929 2599 916 2600 922 2600 923 2600 917 2601 916 2601 923 2601 910 2227 916 2227 917 2227 911 2602 910 2602 917 2602 904 1430 910 1430 911 1430 905 903 904 903 911 903 898 901 904 901 905 901 899 2603 898 2603 905 2603 891 2230 898 2230 899 2230 892 2604 891 2604 899 2604 885 2605 891 2605 892 2605 886 384 885 384 892 384 879 2606 885 2606 886 2606 880 2607 879 2607 886 2607 873 380 879 380 880 380 874 380 873 380 880 380 867 2608 873 2608 874 2608 868 2609 867 2609 874 2609 861 893 867 893 868 893 862 894 861 894 868 894 855 2610 861 2610 862 2610 856 653 855 653 862 653 846 1538 855 1538 856 1538 847 2611 846 2611 856 2611 840 2612 846 2612 847 2612 841 2613 840 2613 847 2613 834 2614 840 2614 841 2614 835 2615 834 2615 841 2615 828 2616 834 2616 835 2616 829 2617 828 2617 835 2617 827 2498 833 2498 832 2498 826 2498 827 2498 832 2498 830 2618 827 2618 826 2618 829 2618 830 2618 826 2618 836 2619 830 2619 829 2619 835 2619 836 2619 829 2619 842 2620 836 2620 835 2620 841 2621 842 2621 835 2621 848 2622 842 2622 841 2622 847 2623 848 2623 841 2623 857 2624 848 2624 847 2624 856 1562 857 1562 847 1562 863 757 857 757 856 757 862 988 863 988 856 988 869 987 863 987 862 987 868 987 869 987 862 987 875 2625 869 2625 868 2625 874 2625 875 2625 868 2625 881 380 875 380 874 380 880 380 881 380 874 380 887 2607 881 2607 880 2607 886 2606 887 2606 880 2606 893 489 887 489 886 489 892 2626 893 2626 886 2626 900 2627 893 2627 892 2627 899 2248 900 2248 892 2248 906 2628 900 2628 899 2628 905 901 906 901 899 901 912 750 906 750 905 750 911 1481 912 1481 905 1481 918 2629 912 2629 911 2629 917 2251 918 2251 911 2251 924 2630 918 2630 917 2630 923 2630 924 2630 917 2630 930 2631 924 2631 923 2631 929 2632 930 2632 923 2632 937 2633 930 2633 929 2633 936 2633 937 2633 929 2633 943 2634 937 2634 936 2634 942 2634 943 2634 936 2634 950 2635 943 2635 942 2635 949 2635 950 2635 942 2635 956 2636 950 2636 949 2636 955 2637 956 2637 949 2637 962 48 956 48 955 48 961 48 962 48 955 48 968 2638 962 2638 961 2638 967 2638 968 2638 961 2638 974 2587 968 2587 967 2587 973 2639 974 2639 967 2639 980 2640 974 2640 973 2640 979 2641 980 2641 973 2641 986 2642 980 2642 979 2642 985 2643 986 2643 979 2643 992 2644 986 2644 985 2644 991 2644 992 2644 985 2644 998 2645 992 2645 991 2645 997 2646 998 2646 991 2646 1004 2647 998 2647 997 2647 1003 2648 1004 2648 997 2648 1010 968 1004 968 1003 968 1009 731 1010 731 1003 731 1016 2649 1010 2649 1009 2649 1015 2650 1016 2650 1009 2650 1022 2651 1016 2651 1015 2651 1021 2651 1022 2651 1015 2651 1028 963 1022 963 1021 963 1027 963 1028 963 1021 963 1034 2570 1028 2570 1027 2570 1033 2570 1034 2570 1027 2570 1040 931 1034 931 1033 931 1039 931 1040 931 1033 931 1046 2652 1040 2652 1039 2652 1045 2652 1046 2652 1039 2652 1052 959 1046 959 1045 959 1051 959 1052 959 1045 959 1058 724 1052 724 1051 724 1057 724 1058 724 1051 724 1064 957 1058 957 1057 957 1063 957 1064 957 1057 957 1070 2653 1064 2653 1063 2653 1069 2654 1070 2654 1063 2654 1076 2655 1070 2655 1069 2655 1075 2655 1076 2655 1069 2655 1082 2656 1076 2656 1075 2656 1081 2657 1082 2657 1075 2657 1088 2658 1082 2658 1081 2658 1087 2658 1088 2658 1081 2658 1085 2659 1088 2659 1087 2659 1084 2659 1085 2659 1087 2659 1079 2660 1085 2660 1084 2660 1078 2661 1079 2661 1084 2661 1073 2662 1079 2662 1078 2662 1072 2662 1073 2662 1078 2662 1067 2663 1073 2663 1072 2663 1066 2664 1067 2664 1072 2664 1061 1032 1067 1032 1066 1032 1060 1032 1061 1032 1066 1032 1055 808 1061 808 1060 808 1054 808 1055 808 1060 808 1049 1030 1055 1030 1054 1030 1048 1030 1049 1030 1054 1030 1043 2665 1049 2665 1048 2665 1042 2665 1043 2665 1048 2665 1037 834 1043 834 1042 834 1036 834 1037 834 1042 834 1031 2545 1037 2545 1036 2545 1030 2545 1031 2545 1036 2545 1025 1026 1031 1026 1030 1026 1024 1026 1025 1026 1030 1026 1019 2666 1025 2666 1024 2666 1018 2666 1019 2666 1024 2666 1013 2667 1019 2667 1018 2667 1012 2668 1013 2668 1018 2668 1007 801 1013 801 1012 801 1006 1021 1007 1021 1012 1021 1001 2669 1007 2669 1006 2669 1000 2670 1001 2670 1006 2670 995 2671 1001 2671 1000 2671 994 2672 995 2672 1000 2672 989 2673 995 2673 994 2673 988 2673 989 2673 994 2673 983 2674 989 2674 988 2674 982 2533 983 2533 988 2533 977 2675 983 2675 982 2675 976 2676 977 2676 982 2676 971 2530 977 2530 976 2530 970 2529 971 2529 976 2529 965 2677 971 2677 970 2677 964 2677 965 2677 970 2677 959 46 965 46 964 46 958 46 959 46 964 46 953 2678 959 2678 958 2678 952 2679 953 2679 958 2679 946 2524 953 2524 952 2524 945 2524 946 2524 952 2524 940 2680 946 2680 945 2680 939 2680 940 2680 945 2680 933 2520 940 2520 939 2520 932 2520 933 2520 939 2520 927 2681 933 2681 932 2681 926 329 927 329 932 329 921 2682 927 2682 926 2682 920 2682 921 2682 926 2682 915 2307 921 2307 920 2307 914 2683 915 2683 920 2683 909 1490 915 1490 914 1490 908 777 909 777 914 777 903 338 909 338 908 338 902 2684 903 2684 908 2684 896 2310 903 2310 902 2310 895 2685 896 2685 902 2685 890 2686 896 2686 895 2686 889 515 890 515 895 515 884 2511 890 2511 889 2511 883 2510 884 2510 889 2510 878 345 884 345 883 345 877 345 878 345 883 345 872 2687 878 2687 877 2687 871 2687 872 2687 877 2687 866 1002 872 1002 871 1002 865 1002 866 1002 871 1002 860 1001 866 1001 865 1001 859 771 860 771 865 771 851 1565 860 1565 859 1565 850 2688 851 2688 859 2688 845 2689 851 2689 850 2689 844 2690 845 2690 850 2690 839 2691 845 2691 844 2691 838 2692 839 2692 844 2692 833 2693 839 2693 838 2693 832 2693 833 2693 838 2693 827 2694 897 2694 833 2694 830 2695 897 2695 827 2695 839 2696 833 2696 897 2696 845 2697 839 2697 897 2697 934 2698 845 2698 897 2698 851 2699 845 2699 934 2699 860 2700 851 2700 934 2700 866 2701 860 2701 934 2701 872 2702 866 2702 934 2702 878 2703 872 2703 934 2703 884 2704 878 2704 934 2704 890 2705 884 2705 934 2705 896 2706 890 2706 934 2706 903 2707 896 2707 934 2707 909 2708 903 2708 934 2708 915 2709 909 2709 934 2709 921 2710 915 2710 934 2710 927 2711 921 2711 934 2711 933 2712 927 2712 934 2712 940 2713 933 2713 934 2713 946 2714 940 2714 934 2714 953 2715 946 2715 934 2715 959 2716 953 2716 934 2716 965 2717 959 2717 934 2717 971 2718 965 2718 934 2718 977 2719 971 2719 934 2719 983 2720 977 2720 934 2720 989 2721 983 2721 934 2721 995 2722 989 2722 934 2722 1001 2723 995 2723 934 2723 1007 2724 1001 2724 934 2724 1013 2725 1007 2725 934 2725 1019 2726 1013 2726 934 2726 1025 2727 1019 2727 934 2727 1031 2728 1025 2728 934 2728 1037 2729 1031 2729 934 2729 1043 2730 1037 2730 934 2730 1049 2731 1043 2731 934 2731 1055 2732 1049 2732 934 2732 1061 2733 1055 2733 934 2733 947 2734 1061 2734 934 2734 1067 2735 1061 2735 947 2735 1073 2736 1067 2736 947 2736 1079 2737 1073 2737 947 2737 1085 2738 1079 2738 947 2738 1088 2739 1085 2739 947 2739 1082 2740 1088 2740 947 2740 1076 2741 1082 2741 947 2741 1070 2742 1076 2742 947 2742 1064 2743 1070 2743 947 2743 1058 2744 1064 2744 947 2744 1052 2745 1058 2745 947 2745 1046 2746 1052 2746 947 2746 1040 2747 1046 2747 947 2747 1034 2748 1040 2748 947 2748 1028 2749 1034 2749 947 2749 1022 2750 1028 2750 947 2750 1016 2751 1022 2751 947 2751 1010 2752 1016 2752 947 2752 1004 2753 1010 2753 947 2753 998 2754 1004 2754 947 2754 992 2755 998 2755 947 2755 986 2756 992 2756 947 2756 980 2757 986 2757 947 2757 974 2758 980 2758 947 2758 968 2759 974 2759 947 2759 962 2760 968 2760 947 2760 956 2761 962 2761 947 2761 950 2762 956 2762 947 2762 943 2763 950 2763 947 2763 937 2764 943 2764 947 2764 897 2765 937 2765 947 2765 930 2766 937 2766 897 2766 924 2767 930 2767 897 2767 918 2768 924 2768 897 2768 912 2769 918 2769 897 2769 906 2770 912 2770 897 2770 900 2771 906 2771 897 2771 893 2772 900 2772 897 2772 887 2773 893 2773 897 2773 881 2774 887 2774 897 2774 875 2775 881 2775 897 2775 869 2776 875 2776 897 2776 863 2777 869 2777 897 2777 857 2778 863 2778 897 2778 848 2779 857 2779 897 2779 842 2780 848 2780 897 2780 836 2781 842 2781 897 2781 830 2782 836 2782 897 2782 825 2783 897 2783 828 2783 831 2784 897 2784 825 2784 834 2785 828 2785 897 2785 840 2786 834 2786 897 2786 846 2787 840 2787 897 2787 855 2788 846 2788 897 2788 861 2789 855 2789 897 2789 867 2790 861 2790 897 2790 873 2791 867 2791 897 2791 879 2792 873 2792 897 2792 885 2793 879 2793 897 2793 891 2794 885 2794 897 2794 898 2795 891 2795 897 2795 904 2796 898 2796 897 2796 910 2797 904 2797 897 2797 916 2798 910 2798 897 2798 922 2799 916 2799 897 2799 928 2800 922 2800 897 2800 935 2801 928 2801 897 2801 941 2802 935 2802 897 2802 948 2803 941 2803 897 2803 954 2804 948 2804 897 2804 947 2805 954 2805 897 2805 960 2806 954 2806 947 2806 966 2807 960 2807 947 2807 972 2808 966 2808 947 2808 978 2809 972 2809 947 2809 984 2810 978 2810 947 2810 990 2811 984 2811 947 2811 996 2812 990 2812 947 2812 1002 2813 996 2813 947 2813 1008 2814 1002 2814 947 2814 1014 2815 1008 2815 947 2815 1020 2816 1014 2816 947 2816 1026 2817 1020 2817 947 2817 1032 2818 1026 2818 947 2818 1038 2819 1032 2819 947 2819 1044 2820 1038 2820 947 2820 1050 2821 1044 2821 947 2821 1056 2822 1050 2822 947 2822 1062 2823 1056 2823 947 2823 1068 2824 1062 2824 947 2824 1074 2825 1068 2825 947 2825 1080 2826 1074 2826 947 2826 1086 2827 1080 2827 947 2827 1083 2828 1086 2828 947 2828 1077 2829 1083 2829 947 2829 1071 2830 1077 2830 947 2830 1065 2831 1071 2831 947 2831 1059 2832 1065 2832 947 2832 934 2833 1059 2833 947 2833 1053 2834 1059 2834 934 2834 1047 2835 1053 2835 934 2835 1041 2836 1047 2836 934 2836 1035 2837 1041 2837 934 2837 1029 2838 1035 2838 934 2838 1023 2839 1029 2839 934 2839 1017 2840 1023 2840 934 2840 1011 2841 1017 2841 934 2841 1005 2842 1011 2842 934 2842 999 2843 1005 2843 934 2843 993 2844 999 2844 934 2844 987 2845 993 2845 934 2845 981 2846 987 2846 934 2846 975 2847 981 2847 934 2847 969 2848 975 2848 934 2848 963 2849 969 2849 934 2849 957 2850 963 2850 934 2850 951 2851 957 2851 934 2851 944 2852 951 2852 934 2852 938 2853 944 2853 934 2853 931 2854 938 2854 934 2854 925 2855 931 2855 934 2855 919 2856 925 2856 934 2856 897 2857 919 2857 934 2857 913 2858 919 2858 897 2858 907 2859 913 2859 897 2859 901 2860 907 2860 897 2860 894 2861 901 2861 897 2861 888 2862 894 2862 897 2862 882 2863 888 2863 897 2863 876 2864 882 2864 897 2864 870 2865 876 2865 897 2865 864 2866 870 2866 897 2866 858 2867 864 2867 897 2867 849 2868 858 2868 897 2868 843 2869 849 2869 897 2869 837 2870 843 2870 897 2870 831 2871 837 2871 897 2871 5 48 4 48 136 48 137 48 5 48 136 48 137 98 136 98 138 98 139 98 137 98 138 98 106 2872 54 2872 83 2872 61 2873 106 2873 83 2873 139 46 138 46 6 46 7 46 139 46 6 46 7 47 6 47 4 47 5 47 7 47 4 47 5 2874 54 2874 7 2874 61 2875 54 2875 5 2875 137 2876 61 2876 5 2876 106 2877 61 2877 137 2877 139 20 106 20 137 20 54 2878 106 2878 139 2878 7 2879 54 2879 139 2879 6 2880 54 2880 4 2880 83 2881 54 2881 6 2881 138 1889 83 1889 6 1889 136 2882 83 2882 138 2882 61 2883 83 2883 136 2883 4 2884 61 2884 136 2884 54 2885 61 2885 4 2885 1089 2886 1092 2886 1093 2886 1090 2887 1089 2887 1093 2887 1095 2888 1089 2888 1090 2888 1096 2889 1095 2889 1090 2889 1101 2890 1095 2890 1096 2890 1102 2891 1101 2891 1096 2891 1107 2892 1101 2892 1102 2892 1108 2893 1107 2893 1102 2893 1113 2894 1107 2894 1108 2894 1114 2895 1113 2895 1108 2895 1119 1601 1113 1601 1114 1601 1120 633 1119 633 1114 633 1125 2896 1119 2896 1120 2896 1126 631 1125 631 1120 631 1131 628 1125 628 1126 628 1132 2897 1131 2897 1126 2897 1137 2898 1131 2898 1132 2898 1138 2899 1137 2899 1132 2899 1143 625 1137 625 1138 625 1144 345 1143 345 1138 345 1149 2900 1143 2900 1144 2900 1150 2510 1149 2510 1144 2510 1155 622 1149 622 1150 622 1156 2901 1155 2901 1150 2901 1163 2513 1155 2513 1156 2513 1164 2902 1163 2902 1156 2902 1169 2903 1163 2903 1164 2903 1170 2904 1169 2904 1164 2904 1175 616 1169 616 1170 616 1176 617 1175 617 1170 617 1181 2905 1175 2905 1176 2905 1182 2906 1181 2906 1176 2906 1187 2907 1181 2907 1182 2907 1188 2908 1187 2908 1182 2908 1193 2909 1187 2909 1188 2909 1194 525 1193 525 1188 525 1199 2910 1193 2910 1194 2910 1200 2521 1199 2521 1194 2521 1205 2911 1199 2911 1200 2911 1206 2523 1205 2523 1200 2523 1211 2524 1205 2524 1206 2524 1212 2912 1211 2912 1206 2912 1217 2913 1211 2913 1212 2913 1218 2526 1217 2526 1212 2526 1223 46 1217 46 1218 46 1224 46 1223 46 1218 46 1229 2527 1223 2527 1224 2527 1230 2914 1229 2914 1224 2914 1236 2530 1229 2530 1230 2530 1237 2530 1236 2530 1230 2530 1242 2915 1236 2915 1237 2915 1243 2916 1242 2916 1237 2916 1248 2533 1242 2533 1243 2533 1249 2917 1248 2917 1243 2917 1254 2918 1248 2918 1249 2918 1255 2919 1254 2919 1249 2919 1260 2920 1254 2920 1255 2920 1261 2921 1260 2921 1255 2921 1266 2922 1260 2922 1261 2922 1267 2923 1266 2923 1261 2923 1272 587 1266 587 1267 587 1273 842 1272 842 1267 842 1278 2924 1272 2924 1273 2924 1279 2925 1278 2925 1273 2925 1284 2171 1278 2171 1279 2171 1285 2543 1284 2543 1279 2543 1290 299 1284 299 1285 299 1291 2926 1290 2926 1285 2926 1296 2927 1290 2927 1291 2927 1297 2545 1296 2545 1291 2545 1302 2928 1296 2928 1297 2928 1303 2928 1302 2928 1297 2928 1308 2929 1302 2929 1303 2929 1309 2930 1308 2930 1303 2930 1314 577 1308 577 1309 577 1315 578 1314 578 1309 578 1320 2931 1314 2931 1315 2931 1321 2932 1320 2932 1315 2932 1326 1569 1320 1569 1321 1569 1327 1513 1326 1513 1321 1513 1332 2933 1326 2933 1327 2933 1333 2934 1332 2934 1327 2934 1338 2935 1332 2935 1333 2935 1339 2936 1338 2936 1333 2936 1344 1380 1338 1380 1339 1380 1345 1381 1344 1381 1339 1381 1347 2183 1344 2183 1345 2183 1348 2937 1347 2937 1345 2937 1341 2938 1347 2938 1348 2938 1342 2186 1341 2186 1348 2186 1335 1461 1341 1461 1342 1461 1336 1462 1335 1462 1342 1462 1329 2939 1335 2939 1336 2939 1330 2940 1329 2940 1336 2940 1323 2941 1329 2941 1330 2941 1324 2942 1323 2942 1330 2942 1317 1554 1323 1554 1324 1554 1318 1633 1317 1633 1324 1633 1311 2943 1317 2943 1318 2943 1312 2944 1311 2944 1318 2944 1305 704 1311 704 1312 704 1306 705 1305 705 1312 705 1299 2945 1305 2945 1306 2945 1300 2946 1299 2946 1306 2946 1293 2947 1299 2947 1300 2947 1294 2947 1293 2947 1300 2947 1287 2570 1293 2570 1294 2570 1288 2948 1287 2948 1294 2948 1281 2949 1287 2949 1288 2949 1282 426 1281 426 1288 426 1275 2572 1281 2572 1282 2572 1276 2198 1275 2198 1282 2198 1269 2950 1275 2950 1276 2950 1270 2951 1269 2951 1276 2951 1263 923 1269 923 1270 923 1264 695 1263 695 1270 695 1257 2952 1263 2952 1264 2952 1258 2953 1257 2953 1264 2953 1251 2954 1257 2954 1258 2954 1252 2955 1251 2955 1258 2955 1245 2956 1251 2956 1252 2956 1246 2957 1245 2957 1252 2957 1239 2958 1245 2958 1246 2958 1240 2583 1239 2583 1246 2583 1233 2959 1239 2959 1240 2959 1234 2960 1233 2960 1240 2960 1226 2586 1233 2586 1234 2586 1227 2961 1226 2961 1234 2961 1220 2962 1226 2962 1227 2962 1221 2589 1220 2589 1227 2589 1214 48 1220 48 1221 48 1215 48 1214 48 1221 48 1208 2590 1214 2590 1215 2590 1209 2963 1208 2963 1215 2963 1202 2964 1208 2964 1209 2964 1203 2593 1202 2593 1209 2593 1196 2594 1202 2594 1203 2594 1197 2965 1196 2965 1203 2965 1190 2596 1196 2596 1197 2596 1191 2966 1190 2966 1197 2966 1184 2967 1190 2967 1191 2967 1185 2968 1184 2968 1191 2968 1178 2969 1184 2969 1185 2969 1179 2970 1178 2970 1185 2970 1172 2971 1178 2971 1179 2971 1173 2972 1172 2972 1179 2972 1166 666 1172 666 1173 666 1167 667 1166 667 1173 667 1160 2973 1166 2973 1167 2973 1161 2974 1160 2974 1167 2974 1152 2975 1160 2975 1161 2975 1153 2604 1152 2604 1161 2604 1146 2976 1152 2976 1153 2976 1147 661 1146 661 1153 661 1140 2607 1146 2607 1147 2607 1141 2977 1140 2977 1147 2977 1134 380 1140 380 1141 380 1135 658 1134 658 1141 658 1128 2978 1134 2978 1135 2978 1129 2979 1128 2979 1135 2979 1122 2980 1128 2980 1129 2980 1123 655 1122 655 1129 655 1116 652 1122 652 1123 652 1117 2981 1116 2981 1123 2981 1110 650 1116 650 1117 650 1111 1612 1110 1612 1117 1612 1104 2982 1110 2982 1111 2982 1105 2983 1104 2983 1111 2983 1098 2984 1104 2984 1105 2984 1099 2985 1098 2985 1105 2985 1092 2986 1098 2986 1099 2986 1093 2987 1092 2987 1099 2987 1091 2988 1097 2988 1096 2988 1090 2989 1091 2989 1096 2989 1094 2990 1091 2990 1090 2990 1093 2991 1094 2991 1090 2991 1100 2992 1094 2992 1093 2992 1099 2993 1100 2993 1093 2993 1106 2994 1100 2994 1099 2994 1105 2995 1106 2995 1099 2995 1112 2996 1106 2996 1105 2996 1111 2997 1112 2997 1105 2997 1118 1648 1112 1648 1111 1648 1117 758 1118 758 1111 758 1124 2998 1118 2998 1117 2998 1123 757 1124 757 1117 757 1130 756 1124 756 1123 756 1129 2999 1130 2999 1123 2999 1136 3000 1130 3000 1129 3000 1135 3001 1136 3001 1129 3001 1142 658 1136 658 1135 658 1141 380 1142 380 1135 380 1148 2977 1142 2977 1141 2977 1147 2607 1148 2607 1141 2607 1154 754 1148 754 1147 754 1153 3002 1154 3002 1147 3002 1162 2627 1154 2627 1153 2627 1161 3003 1162 3003 1153 3003 1168 2974 1162 2974 1161 2974 1167 3004 1168 3004 1161 3004 1174 749 1168 749 1167 749 1173 750 1174 750 1167 750 1180 3005 1174 3005 1173 3005 1179 3005 1180 3005 1173 3005 1186 3006 1180 3006 1179 3006 1185 3007 1186 3007 1179 3007 1192 3008 1186 3008 1185 3008 1191 2631 1192 2631 1185 2631 1198 3009 1192 3009 1191 3009 1197 2633 1198 2633 1191 2633 1204 3010 1198 3010 1197 3010 1203 2634 1204 2634 1197 2634 1210 2635 1204 2635 1203 2635 1209 3011 1210 3011 1203 3011 1216 2637 1210 2637 1209 2637 1215 2637 1216 2637 1209 2637 1222 48 1216 48 1215 48 1221 48 1222 48 1215 48 1228 2638 1222 2638 1221 2638 1227 3012 1228 3012 1221 3012 1235 2639 1228 2639 1227 2639 1234 2639 1235 2639 1227 2639 1241 3013 1235 3013 1234 3013 1240 3014 1241 3014 1234 3014 1247 2642 1241 2642 1240 2642 1246 2642 1247 2642 1240 2642 1253 3015 1247 3015 1246 3015 1252 3016 1253 3016 1246 3016 1259 3017 1253 3017 1252 3017 1258 3017 1259 3017 1252 3017 1265 3018 1259 3018 1258 3018 1264 3018 1265 3018 1258 3018 1271 731 1265 731 1264 731 1270 731 1271 731 1264 731 1277 3019 1271 3019 1270 3019 1276 3020 1277 3020 1270 3020 1283 2274 1277 2274 1276 2274 1282 2651 1283 2651 1276 2651 1289 457 1283 457 1282 457 1288 3021 1289 3021 1282 3021 1295 2948 1289 2948 1288 2948 1294 2570 1295 2570 1288 2570 1301 2947 1295 2947 1294 2947 1300 2947 1301 2947 1294 2947 1307 3022 1301 3022 1300 3022 1306 3022 1307 3022 1300 3022 1313 726 1307 726 1306 726 1312 726 1313 726 1306 726 1319 725 1313 725 1312 725 1318 3023 1319 3023 1312 3023 1325 1554 1319 1554 1318 1554 1324 1554 1325 1554 1318 1554 1331 3024 1325 3024 1324 3024 1330 3025 1331 3025 1324 3025 1337 3026 1331 3026 1330 3026 1336 3027 1337 3027 1330 3027 1343 1465 1337 1465 1336 1465 1342 1465 1343 1465 1336 1465 1349 2280 1343 2280 1342 2280 1348 2280 1349 2280 1342 2280 1346 2183 1349 2183 1348 2183 1345 2183 1346 2183 1348 2183 1340 1508 1346 1508 1345 1508 1339 1508 1340 1508 1345 1508 1334 3028 1340 3028 1339 3028 1333 3029 1334 3029 1339 3029 1328 3030 1334 3030 1333 3030 1327 3031 1328 3031 1333 3031 1322 1569 1328 1569 1327 1569 1321 1569 1322 1569 1327 1569 1316 3032 1322 3032 1321 3032 1315 807 1316 807 1321 807 1310 806 1316 806 1315 806 1309 806 1310 806 1315 806 1304 3033 1310 3033 1309 3033 1303 3033 1304 3033 1309 3033 1298 2928 1304 2928 1303 2928 1297 2928 1298 2928 1303 2928 1292 2545 1298 2545 1297 2545 1291 2927 1292 2927 1297 2927 1286 3034 1292 3034 1291 3034 1285 550 1286 550 1291 550 1280 2666 1286 2666 1285 2666 1279 2288 1280 2288 1285 2288 1274 3035 1280 3035 1279 3035 1273 3036 1274 3036 1279 3036 1268 801 1274 801 1273 801 1267 801 1268 801 1273 801 1262 3037 1268 3037 1267 3037 1261 3037 1262 3037 1267 3037 1256 3038 1262 3038 1261 3038 1255 3038 1256 3038 1261 3038 1250 3039 1256 3039 1255 3039 1249 3040 1250 3040 1255 3040 1244 2533 1250 2533 1249 2533 1243 2533 1244 2533 1249 2533 1238 3041 1244 3041 1243 3041 1237 3042 1238 3042 1243 3042 1231 2530 1238 2530 1237 2530 1230 2530 1231 2530 1237 2530 1225 2914 1231 2914 1230 2914 1224 2677 1225 2677 1230 2677 1219 46 1225 46 1224 46 1218 46 1219 46 1224 46 1213 2678 1219 2678 1218 2678 1212 2678 1213 2678 1218 2678 1207 2912 1213 2912 1212 2912 1206 2524 1207 2524 1212 2524 1201 2680 1207 2680 1206 2680 1200 3043 1201 3043 1206 3043 1195 2520 1201 2520 1200 2520 1194 3044 1195 3044 1200 3044 1189 329 1195 329 1194 329 1188 3045 1189 3045 1194 3045 1183 3046 1189 3046 1188 3046 1182 3047 1183 3047 1188 3047 1177 3048 1183 3048 1182 3048 1176 3048 1177 3048 1182 3048 1171 777 1177 777 1176 777 1170 778 1171 778 1176 778 1165 3049 1171 3049 1170 3049 1164 3050 1165 3050 1170 3050 1157 3051 1165 3051 1164 3051 1156 2685 1157 2685 1164 2685 1151 3052 1157 3052 1156 3052 1150 774 1151 774 1156 774 1145 2510 1151 2510 1150 2510 1144 2900 1145 2900 1150 2900 1139 345 1145 345 1144 345 1138 625 1139 625 1144 625 1133 3053 1139 3053 1138 3053 1132 3054 1133 3054 1138 3054 1127 3055 1133 3055 1132 3055 1126 772 1127 772 1132 772 1121 771 1127 771 1126 771 1120 3056 1121 3056 1126 3056 1115 770 1121 770 1120 770 1114 1655 1115 1655 1120 1655 1109 3057 1115 3057 1114 3057 1108 3058 1109 3058 1114 3058 1103 3059 1109 3059 1108 3059 1102 3060 1103 3060 1108 3060 1097 3061 1103 3061 1102 3061 1096 3062 1097 3062 1102 3062 1091 3063 1159 3063 1097 3063 1094 3064 1159 3064 1091 3064 1103 3065 1097 3065 1159 3065 1109 3066 1103 3066 1159 3066 1115 3067 1109 3067 1159 3067 1158 3068 1115 3068 1159 3068 1121 3069 1115 3069 1158 3069 1127 3070 1121 3070 1158 3070 1133 3071 1127 3071 1158 3071 1139 3072 1133 3072 1158 3072 1145 3073 1139 3073 1158 3073 1151 3074 1145 3074 1158 3074 1157 3075 1151 3075 1158 3075 1165 3076 1157 3076 1158 3076 1171 3077 1165 3077 1158 3077 1177 3078 1171 3078 1158 3078 1183 3079 1177 3079 1158 3079 1189 3080 1183 3080 1158 3080 1195 3081 1189 3081 1158 3081 1201 3082 1195 3082 1158 3082 1207 3083 1201 3083 1158 3083 1213 3084 1207 3084 1158 3084 1219 3085 1213 3085 1158 3085 1225 3086 1219 3086 1158 3086 1231 3087 1225 3087 1158 3087 1238 3088 1231 3088 1158 3088 1244 3089 1238 3089 1158 3089 1250 3090 1244 3090 1158 3090 1256 3091 1250 3091 1158 3091 1262 3092 1256 3092 1158 3092 1268 3093 1262 3093 1158 3093 1274 3094 1268 3094 1158 3094 1280 3095 1274 3095 1158 3095 1286 3096 1280 3096 1158 3096 1232 3097 1286 3097 1158 3097 1292 3098 1286 3098 1232 3098 1298 3099 1292 3099 1232 3099 1304 3100 1298 3100 1232 3100 1310 3101 1304 3101 1232 3101 1316 3102 1310 3102 1232 3102 1322 3103 1316 3103 1232 3103 1328 3104 1322 3104 1232 3104 1334 3105 1328 3105 1232 3105 1340 3106 1334 3106 1232 3106 1346 3107 1340 3107 1232 3107 1349 3108 1346 3108 1232 3108 1343 3109 1349 3109 1232 3109 1337 3110 1343 3110 1232 3110 1331 3111 1337 3111 1232 3111 1325 3112 1331 3112 1232 3112 1319 3113 1325 3113 1232 3113 1313 3114 1319 3114 1232 3114 1307 3115 1313 3115 1232 3115 1301 3116 1307 3116 1232 3116 1159 3117 1301 3117 1232 3117 1295 3118 1301 3118 1159 3118 1289 3119 1295 3119 1159 3119 1283 3120 1289 3120 1159 3120 1277 3121 1283 3121 1159 3121 1271 3122 1277 3122 1159 3122 1265 3123 1271 3123 1159 3123 1259 3124 1265 3124 1159 3124 1253 3125 1259 3125 1159 3125 1247 3126 1253 3126 1159 3126 1241 3127 1247 3127 1159 3127 1235 3128 1241 3128 1159 3128 1228 3129 1235 3129 1159 3129 1222 3130 1228 3130 1159 3130 1216 3131 1222 3131 1159 3131 1210 3132 1216 3132 1159 3132 1204 3133 1210 3133 1159 3133 1198 3134 1204 3134 1159 3134 1192 3135 1198 3135 1159 3135 1186 3136 1192 3136 1159 3136 1180 3137 1186 3137 1159 3137 1174 3138 1180 3138 1159 3138 1168 3139 1174 3139 1159 3139 1162 3140 1168 3140 1159 3140 1154 3141 1162 3141 1159 3141 1148 3142 1154 3142 1159 3142 1142 3143 1148 3143 1159 3143 1136 3144 1142 3144 1159 3144 1130 3145 1136 3145 1159 3145 1124 3146 1130 3146 1159 3146 1118 3147 1124 3147 1159 3147 1112 3148 1118 3148 1159 3148 1106 3149 1112 3149 1159 3149 1100 3150 1106 3150 1159 3150 1094 3151 1100 3151 1159 3151 1089 3152 1158 3152 1092 3152 1095 3153 1158 3153 1089 3153 1098 3154 1092 3154 1158 3154 1104 3155 1098 3155 1158 3155 1110 3156 1104 3156 1158 3156 1116 3157 1110 3157 1158 3157 1122 3158 1116 3158 1158 3158 1128 3159 1122 3159 1158 3159 1134 3160 1128 3160 1158 3160 1140 3161 1134 3161 1158 3161 1146 3162 1140 3162 1158 3162 1152 3163 1146 3163 1158 3163 1160 3164 1152 3164 1158 3164 1166 3165 1160 3165 1158 3165 1172 3166 1166 3166 1158 3166 1178 3167 1172 3167 1158 3167 1159 3168 1178 3168 1158 3168 1184 3169 1178 3169 1159 3169 1190 3170 1184 3170 1159 3170 1196 3171 1190 3171 1159 3171 1202 3172 1196 3172 1159 3172 1208 3173 1202 3173 1159 3173 1214 3174 1208 3174 1159 3174 1220 3175 1214 3175 1159 3175 1226 3176 1220 3176 1159 3176 1233 3177 1226 3177 1159 3177 1239 3178 1233 3178 1159 3178 1245 3179 1239 3179 1159 3179 1251 3180 1245 3180 1159 3180 1257 3181 1251 3181 1159 3181 1263 3182 1257 3182 1159 3182 1269 3183 1263 3183 1159 3183 1275 3184 1269 3184 1159 3184 1281 3185 1275 3185 1159 3185 1287 3186 1281 3186 1159 3186 1293 3187 1287 3187 1159 3187 1299 3188 1293 3188 1159 3188 1232 3189 1299 3189 1159 3189 1305 3190 1299 3190 1232 3190 1311 3191 1305 3191 1232 3191 1317 3192 1311 3192 1232 3192 1323 3193 1317 3193 1232 3193 1329 3194 1323 3194 1232 3194 1335 3195 1329 3195 1232 3195 1341 3196 1335 3196 1232 3196 1347 3197 1341 3197 1232 3197 1344 3198 1347 3198 1232 3198 1338 3199 1344 3199 1232 3199 1332 3200 1338 3200 1232 3200 1326 3201 1332 3201 1232 3201 1320 3202 1326 3202 1232 3202 1314 3203 1320 3203 1232 3203 1308 3204 1314 3204 1232 3204 1302 3205 1308 3205 1232 3205 1296 3206 1302 3206 1232 3206 1290 3207 1296 3207 1232 3207 1284 3208 1290 3208 1232 3208 1278 3209 1284 3209 1232 3209 1272 3210 1278 3210 1232 3210 1266 3211 1272 3211 1232 3211 1260 3212 1266 3212 1232 3212 1254 3213 1260 3213 1232 3213 1248 3214 1254 3214 1232 3214 1242 3215 1248 3215 1232 3215 1236 3216 1242 3216 1232 3216 1158 3217 1236 3217 1232 3217 1229 3218 1236 3218 1158 3218 1223 3219 1229 3219 1158 3219 1217 3220 1223 3220 1158 3220 1211 3221 1217 3221 1158 3221 1205 3222 1211 3222 1158 3222 1199 3223 1205 3223 1158 3223 1193 3224 1199 3224 1158 3224 1187 3225 1193 3225 1158 3225 1181 3226 1187 3226 1158 3226 1175 3227 1181 3227 1158 3227 1169 3228 1175 3228 1158 3228 1163 3229 1169 3229 1158 3229 1155 3230 1163 3230 1158 3230 1149 3231 1155 3231 1158 3231 1143 3232 1149 3232 1158 3232 1137 3233 1143 3233 1158 3233 1131 3234 1137 3234 1158 3234 1125 3235 1131 3235 1158 3235 1119 3236 1125 3236 1158 3236 1113 3237 1119 3237 1158 3237 1107 3238 1113 3238 1158 3238 1101 3239 1107 3239 1158 3239 1095 3240 1101 3240 1158 3240 74 3241 55 3241 56 3241 56 3242 55 3242 119 3242 8 3243 10 3243 11 3243 9 3244 8 3244 11 3244 12 3245 8 3245 9 3245 13 3246 12 3246 9 3246 16 1149 12 1149 13 1149 17 1149 16 1149 13 1149 20 3247 16 3247 17 3247 21 3248 20 3248 17 3248 24 1147 20 1147 21 1147 25 1707 24 1707 21 1707 28 3249 24 3249 25 3249 29 3249 28 3249 25 3249 32 1144 28 1144 29 1144 33 1706 32 1706 29 1706 36 3250 32 3250 33 3250 37 3251 36 3251 33 3251 40 3252 36 3252 37 3252 41 3253 40 3253 37 3253 44 3254 40 3254 41 3254 45 3254 44 3254 41 3254 48 3255 44 3255 45 3255 49 3255 48 3255 45 3255 52 3256 48 3256 49 3256 53 3257 52 3257 49 3257 59 3258 52 3258 53 3258 60 3259 59 3259 53 3259 64 3260 59 3260 60 3260 65 3261 64 3261 60 3261 68 3262 64 3262 65 3262 69 3263 68 3263 65 3263 72 3264 68 3264 69 3264 73 3265 72 3265 69 3265 77 3266 72 3266 73 3266 78 3267 77 3267 73 3267 81 3268 77 3268 78 3268 82 3269 81 3269 78 3269 86 3270 81 3270 82 3270 87 3271 86 3271 82 3271 90 1124 86 1124 87 1124 91 1124 90 1124 87 1124 94 3272 90 3272 91 3272 95 3272 94 3272 91 3272 100 3273 94 3273 95 3273 101 3274 100 3274 95 3274 104 1695 100 1695 101 1695 105 1118 104 1118 101 1118 109 3275 104 3275 105 3275 110 3276 109 3276 105 3276 113 3277 109 3277 110 3277 114 3278 113 3278 110 3278 117 1113 113 1113 114 1113 118 1691 117 1691 114 1691 122 1690 117 1690 118 1690 123 1110 122 1110 118 1110 126 1109 122 1109 123 1109 127 1689 126 1689 123 1689 130 3279 126 3279 127 3279 131 3280 130 3280 127 3280 134 1686 130 1686 131 1686 135 1106 134 1106 131 1106 142 3281 134 3281 135 3281 143 3282 142 3282 135 3282 146 1103 142 1103 143 1103 147 1103 146 1103 143 1103 150 3283 146 3283 147 3283 151 3283 150 3283 147 3283 154 1101 150 1101 151 1101 155 1685 154 1685 151 1685 158 1684 154 1684 155 1684 159 1098 158 1098 155 1098 162 3284 158 3284 159 3284 163 3284 162 3284 159 3284 166 1096 162 1096 163 1096 167 1096 166 1096 163 1096 170 3285 166 3285 167 3285 171 3286 170 3286 167 3286 174 1093 170 1093 171 1093 175 1683 174 1683 171 1683 178 3287 174 3287 175 3287 179 3287 178 3287 175 3287 182 1088 178 1088 179 1088 183 1088 182 1088 179 1088 186 1087 182 1087 183 1087 187 1681 186 1681 183 1681 190 1680 186 1680 187 1680 191 1084 190 1084 187 1084 194 3288 190 3288 191 3288 195 3289 194 3289 191 3289 231 3290 194 3290 195 3290 232 3291 231 3291 195 3291 253 1079 231 1079 232 1079 254 1676 253 1676 232 1676 271 3292 253 3292 254 3292 272 3293 271 3293 254 3293 282 3294 271 3294 272 3294 283 3295 282 3295 272 3295 299 1074 282 1074 283 1074 300 1673 299 1673 283 1673 309 3296 299 3296 300 3296 310 3296 309 3296 300 3296 319 3297 309 3297 310 3297 320 3298 319 3298 310 3298 329 3299 319 3299 320 3299 330 3300 329 3300 320 3300 339 3301 329 3301 330 3301 340 3302 339 3302 330 3302 349 3303 339 3303 340 3303 350 3303 349 3303 340 3303 361 3304 349 3304 350 3304 362 3304 361 3304 350 3304 371 3305 361 3305 362 3305 372 3305 371 3305 362 3305 381 3306 371 3306 372 3306 382 3307 381 3307 372 3307 385 3308 381 3308 382 3308 386 3308 385 3308 382 3308 395 3309 385 3309 386 3309 396 3309 395 3309 386 3309 405 3310 395 3310 396 3310 406 3311 405 3311 396 3311 409 3312 405 3312 406 3312 410 3313 409 3313 406 3313 413 1050 409 1050 410 1050 414 1667 413 1667 410 1667 424 3314 413 3314 414 3314 425 3314 424 3314 414 3314 428 1047 424 1047 425 1047 429 1047 428 1047 425 1047 432 3315 428 3315 429 3315 433 3315 432 3315 429 3315 436 1044 432 1044 433 1044 437 1044 436 1044 433 1044 438 3316 436 3316 437 3316 439 3317 438 3317 437 3317 434 3318 438 3318 439 3318 435 3319 434 3319 439 3319 430 1259 434 1259 435 1259 431 1259 430 1259 435 1259 426 3320 430 3320 431 3320 427 3320 426 3320 431 3320 422 1256 426 1256 427 1256 423 1256 422 1256 427 1256 411 3321 422 3321 423 3321 412 3321 411 3321 423 3321 407 1752 411 1752 412 1752 408 1253 407 1253 412 1253 403 3322 407 3322 408 3322 404 3323 403 3323 408 3323 393 3324 403 3324 404 3324 394 3325 393 3325 404 3325 383 3326 393 3326 394 3326 384 3326 383 3326 394 3326 379 3327 383 3327 384 3327 380 3327 379 3327 384 3327 369 3328 379 3328 380 3328 370 3329 369 3329 380 3329 359 3330 369 3330 370 3330 360 3330 359 3330 370 3330 347 3331 359 3331 360 3331 348 3331 347 3331 360 3331 337 3332 347 3332 348 3332 338 3332 337 3332 348 3332 327 3333 337 3333 338 3333 328 3334 327 3334 338 3334 317 3335 327 3335 328 3335 318 3336 317 3336 328 3336 307 3337 317 3337 318 3337 308 3338 307 3338 318 3338 297 3339 307 3339 308 3339 298 3339 297 3339 308 3339 280 1746 297 1746 298 1746 281 1229 280 1229 298 1229 269 3340 280 3340 281 3340 270 3341 269 3341 281 3341 251 3342 269 3342 270 3342 252 3343 251 3343 270 3343 229 1743 251 1743 252 1743 230 1224 229 1224 252 1224 192 3344 229 3344 230 3344 193 3345 192 3345 230 3345 188 3346 192 3346 193 3346 189 3347 188 3347 193 3347 184 1219 188 1219 189 1219 185 1739 184 1739 189 1739 180 1738 184 1738 185 1738 181 1216 180 1216 185 1216 176 1215 180 1215 181 1215 177 1215 176 1215 181 1215 172 3348 176 3348 177 3348 173 3348 172 3348 177 3348 168 1736 172 1736 173 1736 169 1210 168 1210 173 1210 164 3349 168 3349 169 3349 165 3350 164 3350 169 3350 160 1207 164 1207 165 1207 161 1207 160 1207 165 1207 156 3351 160 3351 161 3351 157 3351 156 3351 161 3351 152 1205 156 1205 157 1205 153 1735 152 1735 157 1735 148 1734 152 1734 153 1734 149 1202 148 1202 153 1202 144 3352 148 3352 149 3352 145 3352 144 3352 149 3352 140 1200 144 1200 145 1200 141 1200 140 1200 145 1200 132 3353 140 3353 141 3353 133 3354 132 3354 141 3354 128 1197 132 1197 133 1197 129 1733 128 1733 133 1733 124 3355 128 3355 129 3355 125 3356 124 3356 129 3356 120 1730 124 1730 125 1730 121 1194 120 1194 125 1194 115 1193 120 1193 121 1193 116 1729 115 1729 121 1729 111 1728 115 1728 116 1728 112 1190 111 1190 116 1190 107 3357 111 3357 112 3357 108 3358 107 3358 112 3358 102 3359 107 3359 108 3359 103 3360 102 3360 108 3360 98 1185 102 1185 103 1185 99 1724 98 1724 103 1724 92 3361 98 3361 99 3361 93 3362 92 3362 99 3362 88 3363 92 3363 93 3363 89 3363 88 3363 93 3363 84 1179 88 1179 89 1179 85 1179 84 1179 89 1179 79 3364 84 3364 85 3364 80 3365 79 3365 85 3365 75 3366 79 3366 80 3366 76 3367 75 3367 80 3367 70 3368 75 3368 76 3368 71 3369 70 3369 76 3369 66 3370 70 3370 71 3370 67 3371 66 3371 71 3371 62 3372 66 3372 67 3372 63 3373 62 3373 67 3373 57 3374 62 3374 63 3374 58 3375 57 3375 63 3375 50 3376 57 3376 58 3376 51 3377 50 3377 58 3377 46 3378 50 3378 51 3378 47 3379 46 3379 51 3379 42 3380 46 3380 47 3380 43 3380 42 3380 47 3380 38 3381 42 3381 43 3381 39 3381 38 3381 43 3381 34 3382 38 3382 39 3382 35 3383 34 3383 39 3383 30 3384 34 3384 35 3384 31 3385 30 3385 35 3385 26 1713 30 1713 31 1713 27 1159 26 1159 31 1159 22 3386 26 3386 27 3386 23 3386 22 3386 27 3386 18 1712 22 1712 23 1712 19 1156 18 1156 23 1156 14 3387 18 3387 19 3387 15 3388 14 3388 19 3388 10 1154 14 1154 15 1154 11 1154 10 1154 15 1154 9 20 56 20 13 20 11 20 56 20 9 20 17 20 13 20 56 20 21 20 17 20 56 20 25 20 21 20 56 20 29 20 25 20 56 20 33 20 29 20 56 20 37 20 33 20 56 20 41 20 37 20 56 20 45 20 41 20 56 20 49 20 45 20 56 20 53 20 49 20 56 20 60 20 53 20 56 20 65 20 60 20 56 20 69 20 65 20 56 20 73 20 69 20 56 20 78 20 73 20 56 20 82 20 78 20 56 20 87 20 82 20 56 20 91 20 87 20 56 20 95 20 91 20 56 20 119 3389 95 3389 56 3389 101 3390 95 3390 119 3390 105 3391 101 3391 119 3391 110 3392 105 3392 119 3392 114 3393 110 3393 119 3393 118 3394 114 3394 119 3394 123 3395 118 3395 119 3395 127 3396 123 3396 119 3396 131 3397 127 3397 119 3397 135 3398 131 3398 119 3398 143 3399 135 3399 119 3399 147 3400 143 3400 119 3400 151 3401 147 3401 119 3401 155 3402 151 3402 119 3402 159 3403 155 3403 119 3403 163 3404 159 3404 119 3404 167 3405 163 3405 119 3405 171 3406 167 3406 119 3406 175 3407 171 3407 119 3407 179 3408 175 3408 119 3408 183 3409 179 3409 119 3409 187 3410 183 3410 119 3410 191 3411 187 3411 119 3411 195 3412 191 3412 119 3412 232 3413 195 3413 119 3413 254 3414 232 3414 119 3414 272 3415 254 3415 119 3415 283 3416 272 3416 119 3416 74 3417 283 3417 119 3417 300 3418 283 3418 74 3418 310 3419 300 3419 74 3419 320 3420 310 3420 74 3420 330 3421 320 3421 74 3421 340 3422 330 3422 74 3422 350 3423 340 3423 74 3423 362 3424 350 3424 74 3424 372 3425 362 3425 74 3425 382 3426 372 3426 74 3426 386 3427 382 3427 74 3427 396 3428 386 3428 74 3428 406 3429 396 3429 74 3429 410 3430 406 3430 74 3430 414 3431 410 3431 74 3431 425 3432 414 3432 74 3432 429 3433 425 3433 74 3433 433 3434 429 3434 74 3434 437 3435 433 3435 74 3435 439 3436 437 3436 74 3436 435 3437 439 3437 74 3437 431 3438 435 3438 74 3438 427 3439 431 3439 74 3439 423 3440 427 3440 74 3440 412 3441 423 3441 74 3441 408 3442 412 3442 74 3442 404 3443 408 3443 74 3443 394 3444 404 3444 74 3444 384 3445 394 3445 74 3445 380 3446 384 3446 74 3446 370 3447 380 3447 74 3447 360 3448 370 3448 74 3448 348 3449 360 3449 74 3449 338 3450 348 3450 74 3450 328 3451 338 3451 74 3451 318 3452 328 3452 74 3452 308 3453 318 3453 74 3453 298 3454 308 3454 74 3454 281 3455 298 3455 74 3455 270 3456 281 3456 74 3456 252 3457 270 3457 74 3457 230 3458 252 3458 74 3458 193 3459 230 3459 74 3459 189 3460 193 3460 74 3460 185 3461 189 3461 74 3461 181 3462 185 3462 74 3462 177 3463 181 3463 74 3463 173 3464 177 3464 74 3464 169 3465 173 3465 74 3465 165 3466 169 3466 74 3466 161 3467 165 3467 74 3467 157 3468 161 3468 74 3468 153 3469 157 3469 74 3469 149 3470 153 3470 74 3470 145 3471 149 3471 74 3471 141 3472 145 3472 74 3472 133 3473 141 3473 74 3473 129 3474 133 3474 74 3474 125 3475 129 3475 74 3475 121 3476 125 3476 74 3476 116 3477 121 3477 74 3477 112 3478 116 3478 74 3478 108 3479 112 3479 74 3479 103 3480 108 3480 74 3480 99 3481 103 3481 74 3481 93 3482 99 3482 74 3482 89 3483 93 3483 74 3483 85 3484 89 3484 74 3484 80 3485 85 3485 74 3485 76 3486 80 3486 74 3486 71 3487 76 3487 74 3487 67 3488 71 3488 74 3488 63 3489 67 3489 74 3489 58 3490 63 3490 74 3490 51 3491 58 3491 74 3491 47 3492 51 3492 74 3492 56 3493 47 3493 74 3493 43 20 47 20 56 20 39 20 43 20 56 20 35 20 39 20 56 20 31 20 35 20 56 20 27 20 31 20 56 20 23 20 27 20 56 20 19 20 23 20 56 20 15 20 19 20 56 20 11 20 15 20 56 20 8 1889 55 1889 10 1889 12 3494 55 3494 8 3494 14 1889 10 1889 55 1889 18 1889 14 1889 55 1889 22 1889 18 1889 55 1889 26 3495 22 3495 55 3495 30 3496 26 3496 55 3496 34 3497 30 3497 55 3497 38 1889 34 1889 55 1889 42 3498 38 3498 55 3498 46 1889 42 1889 55 1889 50 1889 46 1889 55 1889 57 3499 50 3499 55 3499 62 1889 57 1889 55 1889 66 3500 62 3500 55 3500 70 3501 66 3501 55 3501 75 1889 70 1889 55 1889 79 1889 75 1889 55 1889 84 1889 79 1889 55 1889 74 3502 84 3502 55 3502 88 3503 84 3503 74 3503 92 3504 88 3504 74 3504 98 3505 92 3505 74 3505 102 3506 98 3506 74 3506 107 3507 102 3507 74 3507 111 3508 107 3508 74 3508 115 3509 111 3509 74 3509 120 3510 115 3510 74 3510 124 3511 120 3511 74 3511 128 3512 124 3512 74 3512 132 3513 128 3513 74 3513 140 3514 132 3514 74 3514 144 3515 140 3515 74 3515 148 3516 144 3516 74 3516 152 3517 148 3517 74 3517 156 3518 152 3518 74 3518 160 3519 156 3519 74 3519 164 3520 160 3520 74 3520 168 3521 164 3521 74 3521 172 3522 168 3522 74 3522 176 3523 172 3523 74 3523 180 3524 176 3524 74 3524 184 3525 180 3525 74 3525 188 3526 184 3526 74 3526 192 3527 188 3527 74 3527 229 3528 192 3528 74 3528 251 3529 229 3529 74 3529 269 3530 251 3530 74 3530 280 3531 269 3531 74 3531 297 3532 280 3532 74 3532 307 3533 297 3533 74 3533 317 3534 307 3534 74 3534 327 3535 317 3535 74 3535 337 3536 327 3536 74 3536 347 3537 337 3537 74 3537 359 3538 347 3538 74 3538 369 3539 359 3539 74 3539 379 3540 369 3540 74 3540 383 3541 379 3541 74 3541 393 3542 383 3542 74 3542 403 3543 393 3543 74 3543 407 3544 403 3544 74 3544 411 3545 407 3545 74 3545 422 3546 411 3546 74 3546 426 3547 422 3547 74 3547 430 3548 426 3548 74 3548 434 3549 430 3549 74 3549 438 3550 434 3550 74 3550 436 3551 438 3551 74 3551 432 3552 436 3552 74 3552 428 3553 432 3553 74 3553 424 3554 428 3554 74 3554 413 3555 424 3555 74 3555 409 3556 413 3556 74 3556 119 3557 409 3557 74 3557 405 3558 409 3558 119 3558 395 3559 405 3559 119 3559 385 3560 395 3560 119 3560 381 3561 385 3561 119 3561 371 3562 381 3562 119 3562 361 3563 371 3563 119 3563 349 3564 361 3564 119 3564 339 3565 349 3565 119 3565 329 3566 339 3566 119 3566 319 3567 329 3567 119 3567 309 3568 319 3568 119 3568 299 3569 309 3569 119 3569 282 3570 299 3570 119 3570 271 3571 282 3571 119 3571 253 3572 271 3572 119 3572 231 3573 253 3573 119 3573 194 3574 231 3574 119 3574 190 3575 194 3575 119 3575 186 3576 190 3576 119 3576 182 3577 186 3577 119 3577 178 3578 182 3578 119 3578 174 3579 178 3579 119 3579 170 3580 174 3580 119 3580 166 3581 170 3581 119 3581 162 3582 166 3582 119 3582 158 3583 162 3583 119 3583 154 3584 158 3584 119 3584 150 3585 154 3585 119 3585 146 3586 150 3586 119 3586 142 3587 146 3587 119 3587 134 3588 142 3588 119 3588 130 3589 134 3589 119 3589 126 3590 130 3590 119 3590 122 3591 126 3591 119 3591 117 3592 122 3592 119 3592 113 3593 117 3593 119 3593 109 3594 113 3594 119 3594 55 3595 109 3595 119 3595 104 3596 109 3596 55 3596 100 3597 104 3597 55 3597 94 1889 100 1889 55 1889 90 1889 94 1889 55 1889 86 1889 90 1889 55 1889 81 1889 86 1889 55 1889 77 1889 81 1889 55 1889 72 1889 77 1889 55 1889 68 1889 72 1889 55 1889 64 1889 68 1889 55 1889 59 1889 64 1889 55 1889 52 1889 59 1889 55 1889 48 1889 52 1889 55 1889 44 1889 48 1889 55 1889 40 1889 44 1889 55 1889 36 1889 40 1889 55 1889 32 3598 36 3598 55 3598 28 1889 32 1889 55 1889 24 1889 28 1889 55 1889 20 1889 24 1889 55 1889 16 1889 20 1889 55 1889 12 1889 16 1889 55 1889 1624 2124 1627 2124 1628 2124 1625 2125 1624 2125 1628 2125 1630 2126 1624 2126 1625 2126 1631 2127 1630 2127 1625 2127 1636 359 1630 359 1631 359 1637 3599 1636 3599 1631 3599 1642 2128 1636 2128 1637 2128 1643 2129 1642 2129 1637 2129 1648 2130 1642 2130 1643 2130 1649 2131 1648 2131 1643 2131 1654 1529 1648 1529 1649 1529 1655 1530 1654 1530 1649 1530 1660 1297 1654 1297 1655 1297 1661 1298 1660 1298 1655 1298 1666 1528 1660 1528 1661 1528 1667 350 1666 350 1661 350 1672 2898 1666 2898 1667 2898 1673 3600 1672 3600 1667 3600 1678 345 1672 345 1673 345 1679 345 1678 345 1673 345 1684 2135 1678 2135 1679 2135 1685 3601 1684 3601 1679 3601 1690 341 1684 341 1685 341 1691 342 1690 342 1685 342 1697 3602 1690 3602 1691 3602 1698 2137 1697 2137 1691 2137 1704 337 1697 337 1698 337 1705 2139 1704 2139 1698 2139 1710 1526 1704 1526 1705 1526 1711 336 1710 336 1705 336 1716 2141 1710 2141 1711 2141 1717 3603 1716 3603 1711 3603 1722 2143 1716 2143 1717 2143 1723 3604 1722 3604 1717 3604 1728 2145 1722 2145 1723 2145 1729 525 1728 525 1723 525 1736 3605 1728 3605 1729 3605 1737 3606 1736 3606 1729 3606 1760 3607 1736 3607 1737 3607 1761 3608 1760 3608 1737 3608 1779 2151 1760 2151 1761 2151 1780 3609 1779 3609 1761 3609 1789 3610 1779 3610 1780 3610 1790 2302 1789 2302 1780 2302 1803 46 1789 46 1790 46 1804 46 1803 46 1790 46 1818 2155 1803 2155 1804 2155 1819 2156 1818 2156 1804 2156 1828 3611 1818 3611 1819 3611 1829 3612 1828 3612 1819 3612 1839 3613 1828 3613 1829 3613 1840 2160 1839 2160 1829 2160 1853 3614 1839 3614 1840 3614 1854 3615 1853 3615 1840 3615 1865 3616 1853 3616 1854 3616 1866 540 1865 540 1854 540 1875 3617 1865 3617 1866 3617 1876 3618 1875 3618 1866 3618 1887 3619 1875 3619 1876 3619 1888 3620 1887 3620 1876 3620 1897 2168 1887 2168 1888 2168 1898 3621 1897 3621 1888 3621 1903 546 1897 546 1898 546 1904 2925 1903 2925 1898 2925 1913 3622 1903 3622 1904 3622 1914 3623 1913 3623 1904 3623 1923 299 1913 299 1914 299 1924 300 1923 300 1914 300 1937 2174 1923 2174 1924 2174 1938 2174 1937 2174 1924 2174 1947 296 1937 296 1938 296 1948 296 1947 296 1938 296 1953 3624 1947 3624 1948 3624 1954 3625 1953 3625 1948 3625 1959 292 1953 292 1954 292 1960 293 1959 293 1954 293 1969 1262 1959 1262 1960 1262 1970 291 1969 291 1960 291 1975 1569 1969 1569 1970 1569 1976 1513 1975 1513 1970 1513 1981 3626 1975 3626 1976 3626 1982 2180 1981 2180 1976 2180 1987 3627 1981 3627 1982 3627 1988 2182 1987 2182 1982 2182 1993 282 1987 282 1988 282 1994 283 1993 283 1988 283 1996 3628 1993 3628 1994 3628 1997 2937 1996 2937 1994 2937 1990 2938 1996 2938 1997 2938 1991 3629 1990 3629 1997 3629 1984 442 1990 442 1991 442 1985 443 1984 443 1991 443 1978 2187 1984 2187 1985 2187 1979 3630 1978 3630 1985 3630 1972 2189 1978 2189 1979 2189 1973 3631 1972 3631 1979 3631 1966 1554 1972 1554 1973 1554 1967 1633 1966 1633 1973 1633 1956 434 1966 434 1967 434 1957 1341 1956 1341 1967 1341 1950 432 1956 432 1957 432 1951 433 1950 433 1957 433 1944 3632 1950 3632 1951 3632 1945 3633 1944 3633 1951 3633 1934 429 1944 429 1945 429 1935 429 1934 429 1945 429 1920 2195 1934 2195 1935 2195 1921 2195 1920 2195 1935 2195 1910 425 1920 425 1921 425 1911 426 1910 426 1921 426 1900 3634 1910 3634 1911 3634 1901 3635 1900 3635 1911 3635 1894 2950 1900 2950 1901 2950 1895 3636 1894 3636 1901 3636 1884 3637 1894 3637 1895 3637 1885 2201 1884 2201 1895 2201 1872 3638 1884 3638 1885 3638 1873 3639 1872 3639 1885 3639 1862 3640 1872 3640 1873 3640 1863 3641 1862 3641 1873 3641 1850 2206 1862 2206 1863 2206 1851 3642 1850 3642 1863 3642 1836 3643 1850 3643 1851 3643 1837 3644 1836 3644 1851 3644 1825 2210 1836 2210 1837 2210 1826 3645 1825 3645 1837 3645 1815 3646 1825 3646 1826 3646 1816 3647 1815 3647 1826 3647 1800 2214 1815 2214 1816 2214 1801 2215 1800 2215 1816 2215 1786 48 1800 48 1801 48 1787 48 1786 48 1801 48 1776 3648 1786 3648 1787 3648 1777 3649 1776 3649 1787 3649 1757 3650 1776 3650 1777 3650 1758 2219 1757 2219 1777 2219 1733 3651 1757 3651 1758 3651 1734 3652 1733 3652 1758 3652 1725 3653 1733 3653 1734 3653 1726 3654 1725 3654 1734 3654 1719 2967 1725 2967 1726 2967 1720 2224 1719 2224 1726 2224 1713 3655 1719 3655 1720 3655 1714 2226 1713 2226 1720 2226 1707 3656 1713 3656 1714 3656 1708 2228 1707 2228 1714 2228 1701 389 1707 389 1708 389 1702 1542 1701 1542 1708 1542 1694 901 1701 901 1702 901 1695 3657 1694 3657 1702 3657 1687 2230 1694 2230 1695 2230 1688 3658 1687 3658 1695 3658 1681 383 1687 383 1688 383 1682 384 1681 384 1688 384 1675 3659 1681 3659 1682 3659 1676 2232 1675 2232 1682 2232 1669 380 1675 380 1676 380 1670 380 1669 380 1676 380 1663 3660 1669 3660 1670 3660 1664 2979 1663 2979 1670 2979 1657 375 1663 375 1664 375 1658 1540 1657 1540 1664 1540 1651 1305 1657 1305 1658 1305 1652 1306 1651 1306 1658 1306 1645 1538 1651 1538 1652 1538 1646 1539 1645 1539 1652 1539 1639 2236 1645 2236 1646 2236 1640 2237 1639 2237 1646 2237 1633 2238 1639 2238 1640 2238 1634 2239 1633 2239 1640 2239 1627 3661 1633 3661 1634 3661 1628 366 1627 366 1634 366 1626 2126 1632 2126 1631 2126 1625 2126 1626 2126 1631 2126 1629 2240 1626 2240 1625 2240 1628 2240 1629 2240 1625 2240 1635 500 1629 500 1628 500 1634 3662 1635 3662 1628 3662 1641 2241 1635 2241 1634 2241 1640 2242 1641 2242 1634 2242 1647 2243 1641 2243 1640 2243 1646 2244 1647 2244 1640 2244 1653 1562 1647 1562 1646 1562 1652 1562 1653 1562 1646 1562 1659 493 1653 493 1652 493 1658 492 1659 492 1652 492 1665 1357 1659 1357 1658 1357 1664 491 1665 491 1658 491 1671 3000 1665 3000 1664 3000 1670 3000 1671 3000 1664 3000 1677 380 1671 380 1670 380 1676 380 1677 380 1670 380 1683 2232 1677 2232 1676 2232 1682 3659 1683 3659 1676 3659 1689 489 1683 489 1682 489 1688 489 1689 489 1682 489 1696 3663 1689 3663 1688 3663 1695 2248 1696 2248 1688 2248 1703 3664 1696 3664 1695 3664 1702 901 1703 901 1695 901 1709 485 1703 485 1702 485 1708 485 1709 485 1702 485 1715 2250 1709 2250 1708 2250 1714 2250 1715 2250 1708 2250 1721 2252 1715 2252 1714 2252 1720 3665 1721 3665 1714 3665 1727 1319 1721 1319 1720 1319 1726 2631 1727 2631 1720 2631 1735 3666 1727 3666 1726 3666 1734 2253 1735 2253 1726 2253 1759 3667 1735 3667 1734 3667 1758 3668 1759 3668 1734 3668 1778 2256 1759 2256 1758 2256 1777 3669 1778 3669 1758 3669 1788 2259 1778 2259 1777 2259 1787 2258 1788 2258 1777 2258 1802 48 1788 48 1787 48 1801 48 1802 48 1787 48 1817 2260 1802 2260 1801 2260 1816 2261 1817 2261 1801 2261 1827 3670 1817 3670 1816 3670 1826 3671 1827 3671 1816 3671 1838 3014 1827 3014 1826 3014 1837 2264 1838 2264 1826 2264 1852 3672 1838 3672 1837 3672 1851 2265 1852 2265 1837 2265 1864 2267 1852 2267 1851 2267 1863 2267 1864 2267 1851 2267 1874 2269 1864 2269 1863 2269 1873 3673 1874 3673 1863 3673 1886 2271 1874 2271 1873 2271 1885 2270 1886 2270 1873 2270 1896 463 1886 463 1885 463 1895 3674 1896 3674 1885 3674 1902 3020 1896 3020 1895 3020 1901 3020 1902 3020 1895 3020 1912 3675 1902 3675 1901 3675 1911 3676 1912 3676 1901 3676 1922 457 1912 457 1911 457 1921 458 1922 458 1911 458 1936 2195 1922 2195 1921 2195 1935 2195 1936 2195 1921 2195 1946 429 1936 429 1935 429 1945 429 1946 429 1935 429 1952 3677 1946 3677 1945 3677 1951 3677 1952 3677 1945 3677 1958 453 1952 453 1951 453 1957 454 1958 454 1951 454 1968 1345 1958 1345 1957 1345 1967 452 1968 452 1957 452 1974 1554 1968 1554 1967 1554 1973 1554 1974 1554 1967 1554 1980 3678 1974 3678 1973 3678 1979 2277 1980 2277 1973 2277 1986 2279 1980 2279 1979 2279 1985 2279 1986 2279 1979 2279 1992 445 1986 445 1985 445 1991 445 1992 445 1985 445 1998 3679 1992 3679 1991 3679 1997 2280 1998 2280 1991 2280 1995 2183 1998 2183 1997 2183 1994 3628 1995 3628 1997 3628 1989 562 1995 562 1994 562 1988 562 1989 562 1994 562 1983 2283 1989 2283 1988 2283 1982 2283 1983 2283 1988 2283 1977 2285 1983 2285 1982 2285 1976 3680 1977 3680 1982 3680 1971 1569 1977 1569 1976 1569 1970 1569 1971 1569 1976 1569 1961 555 1971 555 1970 555 1960 1376 1961 1376 1970 1376 1955 553 1961 553 1960 553 1954 554 1955 554 1960 554 1949 3681 1955 3681 1954 3681 1948 3681 1949 3681 1954 3681 1939 296 1949 296 1948 296 1938 296 1939 296 1948 296 1925 2174 1939 2174 1938 2174 1924 2174 1925 2174 1938 2174 1915 549 1925 549 1924 549 1914 550 1915 550 1924 550 1905 3682 1915 3682 1914 3682 1904 3683 1905 3683 1914 3683 1899 3035 1905 3035 1904 3035 1898 3035 1899 3035 1904 3035 1889 3684 1899 3684 1898 3684 1888 544 1889 544 1898 544 1877 2292 1889 2292 1888 2292 1876 2291 1877 2291 1888 2291 1867 3685 1877 3685 1876 3685 1866 2293 1867 2293 1876 2293 1855 311 1867 311 1866 311 1854 311 1855 311 1866 311 1841 2297 1855 2297 1854 2297 1840 3686 1841 3686 1854 3686 1830 2298 1841 2298 1840 2298 1829 3041 1830 3041 1840 3041 1820 3612 1830 3612 1829 3612 1819 3611 1820 3611 1829 3611 1805 2156 1820 2156 1819 2156 1804 2300 1805 2300 1819 2300 1791 46 1805 46 1804 46 1790 46 1791 46 1804 46 1781 2302 1791 2302 1790 2302 1780 2301 1781 2301 1790 2301 1762 3609 1781 3609 1780 3609 1761 2151 1762 2151 1780 2151 1738 3687 1762 3687 1761 3687 1737 3688 1738 3688 1761 3688 1730 2304 1738 2304 1737 2304 1729 3689 1730 3689 1737 3689 1724 329 1730 329 1729 329 1723 2305 1724 2305 1729 2305 1718 3690 1724 3690 1723 3690 1717 2306 1718 2306 1723 2306 1712 2308 1718 2308 1717 2308 1711 2308 1712 2308 1717 2308 1706 518 1712 518 1711 518 1705 518 1706 518 1711 518 1699 338 1706 338 1705 338 1698 3691 1699 3691 1705 3691 1692 2310 1699 2310 1698 2310 1691 3692 1692 3692 1698 3692 1686 515 1692 515 1691 515 1685 515 1686 515 1691 515 1680 3601 1686 3601 1685 3601 1679 2135 1680 2135 1685 2135 1674 345 1680 345 1679 345 1673 345 1674 345 1679 345 1668 3054 1674 3054 1673 3054 1667 3054 1668 3054 1673 3054 1662 513 1668 513 1667 513 1661 1362 1662 1362 1667 1362 1656 512 1662 512 1661 512 1655 511 1656 511 1661 511 1650 1565 1656 1565 1655 1565 1649 1565 1650 1565 1655 1565 1644 2314 1650 2314 1649 2314 1643 2315 1644 2315 1649 2315 1638 2316 1644 2316 1643 2316 1637 2317 1638 2317 1643 2317 1632 3693 1638 3693 1637 3693 1631 505 1632 505 1637 505 1626 3694 1693 3694 1632 3694 1629 3695 1693 3695 1626 3695 1638 3696 1632 3696 1693 3696 1644 3697 1638 3697 1693 3697 1650 3698 1644 3698 1693 3698 1656 3699 1650 3699 1693 3699 1662 3700 1656 3700 1693 3700 1668 3701 1662 3701 1693 3701 1674 3702 1668 3702 1693 3702 1680 3703 1674 3703 1693 3703 1686 3704 1680 3704 1693 3704 1692 3705 1686 3705 1693 3705 1699 3706 1692 3706 1693 3706 1706 3707 1699 3707 1693 3707 1712 3708 1706 3708 1693 3708 1718 3709 1712 3709 1693 3709 1724 3710 1718 3710 1693 3710 1730 3711 1724 3711 1693 3711 1738 3712 1730 3712 1693 3712 1762 3713 1738 3713 1693 3713 1781 3714 1762 3714 1693 3714 1791 3715 1781 3715 1693 3715 1805 3716 1791 3716 1693 3716 1820 3717 1805 3717 1693 3717 1830 3718 1820 3718 1693 3718 1700 3719 1830 3719 1693 3719 1841 3720 1830 3720 1700 3720 1855 3721 1841 3721 1700 3721 1867 3722 1855 3722 1700 3722 1877 3723 1867 3723 1700 3723 1889 3724 1877 3724 1700 3724 1899 3725 1889 3725 1700 3725 1905 3726 1899 3726 1700 3726 1915 3727 1905 3727 1700 3727 1925 3728 1915 3728 1700 3728 1939 3729 1925 3729 1700 3729 1949 3730 1939 3730 1700 3730 1955 3731 1949 3731 1700 3731 1961 3732 1955 3732 1700 3732 1971 3733 1961 3733 1700 3733 1977 3734 1971 3734 1700 3734 1983 3735 1977 3735 1700 3735 1989 3736 1983 3736 1700 3736 1995 3737 1989 3737 1700 3737 1767 3738 1995 3738 1700 3738 1998 3739 1995 3739 1767 3739 1992 3740 1998 3740 1767 3740 1986 3741 1992 3741 1767 3741 1980 3742 1986 3742 1767 3742 1974 3743 1980 3743 1767 3743 1968 3744 1974 3744 1767 3744 1958 3745 1968 3745 1767 3745 1952 3746 1958 3746 1767 3746 1946 3747 1952 3747 1767 3747 1936 3748 1946 3748 1767 3748 1922 3749 1936 3749 1767 3749 1912 3750 1922 3750 1767 3750 1902 3751 1912 3751 1767 3751 1896 3752 1902 3752 1767 3752 1886 3753 1896 3753 1767 3753 1874 3754 1886 3754 1767 3754 1864 3755 1874 3755 1767 3755 1852 3756 1864 3756 1767 3756 1838 3757 1852 3757 1767 3757 1827 3758 1838 3758 1767 3758 1817 3759 1827 3759 1767 3759 1802 3760 1817 3760 1767 3760 1788 3761 1802 3761 1767 3761 1778 3762 1788 3762 1767 3762 1759 3763 1778 3763 1767 3763 1735 3764 1759 3764 1767 3764 1693 3765 1735 3765 1767 3765 1727 3766 1735 3766 1693 3766 1721 3767 1727 3767 1693 3767 1715 3768 1721 3768 1693 3768 1709 3769 1715 3769 1693 3769 1703 3770 1709 3770 1693 3770 1696 3771 1703 3771 1693 3771 1689 3772 1696 3772 1693 3772 1683 3773 1689 3773 1693 3773 1677 3774 1683 3774 1693 3774 1671 3775 1677 3775 1693 3775 1665 3776 1671 3776 1693 3776 1659 3777 1665 3777 1693 3777 1653 3778 1659 3778 1693 3778 1647 3779 1653 3779 1693 3779 1641 3780 1647 3780 1693 3780 1635 3781 1641 3781 1693 3781 1629 3782 1635 3782 1693 3782 1624 3783 1693 3783 1627 3783 1630 3784 1693 3784 1624 3784 1633 3785 1627 3785 1693 3785 1639 3786 1633 3786 1693 3786 1645 3787 1639 3787 1693 3787 1651 3788 1645 3788 1693 3788 1657 3789 1651 3789 1693 3789 1663 3790 1657 3790 1693 3790 1669 3791 1663 3791 1693 3791 1675 3792 1669 3792 1693 3792 1681 3793 1675 3793 1693 3793 1687 3794 1681 3794 1693 3794 1694 3795 1687 3795 1693 3795 1701 3796 1694 3796 1693 3796 1707 3797 1701 3797 1693 3797 1713 3798 1707 3798 1693 3798 1719 3799 1713 3799 1693 3799 1725 3800 1719 3800 1693 3800 1733 3801 1725 3801 1693 3801 1757 3802 1733 3802 1693 3802 1776 3803 1757 3803 1693 3803 1786 3804 1776 3804 1693 3804 1767 3805 1786 3805 1693 3805 1800 3806 1786 3806 1767 3806 1815 3807 1800 3807 1767 3807 1825 3808 1815 3808 1767 3808 1836 3809 1825 3809 1767 3809 1850 3810 1836 3810 1767 3810 1862 3811 1850 3811 1767 3811 1872 3812 1862 3812 1767 3812 1884 3813 1872 3813 1767 3813 1894 3814 1884 3814 1767 3814 1900 3815 1894 3815 1767 3815 1910 3816 1900 3816 1767 3816 1920 3817 1910 3817 1767 3817 1934 3818 1920 3818 1767 3818 1944 3819 1934 3819 1767 3819 1950 3820 1944 3820 1767 3820 1956 3821 1950 3821 1767 3821 1966 3822 1956 3822 1767 3822 1972 3823 1966 3823 1767 3823 1978 3824 1972 3824 1767 3824 1984 3825 1978 3825 1767 3825 1990 3826 1984 3826 1767 3826 1700 3827 1990 3827 1767 3827 1996 3828 1990 3828 1700 3828 1993 3829 1996 3829 1700 3829 1987 3830 1993 3830 1700 3830 1981 3831 1987 3831 1700 3831 1975 3832 1981 3832 1700 3832 1969 3833 1975 3833 1700 3833 1959 3834 1969 3834 1700 3834 1953 3835 1959 3835 1700 3835 1947 3836 1953 3836 1700 3836 1937 3837 1947 3837 1700 3837 1923 3838 1937 3838 1700 3838 1913 3839 1923 3839 1700 3839 1903 3840 1913 3840 1700 3840 1897 3841 1903 3841 1700 3841 1887 3842 1897 3842 1700 3842 1875 3843 1887 3843 1700 3843 1865 3844 1875 3844 1700 3844 1853 3845 1865 3845 1700 3845 1839 3846 1853 3846 1700 3846 1828 3847 1839 3847 1700 3847 1818 3848 1828 3848 1700 3848 1803 3849 1818 3849 1700 3849 1789 3850 1803 3850 1700 3850 1779 3851 1789 3851 1700 3851 1760 3852 1779 3852 1700 3852 1736 3853 1760 3853 1700 3853 1728 3854 1736 3854 1700 3854 1722 3855 1728 3855 1700 3855 1716 3856 1722 3856 1700 3856 1710 3857 1716 3857 1700 3857 1704 3858 1710 3858 1700 3858 1697 3859 1704 3859 1700 3859 1690 3860 1697 3860 1700 3860 1684 3861 1690 3861 1700 3861 1678 3862 1684 3862 1700 3862 1672 3863 1678 3863 1700 3863 1666 3864 1672 3864 1700 3864 1660 3865 1666 3865 1700 3865 1654 3866 1660 3866 1700 3866 1648 3867 1654 3867 1700 3867 1693 3868 1648 3868 1700 3868 1642 3869 1648 3869 1693 3869 1636 3870 1642 3870 1693 3870 1630 3871 1636 3871 1693 3871 556 3872 559 3872 560 3872 557 2125 556 2125 560 2125 562 2126 556 2126 557 2126 563 3873 562 3873 557 3873 568 882 562 882 563 882 569 883 568 883 563 883 574 2128 568 2128 569 2128 575 3874 574 3874 569 3874 580 2130 574 2130 575 2130 581 3875 580 3875 575 3875 586 3876 580 3876 581 3876 587 3877 586 3877 581 3877 592 630 586 630 587 630 593 631 592 631 587 631 598 349 592 349 593 349 599 1420 598 1420 593 1420 604 3878 598 3878 599 3878 605 2134 604 2134 599 2134 610 1600 604 1600 605 1600 611 345 610 345 605 345 616 2511 610 2511 611 2511 617 2511 616 2511 611 2511 622 341 616 341 617 341 623 342 622 342 617 342 630 3879 622 3879 623 3879 631 3880 630 3880 623 3880 636 618 630 618 631 618 637 2904 636 2904 631 2904 642 1412 636 1412 637 1412 643 1413 642 1413 637 1413 648 3881 642 3881 643 3881 649 3882 648 3882 643 3882 654 3883 648 3883 649 3883 655 3884 654 3884 649 3884 660 3885 654 3885 655 3885 661 1656 660 1656 655 1656 666 3605 660 3605 661 3605 667 3886 666 3886 661 3886 674 3607 666 3607 667 3607 675 3887 674 3887 667 3887 680 3888 674 3888 675 3888 681 3609 680 3609 675 3609 687 3610 680 3610 681 3610 688 3889 687 3889 681 3889 693 46 687 46 688 46 694 46 693 46 688 46 699 3890 693 3890 694 3890 700 3891 699 3891 694 3891 705 3612 699 3612 700 3612 706 3612 705 3612 700 3612 711 3613 705 3613 706 3613 712 2916 711 2916 706 2916 717 3892 711 3892 712 3892 718 3893 717 3893 712 3893 723 3894 717 3894 718 3894 724 3895 723 3895 718 3895 731 3896 723 3896 724 3896 732 2538 731 2538 724 2538 740 3619 731 3619 732 3619 741 3897 740 3897 732 3897 746 1392 740 1392 741 1392 747 588 746 588 741 588 752 546 746 546 747 546 753 2925 752 2925 747 2925 758 3898 752 3898 753 3898 759 2172 758 2172 753 2172 764 836 758 836 759 836 765 1514 764 1514 759 1514 770 2927 764 2927 765 2927 771 2927 770 2927 765 2927 776 1583 770 1583 771 1583 777 297 776 297 771 297 782 3899 776 3899 777 3899 783 3900 782 3900 777 3900 788 3901 782 3901 783 3901 789 1386 788 1386 783 1386 794 575 788 575 789 575 795 291 794 291 789 291 800 1569 794 1569 795 1569 801 1513 800 1513 795 1513 806 2179 800 2179 801 2179 807 2551 806 2551 801 2551 812 3627 806 3627 807 3627 813 3902 812 3902 807 3902 818 1380 812 1380 813 1380 819 283 818 283 813 283 821 2183 818 2183 819 2183 822 2937 821 2937 819 2937 815 2938 821 2938 822 2938 816 2186 815 2186 822 2186 809 442 815 442 816 442 810 1462 809 1462 816 1462 803 3903 809 3903 810 3903 804 3630 803 3630 810 3630 797 2564 803 2564 804 2564 798 2190 797 2190 804 2190 791 1554 797 1554 798 1554 792 1633 791 1633 798 1633 785 434 791 434 792 434 786 707 785 707 792 707 779 1456 785 1456 786 1456 780 3904 779 3904 786 3904 773 3905 779 3905 780 3905 774 3906 773 3906 780 3906 767 428 773 428 774 428 768 1628 767 1628 774 1628 761 2948 767 2948 768 2948 762 2948 761 2948 768 2948 755 1553 761 1553 762 1553 756 929 755 929 762 929 749 2197 755 2197 756 2197 750 3907 749 3907 756 3907 743 2950 749 2950 750 2950 744 3636 743 3636 750 3636 737 694 743 694 744 694 738 1450 737 1450 744 1450 728 3908 737 3908 738 3908 729 3639 728 3639 738 3639 720 2578 728 2578 729 2578 721 3909 720 3909 729 3909 714 3910 720 3910 721 3910 715 3911 714 3911 721 3911 708 3912 714 3912 715 3912 709 3913 708 3913 715 3913 702 2959 708 2959 709 2959 703 3645 702 3645 709 3645 696 3646 702 3646 703 3646 697 3671 696 3671 703 3671 690 3914 696 3914 697 3914 691 3915 690 3915 697 3915 684 48 690 48 691 48 685 48 684 48 691 48 677 3916 684 3916 685 3916 678 3649 677 3649 685 3649 671 3650 677 3650 678 3650 672 3917 671 3917 678 3917 663 3918 671 3918 672 3918 664 3652 663 3652 672 3652 657 3919 663 3919 664 3919 658 3654 657 3654 664 3654 651 3920 657 3920 658 3920 652 3921 651 3921 658 3921 645 3922 651 3922 652 3922 646 3923 645 3923 652 3923 639 3924 645 3924 646 3924 640 3925 639 3925 646 3925 633 1430 639 1430 640 1430 634 1431 633 1431 640 1431 627 2973 633 2973 634 2973 628 3926 627 3926 634 3926 619 3927 627 3927 628 3927 620 3928 619 3928 628 3928 613 383 619 383 620 383 614 384 613 384 620 384 607 2606 613 2606 614 2606 608 2606 607 2606 614 2606 601 380 607 380 608 380 602 1613 601 1613 608 1613 595 2233 601 2233 602 2233 596 3929 595 3929 602 3929 589 1423 595 1423 596 1423 590 376 589 376 596 376 583 652 589 652 590 652 584 653 583 653 590 653 577 3930 583 3930 584 3930 578 3931 577 3931 584 3931 571 3932 577 3932 578 3932 572 2237 571 2237 578 2237 565 3933 571 3933 572 3933 566 2239 565 2239 572 2239 559 885 565 885 566 885 560 886 559 886 566 886 558 3934 564 3934 563 3934 557 2126 558 2126 563 2126 561 2240 558 2240 557 2240 560 3935 561 3935 557 3935 567 994 561 994 560 994 566 994 567 994 560 994 573 2241 567 2241 566 2241 572 3936 573 3936 566 3936 579 2243 573 2243 572 2243 578 2996 579 2996 572 2996 585 3937 579 3937 578 3937 584 1648 585 1648 578 1648 591 757 585 757 584 757 590 757 591 757 584 757 597 491 591 491 590 491 596 1484 597 1484 590 1484 603 3938 597 3938 596 3938 602 2247 603 2247 596 2247 609 1613 603 1613 602 1613 608 380 609 380 602 380 615 2606 609 2606 608 2606 614 2606 615 2606 608 2606 621 489 615 489 614 489 620 489 621 489 614 489 629 3939 621 3939 620 3939 628 3663 629 3663 620 3663 635 3940 629 3940 628 3940 634 3004 635 3004 628 3004 641 1481 635 1481 634 1481 640 1481 641 1481 634 1481 647 3941 641 3941 640 3941 646 3941 647 3941 640 3941 653 3942 647 3942 646 3942 652 3943 653 3943 646 3943 659 3944 653 3944 652 3944 658 3944 659 3944 652 3944 665 3666 659 3666 658 3666 664 3945 665 3945 658 3945 673 3667 665 3667 664 3667 672 3946 673 3946 664 3946 679 3917 673 3917 672 3917 678 3669 679 3669 672 3669 686 2259 679 2259 678 2259 685 3947 686 3947 678 3947 692 48 686 48 685 48 691 48 692 48 685 48 698 3948 692 3948 691 3948 697 2260 698 2260 691 2260 704 3671 698 3671 697 3671 703 3671 704 3671 697 3671 710 3014 704 3014 703 3014 709 3014 710 3014 703 3014 716 2266 710 2266 709 2266 715 3949 716 3949 709 3949 722 3016 716 3016 715 3016 721 3015 722 3015 715 3015 730 3673 722 3673 721 3673 729 2646 730 2646 721 2646 739 2271 730 2271 729 2271 738 3950 739 3950 729 3950 745 732 739 732 738 732 744 732 745 732 738 732 751 3020 745 3020 744 3020 750 3020 751 3020 744 3020 757 3951 751 3951 750 3951 756 2274 757 2274 750 2274 763 963 757 963 756 963 762 457 763 457 756 457 769 2948 763 2948 762 2948 768 2948 769 2948 762 2948 775 1628 769 1628 768 1628 774 428 775 428 768 428 781 3952 775 3952 774 3952 780 3952 781 3952 774 3952 787 1468 781 1468 780 1468 786 1468 787 1468 780 1468 793 724 787 724 786 724 792 452 793 452 786 452 799 1554 793 1554 792 1554 798 1554 799 1554 792 1554 805 2276 799 2276 798 2276 804 2654 805 2654 798 2654 811 2279 805 2279 804 2279 810 3953 811 3953 804 3953 817 1465 811 1465 810 1465 816 445 817 445 810 445 823 2280 817 2280 816 2280 822 2280 823 2280 816 2280 820 2183 823 2183 822 2183 819 2183 820 2183 822 2183 814 562 820 562 819 562 813 1508 814 1508 819 1508 808 3954 814 3954 813 3954 807 2283 808 2283 813 2283 802 2663 808 2663 807 2663 801 2286 802 2286 807 2286 796 1569 802 1569 801 1569 795 1569 796 1569 801 1569 790 555 796 555 795 555 789 808 790 808 795 808 784 1505 790 1505 789 1505 783 1505 784 1505 789 1505 778 3955 784 3955 783 3955 777 3955 778 3955 783 3955 772 297 778 297 777 297 771 1583 772 1583 777 1583 766 2927 772 2927 771 2927 765 2927 766 2927 771 2927 760 550 766 550 765 550 759 1026 760 1026 765 1026 754 2288 760 2288 759 2288 753 3956 754 3956 759 3956 748 3035 754 3035 753 3035 747 3035 748 3035 753 3035 742 800 748 800 747 800 741 800 742 800 747 800 733 3957 742 3957 741 3957 732 2291 733 2291 741 2291 725 2671 733 2671 732 2671 724 3685 725 3685 732 3685 719 3040 725 3040 724 3040 718 3039 719 3039 724 3039 713 3958 719 3958 718 3958 712 2296 713 2296 718 2296 707 3041 713 3041 712 3041 706 3041 707 3041 712 3041 701 3612 707 3612 706 3612 700 3612 701 3612 706 3612 695 2300 701 2300 700 2300 694 3890 695 3890 700 3890 689 46 695 46 694 46 688 46 689 46 694 46 682 3959 689 3959 688 3959 681 2301 682 2301 688 2301 676 3609 682 3609 681 3609 675 3888 676 3888 681 3888 668 3960 676 3960 675 3960 667 3688 668 3688 675 3688 662 3961 668 3961 667 3961 661 3689 662 3689 667 3689 656 3962 662 3962 661 3962 655 3962 656 3962 661 3962 650 3963 656 3963 655 3963 649 3964 650 3964 655 3964 644 3965 650 3965 649 3965 643 3965 644 3965 649 3965 638 1490 644 1490 643 1490 637 1490 638 1490 643 1490 632 3049 638 3049 637 3049 631 3966 632 3966 637 3966 624 3692 632 3692 631 3692 623 3967 624 3967 631 3967 618 515 624 515 623 515 617 515 618 515 623 515 612 2511 618 2511 617 2511 611 2511 612 2511 617 2511 606 345 612 345 611 345 605 1600 606 1600 611 1600 600 2311 606 2311 605 2311 599 3968 600 3968 605 3968 594 1487 600 1487 599 1487 593 513 594 513 599 513 588 771 594 771 593 771 587 771 588 771 593 771 582 1655 588 1655 587 1655 581 3969 582 3969 587 3969 576 3058 582 3058 581 3058 575 2315 576 2315 581 2315 570 3970 576 3970 575 3970 569 2317 570 2317 575 2317 564 995 570 995 569 995 563 995 564 995 569 995 558 3971 625 3971 564 3971 561 3972 625 3972 558 3972 570 3973 564 3973 625 3973 576 3974 570 3974 625 3974 582 3975 576 3975 625 3975 588 3976 582 3976 625 3976 594 3977 588 3977 625 3977 600 3978 594 3978 625 3978 606 3979 600 3979 625 3979 612 3980 606 3980 625 3980 618 3981 612 3981 625 3981 624 3982 618 3982 625 3982 632 3983 624 3983 625 3983 683 3984 632 3984 625 3984 638 3985 632 3985 683 3985 644 3986 638 3986 683 3986 650 3987 644 3987 683 3987 656 3988 650 3988 683 3988 662 3989 656 3989 683 3989 668 3990 662 3990 683 3990 676 3991 668 3991 683 3991 682 3992 676 3992 683 3992 689 3993 682 3993 683 3993 695 3994 689 3994 683 3994 701 3995 695 3995 683 3995 707 3996 701 3996 683 3996 713 3997 707 3997 683 3997 719 3998 713 3998 683 3998 725 3999 719 3999 683 3999 733 4000 725 4000 683 4000 742 4001 733 4001 683 4001 748 4002 742 4002 683 4002 754 4003 748 4003 683 4003 760 4004 754 4004 683 4004 766 4005 760 4005 683 4005 772 4006 766 4006 683 4006 778 4007 772 4007 683 4007 784 4008 778 4008 683 4008 790 4009 784 4009 683 4009 796 4010 790 4010 683 4010 802 4011 796 4011 683 4011 808 4012 802 4012 683 4012 814 4013 808 4013 683 4013 820 4014 814 4014 683 4014 823 4015 820 4015 683 4015 817 4016 823 4016 683 4016 811 4017 817 4017 683 4017 626 4018 811 4018 683 4018 805 4019 811 4019 626 4019 799 4020 805 4020 626 4020 793 4021 799 4021 626 4021 787 4022 793 4022 626 4022 781 4023 787 4023 626 4023 775 4024 781 4024 626 4024 769 4025 775 4025 626 4025 763 4026 769 4026 626 4026 757 4027 763 4027 626 4027 751 4028 757 4028 626 4028 745 4029 751 4029 626 4029 739 4030 745 4030 626 4030 730 4031 739 4031 626 4031 722 4032 730 4032 626 4032 716 4033 722 4033 626 4033 710 4034 716 4034 626 4034 704 4035 710 4035 626 4035 698 4036 704 4036 626 4036 692 4037 698 4037 626 4037 686 4038 692 4038 626 4038 679 4039 686 4039 626 4039 673 4040 679 4040 626 4040 665 4041 673 4041 626 4041 659 4042 665 4042 626 4042 653 4043 659 4043 626 4043 647 4044 653 4044 626 4044 641 4045 647 4045 626 4045 635 4046 641 4046 626 4046 629 4047 635 4047 626 4047 621 4048 629 4048 626 4048 615 4049 621 4049 626 4049 609 4050 615 4050 626 4050 603 4051 609 4051 626 4051 625 4052 603 4052 626 4052 597 4053 603 4053 625 4053 591 4054 597 4054 625 4054 585 4055 591 4055 625 4055 579 4056 585 4056 625 4056 573 4057 579 4057 625 4057 567 4058 573 4058 625 4058 561 4059 567 4059 625 4059 556 4060 625 4060 559 4060 562 4061 625 4061 556 4061 565 4062 559 4062 625 4062 571 4063 565 4063 625 4063 626 4064 571 4064 625 4064 577 4065 571 4065 626 4065 583 4066 577 4066 626 4066 589 4067 583 4067 626 4067 595 4068 589 4068 626 4068 601 4069 595 4069 626 4069 607 4070 601 4070 626 4070 613 4071 607 4071 626 4071 619 4072 613 4072 626 4072 627 4073 619 4073 626 4073 633 4074 627 4074 626 4074 639 4075 633 4075 626 4075 645 4076 639 4076 626 4076 651 4077 645 4077 626 4077 657 4078 651 4078 626 4078 663 4079 657 4079 626 4079 671 4080 663 4080 626 4080 677 4081 671 4081 626 4081 684 4082 677 4082 626 4082 690 4083 684 4083 626 4083 696 4084 690 4084 626 4084 702 4085 696 4085 626 4085 708 4086 702 4086 626 4086 714 4087 708 4087 626 4087 720 4088 714 4088 626 4088 728 4089 720 4089 626 4089 737 4090 728 4090 626 4090 743 4091 737 4091 626 4091 749 4092 743 4092 626 4092 755 4093 749 4093 626 4093 761 4094 755 4094 626 4094 767 4095 761 4095 626 4095 773 4096 767 4096 626 4096 779 4097 773 4097 626 4097 785 4098 779 4098 626 4098 791 4099 785 4099 626 4099 797 4100 791 4100 626 4100 803 4101 797 4101 626 4101 809 4102 803 4102 626 4102 815 4103 809 4103 626 4103 821 4104 815 4104 626 4104 818 4105 821 4105 626 4105 812 4106 818 4106 626 4106 683 4107 812 4107 626 4107 806 4108 812 4108 683 4108 800 4109 806 4109 683 4109 794 4110 800 4110 683 4110 788 4111 794 4111 683 4111 782 4112 788 4112 683 4112 776 4113 782 4113 683 4113 770 4114 776 4114 683 4114 764 4115 770 4115 683 4115 758 4116 764 4116 683 4116 752 4117 758 4117 683 4117 746 4118 752 4118 683 4118 740 4119 746 4119 683 4119 731 4120 740 4120 683 4120 723 4121 731 4121 683 4121 717 4122 723 4122 683 4122 711 4123 717 4123 683 4123 705 4124 711 4124 683 4124 699 4125 705 4125 683 4125 693 4126 699 4126 683 4126 687 4127 693 4127 683 4127 680 4128 687 4128 683 4128 674 4129 680 4129 683 4129 625 4130 674 4130 683 4130 666 4131 674 4131 625 4131 660 4132 666 4132 625 4132 654 4133 660 4133 625 4133 648 4134 654 4134 625 4134 642 4135 648 4135 625 4135 636 4136 642 4136 625 4136 630 4137 636 4137 625 4137 622 4138 630 4138 625 4138 616 4139 622 4139 625 4139 610 4140 616 4140 625 4140 604 4141 610 4141 625 4141 598 4142 604 4142 625 4142 592 4143 598 4143 625 4143 586 4144 592 4144 625 4144 580 4145 586 4145 625 4145 574 4146 580 4146 625 4146 568 4147 574 4147 625 4147 562 4148 568 4148 625 4148 196 4149 199 4149 200 4149 197 2125 196 2125 200 2125 202 2126 196 2126 197 2126 203 4150 202 4150 197 4150 208 359 202 359 203 359 209 360 208 360 203 360 214 2128 208 2128 209 2128 215 4151 214 4151 209 4151 220 4152 214 4152 215 4152 221 2131 220 2131 215 2131 226 2132 220 2132 221 2132 227 877 226 877 221 877 236 1297 226 1297 227 1297 237 1298 236 1298 227 1298 242 349 236 349 237 349 243 350 242 350 237 350 248 2898 242 2898 243 2898 249 2134 248 2134 243 2134 258 345 248 345 249 345 259 1293 258 1293 249 1293 266 3601 258 3601 259 3601 267 2135 266 2135 259 2135 276 341 266 341 267 341 277 1415 276 1415 267 1415 287 4153 276 4153 277 4153 288 3880 287 3880 277 3880 294 4154 287 4154 288 4154 295 2139 294 2139 288 2139 304 1526 294 1526 295 1526 305 336 304 336 295 336 314 4155 304 4155 305 4155 315 3603 314 3603 305 3603 324 3883 314 3883 315 3883 325 2144 324 2144 315 2144 334 2518 324 2518 325 2518 335 525 334 525 325 525 344 2147 334 2147 335 2147 345 4156 344 4156 335 4156 354 4157 344 4157 345 4157 355 4158 354 4158 345 4158 366 3609 354 3609 355 3609 367 4159 366 4159 355 4159 376 2153 366 2153 367 2153 377 2154 376 2154 367 2154 390 46 376 46 377 46 391 46 390 46 377 46 400 4160 390 4160 391 4160 401 3891 400 3891 391 3891 418 3612 400 3612 401 3612 419 2158 418 2158 401 2158 443 3613 418 3613 419 3613 444 2916 443 2916 419 2916 449 2161 443 2161 444 2161 450 3615 449 3615 444 3615 455 3616 449 3616 450 3616 456 4161 455 4161 450 4161 461 3617 455 3617 456 3617 462 3618 461 3618 456 3618 467 4162 461 4162 462 4162 468 4163 467 4163 462 4163 473 305 467 305 468 305 474 1269 473 1269 468 1269 479 2169 473 2169 474 2169 480 4164 479 4164 474 4164 485 2171 479 2171 480 2171 486 2172 485 2172 480 2172 491 583 485 583 486 583 492 300 491 300 486 300 497 2174 491 2174 492 2174 498 2173 497 2173 492 2173 503 297 497 297 498 297 504 297 503 297 498 297 509 3624 503 3624 504 3624 510 3900 509 3900 504 3900 515 1263 509 1263 510 1263 516 293 515 293 510 293 521 290 515 290 516 290 522 2178 521 2178 516 2178 527 1261 521 1261 522 1261 528 574 527 574 522 574 533 3626 527 3626 528 3626 534 4165 533 4165 528 4165 539 2181 533 2181 534 2181 540 2182 539 2182 534 2182 545 282 539 282 540 282 546 4166 545 4166 540 4166 548 4167 545 4167 546 4167 549 4168 548 4168 546 4168 542 4169 548 4169 549 4169 543 4170 542 4170 549 4170 536 4171 542 4171 543 4171 537 443 536 443 543 443 530 2187 536 2187 537 2187 531 2188 530 2188 537 2188 524 4172 530 4172 531 4172 525 3631 524 3631 531 3631 518 708 524 708 525 708 519 1342 518 1342 525 1342 512 2191 518 2191 519 2191 513 435 512 435 519 435 506 432 512 432 513 432 507 1340 506 1340 513 1340 500 3905 506 3905 507 3905 501 3633 500 3633 507 3633 494 428 500 428 501 428 495 428 494 428 501 428 488 2196 494 2196 495 2196 489 2195 488 2195 495 2195 482 425 488 425 489 425 483 699 482 699 489 699 476 2197 482 2197 483 2197 477 2198 476 2198 483 2198 470 2272 476 2272 477 2272 471 2200 470 2200 477 2200 464 1334 470 1334 471 1334 465 420 464 420 471 420 458 4173 464 4173 465 4173 459 4174 458 4174 465 4174 452 3640 458 3640 459 3640 453 3641 452 3641 459 3641 446 735 452 735 453 735 447 3642 446 3642 453 3642 440 3643 446 3643 447 3643 441 2209 440 2209 447 2209 415 2959 440 2959 441 2959 416 3645 415 3645 441 3645 397 2212 415 2212 416 2212 398 3671 397 3671 416 3671 387 3914 397 3914 398 3914 388 4175 387 4175 398 4175 373 48 387 48 388 48 374 48 373 48 388 48 363 2216 373 2216 374 2216 364 2217 363 2217 374 2217 351 4176 363 4176 364 4176 352 3669 351 3669 364 3669 341 4177 351 4177 352 4177 342 4178 341 4178 352 4178 331 4179 341 4179 342 4179 332 2223 331 2223 342 2223 321 2967 331 2967 332 2967 322 2599 321 2599 332 2599 311 2225 321 2225 322 2225 312 3923 311 3923 322 3923 301 3656 311 3656 312 3656 302 4180 301 4180 312 4180 291 389 301 389 302 389 292 1542 291 1542 302 1542 284 901 291 901 292 901 285 4181 284 4181 292 4181 273 3927 284 3927 285 3927 274 4182 273 4182 285 4182 263 1428 273 1428 274 1428 264 384 263 384 274 384 255 2232 263 2232 264 2232 256 3659 255 3659 264 3659 245 1310 255 1310 256 1310 246 380 245 380 256 380 239 2233 245 2233 246 2233 240 2979 239 2979 246 2979 233 375 239 375 240 375 234 376 233 376 240 376 223 1305 233 1305 234 1305 224 1306 223 1306 234 1306 217 494 223 494 224 494 218 2235 217 2235 224 2235 211 2236 217 2236 218 2236 212 4183 211 4183 218 4183 205 4184 211 4184 212 4184 206 2239 205 2239 212 2239 199 365 205 365 206 365 200 366 199 366 206 366 198 4185 204 4185 203 4185 197 2126 198 2126 203 2126 201 2240 198 2240 197 2240 200 4186 201 4186 197 4186 207 500 201 500 200 500 206 500 207 500 200 500 213 2241 207 2241 206 2241 212 2241 213 2241 206 2241 219 4187 213 4187 212 4187 218 2244 219 2244 212 2244 225 2245 219 2245 218 2245 224 494 225 494 218 494 235 493 225 493 224 493 234 492 235 492 224 492 241 491 235 491 234 491 240 491 241 491 234 491 247 3000 241 3000 240 3000 246 2247 247 2247 240 2247 257 380 247 380 246 380 256 1310 257 1310 246 1310 265 3659 257 3659 256 3659 264 2232 265 2232 256 2232 275 489 265 489 264 489 274 984 275 984 264 984 286 4188 275 4188 274 4188 285 3663 286 3663 274 3663 293 901 286 901 285 901 292 901 293 901 285 901 303 485 293 485 292 485 302 485 303 485 292 485 313 2251 303 2251 302 2251 312 2250 313 2250 302 2250 323 3942 313 3942 312 3942 322 2252 323 2252 312 2252 333 2631 323 2631 322 2631 332 2631 333 2631 322 2631 343 2253 333 2253 332 2253 342 3666 343 3666 332 3666 353 3668 343 3668 342 3668 352 3667 353 3667 342 3667 365 3669 353 3669 352 3669 364 4189 365 4189 352 4189 375 2258 365 2258 364 2258 374 2259 375 2259 364 2259 389 48 375 48 374 48 388 48 389 48 374 48 399 2261 389 2261 388 2261 398 2260 399 2260 388 2260 417 3671 399 3671 398 3671 416 2212 417 2212 398 2212 442 3014 417 3014 416 3014 441 3014 442 3014 416 3014 448 2265 442 2265 441 2265 447 2265 448 2265 441 2265 454 2267 448 2267 447 2267 453 690 454 690 447 690 460 2269 454 2269 453 2269 459 3673 460 3673 453 3673 466 4190 460 4190 459 4190 465 4190 466 4190 459 4190 472 462 466 462 465 462 471 462 472 462 465 462 478 2272 472 2272 471 2272 477 2272 478 2272 471 2272 484 2274 478 2274 477 2274 483 2274 484 2274 477 2274 490 458 484 458 483 458 489 458 490 458 483 458 496 2195 490 2195 489 2195 495 2196 496 2196 489 2196 502 428 496 428 495 428 501 428 502 428 495 428 508 3677 502 3677 501 3677 507 3952 508 3952 501 3952 514 454 508 454 507 454 513 454 514 454 507 454 520 452 514 452 513 452 519 1345 520 1345 513 1345 526 723 520 723 519 723 525 723 526 723 519 723 532 3678 526 3678 525 3678 531 2276 532 2276 525 2276 538 2278 532 2278 531 2278 537 2279 538 2279 531 2279 544 445 538 445 537 445 543 4191 544 4191 537 4191 550 2281 544 2281 543 2281 549 3679 550 3679 543 3679 547 3628 550 3628 549 3628 546 2282 547 2282 549 2282 541 4192 547 4192 546 4192 540 562 541 562 546 562 535 2283 541 2283 540 2283 534 2284 535 2284 540 2284 529 2286 535 2286 534 2286 528 3680 529 3680 534 3680 523 809 529 809 528 809 522 809 523 809 528 809 517 1376 523 1376 522 1376 516 555 517 555 522 555 511 553 517 553 516 553 510 553 511 553 516 553 505 3955 511 3955 510 3955 504 3681 505 3681 510 3681 499 297 505 297 504 297 498 297 499 297 504 297 493 2173 499 2173 498 2173 492 2174 493 2174 498 2174 487 549 493 549 492 549 486 549 487 549 492 549 481 2288 487 2288 486 2288 480 2288 481 2288 486 2288 475 2290 481 2290 480 2290 474 2290 475 2290 480 2290 469 545 475 545 474 545 468 545 469 545 474 545 463 4193 469 4193 468 4193 462 4193 463 4193 468 4193 457 3685 463 3685 462 3685 456 2293 457 2293 462 2293 451 2295 457 2295 456 2295 450 311 451 311 456 311 445 2297 451 2297 450 2297 444 2297 445 2297 450 2297 420 3041 445 3041 444 3041 419 3041 420 3041 444 3041 402 2158 420 2158 419 2158 401 3612 402 3612 419 3612 392 2300 402 2300 401 2300 391 2156 392 2156 401 2156 378 46 392 46 391 46 377 46 378 46 391 46 368 2301 378 2301 377 2301 367 2302 368 2302 377 2302 356 4159 368 4159 367 4159 355 3609 356 3609 367 3609 346 3688 356 3688 355 3688 345 3687 346 3687 355 3687 336 3689 346 3689 345 3689 335 2304 336 2304 345 2304 326 329 336 329 335 329 325 329 326 329 335 329 316 2306 326 2306 325 2306 315 3964 316 3964 325 3964 306 2308 316 2308 315 2308 305 2307 306 2307 315 2307 296 518 306 518 305 518 295 518 296 518 305 518 289 338 296 338 295 338 288 338 289 338 295 338 278 3692 289 3692 288 3692 277 4194 278 4194 288 4194 268 1005 278 1005 277 1005 267 515 268 515 277 515 260 2135 268 2135 267 2135 259 3601 260 3601 267 3601 250 1293 260 1293 259 1293 249 345 250 345 259 345 244 2311 250 2311 249 2311 243 3054 244 3054 249 3054 238 513 244 513 243 513 237 513 238 513 243 513 228 512 238 512 237 512 227 511 228 511 237 511 222 353 228 353 227 353 221 2313 222 2313 227 2313 216 2314 222 2314 221 2314 215 4195 216 4195 221 4195 210 2317 216 2317 215 2317 209 2317 210 2317 215 2317 204 505 210 505 209 505 203 505 204 505 209 505 198 4196 290 4196 204 4196 201 4197 290 4197 198 4197 210 4198 204 4198 290 4198 216 4199 210 4199 290 4199 222 4200 216 4200 290 4200 228 4201 222 4201 290 4201 238 4202 228 4202 290 4202 244 4203 238 4203 290 4203 250 4204 244 4204 290 4204 260 4205 250 4205 290 4205 268 4206 260 4206 290 4206 278 4207 268 4207 290 4207 289 4208 278 4208 290 4208 296 4209 289 4209 290 4209 306 4210 296 4210 290 4210 316 4211 306 4211 290 4211 326 4212 316 4212 290 4212 336 4213 326 4213 290 4213 346 4214 336 4214 290 4214 356 4215 346 4215 290 4215 368 4216 356 4216 290 4216 378 4217 368 4217 290 4217 392 4218 378 4218 290 4218 402 4219 392 4219 290 4219 420 4220 402 4220 290 4220 445 4221 420 4221 290 4221 451 4222 445 4222 290 4222 457 4223 451 4223 290 4223 463 4224 457 4224 290 4224 469 4225 463 4225 290 4225 475 4226 469 4226 290 4226 481 4227 475 4227 290 4227 487 4228 481 4228 290 4228 493 4229 487 4229 290 4229 499 4230 493 4230 290 4230 505 4231 499 4231 290 4231 421 4232 505 4232 290 4232 511 4233 505 4233 421 4233 517 4234 511 4234 421 4234 523 4235 517 4235 421 4235 529 4236 523 4236 421 4236 535 4237 529 4237 421 4237 541 4238 535 4238 421 4238 547 4239 541 4239 421 4239 550 4240 547 4240 421 4240 544 4241 550 4241 421 4241 538 4242 544 4242 421 4242 532 4243 538 4243 421 4243 526 4244 532 4244 421 4244 520 4245 526 4245 421 4245 514 4246 520 4246 421 4246 508 4247 514 4247 421 4247 502 4248 508 4248 421 4248 496 4249 502 4249 421 4249 490 4250 496 4250 421 4250 484 4251 490 4251 421 4251 478 4252 484 4252 421 4252 472 4253 478 4253 421 4253 466 4254 472 4254 421 4254 460 4255 466 4255 421 4255 454 4256 460 4256 421 4256 448 4257 454 4257 421 4257 279 4258 448 4258 421 4258 442 4259 448 4259 279 4259 417 4260 442 4260 279 4260 399 4261 417 4261 279 4261 389 4262 399 4262 279 4262 375 4263 389 4263 279 4263 365 4264 375 4264 279 4264 353 4265 365 4265 279 4265 343 4266 353 4266 279 4266 333 4267 343 4267 279 4267 323 4268 333 4268 279 4268 313 4269 323 4269 279 4269 303 4270 313 4270 279 4270 293 4271 303 4271 279 4271 286 4272 293 4272 279 4272 275 4273 286 4273 279 4273 265 4274 275 4274 279 4274 257 4275 265 4275 279 4275 247 4276 257 4276 279 4276 241 4277 247 4277 279 4277 235 4278 241 4278 279 4278 225 4279 235 4279 279 4279 219 4280 225 4280 279 4280 213 4281 219 4281 279 4281 290 4282 213 4282 279 4282 207 4283 213 4283 290 4283 201 4284 207 4284 290 4284 196 4285 279 4285 199 4285 202 4286 279 4286 196 4286 205 4287 199 4287 279 4287 211 4288 205 4288 279 4288 217 4289 211 4289 279 4289 223 4290 217 4290 279 4290 233 4291 223 4291 279 4291 239 4292 233 4292 279 4292 245 4293 239 4293 279 4293 255 4294 245 4294 279 4294 263 4295 255 4295 279 4295 273 4296 263 4296 279 4296 284 4297 273 4297 279 4297 291 4298 284 4298 279 4298 301 4299 291 4299 279 4299 311 4300 301 4300 279 4300 321 4301 311 4301 279 4301 331 4302 321 4302 279 4302 341 4303 331 4303 279 4303 351 4304 341 4304 279 4304 363 4305 351 4305 279 4305 373 4306 363 4306 279 4306 387 4307 373 4307 279 4307 397 4308 387 4308 279 4308 415 4309 397 4309 279 4309 440 4310 415 4310 279 4310 446 4311 440 4311 279 4311 421 4312 446 4312 279 4312 452 4313 446 4313 421 4313 458 4314 452 4314 421 4314 464 4315 458 4315 421 4315 470 4316 464 4316 421 4316 476 4317 470 4317 421 4317 482 4318 476 4318 421 4318 488 4319 482 4319 421 4319 494 4320 488 4320 421 4320 500 4321 494 4321 421 4321 506 4322 500 4322 421 4322 512 4323 506 4323 421 4323 518 4324 512 4324 421 4324 524 4325 518 4325 421 4325 530 4326 524 4326 421 4326 536 4327 530 4327 421 4327 542 4328 536 4328 421 4328 548 4329 542 4329 421 4329 545 4330 548 4330 421 4330 539 4331 545 4331 421 4331 533 4332 539 4332 421 4332 527 4333 533 4333 421 4333 521 4334 527 4334 421 4334 515 4335 521 4335 421 4335 509 4336 515 4336 421 4336 503 4337 509 4337 421 4337 497 4338 503 4338 421 4338 491 4339 497 4339 421 4339 485 4340 491 4340 421 4340 479 4341 485 4341 421 4341 473 4342 479 4342 421 4342 467 4343 473 4343 421 4343 461 4344 467 4344 421 4344 455 4345 461 4345 421 4345 449 4346 455 4346 421 4346 443 4347 449 4347 421 4347 290 4348 443 4348 421 4348 418 4349 443 4349 290 4349 400 4350 418 4350 290 4350 390 4351 400 4351 290 4351 376 4352 390 4352 290 4352 366 4353 376 4353 290 4353 354 4354 366 4354 290 4354 344 4355 354 4355 290 4355 334 4356 344 4356 290 4356 324 4357 334 4357 290 4357 314 4358 324 4358 290 4358 304 4359 314 4359 290 4359 294 4360 304 4360 290 4360 287 4361 294 4361 290 4361 276 4362 287 4362 290 4362 266 4363 276 4363 290 4363 258 4364 266 4364 290 4364 248 4365 258 4365 290 4365 242 4366 248 4366 290 4366 236 4367 242 4367 290 4367 226 4368 236 4368 290 4368 220 4369 226 4369 290 4369 279 4370 220 4370 290 4370 214 4371 220 4371 279 4371 208 4372 214 4372 279 4372 202 4373 208 4373 279 4373 1352 4374 1355 4374 1356 4374 1353 4375 1352 4375 1356 4375 1358 4376 1352 4376 1353 4376 1359 4377 1358 4377 1353 4377 1364 1605 1358 1605 1359 1605 1365 4378 1364 4378 1359 4378 1370 4379 1364 4379 1365 4379 1371 4151 1370 4151 1365 4151 1376 2894 1370 2894 1371 2894 1377 4380 1376 4380 1371 4380 1382 353 1376 353 1377 353 1383 877 1382 877 1377 877 1388 4381 1382 4381 1383 4381 1389 4382 1388 4382 1383 4382 1395 1528 1388 1528 1389 1528 1396 4383 1395 4383 1389 4383 1401 2133 1395 2133 1396 2133 1402 4384 1401 4384 1396 4384 1407 345 1401 345 1402 345 1408 1416 1407 1416 1402 1416 1413 2511 1407 2511 1408 2511 1414 2511 1413 2511 1408 2511 1419 341 1413 341 1414 341 1420 342 1419 342 1414 342 1426 2136 1419 2136 1420 2136 1427 4385 1426 4385 1420 4385 1433 4386 1426 4386 1427 4386 1434 4387 1433 4387 1427 4387 1440 4388 1433 4388 1434 4388 1441 4389 1440 4389 1434 4389 1446 3881 1440 3881 1441 3881 1447 3603 1446 3603 1441 3603 1452 4390 1446 4390 1447 4390 1453 4391 1452 4391 1447 4391 1458 2518 1452 2518 1453 2518 1459 525 1458 525 1453 525 1464 2147 1458 2147 1459 2147 1465 3606 1464 3606 1459 3606 1472 3607 1464 3607 1465 3607 1473 4158 1472 4158 1465 4158 1481 4392 1472 4392 1473 4392 1482 2151 1481 2151 1473 2151 1487 2913 1481 2913 1482 2913 1488 2526 1487 2526 1482 2526 1493 46 1487 46 1488 46 1494 46 1493 46 1488 46 1499 2527 1493 2527 1494 2527 1500 2528 1499 2528 1494 2528 1505 4393 1499 4393 1500 4393 1506 4393 1505 4393 1500 4393 1511 4394 1505 4394 1506 4394 1512 4395 1511 4395 1506 4395 1517 4396 1511 4396 1512 4396 1518 2162 1517 2162 1512 2162 1523 4397 1517 4397 1518 4397 1524 540 1523 540 1518 540 1529 3617 1523 3617 1524 3617 1530 2165 1529 2165 1524 2165 1535 4398 1529 4398 1530 4398 1536 3897 1535 3897 1530 3897 1541 1392 1535 1392 1536 1392 1542 588 1541 588 1536 588 1547 1661 1541 1661 1542 1661 1548 4164 1547 4164 1542 4164 1553 2171 1547 2171 1548 2171 1554 2172 1553 2172 1548 2172 1559 583 1553 583 1554 583 1560 300 1559 300 1554 300 1565 2927 1559 2927 1560 2927 1566 2927 1565 2927 1560 2927 1571 297 1565 297 1566 297 1572 1388 1571 1388 1566 1388 1577 2176 1571 2176 1572 2176 1578 2930 1577 2930 1572 2930 1583 3901 1577 3901 1578 3901 1584 1264 1583 1264 1578 1264 1589 575 1583 575 1584 575 1590 829 1589 829 1584 829 1595 826 1589 826 1590 826 1596 574 1595 574 1590 574 1601 3626 1595 3626 1596 3626 1602 4399 1601 4399 1596 4399 1607 4400 1601 4400 1602 4400 1608 4401 1607 4401 1602 4401 1613 1575 1607 1575 1608 1575 1614 283 1613 283 1608 283 1616 4402 1613 4402 1614 4402 1617 2937 1616 2937 1614 2937 1610 2938 1616 2938 1617 2938 1611 4403 1610 4403 1617 4403 1604 442 1610 442 1611 442 1605 1637 1604 1637 1611 1637 1598 4404 1604 4404 1605 4404 1599 4405 1598 4405 1605 4405 1592 4406 1598 4406 1599 4406 1593 3631 1592 3631 1599 3631 1586 708 1592 708 1593 708 1587 939 1586 939 1593 939 1580 936 1586 936 1587 936 1581 707 1580 707 1587 707 1574 1339 1580 1339 1581 1339 1575 3904 1574 3904 1581 3904 1568 2945 1574 2945 1575 2945 1569 2193 1568 2193 1575 2193 1562 1454 1568 1454 1569 1454 1563 428 1562 428 1569 428 1556 2948 1562 2948 1563 2948 1557 2948 1556 2948 1563 2948 1550 425 1556 425 1557 425 1551 699 1550 699 1557 699 1544 2197 1550 2197 1551 2197 1545 2198 1544 2198 1551 2198 1538 2272 1544 2272 1545 2272 1539 2575 1538 2575 1545 2575 1532 694 1538 694 1539 694 1533 1450 1532 1450 1539 1450 1526 3908 1532 3908 1533 3908 1527 4407 1526 4407 1533 4407 1520 2204 1526 2204 1527 2204 1521 3641 1520 3641 1527 3641 1514 2206 1520 2206 1521 2206 1515 4408 1514 4408 1521 4408 1508 2208 1514 2208 1515 2208 1509 4409 1508 4409 1515 4409 1502 4410 1508 4410 1509 4410 1503 4411 1502 4411 1509 4411 1496 4412 1502 4412 1503 4412 1497 4413 1496 4413 1503 4413 1490 2588 1496 2588 1497 2588 1491 2589 1490 2589 1497 2589 1484 48 1490 48 1491 48 1485 48 1484 48 1491 48 1478 2590 1484 2590 1485 2590 1479 2963 1478 2963 1485 2963 1469 2256 1478 2256 1479 2256 1470 4414 1469 4414 1479 4414 1461 4177 1469 4177 1470 4177 1462 3652 1461 3652 1470 3652 1455 3653 1461 3653 1462 3653 1456 2223 1455 2223 1462 2223 1449 2967 1455 2967 1456 2967 1450 2599 1449 2599 1456 2599 1443 4415 1449 4415 1450 4415 1444 4416 1443 4416 1450 4416 1437 3656 1443 3656 1444 3656 1438 3925 1437 3925 1444 3925 1430 4417 1437 4417 1438 4417 1431 4418 1430 4418 1438 4418 1423 4419 1430 4419 1431 4419 1424 4420 1423 4420 1431 4420 1416 4421 1423 4421 1424 4421 1417 2231 1416 2231 1424 2231 1410 383 1416 383 1417 383 1411 384 1410 384 1417 384 1404 2606 1410 2606 1411 2606 1405 2606 1404 2606 1411 2606 1398 1427 1404 1427 1405 1427 1399 380 1398 380 1405 380 1392 4422 1398 4422 1399 4422 1393 2234 1392 2234 1399 2234 1385 4423 1392 4423 1393 4423 1386 1540 1385 1540 1393 1540 1379 4424 1385 4424 1386 4424 1380 4425 1379 4425 1386 4425 1373 494 1379 494 1380 494 1374 372 1373 372 1380 372 1367 4426 1373 4426 1374 4426 1368 2983 1367 2983 1374 2983 1361 4184 1367 4184 1368 4184 1362 4427 1361 4427 1368 4427 1355 4428 1361 4428 1362 4428 1356 1608 1355 1608 1362 1608 1354 4429 1360 4429 1359 4429 1353 4430 1354 4430 1359 4430 1357 4431 1354 4431 1353 4431 1356 4432 1357 4432 1353 4432 1363 1650 1357 1650 1356 1650 1362 1650 1363 1650 1356 1650 1369 3936 1363 3936 1362 3936 1368 2241 1369 2241 1362 2241 1375 2996 1369 2996 1368 2996 1374 2243 1375 2243 1368 2243 1381 494 1375 494 1374 494 1380 494 1381 494 1374 494 1387 4433 1381 4433 1380 4433 1386 4433 1387 4433 1380 4433 1394 1357 1387 1357 1386 1357 1393 4434 1394 4434 1386 4434 1400 2246 1394 2246 1393 2246 1399 3938 1400 3938 1393 3938 1406 380 1400 380 1399 380 1405 1427 1406 1427 1399 1427 1412 2606 1406 2606 1405 2606 1411 2606 1412 2606 1405 2606 1418 489 1412 489 1411 489 1417 489 1418 489 1411 489 1425 2248 1418 2248 1417 2248 1424 3939 1425 3939 1417 3939 1432 3004 1425 3004 1424 3004 1431 4435 1432 4435 1424 4435 1439 4436 1432 4436 1431 4436 1438 4436 1439 4436 1431 4436 1445 3941 1439 3941 1438 3941 1444 2250 1445 2250 1438 2250 1451 3943 1445 3943 1444 3943 1450 3942 1451 3942 1444 3942 1457 2631 1451 2631 1450 2631 1456 2631 1457 2631 1450 2631 1463 2253 1457 2253 1456 2253 1462 2253 1463 2253 1456 2253 1471 3667 1463 3667 1462 3667 1470 3667 1471 3667 1462 3667 1480 4437 1471 4437 1470 4437 1479 2256 1480 2256 1470 2256 1486 2637 1480 2637 1479 2637 1485 2637 1486 2637 1479 2637 1492 48 1486 48 1485 48 1491 48 1492 48 1485 48 1498 2638 1492 2638 1491 2638 1497 2638 1498 2638 1491 2638 1504 4438 1498 4438 1497 4438 1503 4438 1504 4438 1497 4438 1510 4439 1504 4439 1503 4439 1509 4439 1510 4439 1503 4439 1516 3949 1510 3949 1509 3949 1515 2266 1516 2266 1509 2266 1522 1445 1516 1445 1515 1445 1521 2267 1522 2267 1515 2267 1528 2269 1522 2269 1521 2269 1527 2269 1528 2269 1521 2269 1534 3950 1528 3950 1527 3950 1533 3950 1534 3950 1527 3950 1540 732 1534 732 1533 732 1539 732 1540 732 1533 732 1546 2649 1540 2649 1539 2649 1545 2272 1546 2272 1539 2272 1552 2274 1546 2274 1545 2274 1551 2274 1552 2274 1545 2274 1558 458 1552 458 1551 458 1557 458 1558 458 1551 458 1564 2948 1558 2948 1557 2948 1563 2948 1564 2948 1557 2948 1570 428 1564 428 1563 428 1569 1454 1570 1454 1563 1454 1576 2275 1570 2275 1569 2275 1575 3022 1576 3022 1569 3022 1582 1468 1576 1468 1575 1468 1581 453 1582 453 1575 453 1588 724 1582 724 1581 724 1587 724 1588 724 1581 724 1594 956 1588 956 1587 956 1593 723 1594 723 1587 723 1600 3678 1594 3678 1593 3678 1599 3678 1600 3678 1593 3678 1606 3953 1600 3953 1599 3953 1605 4440 1606 4440 1599 4440 1612 1641 1606 1641 1605 1641 1611 445 1612 445 1605 445 1618 4441 1612 4441 1611 4441 1617 2280 1618 2280 1611 2280 1615 2183 1618 2183 1617 2183 1614 4442 1615 4442 1617 4442 1609 562 1615 562 1614 562 1608 1664 1609 1664 1614 1664 1603 4443 1609 4443 1608 4443 1602 3954 1603 3954 1608 3954 1597 3680 1603 3680 1602 3680 1596 3680 1597 3680 1602 3680 1591 809 1597 809 1596 809 1590 1033 1591 1033 1596 1033 1585 808 1591 808 1590 808 1584 808 1585 808 1590 808 1579 554 1585 554 1584 554 1578 1505 1579 1505 1584 1505 1573 3033 1579 3033 1578 3033 1572 2287 1573 2287 1578 2287 1567 1388 1573 1388 1572 1388 1566 297 1567 297 1572 297 1561 2927 1567 2927 1566 2927 1560 2927 1561 2927 1566 2927 1555 549 1561 549 1560 549 1554 549 1555 549 1560 549 1549 2288 1555 2288 1554 2288 1548 2288 1549 2288 1554 2288 1543 2290 1549 2290 1548 2290 1542 2668 1543 2668 1548 2668 1537 800 1543 800 1542 800 1536 800 1537 800 1542 800 1531 3957 1537 3957 1536 3957 1530 3957 1531 3957 1536 3957 1525 2293 1531 2293 1530 2293 1524 2293 1525 2293 1530 2293 1519 311 1525 311 1524 311 1518 4444 1519 4444 1524 4444 1513 2296 1519 2296 1518 2296 1512 3958 1513 3958 1518 3958 1507 4445 1513 4445 1512 4445 1506 4445 1507 4445 1512 4445 1501 4393 1507 4393 1506 4393 1500 4393 1501 4393 1506 4393 1495 2677 1501 2677 1500 2677 1494 2677 1495 2677 1500 2677 1489 46 1495 46 1494 46 1488 46 1489 46 1494 46 1483 2678 1489 2678 1488 2678 1482 2678 1483 2678 1488 2678 1474 2151 1483 2151 1482 2151 1473 4392 1474 4392 1482 4392 1466 3688 1474 3688 1473 3688 1465 3688 1466 3688 1473 3688 1460 2304 1466 2304 1465 2304 1459 2304 1460 2304 1465 2304 1454 329 1460 329 1459 329 1453 329 1454 329 1459 329 1448 3964 1454 3964 1453 3964 1447 3963 1448 3963 1453 3963 1442 2308 1448 2308 1447 2308 1441 3965 1442 3965 1447 3965 1435 4446 1442 4446 1441 4446 1434 4446 1435 4446 1441 4446 1428 4447 1435 4447 1434 4447 1427 3049 1428 3049 1434 3049 1421 3967 1428 3967 1427 3967 1420 2310 1421 2310 1427 2310 1415 515 1421 515 1420 515 1414 515 1415 515 1420 515 1409 2511 1415 2511 1414 2511 1408 2511 1409 2511 1414 2511 1403 1416 1409 1416 1408 1416 1402 345 1403 345 1408 345 1397 3968 1403 3968 1402 3968 1396 2312 1397 2312 1402 2312 1390 4448 1397 4448 1396 4448 1389 1362 1390 1362 1396 1362 1384 4449 1390 4449 1389 4449 1383 4449 1384 4449 1389 4449 1378 353 1384 353 1383 353 1377 353 1378 353 1383 353 1372 2315 1378 2315 1377 2315 1371 3058 1372 3058 1377 3058 1366 2317 1372 2317 1371 2317 1365 3970 1366 3970 1371 3970 1360 1653 1366 1653 1365 1653 1359 1653 1360 1653 1365 1653 1354 4450 1422 4450 1360 4450 1357 4451 1422 4451 1354 4451 1366 4452 1360 4452 1422 4452 1372 4453 1366 4453 1422 4453 1378 4454 1372 4454 1422 4454 1384 4455 1378 4455 1422 4455 1390 4456 1384 4456 1422 4456 1397 4457 1390 4457 1422 4457 1403 4458 1397 4458 1422 4458 1409 4459 1403 4459 1422 4459 1415 4460 1409 4460 1422 4460 1421 4461 1415 4461 1422 4461 1428 4462 1421 4462 1422 4462 1435 4463 1428 4463 1422 4463 1442 4464 1435 4464 1422 4464 1448 4465 1442 4465 1422 4465 1454 4466 1448 4466 1422 4466 1429 4467 1454 4467 1422 4467 1460 4468 1454 4468 1429 4468 1466 4469 1460 4469 1429 4469 1474 4470 1466 4470 1429 4470 1483 4471 1474 4471 1429 4471 1489 4472 1483 4472 1429 4472 1495 4473 1489 4473 1429 4473 1501 4474 1495 4474 1429 4474 1507 4475 1501 4475 1429 4475 1513 4476 1507 4476 1429 4476 1519 4477 1513 4477 1429 4477 1525 4478 1519 4478 1429 4478 1531 4479 1525 4479 1429 4479 1537 4480 1531 4480 1429 4480 1543 4481 1537 4481 1429 4481 1549 4482 1543 4482 1429 4482 1555 4483 1549 4483 1429 4483 1561 4484 1555 4484 1429 4484 1567 4485 1561 4485 1429 4485 1573 4486 1567 4486 1429 4486 1579 4487 1573 4487 1429 4487 1585 4488 1579 4488 1429 4488 1591 4489 1585 4489 1429 4489 1597 4490 1591 4490 1429 4490 1603 4491 1597 4491 1429 4491 1609 4492 1603 4492 1429 4492 1615 4493 1609 4493 1429 4493 1618 4494 1615 4494 1429 4494 1612 4495 1618 4495 1429 4495 1606 4496 1612 4496 1429 4496 1600 4497 1606 4497 1429 4497 1594 4498 1600 4498 1429 4498 1588 4499 1594 4499 1429 4499 1582 4500 1588 4500 1429 4500 1576 4501 1582 4501 1429 4501 1570 4502 1576 4502 1429 4502 1436 4503 1570 4503 1429 4503 1564 4504 1570 4504 1436 4504 1558 4505 1564 4505 1436 4505 1552 4506 1558 4506 1436 4506 1546 4507 1552 4507 1436 4507 1540 4508 1546 4508 1436 4508 1534 4509 1540 4509 1436 4509 1528 4510 1534 4510 1436 4510 1522 4511 1528 4511 1436 4511 1516 4512 1522 4512 1436 4512 1510 4513 1516 4513 1436 4513 1504 4514 1510 4514 1436 4514 1498 4515 1504 4515 1436 4515 1492 4516 1498 4516 1436 4516 1486 4517 1492 4517 1436 4517 1480 4518 1486 4518 1436 4518 1471 4519 1480 4519 1436 4519 1463 4520 1471 4520 1436 4520 1457 4521 1463 4521 1436 4521 1451 4522 1457 4522 1436 4522 1445 4523 1451 4523 1436 4523 1439 4524 1445 4524 1436 4524 1432 4525 1439 4525 1436 4525 1425 4526 1432 4526 1436 4526 1418 4527 1425 4527 1436 4527 1412 4528 1418 4528 1436 4528 1406 4529 1412 4529 1436 4529 1400 4530 1406 4530 1436 4530 1422 4531 1400 4531 1436 4531 1394 4532 1400 4532 1422 4532 1387 4533 1394 4533 1422 4533 1381 4534 1387 4534 1422 4534 1375 4535 1381 4535 1422 4535 1369 4536 1375 4536 1422 4536 1363 4537 1369 4537 1422 4537 1357 4538 1363 4538 1422 4538 1352 4539 1422 4539 1355 4539 1358 4540 1422 4540 1352 4540 1361 4541 1355 4541 1422 4541 1367 4542 1361 4542 1422 4542 1373 4543 1367 4543 1422 4543 1379 4544 1373 4544 1422 4544 1385 4545 1379 4545 1422 4545 1392 4546 1385 4546 1422 4546 1398 4547 1392 4547 1422 4547 1404 4548 1398 4548 1422 4548 1410 4549 1404 4549 1422 4549 1416 4550 1410 4550 1422 4550 1423 4551 1416 4551 1422 4551 1430 4552 1423 4552 1422 4552 1437 4553 1430 4553 1422 4553 1443 4554 1437 4554 1422 4554 1449 4555 1443 4555 1422 4555 1455 4556 1449 4556 1422 4556 1461 4557 1455 4557 1422 4557 1469 4558 1461 4558 1422 4558 1478 4559 1469 4559 1422 4559 1484 4560 1478 4560 1422 4560 1490 4561 1484 4561 1422 4561 1436 4562 1490 4562 1422 4562 1496 4563 1490 4563 1436 4563 1502 4564 1496 4564 1436 4564 1508 4565 1502 4565 1436 4565 1514 4566 1508 4566 1436 4566 1520 4567 1514 4567 1436 4567 1526 4568 1520 4568 1436 4568 1532 4569 1526 4569 1436 4569 1538 4570 1532 4570 1436 4570 1544 4571 1538 4571 1436 4571 1550 4572 1544 4572 1436 4572 1556 4573 1550 4573 1436 4573 1562 4574 1556 4574 1436 4574 1568 4575 1562 4575 1436 4575 1574 4576 1568 4576 1436 4576 1580 4577 1574 4577 1436 4577 1586 4578 1580 4578 1436 4578 1592 4579 1586 4579 1436 4579 1598 4580 1592 4580 1436 4580 1604 4581 1598 4581 1436 4581 1610 4582 1604 4582 1436 4582 1616 4583 1610 4583 1436 4583 1613 4584 1616 4584 1436 4584 1607 4585 1613 4585 1436 4585 1601 4586 1607 4586 1436 4586 1595 4587 1601 4587 1436 4587 1589 4588 1595 4588 1436 4588 1583 4589 1589 4589 1436 4589 1577 4590 1583 4590 1436 4590 1571 4591 1577 4591 1436 4591 1565 4592 1571 4592 1436 4592 1559 4593 1565 4593 1436 4593 1553 4594 1559 4594 1436 4594 1547 4595 1553 4595 1436 4595 1541 4596 1547 4596 1436 4596 1429 4597 1541 4597 1436 4597 1535 4598 1541 4598 1429 4598 1529 4599 1535 4599 1429 4599 1523 4600 1529 4600 1429 4600 1517 4601 1523 4601 1429 4601 1511 4602 1517 4602 1429 4602 1505 4603 1511 4603 1429 4603 1499 4604 1505 4604 1429 4604 1493 4605 1499 4605 1429 4605 1487 4606 1493 4606 1429 4606 1481 4607 1487 4607 1429 4607 1472 4608 1481 4608 1429 4608 1464 4609 1472 4609 1429 4609 1458 4610 1464 4610 1429 4610 1452 4611 1458 4611 1429 4611 1446 4612 1452 4612 1429 4612 1440 4613 1446 4613 1429 4613 1433 4614 1440 4614 1429 4614 1426 4615 1433 4615 1429 4615 1419 4616 1426 4616 1429 4616 1413 4617 1419 4617 1429 4617 1407 4618 1413 4618 1429 4618 1401 4619 1407 4619 1429 4619 1395 4620 1401 4620 1429 4620 1388 4621 1395 4621 1429 4621 1382 4622 1388 4622 1429 4622 1376 4623 1382 4623 1429 4623 1422 4624 1376 4624 1429 4624 1370 4625 1376 4625 1422 4625 1364 4626 1370 4626 1422 4626 1358 4627 1364 4627 1422 4627 2361 4628 1831 4628 2048 4628 1739 4629 1741 4629 1742 4629 1740 3243 1739 3243 1742 3243 1743 3246 1739 3246 1740 3246 1744 4630 1743 4630 1740 4630 1747 1149 1743 1149 1744 1149 1748 1149 1747 1149 1744 1149 1751 3247 1747 3247 1748 3247 1752 3247 1751 3247 1748 3247 1755 1147 1751 1147 1752 1147 1756 1147 1755 1147 1752 1147 1765 3249 1755 3249 1756 3249 1766 3249 1765 3249 1756 3249 1770 1145 1765 1145 1766 1145 1771 1144 1770 1144 1766 1144 1774 4631 1770 4631 1771 4631 1775 3251 1774 3251 1771 3251 1784 3252 1774 3252 1775 3252 1785 3253 1784 3253 1775 3253 1794 3254 1784 3254 1785 3254 1795 3254 1794 3254 1785 3254 1798 3255 1794 3255 1795 3255 1799 3255 1798 3255 1795 3255 1808 3256 1798 3256 1799 3256 1809 4632 1808 4632 1799 4632 1823 4633 1808 4633 1809 4633 1824 4633 1823 4633 1809 4633 1834 3261 1823 3261 1824 3261 1835 3261 1834 3261 1824 3261 1844 3262 1834 3262 1835 3262 1845 3262 1844 3262 1835 3262 1858 3264 1844 3264 1845 3264 1859 3265 1858 3265 1845 3265 1870 3267 1858 3267 1859 3267 1871 4634 1870 4634 1859 4634 1880 3268 1870 3268 1871 3268 1881 3269 1880 3269 1871 3269 1892 4635 1880 4635 1881 4635 1893 4635 1892 4635 1881 4635 1908 1125 1892 1125 1893 1125 1909 1124 1908 1124 1893 1124 1918 3272 1908 3272 1909 3272 1919 4636 1918 4636 1909 4636 1942 3274 1918 3274 1919 3274 1943 4637 1942 4637 1919 4637 1964 1119 1942 1119 1943 1119 1965 1118 1964 1118 1943 1118 2001 4638 1964 4638 1965 4638 2002 4639 2001 4639 1965 4639 2005 4640 2001 4640 2002 4640 2006 3278 2005 3278 2002 3278 2013 1113 2005 1113 2006 1113 2014 1112 2013 1112 2006 1112 2021 1111 2013 1111 2014 1111 2022 1110 2021 1110 2014 1110 2029 1109 2021 1109 2022 1109 2030 1109 2029 1109 2022 1109 2033 4641 2029 4641 2030 4641 2034 4641 2033 4641 2030 4641 2041 1107 2033 1107 2034 1107 2042 1106 2041 1106 2034 1106 2046 3281 2041 3281 2042 3281 2047 3282 2046 3282 2042 3282 2053 1103 2046 1103 2047 1103 2054 1103 2053 1103 2047 1103 2059 3283 2053 3283 2054 3283 2060 3283 2059 3283 2054 3283 2067 1101 2059 1101 2060 1101 2068 1100 2067 1100 2060 1100 2077 1099 2067 1099 2068 1099 2078 1098 2077 1098 2068 1098 2089 3284 2077 3284 2078 3284 2090 3284 2089 3284 2078 3284 2101 1096 2089 1096 2090 1096 2102 1096 2101 1096 2090 1096 2156 3285 2101 3285 2102 3285 2157 3286 2156 3286 2102 3286 2196 1093 2156 1093 2157 1093 2197 1092 2196 1092 2157 1092 2236 4642 2196 4642 2197 4642 2237 4643 2236 4643 2197 4643 2282 1089 2236 1089 2237 1089 2283 1088 2282 1088 2237 1088 2309 1087 2282 1087 2283 1087 2310 1086 2309 1086 2283 1086 2345 1085 2309 1085 2310 1085 2346 1084 2345 1084 2310 1084 2374 3288 2345 3288 2346 3288 2375 4644 2374 4644 2346 4644 2390 4645 2374 4645 2375 4645 2391 4646 2390 4646 2375 4646 2400 1079 2390 1079 2391 1079 2401 1078 2400 1078 2391 1078 2422 3293 2400 3293 2401 3293 2423 4647 2422 4647 2401 4647 2438 3295 2422 3295 2423 3295 2439 3295 2438 3295 2423 3295 2458 1074 2438 1074 2439 1074 2459 1074 2458 1074 2439 1074 2472 4648 2458 4648 2459 4648 2473 4649 2472 4649 2459 4649 2492 3297 2472 3297 2473 3297 2493 3298 2492 3298 2473 3298 2504 3300 2492 3300 2493 3300 2505 4650 2504 4650 2493 4650 2522 3301 2504 3301 2505 3301 2523 3302 2522 3302 2505 3302 2536 4651 2522 4651 2523 4651 2537 3303 2536 3303 2523 3303 2552 3304 2536 3304 2537 3304 2553 4652 2552 4652 2537 4652 2562 4653 2552 4653 2553 4653 2563 4654 2562 4654 2553 4654 2578 4655 2562 4655 2563 4655 2579 3307 2578 3307 2563 3307 2590 3308 2578 3308 2579 3308 2591 3308 2590 3308 2579 3308 2604 3309 2590 3309 2591 3309 2605 3309 2604 3309 2591 3309 2614 3310 2604 3310 2605 3310 2615 3311 2614 3311 2605 3311 2634 3312 2614 3312 2615 3312 2635 4656 2634 4656 2615 4656 2646 1051 2634 1051 2635 1051 2647 1050 2646 1050 2635 1050 2656 3314 2646 3314 2647 3314 2657 3314 2656 3314 2647 3314 2666 1048 2656 1048 2657 1048 2667 1047 2666 1047 2657 1047 2676 4657 2666 4657 2667 4657 2677 3315 2676 3315 2667 3315 2686 1044 2676 1044 2677 1044 2687 1044 2686 1044 2677 1044 2691 3317 2686 3317 2687 3317 2692 4658 2691 4658 2687 4658 2684 4659 2691 4659 2692 4659 2685 3318 2684 3318 2692 3318 2674 1259 2684 1259 2685 1259 2675 1259 2674 1259 2685 1259 2664 3320 2674 3320 2675 3320 2665 4660 2664 4660 2675 4660 2654 1256 2664 1256 2665 1256 2655 1255 2654 1255 2665 1255 2644 3321 2654 3321 2655 3321 2645 3321 2644 3321 2655 3321 2632 1253 2644 1253 2645 1253 2633 1252 2632 1252 2645 1252 2612 4661 2632 4661 2633 4661 2613 3323 2612 3323 2633 3323 2602 3324 2612 3324 2613 3324 2603 3325 2602 3325 2613 3325 2588 3326 2602 3326 2603 3326 2589 3326 2588 3326 2603 3326 2576 3327 2588 3327 2589 3327 2577 3327 2576 3327 2589 3327 2560 3328 2576 3328 2577 3328 2561 4662 2560 4662 2577 4662 2550 4663 2560 4663 2561 4663 2551 4664 2550 4664 2561 4664 2534 4665 2550 4665 2551 4665 2535 3331 2534 3331 2551 3331 2520 3332 2534 3332 2535 3332 2521 4666 2520 4666 2535 4666 2502 3333 2520 3333 2521 3333 2503 3334 2502 3334 2521 3334 2490 4667 2502 4667 2503 4667 2491 3335 2490 3335 2503 3335 2470 3337 2490 3337 2491 3337 2471 3338 2470 3338 2491 3338 2456 4668 2470 4668 2471 4668 2457 4669 2456 4669 2471 4669 2436 1229 2456 1229 2457 1229 2437 1229 2436 1229 2457 1229 2420 3340 2436 3340 2437 3340 2421 3340 2420 3340 2437 3340 2398 4670 2420 4670 2421 4670 2399 3342 2398 3342 2421 3342 2388 1225 2398 1225 2399 1225 2389 1224 2388 1224 2399 1224 2372 4671 2388 4671 2389 4671 2373 4672 2372 4672 2389 4672 2343 4673 2372 4673 2373 4673 2344 3347 2343 3347 2373 3347 2307 1219 2343 1219 2344 1219 2308 1218 2307 1218 2344 1218 2280 1217 2307 1217 2308 1217 2281 1216 2280 1216 2308 1216 2234 1215 2280 1215 2281 1215 2235 1214 2234 1214 2281 1214 2194 4674 2234 4674 2235 4674 2195 4675 2194 4675 2235 4675 2154 1211 2194 1211 2195 1211 2155 1210 2154 1210 2195 1210 2099 3349 2154 3349 2155 3349 2100 3350 2099 3350 2155 3350 2087 1207 2099 1207 2100 1207 2088 1207 2087 1207 2100 1207 2075 3351 2087 3351 2088 3351 2076 3351 2075 3351 2088 3351 2065 1205 2075 1205 2076 1205 2066 1204 2065 1204 2076 1204 2057 1203 2065 1203 2066 1203 2058 1202 2057 1202 2066 1202 2051 3352 2057 3352 2058 3352 2052 3352 2051 3352 2058 3352 2044 1200 2051 1200 2052 1200 2045 1200 2044 1200 2052 1200 2039 3353 2044 3353 2045 3353 2040 3354 2039 3354 2045 3354 2031 1197 2039 1197 2040 1197 2032 1196 2031 1196 2040 1196 2027 4676 2031 4676 2032 4676 2028 4676 2027 4676 2032 4676 2019 1194 2027 1194 2028 1194 2020 1194 2019 1194 2028 1194 2011 1193 2019 1193 2020 1193 2012 1192 2011 1192 2020 1192 2003 1191 2011 1191 2012 1191 2004 1190 2003 1190 2012 1190 1999 3357 2003 3357 2004 3357 2000 4677 1999 4677 2004 4677 1962 4678 1999 4678 2000 4678 1963 4679 1962 4679 2000 4679 1940 1185 1962 1185 1963 1185 1941 1184 1940 1184 1963 1184 1916 4680 1940 4680 1941 4680 1917 3361 1916 3361 1941 3361 1906 4681 1916 4681 1917 4681 1907 3363 1906 3363 1917 3363 1890 1179 1906 1179 1907 1179 1891 1178 1890 1178 1907 1178 1878 4682 1890 4682 1891 4682 1879 4682 1878 4682 1891 4682 1868 3366 1878 3366 1879 3366 1869 3367 1868 3367 1879 3367 1856 4683 1868 4683 1869 4683 1857 3368 1856 3368 1869 3368 1842 3370 1856 3370 1857 3370 1843 3371 1842 3371 1857 3371 1832 3373 1842 3373 1843 3373 1833 3373 1832 3373 1843 3373 1821 3374 1832 3374 1833 3374 1822 3374 1821 3374 1833 3374 1806 4684 1821 4684 1822 4684 1807 4684 1806 4684 1822 4684 1796 4685 1806 4685 1807 4685 1797 3379 1796 3379 1807 3379 1792 3380 1796 3380 1797 3380 1793 3380 1792 3380 1797 3380 1782 3381 1792 3381 1793 3381 1783 3381 1782 3381 1793 3381 1772 3382 1782 3382 1783 3382 1773 3383 1772 3383 1783 3383 1768 3384 1772 3384 1773 3384 1769 4686 1768 4686 1773 4686 1763 1159 1768 1159 1769 1159 1764 1158 1763 1158 1769 1158 1753 3386 1763 3386 1764 3386 1754 3386 1753 3386 1764 3386 1749 1156 1753 1156 1754 1156 1750 1156 1749 1156 1754 1156 1745 3388 1749 3388 1750 3388 1746 3388 1745 3388 1750 3388 1741 1154 1745 1154 1746 1154 1742 1154 1741 1154 1746 1154 1740 4687 1814 4687 1744 4687 1742 4688 1814 4688 1740 4688 1748 4689 1744 4689 1814 4689 1752 4690 1748 4690 1814 4690 1756 4691 1752 4691 1814 4691 1766 4692 1756 4692 1814 4692 1771 4693 1766 4693 1814 4693 1775 4694 1771 4694 1814 4694 1785 4695 1775 4695 1814 4695 1795 4696 1785 4696 1814 4696 1799 4697 1795 4697 1814 4697 1809 4698 1799 4698 1814 4698 1824 4699 1809 4699 1814 4699 1835 4700 1824 4700 1814 4700 1845 4701 1835 4701 1814 4701 1859 4702 1845 4702 1814 4702 1871 4703 1859 4703 1814 4703 1881 4704 1871 4704 1814 4704 1893 4705 1881 4705 1814 4705 1909 4706 1893 4706 1814 4706 1919 4707 1909 4707 1814 4707 1943 4708 1919 4708 1814 4708 1965 4709 1943 4709 1814 4709 2002 4710 1965 4710 1814 4710 2006 4711 2002 4711 1814 4711 2014 4712 2006 4712 1814 4712 2022 4713 2014 4713 1814 4713 2030 4714 2022 4714 1814 4714 2034 4715 2030 4715 1814 4715 2042 4716 2034 4716 1814 4716 2047 4717 2042 4717 1814 4717 2054 4718 2047 4718 1814 4718 2060 4719 2054 4719 1814 4719 2068 4720 2060 4720 1814 4720 2078 4721 2068 4721 1814 4721 2090 4722 2078 4722 1814 4722 2102 4723 2090 4723 1814 4723 2157 4724 2102 4724 1814 4724 2197 4725 2157 4725 1814 4725 2237 4726 2197 4726 1814 4726 2283 4727 2237 4727 1814 4727 2310 4728 2283 4728 1814 4728 2346 4729 2310 4729 1814 4729 2375 4730 2346 4730 1814 4730 2391 4731 2375 4731 1814 4731 2401 4732 2391 4732 1814 4732 2423 4733 2401 4733 1814 4733 2439 4734 2423 4734 1814 4734 2459 4735 2439 4735 1814 4735 2473 4736 2459 4736 1814 4736 2493 4737 2473 4737 1814 4737 2505 4738 2493 4738 1814 4738 2523 4739 2505 4739 1814 4739 2361 4740 2523 4740 1814 4740 2537 4741 2523 4741 2361 4741 2553 4742 2537 4742 2361 4742 2563 4743 2553 4743 2361 4743 2579 4744 2563 4744 2361 4744 2591 4745 2579 4745 2361 4745 2605 4746 2591 4746 2361 4746 2615 4747 2605 4747 2361 4747 2635 4748 2615 4748 2361 4748 2647 4749 2635 4749 2361 4749 2657 4750 2647 4750 2361 4750 2667 4751 2657 4751 2361 4751 2677 4752 2667 4752 2361 4752 2687 4753 2677 4753 2361 4753 2692 4754 2687 4754 2361 4754 2685 4755 2692 4755 2361 4755 2675 4756 2685 4756 2361 4756 2665 4757 2675 4757 2361 4757 2655 4758 2665 4758 2361 4758 2048 4759 2655 4759 2361 4759 2645 20 2655 20 2048 20 2633 20 2645 20 2048 20 2613 20 2633 20 2048 20 2603 20 2613 20 2048 20 2589 20 2603 20 2048 20 2577 20 2589 20 2048 20 2561 20 2577 20 2048 20 2551 20 2561 20 2048 20 2535 20 2551 20 2048 20 2521 20 2535 20 2048 20 2503 20 2521 20 2048 20 2491 20 2503 20 2048 20 2471 20 2491 20 2048 20 2457 20 2471 20 2048 20 2437 20 2457 20 2048 20 2421 20 2437 20 2048 20 2399 20 2421 20 2048 20 2389 20 2399 20 2048 20 2373 20 2389 20 2048 20 2344 20 2373 20 2048 20 2308 20 2344 20 2048 20 2281 20 2308 20 2048 20 2235 20 2281 20 2048 20 2195 20 2235 20 2048 20 2155 20 2195 20 2048 20 2100 20 2155 20 2048 20 2088 20 2100 20 2048 20 2076 20 2088 20 2048 20 2066 20 2076 20 2048 20 2058 20 2066 20 2048 20 2052 20 2058 20 2048 20 2045 20 2052 20 2048 20 1831 4760 2045 4760 2048 4760 2040 4761 2045 4761 1831 4761 2032 4762 2040 4762 1831 4762 2028 4763 2032 4763 1831 4763 2020 4764 2028 4764 1831 4764 2012 4765 2020 4765 1831 4765 2004 4766 2012 4766 1831 4766 2000 4767 2004 4767 1831 4767 1963 4768 2000 4768 1831 4768 1941 4769 1963 4769 1831 4769 1917 4770 1941 4770 1831 4770 1907 4771 1917 4771 1831 4771 1891 4772 1907 4772 1831 4772 1879 4773 1891 4773 1831 4773 1869 4774 1879 4774 1831 4774 1857 4775 1869 4775 1831 4775 1843 4776 1857 4776 1831 4776 1833 4777 1843 4777 1831 4777 1822 4778 1833 4778 1831 4778 1807 4779 1822 4779 1831 4779 1797 4780 1807 4780 1831 4780 1793 4781 1797 4781 1831 4781 1783 4782 1793 4782 1831 4782 1814 4783 1783 4783 1831 4783 1773 4784 1783 4784 1814 4784 1769 4785 1773 4785 1814 4785 1764 4786 1769 4786 1814 4786 1754 4787 1764 4787 1814 4787 1750 4788 1754 4788 1814 4788 1746 4789 1750 4789 1814 4789 1742 4790 1746 4790 1814 4790 1739 4791 1814 4791 1741 4791 1743 4792 1814 4792 1739 4792 1745 4793 1741 4793 1814 4793 1749 4794 1745 4794 1814 4794 1753 4795 1749 4795 1814 4795 1763 4796 1753 4796 1814 4796 1768 4797 1763 4797 1814 4797 1831 4798 1768 4798 1814 4798 1772 4799 1768 4799 1831 4799 1782 4800 1772 4800 1831 4800 1792 4801 1782 4801 1831 4801 1796 4802 1792 4802 1831 4802 1806 4803 1796 4803 1831 4803 1821 4804 1806 4804 1831 4804 1832 4805 1821 4805 1831 4805 1842 4806 1832 4806 1831 4806 1856 4807 1842 4807 1831 4807 1868 4808 1856 4808 1831 4808 1878 4809 1868 4809 1831 4809 1890 4810 1878 4810 1831 4810 1906 4811 1890 4811 1831 4811 1916 4812 1906 4812 1831 4812 1940 4813 1916 4813 1831 4813 1962 4814 1940 4814 1831 4814 1999 4815 1962 4815 1831 4815 2003 4816 1999 4816 1831 4816 2011 4817 2003 4817 1831 4817 2019 4818 2011 4818 1831 4818 2027 4819 2019 4819 1831 4819 2031 4820 2027 4820 1831 4820 2039 4821 2031 4821 1831 4821 2044 4822 2039 4822 1831 4822 2051 4823 2044 4823 1831 4823 2057 4824 2051 4824 1831 4824 2065 4825 2057 4825 1831 4825 2075 4826 2065 4826 1831 4826 2087 4827 2075 4827 1831 4827 2099 4828 2087 4828 1831 4828 2154 4829 2099 4829 1831 4829 2194 4830 2154 4830 1831 4830 2234 4831 2194 4831 1831 4831 2280 4832 2234 4832 1831 4832 2307 4833 2280 4833 1831 4833 2343 4834 2307 4834 1831 4834 2372 4835 2343 4835 1831 4835 2388 4836 2372 4836 1831 4836 2361 4837 2388 4837 1831 4837 2398 4838 2388 4838 2361 4838 2420 4839 2398 4839 2361 4839 2436 4840 2420 4840 2361 4840 2456 4841 2436 4841 2361 4841 2470 4842 2456 4842 2361 4842 2490 4843 2470 4843 2361 4843 2502 4844 2490 4844 2361 4844 2520 4845 2502 4845 2361 4845 2534 4846 2520 4846 2361 4846 2550 4847 2534 4847 2361 4847 2560 4848 2550 4848 2361 4848 2576 4849 2560 4849 2361 4849 2588 4850 2576 4850 2361 4850 2602 4851 2588 4851 2361 4851 2612 4852 2602 4852 2361 4852 2632 4853 2612 4853 2361 4853 2644 4854 2632 4854 2361 4854 2654 4855 2644 4855 2361 4855 2664 4856 2654 4856 2361 4856 2674 4857 2664 4857 2361 4857 2684 4858 2674 4858 2361 4858 2691 4859 2684 4859 2361 4859 2686 4860 2691 4860 2361 4860 2676 4861 2686 4861 2361 4861 2666 4862 2676 4862 2361 4862 2656 4863 2666 4863 2361 4863 2646 4864 2656 4864 2361 4864 2634 4865 2646 4865 2361 4865 2614 4866 2634 4866 2361 4866 2604 4867 2614 4867 2361 4867 2590 4868 2604 4868 2361 4868 2578 4869 2590 4869 2361 4869 2562 4870 2578 4870 2361 4870 2552 4871 2562 4871 2361 4871 2536 4872 2552 4872 2361 4872 2522 4873 2536 4873 2361 4873 2504 4874 2522 4874 2361 4874 2492 4875 2504 4875 2361 4875 2472 4876 2492 4876 2361 4876 2458 4877 2472 4877 2361 4877 2438 4878 2458 4878 2361 4878 2422 4879 2438 4879 2361 4879 2400 4880 2422 4880 2361 4880 2390 4881 2400 4881 2361 4881 2374 4882 2390 4882 2361 4882 2345 4883 2374 4883 2361 4883 2309 4884 2345 4884 2361 4884 2282 4885 2309 4885 2361 4885 2236 4886 2282 4886 2361 4886 2196 4887 2236 4887 2361 4887 2156 4888 2196 4888 2361 4888 1814 4889 2156 4889 2361 4889 2101 4890 2156 4890 1814 4890 2089 4891 2101 4891 1814 4891 2077 4892 2089 4892 1814 4892 2067 4893 2077 4893 1814 4893 2059 4894 2067 4894 1814 4894 2053 4895 2059 4895 1814 4895 2046 4896 2053 4896 1814 4896 2041 4897 2046 4897 1814 4897 2033 4898 2041 4898 1814 4898 2029 4899 2033 4899 1814 4899 2021 4900 2029 4900 1814 4900 2013 4901 2021 4901 1814 4901 2005 4902 2013 4902 1814 4902 2001 4903 2005 4903 1814 4903 1964 4904 2001 4904 1814 4904 1942 4905 1964 4905 1814 4905 1918 4906 1942 4906 1814 4906 1908 4907 1918 4907 1814 4907 1892 4908 1908 4908 1814 4908 1880 4909 1892 4909 1814 4909 1870 4910 1880 4910 1814 4910 1858 4911 1870 4911 1814 4911 1844 4912 1858 4912 1814 4912 1834 4913 1844 4913 1814 4913 1823 4914 1834 4914 1814 4914 1808 4915 1823 4915 1814 4915 1798 4916 1808 4916 1814 4916 1794 4917 1798 4917 1814 4917 1784 4918 1794 4918 1814 4918 1774 4919 1784 4919 1814 4919 1770 4920 1774 4920 1814 4920 1765 4921 1770 4921 1814 4921 1755 4922 1765 4922 1814 4922 1751 4923 1755 4923 1814 4923 1747 4924 1751 4924 1814 4924 1743 4925 1747 4925 1814 4925 2624 4926 2625 4926 2708 4926 2707 4926 2624 4926 2708 4926 2518 4927 2519 4927 2625 4927 2624 7 2518 7 2625 7 2476 4928 2477 4928 2519 4928 2518 9 2476 9 2519 9 2564 4929 2565 4929 2477 4929 2476 4929 2564 4929 2477 4929 2474 4926 2475 4926 2565 4926 2564 4926 2474 4926 2565 4926 2516 1 2517 1 2475 1 2474 14 2516 14 2475 14 2622 3 2623 3 2517 3 2516 4930 2622 4930 2517 4930 2705 4931 2706 4931 2623 4931 2622 4931 2705 4931 2623 4931 2709 4932 2710 4932 2706 4932 2705 4933 2709 4933 2706 4933 2699 6 2700 6 2710 6 2709 4934 2699 4934 2710 4934 2711 4935 2712 4935 2700 4935 2699 4936 2711 4936 2700 4936 2707 4937 2708 4937 2712 4937 2711 4938 2707 4938 2712 4938 2700 20 2712 20 2708 20 2625 20 2700 20 2708 20 2623 20 2700 20 2625 20 2565 20 2623 20 2625 20 2517 20 2623 20 2565 20 2475 20 2517 20 2565 20 2625 20 2519 20 2477 20 2565 20 2625 20 2477 20 2623 20 2706 20 2710 20 2700 20 2623 20 2710 20 2351 4939 2352 4939 2350 4939 2349 4940 2351 4940 2350 4940 2342 4941 2349 4941 2350 4941 2341 4941 2349 4941 2342 4941 2337 4942 2341 4942 2342 4942 2338 4943 2337 4943 2342 4943 2324 4944 2337 4944 2338 4944 2323 4945 2337 4945 2324 4945 2320 4946 2323 4946 2324 4946 2319 4947 2323 4947 2320 4947 2306 4948 2319 4948 2320 4948 2305 4949 2319 4949 2306 4949 2300 4950 2305 4950 2306 4950 2299 4950 2305 4950 2300 4950 2287 4951 2299 4951 2300 4951 2286 4951 2299 4951 2287 4951 2273 4952 2286 4952 2287 4952 2272 4952 2286 4952 2273 4952 2247 4953 2272 4953 2273 4953 2246 4953 2272 4953 2247 4953 2223 4954 2246 4954 2247 4954 2222 4955 2246 4955 2223 4955 2205 4956 2222 4956 2223 4956 2204 4957 2222 4957 2205 4957 2183 4958 2204 4958 2205 4958 2182 4959 2204 4959 2183 4959 2695 48 2696 48 2352 48 2351 48 2695 48 2352 48 2697 98 2698 98 2696 98 2695 98 2697 98 2696 98 2353 46 2354 46 2698 46 2697 46 2353 46 2698 46 2268 4960 2269 4960 2285 4960 2284 4961 2268 4961 2285 4961 2296 4962 2284 4962 2285 4962 2295 4962 2284 4962 2296 4962 2304 4963 2295 4963 2296 4963 2303 4963 2295 4963 2304 4963 2318 4964 2303 4964 2304 4964 2317 4965 2303 4965 2318 4965 2322 4966 2317 4966 2318 4966 2321 4967 2317 4967 2322 4967 2336 4968 2321 4968 2322 4968 2335 4969 2321 4969 2336 4969 2340 4970 2335 4970 2336 4970 2339 4971 2335 4971 2340 4971 2348 4972 2339 4972 2340 4972 2347 4972 2339 4972 2348 4972 2354 4973 2347 4973 2348 4973 2353 4974 2347 4974 2354 4974 2418 4975 2419 4975 2269 4975 2268 4976 2418 4976 2269 4976 2430 4977 2431 4977 2419 4977 2418 4978 2430 4978 2419 4978 2176 4979 2177 4979 2431 4979 2430 4980 2176 4980 2431 4980 2093 4981 2094 4981 2177 4981 2176 4982 2093 4982 2177 4982 2081 4983 2082 4983 2094 4983 2093 4983 2081 4983 2094 4983 2136 4984 2137 4984 2082 4984 2081 4985 2136 4985 2082 4985 2168 4986 2169 4986 2137 4986 2136 4986 2168 4986 2137 4986 2260 4987 2264 4987 2265 4987 2261 4988 2260 4988 2265 4988 2257 4989 2260 4989 2261 4989 2256 4990 2260 4990 2257 4990 2245 4991 2256 4991 2257 4991 2244 4992 2256 4992 2245 4992 2239 4993 2244 4993 2245 4993 2238 4994 2244 4994 2239 4994 2221 4995 2238 4995 2239 4995 2220 4995 2238 4995 2221 4995 2215 4996 2220 4996 2221 4996 2214 4997 2220 4997 2215 4997 2201 4998 2214 4998 2215 4998 2200 4998 2214 4998 2201 4998 2185 4999 2200 4999 2201 4999 2184 5000 2200 5000 2185 5000 2169 5001 2184 5001 2185 5001 2168 5002 2184 5002 2169 5002 2007 46 2008 46 2265 46 2264 46 2007 46 2265 46 2037 5003 2038 5003 2008 5003 2007 5004 2037 5004 2008 5004 2025 5005 2026 5005 2038 5005 2037 5006 2025 5006 2038 5006 1928 5007 1929 5007 2026 5007 2025 5008 1928 5008 2026 5008 1926 47 1927 47 1929 47 1928 47 1926 47 1929 47 2023 5009 2024 5009 1927 5009 1926 5010 2023 5010 1927 5010 2035 5011 2036 5011 2024 5011 2023 5012 2035 5012 2024 5012 2009 5013 2010 5013 2036 5013 2035 5014 2009 5014 2036 5014 2262 48 2263 48 2010 48 2009 48 2262 48 2010 48 2126 5015 2095 5015 2096 5015 2127 5015 2126 5015 2096 5015 2147 5016 2126 5016 2127 5016 2146 5017 2126 5017 2147 5017 2167 5018 2146 5018 2147 5018 2166 5019 2146 5019 2167 5019 2179 5020 2166 5020 2167 5020 2178 5020 2166 5020 2179 5020 2199 5021 2178 5021 2179 5021 2198 5022 2178 5022 2199 5022 2213 5023 2198 5023 2199 5023 2212 5024 2198 5024 2213 5024 2219 5025 2212 5025 2213 5025 2218 5025 2212 5025 2219 5025 2233 5026 2218 5026 2219 5026 2232 5026 2218 5026 2233 5026 2243 5027 2232 5027 2233 5027 2242 5027 2232 5027 2243 5027 2255 5028 2242 5028 2243 5028 2254 5029 2242 5029 2255 5029 2259 5030 2254 5030 2255 5030 2258 5030 2254 5030 2259 5030 2263 5031 2258 5031 2259 5031 2262 5032 2258 5032 2263 5032 2182 5033 2183 5033 2096 5033 2095 5034 2182 5034 2096 5034 2096 20 2183 20 2205 20 2127 20 2096 20 2205 20 2223 20 2127 20 2205 20 2147 20 2127 20 2223 20 2247 20 2147 20 2223 20 2167 20 2147 20 2247 20 2273 20 2167 20 2247 20 2179 20 2167 20 2273 20 2287 20 2179 20 2273 20 2199 20 2179 20 2287 20 2300 20 2199 20 2287 20 2213 20 2199 20 2300 20 2306 20 2213 20 2300 20 2219 20 2213 20 2306 20 2320 20 2219 20 2306 20 2233 20 2219 20 2320 20 2324 20 2233 20 2320 20 2243 20 2233 20 2324 20 2338 20 2243 20 2324 20 2255 20 2243 20 2338 20 2342 20 2255 20 2338 20 2259 20 2255 20 2342 20 2350 20 2259 20 2342 20 2263 20 2259 20 2350 20 2352 20 2263 20 2350 20 2265 20 2263 20 2352 20 2354 20 2265 20 2352 20 2348 20 2265 20 2354 20 2354 20 2352 20 2696 20 2698 20 2354 20 2696 20 2348 20 2340 20 2257 20 2261 20 2348 20 2257 20 2265 20 2348 20 2261 20 2245 20 2257 20 2340 20 2336 20 2245 20 2340 20 2239 20 2245 20 2336 20 2322 20 2239 20 2336 20 2221 20 2239 20 2322 20 2318 20 2221 20 2322 20 2215 20 2221 20 2318 20 2304 20 2215 20 2318 20 2201 20 2215 20 2304 20 2296 20 2201 20 2304 20 2185 20 2201 20 2296 20 2285 20 2185 20 2296 20 2169 20 2185 20 2285 20 2269 20 2169 20 2285 20 2094 20 2169 20 2269 20 2177 20 2094 20 2269 20 2431 20 2177 20 2269 20 2419 20 2431 20 2269 20 2169 20 2094 20 2082 20 2137 20 2169 20 2082 20 2010 20 2263 20 2265 20 2008 20 2010 20 2265 20 1927 20 2010 20 2008 20 1929 20 1927 20 2008 20 2026 20 1929 20 2008 20 2038 20 2026 20 2008 20 2010 20 1927 20 2024 20 2036 20 2010 20 2024 20 2362 47 2363 47 2365 47 2364 47 2362 47 2365 47 2410 48 2411 48 2363 48 2362 48 2410 48 2363 48 2412 98 2413 98 2411 98 2410 98 2412 98 2411 98 2636 5035 2637 5035 2601 5035 2600 5036 2636 5036 2601 5036 2575 5037 2600 5037 2601 5037 2574 5038 2600 5038 2575 5038 2545 5039 2574 5039 2575 5039 2544 5039 2574 5039 2545 5039 2525 5040 2544 5040 2545 5040 2524 5041 2544 5041 2525 5041 2501 5042 2524 5042 2525 5042 2500 5042 2524 5042 2501 5042 2481 5043 2500 5043 2501 5043 2480 5044 2500 5044 2481 5044 2455 5045 2480 5045 2481 5045 2454 5045 2480 5045 2455 5045 2435 5046 2454 5046 2455 5046 2434 5047 2454 5047 2435 5047 2413 5048 2434 5048 2435 5048 2412 5049 2434 5049 2413 5049 2586 5050 2587 5050 2637 5050 2636 5050 2586 5050 2637 5050 2693 5051 2694 5051 2587 5051 2586 5051 2693 5051 2587 5051 2703 5052 2704 5052 2694 5052 2693 5053 2703 5053 2694 5053 2701 5054 2702 5054 2704 5054 2703 5054 2701 5054 2704 5054 2478 5055 2479 5055 2702 5055 2701 5056 2478 5056 2702 5056 2460 5057 2461 5057 2479 5057 2478 5058 2460 5058 2479 5058 2598 5059 2599 5059 2461 5059 2460 5059 2598 5059 2461 5059 2432 5060 2414 5060 2415 5060 2433 5061 2432 5061 2415 5061 2447 5062 2432 5062 2433 5062 2446 5062 2432 5062 2447 5062 2469 5063 2446 5063 2447 5063 2468 5063 2446 5063 2469 5063 2489 5064 2468 5064 2469 5064 2488 5065 2468 5065 2489 5065 2509 5066 2488 5066 2489 5066 2508 5067 2488 5067 2509 5067 2533 5068 2508 5068 2509 5068 2532 5069 2508 5069 2533 5069 2547 5070 2532 5070 2533 5070 2546 5070 2532 5070 2547 5070 2573 5071 2546 5071 2547 5071 2572 5071 2546 5071 2573 5071 2599 5072 2572 5072 2573 5072 2598 5073 2572 5073 2599 5073 2416 98 2417 98 2415 98 2414 98 2416 98 2415 98 2506 5074 2507 5074 2417 5074 2416 5075 2506 5075 2417 5075 2548 5076 2549 5076 2507 5076 2506 5077 2548 5077 2507 5077 2408 5078 2409 5078 2549 5078 2548 5079 2408 5079 2549 5079 2370 46 2371 46 2409 46 2408 46 2370 46 2409 46 2134 5080 2135 5080 2371 5080 2370 5081 2134 5081 2371 5081 2202 5082 2203 5082 2135 5082 2134 5083 2202 5083 2135 5083 2368 5084 2369 5084 2203 5084 2202 5085 2368 5085 2203 5085 2366 47 2367 47 2369 47 2368 47 2366 47 2369 47 2069 5086 2061 5086 2062 5086 2070 5086 2069 5086 2062 5086 2074 5087 2069 5087 2070 5087 2073 5088 2069 5088 2074 5088 2084 5089 2073 5089 2074 5089 2083 5090 2073 5090 2084 5090 2092 5091 2083 5091 2084 5091 2091 5092 2083 5092 2092 5092 2119 5093 2091 5093 2092 5093 2118 5094 2091 5094 2119 5094 2159 5095 2118 5095 2119 5095 2158 5096 2118 5096 2159 5096 2193 5097 2158 5097 2159 5097 2192 5097 2158 5097 2193 5097 2231 5098 2192 5098 2193 5098 2230 5098 2192 5098 2231 5098 2271 5099 2230 5099 2231 5099 2270 5100 2230 5100 2271 5100 2302 5101 2270 5101 2271 5101 2301 5101 2270 5101 2302 5101 2328 5102 2301 5102 2302 5102 2327 5103 2301 5103 2328 5103 2367 5104 2327 5104 2328 5104 2366 5104 2327 5104 2367 5104 2049 5105 2050 5105 2062 5105 2061 5105 2049 5105 2062 5105 2364 5106 2365 5106 2326 5106 2325 5107 2364 5107 2326 5107 2298 5108 2325 5108 2326 5108 2297 5109 2325 5109 2298 5109 2266 5110 2297 5110 2298 5110 2267 5111 2266 5111 2298 5111 2217 5112 2266 5112 2267 5112 2216 5113 2266 5113 2217 5113 2181 5114 2216 5114 2217 5114 2180 5115 2216 5115 2181 5115 2145 5116 2180 5116 2181 5116 2144 5116 2180 5116 2145 5116 2098 5117 2144 5117 2145 5117 2097 5118 2144 5118 2098 5118 2086 5119 2097 5119 2098 5119 2085 5120 2097 5120 2086 5120 2080 5121 2085 5121 2086 5121 2079 5121 2085 5121 2080 5121 2072 5122 2079 5122 2080 5122 2071 5122 2079 5122 2072 5122 2064 5123 2071 5123 2072 5123 2063 5124 2071 5124 2064 5124 2056 5125 2063 5125 2064 5125 2055 5126 2063 5126 2056 5126 2050 5127 2055 5127 2056 5127 2049 5128 2055 5128 2050 5128 2062 20 2050 20 2056 20 2070 20 2062 20 2056 20 2064 20 2070 20 2056 20 2074 20 2070 20 2064 20 2072 20 2074 20 2064 20 2084 20 2074 20 2072 20 2080 20 2084 20 2072 20 2092 20 2084 20 2080 20 2086 20 2092 20 2080 20 2119 20 2092 20 2086 20 2098 20 2119 20 2086 20 2159 20 2119 20 2098 20 2145 20 2159 20 2098 20 2193 20 2159 20 2145 20 2181 20 2193 20 2145 20 2231 20 2193 20 2181 20 2217 20 2231 20 2181 20 2271 20 2231 20 2217 20 2267 20 2271 20 2217 20 2302 20 2271 20 2267 20 2298 20 2302 20 2267 20 2328 20 2302 20 2298 20 2326 20 2328 20 2298 20 2367 20 2328 20 2326 20 2365 20 2367 20 2326 20 2415 20 2367 20 2365 20 2413 20 2415 20 2365 20 2435 20 2415 20 2413 20 2413 20 2365 20 2363 20 2411 20 2413 20 2363 20 2435 20 2455 20 2447 20 2433 20 2435 20 2447 20 2415 20 2435 20 2433 20 2469 20 2447 20 2455 20 2481 20 2469 20 2455 20 2489 20 2469 20 2481 20 2501 20 2489 20 2481 20 2509 20 2489 20 2501 20 2525 20 2509 20 2501 20 2533 20 2509 20 2525 20 2545 20 2533 20 2525 20 2547 20 2533 20 2545 20 2575 20 2547 20 2545 20 2573 20 2547 20 2575 20 2601 20 2573 20 2575 20 2599 20 2573 20 2601 20 2637 20 2599 20 2601 20 2702 20 2599 20 2637 20 2704 20 2702 20 2637 20 2694 20 2704 20 2637 20 2587 20 2694 20 2637 20 2599 20 2702 20 2479 20 2461 20 2599 20 2479 20 2369 20 2367 20 2415 20 2417 20 2369 20 2415 20 2371 20 2369 20 2417 20 2409 20 2371 20 2417 20 2549 20 2409 20 2417 20 2507 20 2549 20 2417 20 2369 20 2371 20 2135 20 2203 20 2369 20 2135 20 1930 5129 1931 5129 1847 5129 1846 5130 1930 5130 1847 5130 2015 48 2016 48 1931 48 1930 48 2015 48 1931 48 2017 98 2018 98 2016 98 2015 98 2017 98 2016 98 1932 46 1933 46 2018 46 2017 46 1932 46 2018 46 1848 5131 1849 5131 1933 5131 1932 5132 1848 5132 1933 5132 1812 5133 1813 5133 1849 5133 1848 5133 1812 5133 1849 5133 1882 5134 1883 5134 1813 5134 1812 5135 1882 5135 1813 5135 1810 4926 1811 4926 1883 4926 1882 5136 1810 5136 1883 5136 1846 4931 1847 4931 1811 4931 1810 4931 1846 4931 1811 4931 1883 20 1811 20 1847 20 1931 20 1883 20 1847 20 1933 20 1883 20 1931 20 2016 20 1933 20 1931 20 2018 20 1933 20 2016 20 1883 20 1933 20 1849 20 1813 20 1883 20 1849 20</p>
        </triangles>
      </mesh>
    </geometry>
  </library_geometries>
  <library_visual_scenes>
    <visual_scene id="Scene" name="Scene">
      <node id="node0" name="node0" type="NODE">
        <matrix sid="transform">1 0 0 0 0 1 0 0 0 0 1 0 0 0 0 1</matrix>
        <instance_geometry url="#MPU_6050-mesh" name="node0">
          <bind_material>
            <technique_common>
              <instance_material symbol="MPU_6050-material" target="#MPU_6050-material"/>
            </technique_common>
          </bind_material>
        </instance_geometry>
      </node>
    </visual_scene>
  </library_visual_scenes>
  <scene>
    <instance_visual_scene url="#Scene"/>
  </scene>
</COLLADA>