<?xml version="1.0" encoding="utf-8"?>
<COLLADA xmlns="http://www.collada.org/2005/11/COLLADASchema" version="1.4.1" xmlns:xsi="http://www.w3.org/2001/XMLSchema-instance">
  <asset>
    <contributor>
      <author>Blender User</author>
      <authoring_tool>Blender 3.0.1</authoring_tool>
    </contributor>
    <created>2025-12-17T21:08:53</created>
    <modified>2025-12-17T21:08:53</modified>
    <unit name="meter" meter="1"/>
    <up_axis>Z_UP</up_axis>
  </asset>
  <library_images/>
  <library_geometries>
    <geometry id="shape0-mesh" name="shape0">
      <mesh>
        <source id="shape0-mesh-positions">
          <float_array id="shape0-mesh-positions-array" count="2307">-0.0333606 0.005823671 -0.01195907 -0.03326702 0.008752703 -0.007854521 -0.03335648 0.008550643 -0.005393028 -0.03172934 0.01073139 -0.01299536 -0.03084325 0.01365089 -0.01212847 -0.03050118 0.01043456 -0.01780676 -0.03163838 0.006009638 -0.01792377 -0.03279483 0.005630314 -0.01445227 -0.03147083 0.002412557 -0.01883578 -0.02567893 0.005163967 -0.01799958 -0.02496194 -5.11742e-4 -0.01641726 -0.02555286 -0.00144124 -0.01761978 -0.02335518 -0.01030969 -0.01782107 -0.01852518 -0.02548831 -0.019001 -0.01878637 -0.01785176 -0.01797014 -0.01003068 -0.02388203 -0.01806753 -0.001267194 -0.02586704 -0.0180251 0.005028128 -0.03104245 -0.01890254 -0.006385385 -0.03057241 -0.01896274 0.002874076 -0.02521163 -0.01761263 0.01030641 -0.02373498 -0.01807045 0.02118682 -0.02321845 -0.01891148 0.01928901 -0.01671022 -0.017614 0.02045238 -0.0158056 -0.01810926 0.02580273 -0.002638757 -0.0181064 0.0236392 -0.01031237 -0.01761317 0.03128445 0.002157688 -0.01890069 0.02475702 0.01964068 -0.01882249 0.02027511 0.02394247 -0.01889288 -0.003913521 0.02549803 -0.01795774 -0.02819788 0.01377981 -0.01895755 -0.02024596 0.01618504 -0.01809066 -0.02421492 0.005550086 -0.01761311 -0.0245974 0.003849387 -0.01761567 -0.02038419 0.01453578 -0.01761567 -0.02371978 0.01058697 -0.01911568 -0.02313667 0.003016233 -0.01885807 -0.0224514 -0.004281401 -0.01536297 -0.01969689 0.007964551 -0.01527839 -0.01489055 0.01502186 -0.01560068 -0.01293402 0.01660704 -0.01552027 -0.01332181 0.01718115 -0.01386535 -0.009681463 0.01311844 -0.006615698 -0.01345467 0.01831299 -0.006615698 -0.004740059 0.00625801 -0.01075267 -0.006610274 0.007898867 -0.01608812 -0.01003122 0.003062963 -0.0161159 -0.007941186 0.002041816 -0.01106202 -0.007569372 -0.002472877 -0.01076328 -0.007574141 8.16405e-4 -0.008060574 -0.004934906 0.005237758 -0.007556676 2.73561e-4 0.008116006 -0.01104515 0.004520058 0.006243348 -0.01081395 -0.005645155 0.008555233 -0.01608532 -1.33898e-4 0.01028895 -0.01613509 0.00543946 0.008673667 -0.01603692 0.01174873 0.01720428 -0.01560562 0.0122689 0.01791238 -0.01386564 0.009480297 0.01311844 -0.006615698 0.01769077 0.01467472 0.005646288 0.02188175 0.006764769 0.005611836 0.02295315 -0.001697957 0.005676329 0.01980608 -0.01175779 0.005656242 0.01473265 -0.01762849 0.005634248 0.005510628 -0.02260458 0.005658149 -0.005316674 -0.02247089 0.005624353 -0.01972472 -0.01224434 0.005610346 -0.02292948 -0.003087818 0.005664587 -0.02247798 0.005274236 0.00567013 -0.01859021 0.01380151 0.005614817 -0.01098072 0.02015793 0.005563616 -0.002076208 0.02296119 0.005651891 0.008738994 0.02128988 0.005576193 0.001295447 0.02301192 -0.01386564 0.004481613 0.02022856 -0.01474165 -0.004623115 0.02020472 -0.01439249 0.01059317 0.01963156 -0.01535898 0.001902461 0.01119494 -0.01761567 0.005857288 0.006989598 -0.01759338 0.008230388 -0.004171252 -0.01757943 0.008771538 0.001933157 -0.01747673 9.71607e-5 0.009522557 -0.01771253 -0.01034575 0.005834877 -0.01761567 -0.009802103 0.01860213 -0.01552152 -0.009925842 0.01871705 -0.01745539 -0.01565468 0.01652467 -0.01597386 -0.01193064 0.01715004 -0.0151962 -0.001693904 0.02317202 -0.01536577 0.001835048 0.02294766 -0.01887357 -0.008924603 0.02127903 -0.01880031 -0.01808398 0.01439201 -0.0188291 0.01187735 0.01963186 -0.01881158 0.01544499 0.01648426 -0.01536649 0.0103054 0.01925921 -0.01704537 0.01472461 0.01507145 -0.01745873 0.01267564 0.01650929 -0.01567006 0.01462703 0.01485133 -0.01558232 0.01865112 0.00924766 -0.01528435 0.0208947 4.74013e-4 -0.01528626 0.02175897 -0.004033327 -0.01531851 0.01985937 -0.005949914 -0.01587635 0.02078193 -0.006283581 -0.01387292 0.01991301 0.007624983 -0.01386559 0.02229529 0.006783843 -0.01386576 0.01339888 0.01754456 -0.01386755 0.0132535 0.01831299 -0.006615698 0.006397724 0.007871031 -0.01604014 0.009769141 0.003146767 -0.0161243 0.008250296 0.002274572 -0.01124399 0.009829461 -0.002619624 -0.01600831 0.007361352 -0.002432703 -0.01081365 0.0154016 -0.005105435 -0.006615698 0.009792327 0.003113448 -0.01761567 0.01870107 -0.009456872 -0.01562279 0.01887965 -0.009489595 -0.01745873 0.02149814 -0.003993272 -0.01704394 0.02057611 -0.009702682 -0.01536577 0.01959097 -0.00704509 -0.0151962 0.009454011 -0.003786265 -0.01608532 0.01468586 -0.0153858 -0.01386564 0.02156263 -0.008368372 -0.01386594 0.02150642 -0.007090628 -0.006615757 0.01448565 -0.01510018 -0.01522243 0.006559133 -0.01994073 -0.01526921 0.002861201 -0.02234756 -0.01538014 4.65535e-4 -0.02108305 -0.01490086 5.55955e-4 -0.01039737 -0.01603692 6.97343e-4 -0.02306115 -0.01386564 -1.00592e-4 -0.01636844 -0.006615698 -1.00173e-4 -0.007806897 -0.01068109 0.006014287 -0.008428275 -0.01613509 0.00438708 -0.00692588 -0.01104402 0.005358636 -0.004660844 -0.007486581 0.002809703 -0.007137954 -0.00865674 0.007125735 -6.83562e-5 -0.00755769 0.006184816 0.003879666 -0.008112668 8.85443e-4 0.007342398 -0.007612884 -0.006420671 -0.003558158 -0.007487356 -0.002118289 -0.00700438 -0.007500648 0.005129277 0.001221776 -0.007108688 0.004574239 0.001893758 0.01088428 -3.03055e-4 0.005223214 0.01088428 -0.002046227 0.005061566 -0.007117569 -0.005378127 3.68345e-4 0.01088428 -0.004812061 -0.002779781 -0.007114112 -0.002975404 -0.001645267 0.01088792 -0.003055632 -6.85119e-5 -0.01261568 -1.00594e-4 -0.003079652 0.009087026 0.002854466 -6.85143e-5 -0.01261568 0.002368569 -0.001773595 0.01088422 0.003441452 -0.004066705 0.01088428 0.001911461 -0.004833698 -0.007117688 -1.54251e-4 0.002924382 0.009087204 8.51692e-4 0.003090202 0.01088488 -0.002443373 -0.004532337 0.01088428 -0.005171775 -0.006513059 -0.01104462 -6.83868e-4 -0.01030415 -0.01608532 -0.00616157 -0.008467435 -0.01613509 -0.006203651 -0.008468687 -0.01761567 -0.00286448 -0.008964538 -0.01759141 -0.007702827 -0.005198776 -0.01759153 -0.00920248 -1.07851e-4 -0.01755702 -0.02091938 -0.003524422 -0.01549184 -0.02157473 -0.003920674 -0.0172643 -0.02088648 -0.009812653 -0.01572299 -0.0202257 -0.006018698 -0.01552867 -0.009942471 -0.002664744 -0.01607793 -0.02085411 -0.006243169 -0.0138657 -0.01560282 -0.005105435 -0.006615698 -0.02170765 -0.007090628 -0.006615757 -0.01982134 -0.007061779 -0.01547163 -0.01455402 -0.0156247 -0.01386564 -0.02176386 -0.008368372 -0.01386594 -0.009721159 -0.003884673 -0.01603692 -0.01888638 -0.009459376 -0.01571613 -0.01350671 -0.01660311 -0.01532089 -0.01107501 -0.02040416 -0.01536631 -0.003215014 -0.02079957 -0.0155878 -0.002920508 -0.02264767 -0.01536566 -0.003195345 -0.02103108 -0.01745873 -6.53542e-4 -0.02112126 -0.0146588 0.004717946 -0.0108664 -0.01761567 0.002841055 -0.02182298 -0.01704388 0.007757306 -0.008040428 -0.01761567 0.0035609 -0.008452773 -0.01757127 -0.00709474 0.006247818 -0.01767277 -0.007471501 0.002306222 -0.01274865 -0.00554794 -0.005023479 -0.01267045 0.001015782 0.00509119 -0.01268905 0.006682157 0.003660559 -0.01274186 -8.76956e-4 0.00744462 -0.01272428 -3.2823e-5 -0.00747627 -0.0127266 -0.005259752 -0.001180768 -0.01262378 -0.001743376 -0.005166053 -0.01270979 -6.72536e-4 -0.00518912 -0.01458722 0.002907216 -0.004365861 -0.01266741 0.004795074 -0.001007139 -0.01447242 0.005315959 0.001206099 -0.01270526 -0.00377202 0.003722786 -0.01285582 -0.005420446 -1.96925e-4 -0.01449602 0.001209676 0.005062937 -0.01460093 0.005833327 -0.004679799 -0.0127108 -0.01114362 0.001762032 -0.01761567 0.01559513 -0.01712173 -0.01536571 0.02085447 -0.009437501 -0.0188778 0.02030384 0.0109474 -0.01887965 0.02168011 0.008078038 -0.01536542 0.009163022 0.02413034 -0.01911568 -0.005679428 0.02552944 -0.01911568 0.003532171 0.02490472 -0.01761567 -0.008814692 0.02319377 -0.01761567 -0.01737523 0.01907175 -0.01847279 -0.00489372 0.02376812 -0.01371568 0.006732642 0.02326524 -0.01371568 0.01799565 0.01745444 -0.01761478 0.01789778 0.0164721 -0.01371568 0.02024489 0.01614558 -0.018642 0.02304458 -6.2493e-4 -0.01887238 0.01510387 -0.01759052 -0.01883268 0.002406656 -0.02314716 -0.01884579 -0.00963509 -0.02107691 -0.01884829 -0.01729708 -0.01532727 -0.01886218 -0.02162545 -0.008168816 -0.01886487 -0.01011109 -0.02399879 -0.01799023 -0.01601511 -0.0206806 -0.01911568 -0.01536172 -0.02008479 -0.01761567 -0.02598959 -0.001146614 -0.01911568 -0.02429693 -0.009633898 -0.01821565 -0.02508801 9.56263e-4 -0.01371568 -0.01809912 -0.01660901 -0.01371568 -0.007860958 -0.02341669 -0.01761567 -0.006933808 -0.02340227 -0.01371568 0.005478978 -0.02566635 -0.01911568 1.64792e-4 -0.02580654 -0.01761567 0.008613646 -0.02333074 -0.01761567 0.01844972 -0.01815962 -0.01911568 0.01641154 -0.01861125 -0.01761567 0.02478748 -0.007347941 -0.01858627 0.02543467 0.004008829 -0.01855319 0.0234034 0.01073229 -0.01804113 0.01517683 0.02021473 -0.0178743 0.023736 0.004724562 -0.01371568 0.0242154 0.002435207 -0.01761567 0.02206879 -0.01116681 -0.01371568 0.007659792 -0.02341669 -0.01371568 -0.00128746 -0.02624964 -0.01343613 -0.004799723 -0.02392357 -0.01171249 -0.003680944 -0.02504366 -0.007148504 -0.01252847 -0.02320718 -0.005894422 0.003650724 -0.02542245 -0.005615711 -0.003680944 -0.02504366 -0.001048505 0.007978498 -0.02394545 -0.007153391 0.01099771 -0.02223789 -0.005615711 0.007978498 -0.02394545 -0.001053392 0.01730072 -0.01960003 -0.005954325 0.01512563 -0.01902413 -0.00151962 0.01512563 -0.01902413 -0.007619619 0.01682537 -0.01752251 -0.01171451 0.01889622 -0.01787716 -0.01332831 0.02299064 -0.007679164 -0.01171576 0.02349567 -0.007025837 -0.007654845 0.01730072 -0.01960003 1.4562e-4 0.01099771 -0.02223789 4.84283e-4 0.013022 -0.02088099 0.004384279 -0.001151204 -0.02435952 0.004384279 0.003779888 -0.02579879 0.005066096 0.002812206 -0.02537733 0.004387259 5.05735e-4 -0.02617108 0.00513339 0.003650724 -0.02542245 4.84284e-4 -0.005467474 -0.02469867 0.004384994 -0.007648527 -0.02475315 0.005241394 0.01577079 -0.02060484 0.005434274 0.01147156 -0.02305042 0.004735291 0.01982128 -0.01669383 0.004781365 0.02242743 -0.01077169 0.004384279 0.02512961 -0.007126688 0.00588423 0.02503424 -0.006479382 0.004822969 0.0252003 -0.004799902 0.004384279 0.02521955 -1.6193e-5 0.004380762 0.02372699 0.008593797 0.004384279 0.0242154 0.002435207 4.84282e-4 0.02528387 0.006144881 6.3444e-5 0.02509272 -0.007224798 2.04109e-4 0.02299058 0.007542312 -0.001515567 0.02349567 -0.007025837 -0.001554846 0.0242154 0.002435207 -0.005615711 0.02528387 0.006144881 -0.00603652 0.02299058 0.007542312 -0.007615566 0.02349567 0.006888926 -0.01167649 0.02134639 0.01490908 -0.01337569 0.01230818 0.02296215 -0.01332956 0.002263665 0.02500361 -0.01222014 -0.006845235 0.02531552 -0.01343822 -0.01664084 0.01793026 -0.01371568 -0.02172905 0.01509678 -0.01337862 -0.02619796 -5.25177e-4 -0.01326453 -0.02369683 -0.007025897 -0.01167649 -0.02369683 0.006888926 -0.007654845 -0.0231918 0.007542312 -0.01171576 -0.01267468 0.02153831 -0.01169991 -0.01532661 0.01888728 -0.007619619 -0.004799723 0.02378654 -0.007618844 0.01247352 0.02153831 -0.00763148 0.01512557 0.01888716 -0.01171177 0.01889616 0.01774024 -0.006003081 0.006644189 0.02531552 -0.00589317 -0.005642175 0.02560275 -0.005975246 -0.01445609 0.02166777 -0.00615859 -0.0227046 0.01285761 -0.006003201 -0.02619796 3.88158e-4 -0.006066858 -0.02438086 -0.004047393 -0.005615651 -0.02369683 0.006888926 -0.001554846 -0.02153462 0.01168382 -0.005615651 -0.0123195 0.02095186 -0.005615651 -0.01532661 0.01888728 -0.00151962 -0.004799723 0.02378654 -0.001518845 0.00184673 0.02445846 -0.005615711 0.01247352 0.02153831 -0.001531481 0.01762127 0.01699894 -0.005615711 0.01889616 0.01774024 9.69112e-5 0.006644189 0.02531552 2.06808e-4 -0.005642175 0.02560275 1.24691e-4 -0.01445609 0.02166777 -5.85935e-5 -0.0123195 0.02095186 4.84289e-4 -0.003733336 0.02490472 0.004384279 0.00184679 0.02445846 4.84283e-4 0.008613586 0.02319377 0.004384219 0.01762127 0.01699894 4.84282e-4 0.01789778 0.0164721 0.004384279 0.02427923 0.008860051 0.005070507 0.01828122 0.01814341 0.005354821 0.02025842 0.01515048 0.004379212 0.0142073 0.02151471 0.004808068 0.005478382 0.02552938 0.00588423 -0.004403293 0.02536332 0.004723608 -0.009364187 0.02413034 0.005884289 -0.01392626 0.02183818 0.004764854 -0.01564967 0.01924353 0.004384279 -0.0227046 0.01285761 9.6763e-5 -0.02619796 3.88158e-4 3.3146e-5 -0.02438086 -0.004047393 4.84294e-4 -0.02409124 0.006543993 0.004384279 -0.02153462 0.01168382 4.84293e-4 -0.019131 0.01712971 0.004551172 -0.02139514 0.01519316 0.00588423 -0.02225786 0.01303023 0.004384279 -0.02352625 0.00966525 0.00438255 -0.02571982 0.004135549 0.005132794 -0.02622324 -0.002065122 0.005884289 -0.02529531 6.25401e-4 0.004378139 -0.01295089 -0.01911878 0.005576968 -0.0225234 -0.01270723 0.004384279 -0.01882797 -0.01838964 0.005884289 -0.01635861 -0.01907569 0.004384279 -0.0133928 -0.02222448 0.004809737 -0.01563614 -0.01914751 4.84292e-4 -0.01252847 -0.02320718 2.05552e-4 -0.01702666 -0.01752239 -0.001516819 -0.01563614 -0.01914751 -0.005615651 -0.02306747 -0.01246541 -0.005940794 -0.01702666 -0.01752245 -0.007616817 -0.01532679 -0.01902413 -0.01171177 -0.01530855 -0.02131241 -0.01339447 -0.02273088 -0.01291853 -0.01325774 -0.0231918 -0.007679224 -0.007615566 -0.0231918 -0.007679224 -0.001515567 -0.02306747 -0.01246541 1.5919e-4 -0.0245974 -0.003986418 0.004384279 -0.019827 -0.0160166 0.004380166 -0.01535147 -0.02254527 0.003579795 -0.01899892 -0.02422159 0.004571795 -0.01634055 -0.02843654 -0.001719713 -0.007422327 -0.03229504 -0.005140006 0.00243467 -0.03279775 -0.003647089 0.004732847 -0.03292858 -0.007393896 0.01153582 -0.02877646 -0.01777094 0.0218693 -0.0218904 -0.0176841 0.02959698 -0.008506298 -0.01779764 0.03040337 0.003689408 -0.01778101 0.02699089 8.90346e-4 -0.01678913 0.02462571 9.57824e-5 -0.01641416 0.02401071 -0.007120728 -0.01761579 0.02018052 -0.01441711 -0.01641571 0.01142281 -0.02198833 -0.01706743 0.01496613 -0.02285224 -0.01641207 0.0240277 -0.01264476 -0.01694691 -0.004268825 -0.02717506 -0.01700288 0.01119321 -0.02505826 -0.01730906 -0.004971563 -0.03080517 -0.01780903 -0.008988559 -0.031152 -0.01313483 -0.01679825 -0.02584117 -0.01778858 -0.02060133 -0.02588933 -0.01040965 -0.01352536 -0.02392911 -0.01641565 -0.003393232 -0.0245434 -0.01641613 -0.0117318 -0.02167797 -0.01706933 -0.01985448 -0.014835 -0.01698112 -0.02120929 -0.01753973 -0.01731413 -0.02492523 -0.02139669 -0.002158939 -0.02641928 -0.01606446 -0.01779174 -0.0307064 -0.01078236 -0.01206153 -0.02840566 -0.01713293 -0.005897104 -0.0101422 -0.0231648 0.003186166 -0.02261304 -0.01030194 0.00318402 -0.02226221 -0.01588237 0.003723323 -0.02389907 -0.01077705 0.004858851 0.002771496 -0.03116887 0.005711495 0.001573383 -0.03313696 8.23386e-4 -0.003842651 -0.03204864 0.004742205 -0.008491456 -0.03063368 0.005556404 -0.01259708 -0.03154379 -0.00176078 -0.01098501 -0.03254622 -0.005411088 -0.01440846 -0.03127795 -0.004828572 -0.01110166 -0.03249657 -0.007903039 -0.005500495 -0.03374946 -0.006250917 -0.001907289 -0.03415995 -0.00671637 -0.009372055 -0.03216606 4.25745e-4 -0.005273044 -0.03312039 -2.62385e-4 3.00634e-4 -0.03404867 -0.00560671 5.54213e-4 -0.03432035 -0.00547105 3.01305e-4 -0.03410559 -0.005598783 9.9423e-4 -0.03409147 -0.002037167 0.003455638 -0.03411835 -0.00778687 0.004806756 -0.03304737 0.001215398 0.009057581 -0.03253215 -0.001211583 0.007867038 -0.03034985 0.005654811 0.01214027 -0.03028166 0.004039585 0.01433879 -0.03010022 9.50359e-4 0.01293045 -0.03137117 -0.001546919 0.01252341 -0.03163939 -0.005637228 0.01199585 -0.03163373 -0.01180934 0.01771599 -0.02847868 -0.01216167 0.01870805 -0.02857333 -0.007947921 0.01427042 -0.03120058 -0.008028507 0.01856744 -0.0286476 -0.005453705 0.01680046 -0.02958977 -0.00156027 0.01851904 -0.02633982 0.004482269 0.01956194 -0.02749902 -0.001209259 0.02158749 -0.02674233 -0.005269467 0.02489197 -0.02259099 -0.001486003 0.02542304 -0.0227409 -0.006176352 0.02772647 -0.02005386 -0.00609374 0.02540439 -0.02171498 -0.01270192 0.02971035 -0.01583528 -0.01168894 0.03037375 -0.01525914 -0.006772875 0.03154164 -0.01319891 -0.005155742 0.0315808 -0.01306885 -0.008067369 0.03328937 -0.007372081 -0.006007909 0.03223508 -0.0100789 -0.001328885 0.03200328 -0.007843375 8.47881e-4 0.03031843 -0.01468652 -0.001274883 0.02938961 -0.015132 0.00161755 0.02886354 -0.01346093 0.004925012 0.03089219 -0.01030075 0.003870725 0.03073942 -0.006652355 0.005649209 0.03312349 1.11765e-5 9.62081e-4 0.03300833 -0.006716668 -0.001535177 0.03361004 -0.00109446 -0.001415729 0.03375196 0.001909673 -0.001710414 0.03311514 0.006379306 -0.00122261 0.03197085 -0.002002835 0.004538655 0.03130364 0.002673983 0.005645275 0.03244185 0.006624639 0.00189495 0.03171646 0.009624898 0.001323103 0.03209 0.01029103 -0.001387596 0.0316205 0.01266217 -0.006975054 0.02921116 0.01753491 -0.005503356 0.03013527 0.01471579 -0.001085042 0.02939724 0.01513141 9.39e-4 0.02793276 0.01581674 0.004367649 0.03012126 0.0078426 0.005728423 0.02187484 0.02265566 0.005529046 0.02526015 0.02111655 0.003047287 0.02862328 0.01788759 -0.00142312 0.02293771 0.02396571 3.50597e-4 0.02518528 0.02325814 -0.004830598 0.01807814 0.02841365 -0.001338422 0.0202443 0.02751177 -0.005728244 0.01787167 0.02891284 -0.007912993 0.01008737 0.03137898 -0.01421952 0.01160913 0.03152823 -0.01196771 0.01633483 0.02967149 -0.01158791 0.01488202 0.03077596 -0.007847666 0.01019608 0.03256523 -0.005368947 0.01026254 0.03267347 -0.008067131 0.008651554 0.03253155 -0.01162171 0.007891714 0.03075605 -0.01832127 0.01247709 0.02937322 -0.01818454 0.004131019 0.03308033 -0.0131275 0.001974165 0.03126305 -0.01887649 -0.01882666 0.02536934 -0.01833605 -0.02500081 0.019544 -0.01824808 -0.02586954 0.02081316 -0.01407736 -0.02273118 0.02433502 -0.01508378 -0.02293711 0.02486592 -0.01177728 -0.01674753 0.02877002 -0.01415729 -0.0249868 0.02324444 -0.006862938 -0.02899682 0.01835781 -0.008139133 -0.02879649 0.01830071 -0.005555689 -0.02649056 0.02101951 -0.001316487 -0.02881854 0.01808899 -0.002284526 -0.02964156 0.0161252 -5.02654e-4 -0.02755641 0.01692724 0.00476545 -0.02323657 0.02457094 -0.001599669 -0.02193903 0.02381908 0.004354894 -0.01930165 0.0261082 0.004234671 -0.01580607 0.02953875 -1.47747e-4 -0.02041226 0.02711623 -0.001475095 -0.0224657 0.02563643 -0.007077813 -0.0185346 0.02864825 -0.006202101 -0.01627832 0.02984786 -0.01154649 -0.02056294 0.0269261 -0.01187443 -0.01979798 0.0262562 -0.01608848 -0.01536971 0.02825176 -0.01766455 -0.0114572 0.0295102 -0.01880759 -0.01203328 0.03120237 -0.01273411 -0.01458555 0.0310862 -0.007761001 -0.01106846 0.03234094 -0.006824016 -0.008673548 0.03262585 -0.01173043 -0.006878256 0.03348433 -0.007895708 -0.006273388 0.03157472 -0.01740843 -1.53351e-4 0.03315341 -0.01440566 -5.16972e-5 0.03374534 -0.01145392 -0.004813849 0.03343266 -0.01186913 9.18485e-4 0.03414577 -0.00792998 0.002372026 0.03413742 -0.004605948 0.005937159 0.03359746 -0.006973445 0.00396943 0.0330702 -4.02192e-4 -0.00224322 0.03419119 -0.005636334 -0.005077421 0.03331911 -0.001327514 -0.008530318 0.03263294 -0.001342415 -0.01266688 0.03092902 3.1292e-4 -0.01518988 0.0305109 -0.005366623 -0.02295529 0.02115815 0.005715012 -0.02999502 0.009431004 0.005686223 -0.03171211 -0.001875042 0.005488038 -0.03352272 -0.002782702 -6.26911e-4 -0.03343313 0.002846121 -1.61227e-4 -0.03311538 -0.005762636 -9.86665e-5 -0.03372859 -0.005650222 -0.006748795 -0.03431916 -1.84379e-4 -0.006714046 -0.03278762 0.006068229 4.83704e-4 -0.03220152 0.01023983 -8.09803e-4 -0.03174036 0.004887342 0.00470674 -0.0302602 0.01362848 0.001205921 -0.03184163 0.0128467 -0.005088925 -0.02791339 0.0185219 -0.01311373 -0.03051459 0.01343494 -0.0148167 -0.03204894 0.01223927 -0.007905304 -0.03398382 0.003003001 -0.00627315 -0.03325062 -0.002777338 -0.01314759 -0.03344011 0.002824664 -0.01345545 -0.03309822 -0.005994856 -0.01267725 -0.03180521 -0.006121695 -0.01774543 -0.03074806 -0.01056849 -0.0175333 -0.03185838 -0.01110726 -0.01209509 0.03062617 -0.006676137 -0.0188331 -0.01564383 -0.02820259 -0.0178768 0.01360207 -0.02894783 -0.01808565 -0.02222174 -0.02326214 -0.01803839 -0.02001881 -0.02658653 -0.01495033 -0.02301615 -0.02430373 -0.01339167 -0.02592194 -0.02101451 -0.01453876 -0.02671021 -0.01808029 -0.0173586 -0.02829676 -0.01859164 -0.01199716 -0.02613455 -0.02153468 -0.0118879 -0.0282548 -0.01420372 -0.01890963 -0.03028154 -0.01439934 -0.01440119 -0.03077727 -0.01411998 -0.01202082 -0.03041899 -0.01622408 -0.007874906 -0.02642065 -0.02193874 -0.007913708 -0.02152156 -0.02680206 -0.007703959 -0.01882147 -0.02883756 -0.005335211 -0.01862955 -0.02880638 -0.00778073 -0.0219177 -0.02664959 -0.004759132 -0.02024239 -0.02727752 -0.01146674 -0.01587176 -0.02989214 -0.01199364 -0.01342117 -0.03061747 -0.01294308 -0.01433151 -0.03121966 -0.00815469 -0.01931905 -0.02793133 -0.001276493 -0.01559585 -0.02936381 0.001364111 -0.01959639 -0.02696335 0.001216888 -0.02620589 -0.02179104 -0.001728117 -0.02819615 -0.01868402 -0.001183331 -0.02607125 -0.02212494 -0.00555545 -0.03068834 -0.01433765 -0.001133978 -0.03004139 -0.01439982 0.001057922 -0.03043705 -0.01622211 -0.005297839 -0.03136855 -0.01372373 -0.005948305 -0.03182196 -0.01223677 -0.01003628 -0.03228145 -0.01202136 -0.009775757 -0.03336 -0.008940994 -0.007818341 -0.03346759 -0.008402049 -0.005230307 -0.03180301 -0.01081168 -9.05543e-4 -0.03031766 -0.01129984 0.004495918 -0.02680724 -0.01944804 0.001459836 -0.01934641 -0.02537322 0.00512737 -0.02502077 -0.01914042 0.005625665 -0.02296572 -0.0243414 0.001144587 -0.01361066 -0.02931666 0.004547178 -0.03077042 -0.006528794 0.005732059 -0.004708468 0.03275477 0.001673161 -0.01072752 0.03043681 0.004696249 -0.008547067 0.03208941 0.001327991 7.51738e-4 0.03331178 2.34184e-4 0.003368139 0.03179115 0.004949092 2.75317e-4 0.03147661 0.005694568 0.008213579 0.03215837 0.001539528 0.01214599 0.03097081 -1.62283e-4 0.0116139 0.03028047 0.00386393 0.0156213 0.02792537 0.004560708 0.01855111 0.02532058 0.005688726 0.0282154 -0.01787745 -1.17301e-4 0.02236801 -0.02454835 0.00109893 0.02497482 -0.01855623 0.005732059 -0.01209902 0.02186381 0.003184556 -0.02095937 0.01731508 0.003625094 -0.02170199 0.02207678 0.004559338 -0.02978926 0.01445764 -0.004574596 -0.03175634 0.006575584 -5.80876e-4 -0.03283649 0.00350815 -0.01010727 -0.03113728 1.14998e-4 -0.01780563 -0.02739459 7.87409e-4 -0.01695871 -0.0223965 0.01551949 -0.01685076 -0.02495193 0.0186389 -0.01780837 -0.01899838 0.01633751 -0.01641523 -0.01351511 0.02183872 -0.01781398 -0.02817285 0.0168085 -0.01088762 -0.02303439 0.0237717 -0.007250607 -0.01721596 0.02787882 -0.01074701 -0.009917438 0.02525067 0.00368309 -0.01620018 0.02798712 -4.8716e-4 -0.01305866 0.02403271 -0.01705592 -0.007085561 0.02360695 -0.01708739 -0.00863415 0.02945637 -0.0177859 -0.009213685 0.03174531 -0.00736922 -0.001719951 0.02704536 -0.01682764 0.008265972 0.02408951 -0.01761335 0.006923139 0.02361422 -0.01641517 0.009457349 0.02526193 -0.01686221 0.01457226 0.02697861 -0.0177893 0.001505732 0.03073984 -0.01776802 -3.37875e-4 0.03302335 -0.004363477 0.008701622 0.03166979 -0.00980699 0.004377305 0.02532142 -0.01791775 0.01914066 0.01907712 -0.01690346 0.02527058 0.01754623 -0.01777988 0.01944738 0.02667593 -0.007056355 0.02474302 0.01048898 -0.01686251 0.01998901 0.01454824 -0.01641172 0.0228241 0.008693695 -0.01761633 -0.003470122 0.03074222 0.004562795 0.005970478 0.02665978 0.003486573 -8.39618e-4 0.02463066 0.00394231 0.01011759 0.03115576 -0.002995312 0.01175361 0.02828615 0.004555523 0.003745913 0.02544534 0.004826366 0.02267581 0.0102567 0.003183126 0.02501302 0.01050657 0.003677904 0.02540618 0.02062624 -0.003124952 0.02250754 0.02120852 0.004555761 0.0156992 0.02217668 0.003792762 0.01204907 0.02144509 0.003871619 0.0280146 0.01775038 -0.006982624 0.0316205 0.007730603 -0.01151973 0.03210568 -0.005133628 -0.01124423 0.02821797 -0.01684111 -0.01018786 0.03223937 0.00587666 -0.004375696 0.03259927 -0.003616452 -0.003121495 0.0288847 0.01030158 0.004541277 0.03049743 -0.01209408 -0.002796053 0.02666419 -0.01830995 -8.1217e-4 0.02198332 -0.02454584 -0.00564891 0.01583439 -0.02905046 -0.007253766 0.02815765 -0.01184779 0.004574775 0.03065061 7.48157e-4 0.004538714 0.02670395 -0.004300475 0.003652632 0.02369123 -0.00709331 0.00318551 0.02153652 -0.01641124 0.003584146 0.02045321 -0.02304458 0.004538297 0.01296854 -0.0239591 0.003687441 0.0186339 -0.01618826 0.003936231 0.00838989 -0.02327448 0.003185629 0.009872078 -0.02948933 0.004486501 -0.00617522 -0.03032302 0.004562139 -0.003978967 -0.02712255 0.003571212 -0.02500015 -0.011249 -0.01641666 -0.03291755 -0.004214644 -0.006322562 -0.03114706 -0.01040035 -0.002615332 -0.02712208 -0.01460373 0.004562556 -0.03090357 -0.00151956 0.004554152 -0.02656811 0.005791783 0.003713309 -0.0265482 -0.005518138 0.003668665 -0.02419918 0.006431102 0.003186941 -0.02836322 0.01168996 0.004572927 0.02261793 -0.02272129 0.004388451 0.01741135 0.02793759 0.001244127 0.01516127 0.03069972 -0.004966437 0.008499085 0.0325787 -0.002130806 -0.03204786 -0.01235049 -0.009642064 -0.008177995 -0.03287267 -0.01207625 -0.004755973 -0.03342628 -0.01181346 -0.004836976 -0.03209382 -0.01743167 -0.007739484 -0.03238445 -0.01421737 2.90683e-4 -0.0321564 -0.01793628 -7.02465e-4 -0.03338998 -0.01429539 -7.96994e-5 -0.0338689 -0.01200169 0.008806645 -0.03184026 -0.0149405 0.003116369 -0.03343784 -0.01269996 0.00904566 -0.03255093 -0.01199823 0.01080054 -0.03245568 -0.007705807 0.00589925 -0.03380811 -0.005479574 0.01185178 -0.03121435 -0.01451134 0.01782202 -0.02765464 -0.01461803 0.0232647 -0.02461403 -0.01192867 0.02244305 -0.02465879 -0.01432549 0.0214619 -0.02679705 -0.007949769 0.02530801 -0.01996368 -0.01806688 0.02799725 -0.01795899 -0.01455605 0.02715003 -0.01648652 -0.01816546 0.02945059 -0.01276969 -0.01806324 0.03160953 -0.01028758 -0.01456266 0.03223592 -0.009927332 -0.0119605 0.03304576 -0.006794869 -0.01196384 0.03371787 -0.004721045 -0.007699787 0.03388607 -0.004534602 -0.005612134 0.03240591 -0.006893277 -0.0141713 0.03325176 -0.002215027 -0.01312303 0.03411298 -3.36869e-4 -0.007194697 0.03349334 0.001522183 -0.01243031 0.03391236 0.003973364 -0.00777316 0.03303444 0.006705045 -0.01196819 0.0319277 0.008920788 -0.01444494 0.03179568 -0.002127647 -0.01806271 0.03020834 0.01462161 -0.01217919 0.03220385 0.01051795 -0.01102334 0.02980625 0.01658058 -0.008036613 0.02978485 0.01424479 -0.01527732 0.02800804 0.01756024 -0.01449066 0.03066438 0.009589314 -0.01760005 0.02351331 0.02319324 -0.01462155 0.02611082 0.02172499 -0.01166284 0.02341592 0.02471071 -0.007742345 0.0279892 0.01969635 -0.008049309 0.01957523 0.02688133 -0.01334142 0.02321839 0.02489382 -0.01152169 0.01717948 0.02799236 -0.01562941 0.03289413 0.00895816 -0.007797002 0.03381323 0.003931641 -0.005481481 0.03298097 0.009010434 -0.005262255 -0.01211553 -0.03006547 -0.01752865 -0.03210854 -0.001979827 -0.01790642 -0.02600485 0.02054226 0.001804828 -0.01451742 0.02799189 0.005626916 0.02603787 0.001146912 -0.01327663 0.02446371 -0.008496403 -0.01348114 0.0218963 -0.01042675 -0.005615711 0.0218963 -0.01042675 4.84282e-4 0.02509272 -0.007224798 -0.005895853 0.009076774 -0.02439826 -0.01315581 0.006799221 -0.02338224 -0.01171344 -8.98531e-4 -0.02306115 -0.01386564 -0.01262331 -0.01924651 -0.0138657 -1.00592e-4 -0.02278906 -0.006615698 -0.02002495 0.006119489 -0.01386529 -0.02249652 0.006783783 -0.01386576 0.01242208 -0.01924645 -0.0138657 -0.02188128 0.008077979 -0.01536542 -0.01108032 0.01989156 -0.01536041 -0.0129612 0.01903253 -0.01386564</float_array>
          <technique_common>
            <accessor source="#shape0-mesh-positions-array" count="769" stride="3">
              <param name="X" type="float"/>
              <param name="Y" type="float"/>
              <param name="Z" type="float"/>
            </accessor>
          </technique_common>
        </source>
        <source id="shape0-mesh-normals">
          <float_array id="shape0-mesh-normals-array" count="4872">0.9446635 -0.2768285 0.1760026 0.9925641 -0.1086428 0.05489325 0.9027057 -0.3487846 0.251936 0.8292067 -0.4634506 0.3124577 0.5899963 -0.1724893 0.7887661 0.9273758 -0.2457911 0.2820656 0.9297713 -0.2666858 0.2537798 0.9365218 -0.2621186 0.2328535 0.9493041 -0.03497761 0.3124074 -0.2672681 0.05023467 0.962312 -0.3302665 -0.06046515 -0.9419491 -0.2023635 -0.01909226 0.9791244 -0.1373035 -0.1026493 0.9851959 -0.1500508 -0.1373052 0.9790976 -0.2781989 -0.3897367 -0.8779014 -0.08275055 -0.1361013 0.9872329 -0.07531768 -0.1724455 0.9821354 -0.03959047 -0.1536738 0.9873282 -0.01268476 -0.1821162 0.9831953 0.1749907 -0.9550009 -0.2394819 0.02844482 -0.1333519 0.9906606 0.08404982 -0.1724646 0.9814233 0.6157844 -0.7878807 0.007316768 0.08137106 -0.0992586 0.9917291 0.1114702 -0.04551517 0.992725 0.1520624 -0.09143275 0.9841327 0.4524157 -0.1836458 -0.8726937 0.1462591 -0.003325819 0.9892408 0.05946773 0.07824426 0.9951591 -0.1138176 -0.2866635 0.9512463 -0.1296032 0.07206499 0.9889438 -0.1703009 0.05957108 0.9835898 0.232362 -0.0916115 -0.9683054 0.7136581 -0.3790607 -0.5890714 -0.07075792 0.2255394 0.9716611 0.9457715 -0.182957 -0.2684087 -0.1247888 0.0241397 0.9918897 -0.9588417 0.04428315 0.2804668 0.08566123 -0.003753066 0.9963173 -0.1694646 0.1598192 0.9724915 0.7930151 0.6063987 -0.05837732 0.8066977 0.5859661 -0.07669848 0.7957571 0.5981208 -0.09498578 0.8086146 0.5881586 -0.01455861 -0.007374167 0.05973583 -0.998187 -0.0334931 0.02942919 -0.9990056 0.7417792 -0.5223209 -0.4206477 0.9930084 0.07579332 -0.09049826 0.3218179 -0.9097101 -0.2624136 0.3251594 -0.9064346 -0.2695323 0.2937574 -0.8587636 -0.4197996 0.8039537 -0.5946897 0.001670658 -0.04180109 0.08126819 -0.9958154 0.03122597 0.04708153 -0.998403 0.8116346 -0.5710985 -0.1228649 0.8252174 -0.562196 -0.05433309 0.8066635 -0.5859503 -0.07717728 0.3480029 0.9322758 -0.09877121 0.1528586 0.9878234 0.02897113 -0.0376845 0.2604991 -0.9647384 0.09494686 -0.0557748 0.9939187 0.3012969 0.8483511 -0.4353398 0.5920106 -0.7112298 0.3790457 0.6903455 -0.7222798 0.04165345 0.0132994 -0.08432 0.9963501 -0.009448111 -0.009223997 0.9999129 0.1448107 0.141367 0.9793086 -0.03127074 -0.02410864 0.9992202 0.05989354 0.01148885 -0.9981387 0.02220773 -0.03664928 0.9990815 0.01382446 -0.01289099 0.9998214 -0.6760009 -0.7369007 -5.22501e-4 -0.6182056 -0.7387784 0.2683811 -0.02357441 0.04628753 -0.99865 -0.1474258 -0.005494415 -0.9890578 -0.03109747 0.640882 -0.7670093 0.7132608 0.6929026 -0.10557 0.5335912 0.8221088 0.1985388 -0.5240191 -0.8084593 0.2679508 -0.2330619 -0.05164223 0.9710898 0.9339552 0.05816137 0.352626 0.9918385 0.1257293 0.02118265 0.8386956 0.2145785 -0.5005456 0.5462607 0.6127231 -0.5711127 0.8083355 0.5307745 -0.2547001 -0.8065962 0.5859009 -0.07824814 -0.7925512 0.6070657 -0.05774074 -0.7953254 0.5979599 -0.09950697 -0.8085899 0.5882202 -0.01339179 0.0252152 0.03579413 -0.9990411 0.05023509 0.006276488 -0.9987177 -0.9538916 -0.01601392 -0.299724 -0.2875337 -0.9560145 -0.05797076 -0.2966486 -0.9489971 -0.1067903 0.8965478 -0.1049667 -0.4303302 -0.3083764 -0.9483293 -0.07467061 -0.3149347 -0.9490237 -0.01304912 0.1484089 0.1379265 -0.9792605 -0.5142921 -0.8575426 0.01116251 0.006504416 -0.02003556 -0.9997781 0.153684 -0.02803778 0.9877223 -0.01378071 0.002514123 0.9999019 0.1292726 0.9915959 -0.005111098 0.06356143 0.9445123 0.322268 -0.7261323 0.299216 0.6190329 0.1271396 0.1270814 -0.9837102 0.03887701 -0.01810264 -0.9990801 0.3132647 0.9423559 -0.1176034 0.3536049 -0.3465481 -0.8688315 0.6124771 0.7792888 -0.1325933 0.3086071 0.9490438 -0.06385612 0.3374551 0.9401295 -0.04775643 0.9723607 -0.2285358 0.04781299 0.9542121 -0.2985476 0.01867222 0.9941735 -0.03227895 -0.1028451 0.9899327 -0.114602 -0.08306372 1.18558e-4 5.3345e-4 -0.9999999 0.7764494 -0.3759394 0.505763 0.09481126 -0.1907138 0.9770563 -0.2458828 -0.1004183 -0.964084 -0.9805224 -0.1680821 -0.1016091 -0.9982314 -0.02546024 -0.05372154 -0.9976736 0 -0.06817132 -0.9928197 -0.004308462 -0.1195434 -0.7353584 0.5491501 -0.3970925 -0.3221756 0.87506 -0.3612104 -0.8241735 0.5520494 -0.1264101 -0.5817164 0.7487191 -0.3178457 -0.1957798 0.9797347 -0.04231327 -0.8891236 0.3373268 -0.3093056 -0.211587 -0.1853161 -0.9596296 0.2734335 -0.05375474 -0.9603878 -0.1745065 0.5616214 -0.8087824 -0.1845919 0.05583029 -0.9812282 -0.9817346 0.186573 -0.03725218 -0.4198889 -0.3597764 -0.8332192 -0.4711881 -0.8804067 0.05353266 -0.563752 -0.8258346 0.01345008 -0.06740581 -0.1282432 -0.9894494 0.1193171 -0.3547533 -0.9273152 0.6899963 -0.7212937 -0.060337 0.9394499 -0.3313269 0.08750164 0.2684401 -0.09510737 -0.9585899 0.1482408 -0.03282892 -0.9884063 0.8562399 0.5127525 -0.0627557 0.003042697 0.001823246 -0.9999938 0.4965643 -0.866405 -0.05259782 -0.8817636 0.4684763 0.05498284 2.50824e-5 -4.92725e-6 -1 0.9538363 0.2974733 0.04130548 0.06472307 0.9897229 -0.1275137 4.00373e-7 0.9906249 -0.1366108 -0.8433501 0.5359594 0.03883522 -0.7276068 0.5882614 0.352898 5.81975e-4 -0.001115739 -0.9999992 1.73579e-4 -1.81221e-4 -1 -2.97306e-4 -4.36316e-4 -1 -1.2952e-4 8.83759e-5 -1 -0.1091654 0.05947816 -0.9922425 -0.07883018 0.9962469 -0.0357474 -9.83457e-5 0.001244068 -0.9999993 -6.97172e-4 -3.43406e-4 -0.9999998 -0.01871192 -0.7963998 0.604481 0.1397497 0.178237 -0.9740132 0.03381943 0.112437 -0.9930832 0.2917466 0.9549366 0.05459076 -0.1172426 0.379579 -0.9177005 -3.99016e-7 -0.9905115 -0.1374303 -0.4742542 -0.8785202 -0.05731666 -0.03631305 0.9632622 -0.2660967 0.2520813 0.8677973 -0.4282324 -0.05123871 -0.02186459 0.9984471 -0.2872529 -0.1386892 0.9477611 0.02665686 0.01287156 0.9995619 0.4788127 -0.8777077 0.01917934 0.5035198 -0.8017474 0.3219767 -0.0527364 -0.007429718 -0.9985808 -0.05331176 -7.61044e-5 -0.998578 0.309507 -0.9508289 -0.01140809 0.2924971 -0.9514101 -0.09625166 0.9128922 0.01143866 -0.4080408 0.3083794 -0.9483383 -0.07454246 0.2846841 -0.956983 -0.05602282 -0.9928546 0.04088097 -0.1121093 -0.9437437 -0.3303899 0.01379352 -0.3086308 0.9491167 -0.06264787 -0.3337743 0.9413807 -0.04896205 -0.4061982 -0.4036191 -0.8198139 -0.7402047 -0.3473445 0.575716 -0.6254633 0.7692257 -0.1307192 -0.3041133 0.9439139 -0.1286149 -0.07798606 0.07098776 -0.994424 -0.1562179 -0.11167 0.9813898 0.02848094 0.006274819 0.9995747 0.03421175 0.1246557 0.9916101 0.9876685 0.1563031 -0.008967101 0.972389 0.2326259 -0.01857024 0.9725233 0.2311358 -0.02783161 -0.02233189 -0.1017165 0.9945628 0.002894461 0.01318371 0.999909 -0.06029123 0.06231766 0.9962337 -0.04868227 0.952418 0.3008823 -0.8852291 0.222676 0.4083932 -0.9829098 0.1718201 0.06607794 0.001719832 -0.05454552 -0.9985099 0.01182413 -0.01271736 0.9998493 -0.5813722 0.6252695 -0.5206193 0.01163524 -0.01078468 0.9998742 -0.9328805 0.3126299 0.1788761 -0.8611276 -0.256643 0.438855 -0.8886634 -0.2289787 0.3972988 -0.06742525 -0.007049202 0.9976994 -0.02112799 0.02238076 0.9995263 0.01642882 0.02817726 0.9994679 0.847954 0.4931963 0.1942455 0.3952559 0.7873794 0.473082 0.3584713 0.8348451 0.4177704 -0.395747 0.8726183 0.2862197 -0.5320358 0.6804205 0.5039504 0.07606911 -0.9650093 0.2509394 -0.5887776 -0.7564694 0.284772 -0.3575112 -0.8143305 0.4572215 0.009869813 -0.01287215 0.9998685 0.7247219 0.6336101 0.2707704 -0.8961245 0.3859013 -0.2191828 -0.6694152 -0.7407029 -0.05694425 0.2732113 -0.9610407 0.04191011 0.4027359 -0.4922646 0.7716731 -0.653743 -0.3721971 0.6588547 -0.4790714 0.608998 0.6321489 -0.1676298 0.9799548 -0.1076521 -0.02560484 0.006035327 0.999654 0.01727747 -0.001837313 0.9998492 0.9274095 -0.2924042 -0.2332628 0.01485234 3.70563e-4 0.9998897 0.01159024 -0.02997499 0.9994835 0.8993222 -0.08693289 0.4285586 0.8972243 -0.08970063 0.4323685 0.6549679 -0.7138371 0.2478985 0.3838336 -0.8077062 0.4475293 0.01036727 4.06201e-4 0.9999462 -0.006974399 -0.01243436 0.9998984 0.02457845 0.001225471 0.9996972 0.01147067 0.008523523 0.999898 -0.03178656 -0.0106005 0.9994385 0.170813 -0.09821629 -0.9803961 0.6745852 0.6346852 0.3769742 0.01592129 0.01293438 0.9997896 -0.02542108 0.004980087 0.9996645 0.85582 -0.1676602 -0.489349 -0.001605272 -0.01915466 0.9998153 0.3999618 -0.9140854 0.0669232 0.3745186 -0.9130397 0.1615375 0.04774051 -0.119068 0.9917378 0.8164957 -0.576113 -0.03779774 0.8300061 -0.5572505 0.02370506 -0.1245443 0.08362662 0.9886837 0.1087793 -0.01074278 0.994008 0.1306757 0.9914128 -0.004970073 0.966824 -0.2030165 0.155035 0.9688032 -0.2408022 0.05860579 0.05946195 0.004254937 0.9982216 0.9380297 0.007452368 0.3464748 0.9554736 0.2261686 -0.1895204 0.7915599 0.5871409 0.1694067 0.03755247 0.02797704 0.998903 0.02009832 0.07949727 0.9966325 -0.1682848 -0.9775125 -0.1270817 -0.2725808 -0.1374847 -0.9522593 -0.07993817 -0.8480647 0.5238286 0.01208049 0.1281626 0.9916796 0.07306361 -0.678285 -0.7311574 -0.005316019 0.07802164 0.9969376 -0.08361822 -0.9914023 0.1006458 0.3313365 -0.7829256 -0.5265394 -0.1349195 0.1753626 0.9752152 0.6365985 -0.2622429 -0.7252386 0.5673927 -0.4752183 0.6724828 -0.1319181 0.02355957 0.9909807 0.2423197 -0.1100843 0.9639309 0.4315607 -0.7286873 0.5317615 0.1048233 -0.09126836 0.990294 0.2375371 -0.7302433 -0.640563 0.1372594 -0.9905039 0.007870614 0.02853381 -0.2059085 -0.9781553 -0.04033094 -0.9325007 -0.3589093 -0.4579293 -0.8889864 0.002076506 -0.5067433 -0.8328778 -0.222544 7.16538e-4 0.001274347 -0.9999989 -0.5303187 -0.7775861 -0.3378198 -0.5639167 -0.795744 -0.2208838 0.01051902 0.07375633 0.9972208 -0.03942883 -0.04607915 0.9981594 0.05113446 -0.9745755 0.2181465 -0.1682476 -0.9784786 0.1194674 -0.2562289 -0.931397 -0.2585467 -0.5974924 -0.7964391 -0.09320753 -0.7003821 -0.6380276 0.3199776 -0.8536611 -0.5161985 -0.06929665 -0.01162827 0.04650413 0.9988504 -0.957702 -0.2762041 0.08073586 -0.9874292 -0.1333604 -0.08484536 0.4450824 -0.894787 0.03546845 0.8700757 0.2173665 0.4424028 -0.07767421 0.9969779 0.001372456 -0.1451588 0.8321921 -0.5351498 0.09966725 0.2627049 0.9597148 -0.03260171 -0.003916203 -0.9994608 0.7319183 0.5762891 -0.3635749 0.759141 0.4810361 -0.4385306 -0.06112194 -0.3543981 0.933095 0.03732484 0.3798919 0.9242776 0.4950293 0.7117782 -0.498315 -0.04540628 -0.05809646 0.9972779 0.709974 0.491158 0.504679 0.06668984 -0.03125262 0.9972842 0.1783357 0.1082022 0.9780025 -0.07446867 -0.01067036 0.9971663 0.1628438 0.1361027 0.9772196 0.9551151 0.1643497 -0.2464636 -0.2105352 0.03877556 -0.976817 0.4161233 0.04967749 -0.9079503 0.979224 0.08322876 0.184915 0.7741751 0.6326416 -0.02043896 0.7888665 0.3138732 -0.5283685 0.6108521 0.4863932 -0.6247252 0.1472991 0.06928902 -0.986662 0.3587609 0.8076405 -0.4679824 0.1018403 0.2292629 -0.9680223 0.515653 0.8475219 -0.1257324 0.06815165 0.3401122 -0.9379122 0.118139 0.5437333 0.8309016 0.06965291 -0.02190101 0.9973309 -0.0342366 0.9990245 -0.02789616 -0.1779097 0.8130868 -0.5542906 0.02981001 -0.07046413 0.9970689 -0.4076216 0.7043209 0.5811858 -0.06935757 0.603328 -0.7944715 0.06481325 -0.1119905 0.9915934 0.07604515 -0.04812675 0.9959422 -0.4933487 0.7471525 -0.4453879 -0.06970483 -0.007986247 0.9975357 -0.7925822 0.4441546 0.4177802 -0.08470332 0.02043467 0.9961966 -0.1423171 0.005226671 0.9898073 -0.5292991 0.02769333 0.8479833 -0.53967 -0.2248304 0.8113 -0.1262444 -0.04673194 0.9908979 -0.09194415 -0.02115052 0.9955396 0.5205463 0.4642137 -0.7166153 -0.8875061 -0.4410666 -0.1333909 -0.9182646 -0.3802779 0.110358 -0.5041612 -0.2087337 -0.8380046 0.1219548 -0.03892374 -0.9917721 -0.5269355 -0.09487956 -0.8445928 -0.9782099 0.1026268 -0.1804807 -0.53505 -0.08610731 -0.8404208 0.009788751 0.09928703 -0.9950107 -0.9179641 0.2362304 0.318649 -0.2990716 0.07687175 -0.9511294 0.6657847 -0.4526163 -0.5931858 -0.4314523 0.6536198 -0.6217959 -0.5759022 0.6774058 -0.4576659 -0.5148 0.8505866 -0.1071618 -0.1805485 0.298314 -0.9372359 -0.005216896 0.9997709 0.02076107 0 0 -1 0.004486501 -0.01531857 -0.9998727 9.90942e-4 0.9999918 -0.003941476 0.1882148 0.6320836 -0.7516952 0.1168122 0.323813 0.9388824 0.2834354 0.8092522 -0.5145633 0.02961015 0.09101217 -0.9954095 0.2854707 0.8774396 0.3854951 0.1309778 0.9059455 -0.4026258 -0.07683122 0.8182498 0.5697056 -0.3964236 0.9145792 0.07995891 -0.3866249 0.8929986 -0.2303799 -0.3853532 0.8890404 -0.2472047 -0.5688266 0.819497 -0.06972175 -0.3739646 0.60934 0.6991819 -0.8473179 0.5307095 0.01999521 -0.5414659 0.3390426 -0.7693275 -0.8134063 0.5670533 -0.1296949 -0.5068678 0.3558989 0.7851249 -0.2397651 0.1554954 -0.9582975 -0.08691889 0.08020353 -0.9929817 -0.7194442 0.6638603 0.2041802 -0.3739649 0.6093405 0.6991813 -0.3866248 0.8929978 -0.2303831 -0.3853552 0.8890442 -0.247188 -0.233069 0.9496428 -0.2094214 -3.71887e-4 0.001518189 0.9999988 -0.2652726 0.60286 0.7524562 0.2413043 0.9403592 0.2397854 -0.3197262 0.7376326 -0.5947043 -0.02733469 0.3499329 0.9363759 0.07763552 -0.9878169 0.1348723 0.0915609 0.9514984 0.2937133 9.8121e-6 0.1654734 -0.9862143 -0.03263241 0.05568176 -0.9979152 -0.05218374 0.04883056 -0.997443 -0.1653882 0.006653547 -0.9862062 -0.8187292 0.565106 0.1016747 0.03479355 0.009206235 -0.9993522 0.05636447 -0.01564228 -0.9982877 -0.9744703 0.1418138 0.1740589 -0.9991554 0.003993213 -0.04089653 -0.7451999 -0.1289156 -0.6542614 -0.7772625 -0.009321391 0.6291075 -0.03614521 -0.05271863 -0.9979552 -0.9722235 0.06524115 -0.2247776 1.5839e-7 0 1 0.006423473 7.0654e-4 0.9999792 -0.3519424 -0.004815518 -0.9360094 -0.5761154 -0.02217662 0.8170675 -0.9681431 -0.03289628 -0.2482273 -0.1964823 -0.2259808 0.9541108 -0.07524031 -0.1236642 0.9894676 -0.1036971 -0.8178469 0.5660154 -0.08740067 -0.6776334 0.7301878 -0.008059084 -0.1863318 0.9824538 0.05436909 -0.1094037 0.9925094 0.4244063 -0.8540051 -0.3009229 0.594758 -0.794766 0.1208721 0.06817138 -0.09109646 -0.993506 0.4512985 -0.4454826 -0.7732238 0.9193188 -0.3624512 -0.1532391 0.8097595 -0.4029787 -0.426495 0.09116494 -0.04536873 0.9948018 0.9366884 -0.1689226 -0.3067249 0.5342206 -0.1467442 0.832511 0.9924351 -0.03408855 0.1179435 0.4990337 -0.01963716 -0.8663601 0.8865388 -0.256422 -0.3850933 0.355405 -0.2660461 -0.8960506 0.5630159 -0.8194176 0.1075544 0.4024937 -0.8647755 -0.3002704 0.2280719 -0.9691168 0.093786 0.09424227 -0.5325466 -0.8411376 -0.1175175 -0.9005379 -0.4185944 -0.4207207 -0.8609485 0.2859405 -0.1912066 -0.4735395 -0.8597676 -0.8095089 -0.5651872 -0.1589305 -0.4179931 -0.2941204 -0.8595203 -0.5430608 -0.6061635 -0.5810773 -0.7994449 -0.6007332 -0.002774119 -0.3956227 -0.2962971 0.8693047 -0.6692572 -0.3705409 0.6440453 -0.5233307 -0.8476801 0.08696824 -0.01625883 -0.4386081 0.8985314 -0.08938539 -0.6907806 0.7175183 0.2453117 -0.5854623 0.7726941 0.2368285 -0.5089928 0.8275499 0.5629293 -0.5156534 0.6459196 0.4359536 -0.3066133 0.8461282 0.8095088 -0.5651928 0.1589115 0.7994443 -0.6007341 0.00277251 0.8924403 -0.2519307 0.3742744 0.9389004 -0.1698766 0.299346 0.1696402 -0.03069317 -0.985028 0.2533887 -0.06606417 -0.9651061 0.7981567 -0.5561273 -0.2316645 0.1574267 -0.1645613 -0.973723 0.1840623 -0.1830111 -0.9657267 0.1460484 -0.2829757 -0.9479424 0.4174575 -0.8969514 -0.1456278 0.2341334 -0.9458766 0.2247201 0.02946484 -0.1190367 -0.9924526 -7.46399e-4 -0.3042346 -0.952597 -0.1212021 -0.9292389 -0.3490346 -0.3874958 -0.8194312 0.4223502 -0.0417791 -0.08834892 -0.9952131 -0.1544076 -0.235815 -0.9594528 -0.7568515 -0.5690889 -0.3214243 -0.8854864 -0.4009283 0.2348841 -0.1510164 -0.06837695 -0.9861637 -0.2237983 -0.1204953 -0.9671583 -0.6692571 -0.3705413 0.6440451 -0.3956232 -0.2962974 0.8693045 -0.5233307 -0.8476801 0.08696925 -0.01625943 -0.4386097 0.8985306 -0.0893858 -0.6907817 0.7175171 0.2453132 -0.5854648 0.7726918 0.2368294 -0.508993 0.8275495 0.1460465 -0.2829741 -0.9479432 0.4289342 -0.9028629 -0.02922612 0.2187147 -0.8835868 0.4140514 0.02946507 -0.1190379 -0.9924525 -7.45803e-4 -0.3042343 -0.952597 -0.1367936 -0.9871362 -0.08276277 -0.3900495 -0.8248305 0.4092873 -0.04177844 -0.08834797 -0.9952132 -0.585084 -0.8081434 -0.06768363 -0.1544075 -0.2358148 -0.9594528 -0.803659 -0.5946323 -0.02334326 -0.8024877 -0.3633483 0.4732775 -0.1510167 -0.06837689 -0.9861636 -0.2237985 -0.1204953 -0.9671583 -0.8326299 -0.4407306 -0.3353867 -0.6199865 -0.4208587 0.6621893 0.003665685 0.002711653 0.9999897 0.4572844 0.3806292 0.803749 -0.2465975 -0.4437651 0.8615465 -0.4246409 -0.3798489 0.8218243 -0.270984 -0.7506976 0.6025122 -0.3427652 -0.5389964 -0.7694121 -0.1263796 -0.1745609 0.9765023 -0.3050881 -0.7696905 0.5608012 0.07454562 -0.9962943 -0.04290336 -0.03738099 -0.2697588 0.9622021 -0.07634776 -0.6628147 0.744881 0.2822985 -0.2690533 0.9208246 0.07844763 -0.8322641 -0.548801 0.2576318 -0.7867264 0.5609701 0.09906131 -0.2085145 0.9729895 0.2494416 -0.0236774 -0.9681004 0.1840608 -0.1830098 -0.9657273 0.6798437 -0.6759603 0.2844122 0.1574263 -0.1645611 -0.9737232 0.5629289 -0.5156529 0.6459204 0.435954 -0.3066138 0.8461277 0.8924405 -0.2519308 0.374274 0.9972724 -0.0479393 0.05612069 0.9103326 -0.1647078 0.379692 0.1696396 -0.03069317 -0.9850281 0.2533884 -0.06606411 -0.9651061 0.8191052 -0.5444716 -0.1806036 0.08001643 -0.05318808 0.9953735 0.7202511 -0.565714 0.4015047 0.4695941 -0.8024671 -0.3681413 -0.08447861 0.02387827 0.9961392 0.9353277 -0.3525446 -0.02956998 -0.0053761 0.001519381 0.9999844 0.7912353 -0.1435505 -0.5944242 0.9482082 -0.2652624 -0.1747487 0.9512606 -0.1937724 0.2399072 -0.006649494 3.19584e-4 0.9999778 0.7427334 0.113267 0.6599376 -0.06524688 0.004181146 -0.9978605 -0.1254753 0.03510153 -0.9914756 -0.08066374 0.03031331 -0.9962804 -0.0625087 0.06681317 -0.9958056 -0.08505725 0.1145018 -0.9897751 -0.01770311 0.08759474 -0.9959989 0.1388737 0.1776051 -0.9742538 -0.08132141 -0.06969565 -0.9942482 -0.1250057 -0.06192177 -0.9902219 -0.1934714 -0.03196156 -0.9805853 -0.1589289 -0.07252967 -0.9846224 0.004785656 0.07613551 -0.9970861 -0.01170796 0.12421 -0.992187 0.5923134 -0.7973545 0.1157175 -0.2760714 0.03938215 -0.96033 0.7529312 0.3410891 -0.562808 -0.07732349 -0.03502863 -0.9963906 0.6989315 0.5689361 0.4333665 -0.239471 -0.07808041 -0.9677588 0.5300691 0.6018005 0.5973801 -0.05869507 -0.05299818 -0.9968682 0.345335 0.6727837 -0.6542981 -0.05075937 0.01171159 -0.9986423 0.05472111 0.1106028 -0.9923572 -0.02657634 0.1092432 0.9936597 0.3091381 0.9501857 0.03976178 0.3247315 0.9346073 0.1451166 0.1062821 0.3058897 0.9461161 0.02960991 0.09101235 -0.9954094 0.1309779 0.9059481 -0.4026201 -0.07683104 0.8182482 0.5697078 0.2141941 0.4345403 0.8748118 0.4881349 0.855343 -0.1735304 0.3061683 0.2964841 -0.9046316 0.6492856 0.6388115 0.4127327 0.4908283 0.8638888 -0.1130649 0.2141929 0.4345405 0.874812 0.4189962 0.9002577 0.11823 0.2663526 0.5724183 -0.7754958 0.06451451 0.1060349 0.9922674 0.2719663 0.225248 0.9355735 0.1430276 0.05690729 0.9880813 0.2824164 0.07952815 0.9559898 0.8895742 0.2486523 -0.3831838 0.9924358 0.03408527 -0.1179385 0.4990349 0.0196349 0.8663594 0.8243323 0.2059387 0.5273191 0.4812436 0.1086781 -0.8698241 0.4803748 0.3007715 0.823879 0.847318 0.5307094 -0.01999694 0.4249297 0.298943 -0.85444 0.813405 0.5670548 0.1296963 0.8496913 0.4920692 0.1894538 0.0907765 0.05256998 -0.9944828 0.8449886 0.5292376 0.07682347 0.4803753 0.300772 0.8238785 0.8556548 0.4955225 0.1493732 0.8769462 0.4788187 0.04120928 0.09077608 0.05256992 -0.9944828 0.3061681 0.2964846 -0.9046314 -0.008045971 -0.007788717 0.9999374 0.649285 0.6388105 0.4127351 -3.58828e-7 -1.89205e-7 1 0.7473171 0.1225003 0.6530781 0.4570873 0.1087056 0.8827539 0.4812434 0.1086779 -0.8698241 0.8243328 0.2059389 0.5273185 0.9673193 0.03285485 -0.2514243 0.4990353 0.01963502 0.8663592 0.5502884 0.497521 -0.6705636 0.5335437 0.5850747 0.6107527 0.1028467 0.2537267 0.9617928 0.13206 0.2760496 0.9520278 -0.3953672 -0.831588 0.3900592 0.3274155 -0.9315604 -0.158096 -0.294741 0.02079206 -0.955351 0.3575954 -0.04085487 0.9329826 0.5914323 -0.1812318 0.7857245 -0.192799 0.02325576 0.9809627 0.5467693 -0.26907 0.7928712 0.348362 -0.3273448 -0.8783447 0.1028973 -0.05047768 0.9934104 0.157844 -0.09799683 -0.9825894 -0.4395962 0.4315234 0.7877454 -0.1880287 0.1158179 -0.9753109 -0.1724935 0.04923099 -0.9837797 -0.1585934 0.04867744 -0.9861434 -0.2462216 0.1340177 -0.9599032 -0.06275665 0.09387427 -0.9936043 -0.06942141 0.1166726 -0.9907412 0.4752494 -0.646484 0.596822 0.1624566 -0.5673984 0.807259 0.1169768 -0.9461396 -0.301888 -0.07155197 -0.9882841 -0.1348142 -0.07504761 -0.9890965 -0.1267117 -0.0514357 -0.9986708 0.00331664 -0.359702 -0.8554461 -0.3725943 -0.4464945 -0.8631691 -0.2357577 0.07239377 0.09520792 -0.9928216 0.0825892 0.2007955 -0.9761456 0.1795797 0.3454853 0.9210815 -0.01622092 -0.2668675 -0.9635967 -0.2019285 -0.7351444 -0.647138 -0.07866001 -0.461031 0.8838909 -0.05876559 -0.2387166 0.9693096 0.1184089 -0.4626437 0.8786013 -0.08447515 0.2435413 -0.9662048 0.01290446 0.2135148 -0.9768547 0.6033526 0.107806 0.7901542 -0.495784 -0.5966314 0.6310542 -0.2708275 -0.3851096 0.8822375 -0.6976695 -0.433902 0.5700759 -0.366014 -0.1116705 0.9238851 0.3982654 0.3603425 -0.8435271 -0.2758176 -0.2496742 -0.9282174 -0.1490545 -0.1643642 -0.9750729 -0.416202 -0.9071667 -0.06184184 -0.6343876 -0.768232 0.08586001 -0.7562384 -0.6530272 -0.04072993 -0.7789665 -0.599481 -0.1839399 -0.6679988 -0.6574735 -0.3485776 -0.8519311 -0.489417 -0.1862379 -0.6233853 -0.7454469 0.2360082 0.1847462 0.1707691 0.9678362 -0.3713409 -0.3601706 -0.8557938 0.08482849 0.08241337 0.9929815 0.1197819 0.1029654 0.9874465 0.02014422 0.925728 -0.3776531 0.2373187 0.9337916 -0.267793 -0.07148772 0.9312107 -0.357402 0.166314 0.9366429 -0.3082851 0.367637 0.8977721 -0.2425865 0.3595259 0.8911731 -0.2766798 0.3282922 0.9378453 -0.1125633 0.3509592 0.9360699 0.0245161 0.367554 0.9300013 0.001343429 0.2773854 0.9507123 -0.1385768 0.1956163 0.9736193 -0.1174732 0.2078242 0.9719613 -0.1100026 0.09904831 0.9892389 -0.1076844 -0.4499411 0.02581322 0.8926851 0.3607041 -0.1248843 -0.9242816 0.1048426 0.9913048 -0.07951653 0.4224631 0.6885797 0.589392 -0.1105992 0.9925044 -0.05198913 -0.2389133 0.9346088 -0.2634897 -0.0868687 0.9953407 -0.04184192 -0.2999419 0.8929051 -0.3357908 -0.1364607 0.9370353 -0.3214709 -0.3448107 0.9189494 -0.1914099 -0.2977341 0.9081612 -0.2942752 -0.2896842 0.9565218 -0.033899 -0.3456754 0.9348511 -0.08100575 -0.3311603 0.9391138 0.09164172 -0.3012906 0.9480469 0.1021338 -0.4663732 0.8657912 0.1813881 -0.5064114 0.8511209 0.1383503 -0.4345149 0.887291 -0.1546341 -0.4181163 0.9082162 -0.01795238 -0.4867218 0.8211011 -0.2981525 -0.5543198 0.8071063 -0.2032463 -0.5262537 0.7706947 -0.3592864 -0.5435971 0.7729352 -0.327221 -0.5956112 0.7995918 -0.07681328 -0.5260043 0.8439596 -0.105128 -0.6764128 0.7284314 -0.108874 -0.6692409 0.7154746 -0.2005314 -0.7533248 0.6490437 -0.1060388 -0.7567038 0.6454903 0.1036427 -0.8099076 0.5843276 0.0510984 -0.8101253 0.5688817 0.1416716 -0.8702179 0.4889844 0.06012541 -0.8437617 0.5328903 -0.06398653 -0.8459172 0.529502 -0.06365472 -0.9578441 0.2872889 -5.1686e-5 -0.9715711 0.2177371 -0.09295296 -0.8316004 0.340781 -0.4385306 -0.9144037 0.3786848 -0.1430518 -0.9585871 0.2795852 -0.0542497 -0.9197991 0.3035814 -0.2486122 -0.8376882 0.4221423 -0.3465179 -0.7399984 0.2694314 -0.6162866 -0.9410179 0.3291784 -0.07827478 -0.955243 0.1400247 -0.2605838 -0.9987969 0.04809892 0.009549319 -0.9952927 -0.03336596 -0.09099072 -0.9610964 -0.06106001 -0.2693802 -0.9408683 -0.0551356 -0.3342559 -0.9770006 0.02537029 -0.2117218 -0.8654455 -0.1905305 -0.4633597 -0.8569384 -0.2885797 -0.4270577 -0.9468776 -0.2639479 -0.1837236 -0.9470211 -0.2563436 -0.1934915 -0.9570257 -0.2565128 -0.135289 -0.9199703 -0.3826433 -0.0850808 -0.8951061 -0.4364151 -0.09125185 -0.8923203 -0.3772614 -0.2478676 -0.9029446 -0.4221486 -0.08050954 -0.9131551 -0.3971395 -0.09180438 -0.8935759 -0.3916571 -0.2193785 -0.869516 -0.4386797 -0.2269406 -0.3959996 -0.6591311 -0.6393204 -0.6504142 -0.4755544 -0.5922917 -0.5316058 -0.8185949 -0.2174801 -0.8367351 -0.5303909 -0.1362349 -0.8347714 -0.4856151 -0.2594895 -0.5889354 -0.7539592 -0.291034 -0.6360325 -0.7551651 -0.1587086 -0.6002837 -0.7860038 0.1478433 -0.6184852 -0.7796998 0.09769576 -0.5697683 -0.7942785 0.2109169 -0.3692712 -0.8769177 0.3076593 -0.3644526 -0.884486 0.2913057 -0.3523628 -0.9358163 0.009400725 -0.3820766 -0.9160307 0.1220872 -0.3776645 -0.9247792 -0.04640203 -0.1783443 -0.9766464 0.1198128 -0.298263 -0.9387387 0.1726527 -0.3718348 -0.9175245 0.1410242 -0.2840856 -0.9247466 0.2532571 -0.2841911 -0.9135796 0.2908744 -0.111738 -0.9347115 0.3373858 0.3976178 -0.6318687 0.6653136 0.6298912 -0.1732507 0.7571139 0.2550174 -0.2562035 0.9323766 0.09663391 -0.7131788 0.6942896 0.7693477 -0.5486708 0.3272073 0.749556 -0.5734553 0.3306281 0.5925004 -0.620215 0.5140784 0.75902 -0.6337793 0.1490385 0.5935623 -0.6624776 0.4569544 0.5707368 -0.804444 0.16471 0.689661 -0.7224547 0.0492649 0.7502874 -0.6488282 0.1268497 0.7722687 -0.6246161 0.1160002 0.7803207 -0.6209576 -0.0742377 0.7880553 -0.6146395 -0.03445661 0.7971003 -0.5533683 -0.2416918 0.8057854 -0.5537015 -0.2100586 0.8071276 -0.5406504 -0.2371545 0.7118411 -0.6692302 -0.213104 0.695446 -0.6783078 -0.2371782 0.631701 -0.739972 -0.2310745 0.5705683 -0.8027566 -0.173303 0.467131 -0.482052 -0.7412251 0.6855824 -0.7266122 -0.04484945 0.7324325 -0.6769199 -0.07295256 0.7873527 -0.6155942 -0.03346163 0.6043753 -0.7962871 0.02564013 0.5345778 -0.8107305 0.2386266 0.3649047 -0.881897 0.2985002 0.3388314 -0.9284537 0.1522073 0.3714178 -0.8846965 0.2817109 0.2818497 -0.9559423 0.08206856 0.3015022 -0.9441887 0.1326808 0.3566107 -0.9264788 0.1202738 0.2882252 -0.9150139 0.282269 0.03741759 -0.9138944 0.404224 0.04733806 -0.9796964 0.1948183 0.05675661 -0.9936366 0.09728956 0.08463996 -0.9947845 0.05692017 -0.1176941 -0.9918416 0.04897183 -0.2117249 -0.931367 0.2961893 -0.1619675 -0.97823 0.129741 -0.130571 -0.9840259 0.1210139 -0.1133235 -0.9724283 -0.2038165 0.02426671 -0.9867854 -0.1602051 0.1862965 -0.9795714 -0.07572019 0.1946432 -0.9777709 -0.07796388 0.4165849 -0.9013149 -0.1186956 0.3745514 -0.921959 -0.09850358 0.5031031 -0.8583654 -0.1004798 0.6101351 -0.7921669 -0.01438665 0.4837816 -0.870551 -0.08997994 0.4224873 -0.8475059 -0.3213073 0.4643552 -0.8336298 -0.299058 0.6604174 -0.624695 -0.4166596 0.9526971 0.07817232 -0.2936959 0.9888375 0.1193733 -0.0891655 0.9906677 0.1075723 -0.08370125 0.991267 -0.004877924 -0.13178 0.991561 -0.09165239 -0.09168821 0.9796978 -0.1776947 -0.09282737 0.9302483 -0.2214142 -0.2925986 0.8888804 -0.3069082 -0.3401459 0.900174 -0.2725568 -0.3397052 0.8735711 -0.3283069 -0.3592883 0.8684899 -0.4079202 -0.2816494 0.9391201 -0.3228123 -0.1176686 0.9155594 -0.4016944 -0.01981335 0.8688101 -0.4907317 -0.06596744 0.8908425 -0.4473961 -0.07897228 0.8605774 -0.4884095 0.1444398 0.9313731 -0.3289799 0.1559368 0.8591907 -0.482158 0.171217 0.8913176 -0.4405191 0.1072189 0.873879 -0.484481 0.04017108 0.9440538 -0.3297875 0.001644313 0.9334052 -0.3238394 0.1545411 -0.3480613 0.9301086 -0.1172661 0.763634 -0.5190371 0.3840101 0.7979891 -0.4863979 0.3558517 0.7680169 -0.6234013 0.1467009 0.9429123 -0.3329688 0.006942749 0.9663858 -0.1896045 -0.1736339 0.9868904 -0.0903865 -0.1337071 0.9949315 -0.06476783 0.07691955 0.991237 0.07589608 0.1081168 0.9659528 0.08163756 0.2455008 0.9663158 0.08027327 0.2445198 0.6760797 0.1946398 0.7106558 0.9425889 0.2533687 0.2175559 0.8220654 0.417056 0.3876504 0.9431247 0.2354197 0.2347202 -0.3140612 0.1747891 0.9331744 0.1669815 -0.1869329 0.9680772 -0.1158484 -0.2902403 0.9499157 -0.4978168 -0.1896506 0.8462926 -0.6948955 0.05726784 0.7168269 -0.3340047 0.1812969 0.9249715 0.02065247 0.6035333 0.7970703 0.3486858 0.1813947 0.9195185 0.2434583 0.6030695 0.7596284 0.5469768 0.7348925 0.4009357 0.4611245 0.8611948 0.2137936 0.7016433 0.686459 0.1909737 0.673158 0.6886614 0.2694509 0.7197376 0.5717699 0.3937729 0.9097157 0.3875754 0.1490055 0.7898332 0.5526933 0.265883 0.7445416 0.5604655 0.3626793 0.7975631 0.469386 0.3789066 0.8674288 0.4818357 0.1241041 0.9163845 0.3342784 0.2202219 0.8193691 0.5732416 0.00531429 0.8615788 0.4788247 0.1685493 0.8161403 0.5703916 0.09256696 0.7982152 0.5907957 0.1175293 0.6912949 0.7121698 0.1221706 0.6960108 0.7066214 0.1274963 0.5812056 0.8129567 0.03607708 0.5697382 0.819972 0.05517572 0.5206789 0.8304408 0.198146 0.5203521 0.8450722 0.1228287 0.4937473 0.8637677 0.1005933 0.4814263 0.8760865 0.0264846 0.492271 0.8690208 0.0497213 0.4537362 0.8700962 -0.1924999 0.5034531 0.8228811 -0.2634422 0.5589548 0.8212067 -0.1148445 0.4912538 0.8609535 -0.1320182 0.6463526 0.7328272 -0.2125855 0.6915025 0.7059332 -0.1532406 0.7927473 0.5528336 -0.2567625 0.7404391 0.6697175 -0.05681955 0.7391334 0.6727654 -0.03268897 0.7020967 0.7097416 0.05768233 0.8405115 0.5415055 -0.01767176 0.9153198 0.3062999 -0.2614769 0.7997799 0.5949971 -0.07956486 0.8539019 0.4915629 -0.1709319 0.800433 0.5951309 -0.07159793 0.9364305 0.3507965 0.006304442 0.9384229 0.3384683 0.06929463 0.9496635 0.3047459 0.07258939 0.5627672 0.7288711 0.389923 0.9531433 0.1785244 0.2442272 0.5856164 0.6251845 0.5159437 0.9161852 0.3984087 0.04330509 0.945791 0.2526164 0.2041189 0.9488506 0.3051965 -0.08085525 0.9144207 0.3796197 -0.1404413 0.9383534 0.2769544 -0.2068557 0.9862838 0.1392675 -0.0885936 0.9352586 -0.3367576 0.1090215 0.9320236 0.2791792 -0.2310648 0.9177925 0.3287462 -0.2226721 0.7933393 0.4824618 -0.3712729 0.8173207 0.5009482 -0.2846712 0.7936416 0.4785344 -0.3756835 0.7243262 0.5914601 -0.3542972 0.6506491 0.6266434 -0.4289218 0.6050125 0.772103 -0.1944658 0.5825349 0.7392651 -0.3378465 0.4905832 0.7958192 -0.3549646 0.5116764 0.7929165 -0.3308637 0.9209243 0.1773121 -0.3470718 0.5510267 0.2579075 -0.7936331 0.1899657 -0.924454 -0.3306024 0.3088909 -0.9323664 -0.1878283 0.3180924 -0.9162238 -0.2436214 0.1844993 -0.9633129 -0.1949062 0.1916561 -0.9600036 -0.2041105 0.04432934 -0.9844317 -0.1700863 0.02003109 -0.9482359 -0.3169347 -0.1204278 -0.9623823 -0.2435519 -0.3388409 -0.9313918 -0.1330265 -0.3628194 -0.9092876 -0.2038581 -0.2159594 -0.8894913 -0.4026995 -0.09687584 -0.9655148 -0.2416535 -0.5636007 -0.766875 -0.3070133 -0.8249766 -0.4840297 -0.2917689 0.1991385 -0.8353919 -0.5123127 0.646483 -0.08489292 -0.7581906 0.4228695 -0.5315987 -0.733883 -0.210598 -0.5891467 -0.7800992 -0.2065309 -0.5751014 -0.7915828 -0.9590886 0.2082018 -0.1918357 -0.7622147 0.5208452 -0.3843816 -0.7477795 0.6060125 -0.2712466 -0.7468252 0.603827 -0.2786485 -0.6263896 0.7006793 -0.3415914 -0.2986226 0.5692607 -0.7660071 -0.4547997 0.4959854 -0.7396999 -0.4682108 -0.27197 -0.8407206 0.40254 -0.2394711 -0.8835242 -0.9665217 0.2551129 0.02744853 0.2323731 -0.07172685 -0.9699783 0.1836615 -0.06488752 -0.9808456 -0.6335865 0.2241603 0.7404866 0.1362466 -0.03896886 -0.9899083 0.2562035 -0.08569312 -0.962817 -0.8931177 0.2981744 -0.3367981 -0.8972393 0.2953521 -0.3282208 -0.9389846 0.3221799 -0.1204493 -0.543734 0.3477538 -0.7638198 -0.08164727 0.04847842 0.9954816 -0.7725191 0.6104674 0.1747687 -0.8077217 0.5894277 0.01267868 -0.7454916 0.6425821 -0.1770046 -0.6504301 0.7228516 -0.2332947 -0.6389681 0.748011 0.1794418 0.1779442 -0.2545521 0.9505468 0.1193382 -0.1732025 0.9776295 -0.5572882 0.8290209 0.04641705 0.1748934 -0.2149937 -0.9608278 -0.152797 0.1533055 0.9762943 -0.2194312 0.4401026 0.8707236 -0.2730609 0.7406063 0.6139547 -0.1870441 0.1753706 0.9665711 -0.0105853 -0.07485234 -0.9971385 -0.4964976 0.7498568 -0.4372699 0.185907 -0.2784746 -0.9422795 -0.3477125 0.911512 -0.2196406 0.04793 6.66767e-4 -0.9988505 -0.01736539 0.9359166 0.3517934 -0.03639084 -0.2091371 -0.977209 0.3796346 0.6315734 0.6760123 -0.08099037 -0.2759442 -0.9577555 0.0699011 -0.1888507 -0.9795148 -0.1221317 0.9679399 -0.2194909 -0.08086597 0.9806689 -0.1781833 0.2596061 0.9037965 -0.3402302 -0.1175341 -0.1774978 -0.9770775 -0.08531379 -0.1233302 -0.9886918 -0.08842277 -0.1318523 -0.9873179 0.2025204 0.4207611 -0.8842769 -0.001383841 0.1587575 0.9873167 4.54714e-4 0.2412522 0.9704623 -0.01779544 0.1750531 0.9843983 -0.03790593 0.1383541 0.9896572 0.0747435 0.1664353 0.9832155 0.07643365 0.188893 0.9790186 0.3459554 0.4988946 0.7946189 -0.1912436 -0.2178701 -0.9570573 0.6370882 0.7223252 -0.2690074 0.4521741 0.8734223 -0.1807546 0.4256047 0.9046836 -0.02020317 0.05067533 0.9856621 -0.1609425 0.7086799 0.6786373 -0.1929362 -0.2155689 -0.1452261 -0.9656291 0.7007154 0.4527692 -0.5513603 -0.195312 -0.1078174 0.9747968 0.2401303 0.1321802 0.9616995 -0.1255941 -0.03699362 -0.9913918 -0.2789528 -0.1032485 -0.9547383 0.8686975 0.3218119 -0.3765659 0.7212675 0.6920806 -0.02824103 0.1707863 0.9845442 0.03879261 -0.4466569 0.8940292 0.03477841 -0.2879547 0.9327291 0.2170223 0.1595056 -0.33597 0.9282684 -0.3698563 0.7779657 0.5079132 -0.1986331 0.9640212 0.1766581 0.02660089 -0.1623389 0.9863765 -0.2456504 0.9034027 0.3514533 0.02910757 -0.191339 0.9810924 -0.06175416 -0.3855172 0.9206318 0.1509142 0.9344831 0.3224381 0.1316428 0.9483712 0.2885525 -0.1231504 -0.2008658 0.9718472 0.03311151 0.111935 0.9931638 -0.1383494 -0.2101795 0.9678245 0.2634055 0.7041288 -0.659409 0.0990777 0.4208677 -0.9016951 0.05871909 0.1752595 -0.9827697 -0.0275253 0.1360849 -0.9903147 -0.08558517 0.2198441 -0.9717735 0.01097172 0.1486561 -0.9888281 0.001216709 0.7322438 -0.6810415 -0.1323367 0.3466476 -0.9286132 -0.09346467 0.1479965 -0.9845616 -0.1825617 0.5132564 0.8385936 -0.1132759 0.1271581 -0.9853931 -0.160272 -0.4749814 -0.8652778 0.6378471 0.7478547 0.184023 0.5335439 0.8106822 0.241092 0.4965353 0.8416602 0.2122754 -0.1261807 -0.1104069 0.9858442 0.005495548 0.08001089 0.9967789 0.3549927 0.394639 -0.8474906 0.07082098 0.1474522 -0.9865305 0.02847987 -0.03442287 0.9990015 0.3444048 0.3799426 -0.8585039 -0.1880762 -0.1596406 0.9690936 -0.2223834 -0.1313083 0.9660766 0.05874079 0.1609359 -0.9852153 0.8774738 0.420359 -0.2309502 -0.2316133 -0.0616641 -0.9708516 0.71954 0.05396646 -0.692351 0.7592262 0.2434746 0.6035693 -0.141565 -0.04524946 -0.9888943 0.4169018 0.07038903 0.906222 0.1725277 0.06001365 0.9831748 0.127853 0.01810538 0.9916279 0.2245111 0.01687729 0.9743255 0.9423385 -0.06185895 -0.3288949 0.926981 -0.3247599 -0.1877161 0.8044566 -0.4675852 -0.366352 0.9433088 -0.3208968 -0.08481585 0.9703952 -0.2411209 -0.01393109 0.9970743 0.03616291 -0.06734293 0.976998 0.03233414 -0.2107825 0.9417287 0.3363253 0.005694985 0.9964815 0.02730649 -0.07924067 0.9753012 0.06486624 0.21114 0.9171987 0.3626012 0.1651272 0.8354537 0.4881471 0.2524474 0.9469871 0.1749776 0.2694409 0.8582814 -0.5093666 0.06243968 0.7209851 -0.6752067 -0.1558091 0.611234 -0.771623 -0.1760427 0.5395236 -0.8065831 -0.2415328 0.3255072 -0.9365185 0.1303003 0.7865573 -0.6165943 0.03375434 0.9279749 -0.2184805 0.3018754 0.9232699 -0.1817647 0.3384291 -0.1456195 -0.008386373 0.9893051 0.5241043 0.03055638 -0.8511057 0.5747414 -0.255417 0.7774539 -0.2394282 0.09669256 0.9660874 0.1215015 0.01436007 0.9924874 0.6992484 -0.6845838 0.2059048 0.54402 -0.8144615 0.2017298 0.5059407 -0.8324829 0.2258232 0.1111272 -0.1126319 0.987403 -0.1309905 0.1620818 0.9780445 0.4900415 -0.2466858 -0.8360655 0.2449429 -0.07317316 -0.9667723 0.1409812 -0.06792467 -0.9876794 0.1525357 -0.08071976 -0.9849961 -0.7584894 0.04561555 -0.6500871 -0.4654731 0.2194453 -0.8574256 -0.1474538 0.8871036 -0.437384 -0.04363924 0.9900543 0.1337471 0.03921598 0.5920256 -0.8049646 0.2948772 0.544431 -0.7852659 -0.2267531 0.3349162 -0.9145568 -0.1025065 0.04291409 0.9938063 0.382222 -0.6246837 0.6809381 0.09656137 -0.2139716 -0.9720557 -0.06099873 0.2917235 0.9545557 -0.03459578 -0.4250969 -0.9044865 6.1015e-4 0.09776788 0.9952091 -0.003709554 -0.6227887 -0.7823813 -0.1363056 0.2160175 0.9668285 -0.03724247 0.1633026 0.9858729 0.2327858 -0.9564374 0.1761771 0.05043697 -0.9403741 0.3363819 -0.08129328 -0.9746276 0.2085484 -0.3118283 -0.9224802 0.2275819 0.006916761 -0.1118025 -0.9937064 -5.2819e-4 -0.1247292 -0.9921908 0.2618185 -0.9450158 -0.1959499 0.135873 0.2012535 -0.9700699 -0.4733453 -0.4377095 0.7644311 -0.09057515 -0.07886964 -0.9927617 -0.1089157 -0.1507201 -0.9825583 -0.2647827 -0.9052075 0.3323994 0.008403062 -0.1111363 -0.9937697 -0.002298235 -0.08976829 -0.9959601 -0.04931277 -0.6042696 -0.7952526 0.09504544 0.2343334 0.967499 -0.3802272 -0.628495 0.6785436 -0.108681 -0.1802942 -0.9775902 -0.01123714 0.3027762 0.9529955 0.1571912 -0.1994657 -0.9672148 0.1199502 -0.16759 -0.9785324 0.3665605 -0.4756981 -0.7995904 0.09986376 0.02096825 -0.9947802 0.73529 0.02526056 0.6772817 0.1430542 -0.00907278 -0.9896733 -0.2044709 -0.02501815 0.9785529 -0.1903846 -0.02341443 0.9814304 -0.2195287 -0.04084062 0.9747509 0.1210336 0.05403608 -0.9911766 0.3299469 0.1078306 -0.9378207 0.7973825 0.260885 0.5441694 0.1192361 0.04323101 -0.9919244 -0.2655204 0.1796185 0.9472256 0.7497844 -0.5172593 0.4126333 -0.2015045 0.08045405 0.9761779 0.8537628 -0.4353638 0.2855653 -0.2916536 0.06045597 0.9546117 0.8713483 0.388756 0.2993674 0.08640623 0.04813128 -0.9950968 -0.1686009 -0.1146507 -0.9789939 0.03668475 -0.2764787 -0.9603197 -0.03743213 -0.2156905 -0.9757441 0.01922386 0.3912304 0.920092 1.08087e-4 0.07516455 -0.9971712 0.1436433 -0.1810099 -0.9729347 -0.3007495 0.2090332 0.9305133 -0.9306178 0.1777941 0.3199057 0.2168421 -8.25305e-4 -0.9762064 0.4183754 0.1237485 0.8998046 -0.1088155 3.33262e-4 -0.994062 0.1066527 0.05524754 -0.9927603 0.2099643 0.06039023 -0.9758422 -0.8721428 -0.2546804 -0.417738 -0.9676925 -0.1464492 -0.2052411 -0.9802062 -0.07873636 -0.1816492 -0.9555205 -0.2931042 -0.03271895 -0.8628664 -0.4567897 0.2163444 -0.7089921 -0.5984503 0.3730785 0.2134505 0.1812047 0.960002 0.1910184 0.08415102 0.9779728 0.2666205 0.07767319 0.9606667 -0.899201 -0.2596533 0.3521615 -0.9653835 -0.1473112 0.2152535 -0.9939143 0.05670946 0.09443861 0.2178013 -0.003467619 0.975987 -0.5856069 -0.05536919 -0.8087019 0.1376324 0.01287323 0.9903997 0.2506548 0.1087283 0.9619513 -0.1786541 -0.08753752 -0.9800102 -0.07223689 0.04580986 -0.996335 -0.0902661 0.03115957 -0.9954301 0.2786186 -0.05494308 0.9588291 -0.8923166 0.171007 0.4177653 -0.9034124 0.3505544 0.2468962 -0.5574826 0.1094989 -0.8229358 -0.9808561 0.1919342 0.0329023 0.244128 -0.1114497 0.9633174 0.2376986 -0.1511865 0.9595009 0.1896766 -0.0848329 0.978175 -0.2227823 0.06943976 -0.972392 -0.5987979 0.3361638 0.7269353 -0.4975386 0.3899794 -0.7748364 0.08262717 -0.06463086 0.9944826 -0.8072863 0.5180972 0.282603 -0.9925991 -0.121298 0.005841195 -0.06905937 0.00989139 -0.9975636 -0.1669093 -0.06779491 -0.9836387 -0.1993926 -0.06563615 -0.977719 -0.7703424 -0.2530488 0.5852684 0.1961213 -0.003523826 0.9805733 -0.9836878 0.0102986 0.1795893 -0.8416507 -0.4921495 0.2222909 -0.9305881 -0.3649454 -0.0286504 -0.7503212 -0.2909225 0.5936179 -0.3206852 0.2096917 -0.9236832 -0.1159326 0.1725414 -0.978156 -0.7576171 0.5447173 -0.3595825 -0.7583984 0.5476743 -0.3533904 -0.8499106 0.4884326 -0.197701 -0.7859749 0.59883 -0.1537731 -0.8769829 0.4701169 -0.0994547 -0.9485532 0.1394144 -0.284272 -0.5318095 0.5949649 -0.6026571 0.01304048 -0.9481618 -0.3175206 0.04980486 -0.9804215 -0.190508 -0.4578366 -0.8530904 -0.2502453 -0.4458859 -0.8705413 -0.2081919 -0.5874319 -0.7476646 -0.3097119 -0.6085265 -0.742141 -0.2809309 -0.5390453 -0.8370109 -0.09403741 -0.3220276 -0.9322618 -0.1648824 -0.1986188 -0.9749585 -0.1000325 -0.2447919 -0.9578766 -0.1501647 -0.1539596 -0.98017 -0.1247524 -0.1537688 -0.9802663 -0.1242298 -0.4222638 -0.8805224 -0.2153455 -0.3359817 -0.9284387 -0.1584871 -0.4257589 -0.8638748 -0.2691648 -0.2194557 -0.9746073 -0.04449629 -0.5281922 -0.8486158 0.02940118 -0.5280095 -0.8487525 0.0287286 0.9220051 0.1682859 -0.3486925 0.8421059 0.4855253 -0.2347828 0.9404368 0.3231546 -0.1055929 0.9277623 0.3711577 -0.03872013 -0.2743943 0.4454627 -0.8522154 -0.8635866 0.435446 0.2541756 0.7403549 0.6006606 -0.3017971 0.4568843 0.8730166 -0.1705834 0.3492102 0.9192028 0.1819855 0.3429872 0.9217137 0.1811184 0.341198 0.8989182 0.2748277 0.3648486 0.9148238 0.1731559 0.2156558 0.9764245 0.009376883 0.1534064 0.9850983 0.07776868 0.1385728 0.964069 0.226647 0.1869617 0.9487984 0.2546114 0.3866418 0.8193848 0.4232218 0.07442641 0.743978 0.6640463 -0.1562848 0.936625 0.3135426 0.1303555 0.9651274 0.2270172 0.04410833 0.9424754 0.3313528 -0.110045 0.950101 0.2918875 -0.2529973 0.8729557 0.4170621 -0.1373118 0.9375063 0.3197306 -0.1716769 0.9543401 0.244463 -0.2206878 0.9698576 0.1033108 -0.1632623 0.9756581 0.1464138 -0.2209841 0.9728512 0.06875103 -0.08180963 0.9709348 0.2249289 -0.101453 0.9844559 0.1433665 0.09980309 0.9790791 0.1773232 0.09737813 0.9913263 0.08825963 -0.01983159 0.9979652 -0.06059962 0.003473699 0.9984147 0.0561791 -0.311845 0.9486627 -0.05283856 -0.1312013 0.9722731 -0.1935749 -0.311582 0.9434987 -0.1128138 -0.3020731 0.9207462 0.2469383 -0.2396491 0.8687029 0.4335016 -0.4871343 0.8255361 0.2849394 -0.4914026 0.8318839 0.257862 -0.5362521 0.8315215 0.1449338 -0.5669845 0.8029936 0.1836571 -0.533879 0.8455253 0.007760405 -0.542039 0.8403351 -0.005550086 -0.7195597 0.6941555 0.01954561 -0.7250875 0.6869567 0.04835957 -0.7477591 0.6171833 0.2448289 -0.3555788 0.2141588 0.90978 -0.7456423 0.6293827 0.2188494 -0.8826065 0.4157894 0.2193744 -0.8438358 0.3976528 0.3602966 -0.8158033 0.4427233 0.3721039 -0.8421909 0.5170827 0.1527745 -0.9044567 0.394137 0.1631384 -0.9661822 0.2498596 0.06373471 -0.9039897 0.3940647 0.1658785 -0.9616928 0.268575 0.0549066 -0.9784427 0.1972309 0.06123518 -0.978849 0.1958857 0.05902165 -0.9347627 0.2419422 0.2601591 -0.9557623 0.1118522 0.2720431 -0.9905449 0.03968214 0.1313248 -0.9940319 0.08119571 0.07285642 -0.9899808 0.07547593 0.1193372 -0.989934 0.07492458 0.1200713 -0.9962357 0.0222612 -0.08377945 -0.9821931 0.1083865 -0.1534569 -0.9716725 0.2173083 -0.09289604 -0.9938235 -0.03200262 0.1062578 -0.9406895 -0.1118466 0.3203026 -0.94349 -0.1150283 0.3107975 -0.9463331 0.001262903 0.3231906 -0.9399998 0.1941871 0.2805204 -0.9292732 0.08761107 0.3588533 -0.8923533 0.2218106 0.3930723 -0.9172717 0.1738987 0.3582901 -0.9582797 0.2014514 0.2027745 -0.9577932 -0.05926311 0.2812831 -0.9292399 -0.137547 0.34292 -0.8973771 -0.3676394 0.2440406 -0.9053771 -0.4150912 0.08939594 -0.9129463 -0.3959776 0.09864509 -0.8637381 -0.5037702 -0.01312154 -0.854023 -0.497431 0.1523386 -0.9232892 -0.3453156 0.1682093 -0.9017444 -0.3169932 0.293892 -0.7732113 -0.3939961 0.4969019 -0.7889031 -0.505643 0.3492234 -0.7535774 -0.594794 0.2798952 -0.7339326 -0.5773068 0.3578546 -0.6182106 -0.7693558 0.1609579 -0.6544358 -0.7558366 0.02061331 -0.7386749 -0.674039 0.005560874 -0.7294911 -0.6528275 -0.2041056 -0.8515089 -0.4984263 0.1628001 -0.7919206 -0.5796341 0.1920579 -0.9701048 -0.2395162 0.03909873 -0.5772635 -0.7378178 0.3498452 -0.6026659 -0.7908121 0.1068182 -0.4718806 -0.8814778 -0.01804155 -0.4745962 -0.7430235 0.4718842 -0.3838571 -0.8962938 0.2220612 -0.6456503 -0.6665849 0.3725592 -0.6235316 -0.7207218 0.3029332 -0.5909637 -0.7413851 0.3179782 -0.8473681 -0.50475 0.164909 -0.8495005 -0.4971565 0.1765911 -0.9011648 -0.4306461 -0.04945892 -0.9420785 -0.3329277 0.04059016 -0.9849478 -0.09979212 0.1411372 -0.9801001 -0.137415 0.1432519 -0.9391244 -0.3145179 0.1382894 -0.9770982 -0.199231 0.0747407 -0.97869 -0.2001344 -0.04595625 -0.9825713 -0.156699 -0.09999585 -0.9893239 -0.1349423 -0.0550372 -0.9858987 -0.1631656 0.03715986 -0.9976547 -0.05236226 -0.04408413 -0.9422318 -0.3326647 0.03915965 -0.8598923 0.50733 0.05658185 -0.8732493 0.487171 0.01001471 -0.7497685 0.6249418 0.2174739 -0.6193648 0.6844329 0.3846282 -0.5348833 0.7610033 0.3671157 -0.5435746 0.8217549 0.1710138 -0.5614381 0.7915536 0.2413094 -0.5195819 0.7641118 0.3823193 -0.7880944 0.6077361 0.09779685 -0.4692018 0.8685099 0.1598133 -0.2204319 0.9620129 0.1610623 0.4367201 0.8699439 0.2290704 0.178592 0.9011257 0.3950663 0.3323503 0.9205093 0.205441 0.1226245 0.9896969 0.07391458 0.2027989 0.9777328 0.0539565 0.394982 0.8360748 0.3807469 0.6549518 0.7321016 0.1872577 0.6776418 0.7221118 0.139127 0.5689148 0.8174439 0.09012019 0.9524504 0.2538139 0.1685727 0.6682712 0.6933229 0.2696611 0.540889 0.7398701 0.4000391 -0.1762884 0.3651256 0.9141148 -0.129133 -0.0293985 0.9911915 0.2393457 0.5773864 0.7806015 0.5755915 0.4909805 0.6539364 0.4918494 0.09134763 0.8658751 0.6184538 0.0756911 0.7821674 0.9356906 -0.06238275 0.3472629 0.9329288 -0.09078657 0.3484275 0.9695828 0.04600745 0.240401 0.9869596 0.1058684 0.1212545 0.9882059 0.04152494 0.1473938 0.9941094 0.06025487 0.09008854 0.9903168 -0.1149662 0.07781672 0.9631989 -0.1400219 0.2294383 0.9928388 -0.1164798 0.0265249 0.8955464 -0.4094817 -0.1741309 0.9163494 -0.3544526 -0.1861913 0.9520578 -0.1358748 -0.2740877 0.9481796 -0.0325517 -0.3160634 0.9584795 0.008323192 -0.2850401 0.7132771 -0.515263 -0.4751209 0.4319542 -0.5357936 -0.7254936 0.4264549 -0.845395 -0.3216266 0.6698413 -0.7408304 -0.04982912 0.500274 -0.8620827 -0.08086639 0.341275 -0.9337061 -0.1082792 0.3636794 -0.9224309 -0.1298409 0.2476607 -0.9667853 -0.06317156 0.0843383 -0.9871397 0.1358033 -0.01229101 -0.9999204 0.002863049 -0.100727 -0.9850615 0.1396713 0.2072736 -0.9708553 0.1203238 0.2592507 -0.9342092 0.2450351 0.191744 -0.8261467 0.5298264 0.1019952 -0.9509392 0.2920814 -0.3918035 -0.8993974 0.1938413 -0.02685922 -0.9502131 0.3104413 0.5353793 -0.8438172 0.03662842 0.3663136 -0.8888503 0.2752444 0.4801093 -0.8206551 0.3098714 0.4972975 -0.7119323 0.4958302 -0.3620877 0.8030202 -0.4733404 0.514735 -0.7722656 0.3723626 0.5600007 -0.8269326 0.05081188 0.6556558 -0.7528552 0.05765992 -0.2206252 -0.9398349 0.2608351 -0.5276172 -0.8482607 0.04554253 -0.6255954 -0.7619943 -0.1673172 -0.819762 -0.5685358 -0.06897401 -0.8729653 -0.388268 -0.2952617 -0.8485708 -0.3064853 -0.4312707 -0.9401155 -0.04932141 -0.3372691 -0.9726461 -0.1166498 -0.2008792 -0.933277 0.1961724 -0.3008497 -0.9332345 0.10717 -0.3429114 -0.9567762 0.09407532 -0.2751896 -0.7296771 0.6758034 -0.1042166 -0.4084765 0.8857558 -0.220417 -0.4439485 0.8959213 0.0153293 -0.5094061 0.8605207 -0.003110945 0.126685 0.9875733 -0.09300476 0.05396628 0.9438706 -0.3258776 0.2946924 0.900581 -0.319547 0.03715431 0.9749291 -0.219392 0.1249959 0.1226851 -0.9845428 -0.4214292 -0.9056466 -0.0469222 -0.05017566 0.2257726 -0.9728871 -0.01271617 0.1221079 -0.9924355 -0.08511328 0.4967641 -0.863702 0.09895873 -0.31115 -0.9451946 -0.1890344 0.0528143 -0.9805492 0.6996449 -0.6956484 0.1630044 0.2879187 -0.4143241 0.8633877 0.1614616 -0.2856101 -0.9446465 -0.3544206 -0.1141405 0.9280937 -0.1259784 -0.062608 0.9900555 -0.1756453 0.007796406 0.9844227 -0.1102275 0.01156413 0.9938392 -0.3178507 0.2037315 0.9259938 -0.6270567 0.3609138 -0.6903197 -0.6525643 0.4078635 0.6385979 -0.8105903 0.5650178 -0.1539421 -0.5068684 0.3558994 0.7851243 -0.2397649 0.1554952 -0.9582976 -0.08691918 0.08020377 -0.9929817 -0.727266 0.671078 0.1440093 -0.7229458 0.6726092 0.1579439 -0.1344361 0.1250756 0.982997 -0.3527089 0.4975837 0.792469 -0.9732819 0.1754875 0.148076 -0.5614169 0.2606784 0.785403 -0.106348 0.01917505 -0.9941442 -0.739264 0.0176534 0.6731843 -0.3519414 -0.004815518 -0.9360098 -0.7392637 0.0176534 0.6731846 -0.5761148 -0.02217662 0.817068 -0.992435 -0.03408968 -0.1179439 -0.9924355 0.03408527 0.1179404 -0.5003755 0.01967924 -0.865585 -0.1063481 0.01917505 -0.9941442 -0.9571735 0.1725831 0.2324524 -0.652565 0.4078639 0.638597 -0.7297145 0.1333354 -0.6706254 -0.8962674 -0.3078329 -0.3192864 -0.8152146 0.4589909 0.3532036 -0.3621622 0.3954066 0.8440925 -0.2695248 0.671183 -0.6905576 -0.01958 0.1733175 0.9846714 -0.06315076 0.2148763 -0.9745975 0.00528872 0.1794883 -0.983746 -0.1737615 0.2865716 0.9421697 -0.08141112 0.09575986 0.9920698 -0.09400886 0.3874077 0.9171029 9.71144e-5 0.097898 0.9951965 -0.02661585 0.5688924 -0.8219812 -0.04618716 0.9898768 0.1342039 -0.09048742 0.9618355 0.2582337 -0.5400084 0.8069205 0.239312 -0.5017036 0.8584532 0.1065443 -0.2926523 0.5005838 -0.8147211 -0.1104941 0.7219746 -0.6830402 -0.4182398 0.6120294 -0.6711897 -0.09141892 0.9695557 -0.2271658 0.1284592 0.09407132 0.9872431 -0.8242787 0.5604698 -0.08023995 -0.5283765 0.6752575 -0.5146318 -0.2401906 0.731908 -0.6376671 0.5087519 0.7008653 -0.4999593 0.02960431 0.00735265 0.9995347 -0.9679464 0.2006993 0.1509957 0.02794325 -0.05539667 0.9980734 0.06257319 0.7938327 0.6049084 -0.006296038 -0.04583501 -0.9989293 0.3247037 -0.1227643 -0.9378147 -0.1181017 -0.3630105 -0.9242702 -0.3091221 -0.9501253 -0.04129993 -0.4020346 -0.9156242 -7.60421e-4 -0.07205718 -0.03841179 -0.9966607 -0.3263022 -0.876334 0.3543525 -0.3001984 -0.7718767 0.5604349 -0.7840561 -0.5993657 -0.1612973 -0.7647281 -0.6425766 -0.04781413 7.69558e-5 4.22574e-5 -1 -0.7123008 -0.7018355 -0.007392764 0.02149385 -0.9991516 0.03513145 0.9809477 -0.1654927 -0.1017538 -0.01240599 -0.9997088 0.0206995 0.9976453 0 -0.06858628 0.998239 -0.02548485 -0.05356758 0.9946778 -0.01072537 -0.1024753 -0.9669222 -0.2498145 0.05151861 0.9417371 0.2143431 -0.2592073 0.8489849 0.5127216 -0.1278333 -0.9885628 -0.1246336 -0.08491194 -0.8959119 -0.2436723 -0.3714375 -0.7715745 0.4675578 0.4313496 1.52877e-4 -9.60939e-5 -1 -0.9734816 0.09976154 0.2058671 -0.9875354 0.06624066 -0.1427799 1.85428e-4 2.04712e-5 -1 -0.9985325 0.05391395 0.00511384 -0.9093217 0.4147901 0.03291499 -0.736913 0.5663082 -0.3691263 -0.74693 0.6590992 -0.0876581 -0.008972883 -0.0115019 0.9998936 0.2956709 0.8711738 -0.391963 0.5736569 0.7176932 -0.3947587 0.2519428 0.9641416 -0.08340227 -0.3936595 -0.9093227 -0.1347758 -0.5361212 -0.7708294 -0.3440874 -0.6808229 -0.593372 -0.4294065 -0.7693451 -0.5430374 -0.3364797 -0.1740067 -0.05701571 -0.9830926 -0.9068568 -0.296973 0.2990282 -0.9716594 -0.2190848 0.08876907 -0.7436896 0.5141944 -0.4272353 -0.2070251 0.8705424 -0.4464266 -0.03960764 -0.9986664 0.03311961 0.3089358 -0.9495511 -0.05395764 0.1449092 -0.4454051 -0.8835247 0.09457314 -0.05545276 -0.9939723 0.1489351 -0.524103 0.8385312 0.7699122 -0.5920081 -0.2382474 0.5058963 -0.8260112 -0.2485452 0.7562035 -0.653379 -0.03538769 0.7649027 -0.6427248 -0.04276514 -9.27982e-5 5.52075e-5 -1 0.4748355 -0.8799152 0.01674801 -0.07316809 -0.04034918 0.9965031 -0.5201604 -0.8520383 0.05885642 0.008721947 0.003102719 0.9999572 -0.8938094 0.129538 -0.4293308 -0.9229883 0.3841443 -0.02293151 0.7243225 0.6869944 -0.05827295 0.5940245 0.8041 0.02362388 0.7685136 0.6353532 -0.07558715 -1.85987e-4 -3.20961e-4 -1 0.812331 0.5802143 -0.05890375 0.8835055 0.4680266 0.01921743 -0.1500976 -0.0552926 0.9871239 -0.8943964 0.4472353 0.005962014 -0.5238302 -0.6113379 0.5931845 -0.9244287 0.3813407 -0.00332725 0.2753658 0.955859 0.1025066 0.1338783 0.4663021 0.8744364 0.3025712 0.9209669 0.2455012 -0.8841123 0.393333 -0.2522593 -0.04055225 -0.0142467 0.9990759 -0.03458875 0.09714341 0.9946692 -0.7772639 0.588923 0.2214288 -0.1658468 0.1574045 0.9735084 0.4159992 -0.6760035 0.6082468 -0.7099402 -0.7042528 0.003588259 0.03270184 -0.09194242 0.9952273 -0.3249446 0.9300541 0.1714949 -0.1511259 0.9651229 -0.2137726 -0.06323438 0.07828742 0.9949235 -0.5999891 0.7981795 -0.05406254 -0.579573 0.807462 -0.1100003 -0.3493094 0.6608526 0.6642716 -0.126995 0.5251966 -0.8414517 -0.6786279 0.7339984 0.02665853 -0.9013784 -0.42058 -0.1030997 -0.807426 -0.5864956 -0.06392502 -0.8242325 -0.5641269 -0.04900944 -0.2999703 0.9536299 -0.02466034 -0.1150464 0.4121762 -0.9038115 -0.2685851 0.9622552 -0.04389965 -0.8075768 -0.5789653 -0.112335 0.2576404 -0.0204181 0.9660251 0.89371 0.4478771 -0.02623909 0.8453411 0.3252355 0.4238166 0.6052418 -0.6775596 0.4178462 0.2510204 0.540165 -0.80325 0.4200515 0.9038997 -0.08076041 -0.6409722 0.7674374 0.01394385 -0.7895706 0.6039451 -0.108759 -0.3408788 -0.8279723 -0.4452679 -0.2535289 -0.8968125 -0.3625612 0.2722711 -0.8768897 -0.3961474 0.7934778 -0.5921242 -0.1406481 0.8354745 -0.4654076 -0.2921956 0.9265052 0.05164229 -0.3727215 0.7396245 -0.5312377 -0.4132096</float_array>
          <technique_common>
            <accessor source="#shape0-mesh-normals-array" count="1624" stride="3">
              <param name="X" type="float"/>
              <param name="Y" type="float"/>
              <param name="Z" type="float"/>
            </accessor>
          </technique_common>
        </source>
        <vertices id="shape0-mesh-vertices">
          <input semantic="POSITION" source="#shape0-mesh-positions"/>
        </vertices>
        <triangles count="1624">
          <input semantic="VERTEX" source="#shape0-mesh-vertices" offset="0"/>
          <input semantic="NORMAL" source="#shape0-mesh-normals" offset="1"/>
          <p>0 0 3 0 1 0 0 1 1 1 548 1 5 2 4 2 3 2 5 3 30 3 4 3 8 4 5 4 6 4 5 5 7 5 6 5 5 6 3 6 7 6 3 7 0 7 7 7 6 8 7 8 8 8 11 9 32 9 9 9 9 10 12 10 11 10 9 11 565 11 12 11 12 12 565 12 14 12 565 13 13 13 14 13 14 14 15 14 223 14 14 15 13 15 15 15 13 16 18 16 15 16 15 17 18 17 16 17 18 18 17 18 16 18 16 19 20 19 19 19 16 20 17 20 20 20 17 21 21 21 20 21 20 22 23 22 22 22 20 23 21 23 23 23 23 24 555 24 24 24 21 25 555 25 23 25 23 26 24 26 25 26 555 27 26 27 24 27 27 28 28 28 239 28 485 29 488 29 28 29 31 30 30 30 9 30 30 31 8 31 9 31 33 32 9 32 34 32 35 33 34 33 9 33 35 34 9 34 33 34 226 35 35 35 33 35 226 36 36 36 35 36 766 37 36 37 37 37 37 38 162 38 766 38 39 39 38 39 40 39 41 40 42 40 44 40 41 41 43 41 42 41 41 42 44 42 45 42 40 43 41 43 45 43 45 44 39 44 40 44 45 45 46 45 39 45 46 46 45 46 44 46 48 47 47 47 49 47 44 48 51 48 136 48 44 49 136 49 50 49 53 50 51 50 44 50 56 51 57 51 55 51 55 52 76 52 56 52 55 53 54 53 76 53 57 54 52 54 55 54 57 55 58 55 52 55 57 56 105 56 58 56 105 57 57 57 72 57 72 58 73 58 71 58 74 59 75 59 73 59 76 60 74 60 56 60 56 61 74 61 57 61 77 62 76 62 54 62 77 63 93 63 76 63 77 64 94 64 93 64 77 65 112 65 94 65 78 66 112 66 77 66 81 67 78 67 77 67 80 68 79 68 78 68 82 69 185 69 81 69 82 70 81 70 84 70 84 71 81 71 83 71 83 72 81 72 54 72 53 73 83 73 54 73 53 74 86 74 83 74 75 75 74 75 83 75 205 76 91 76 92 76 92 77 91 77 76 77 93 78 92 78 76 78 99 79 98 79 100 79 101 80 98 80 102 80 61 81 103 81 60 81 98 82 97 82 102 82 96 83 95 83 104 83 102 84 96 84 104 84 105 85 104 85 58 85 58 86 104 86 52 86 52 87 104 87 106 87 104 88 95 88 106 88 107 89 106 89 96 89 106 90 95 90 96 90 107 91 109 91 108 91 101 92 111 92 110 92 101 93 110 93 109 93 100 94 98 94 101 94 101 95 121 95 111 95 100 96 101 96 109 96 100 97 107 97 99 97 112 98 99 98 107 98 100 99 109 99 107 99 79 100 183 100 112 100 183 101 114 101 112 101 114 102 183 102 113 102 113 103 183 103 130 103 115 104 114 104 116 104 113 105 118 105 117 105 113 106 130 106 118 106 110 107 117 107 118 107 120 108 119 108 117 108 121 109 120 109 117 109 121 110 117 110 111 110 111 111 117 111 110 111 120 112 121 112 62 112 62 113 121 113 61 113 121 114 101 114 61 114 101 115 103 115 61 115 103 116 101 116 102 116 113 117 117 117 119 117 123 118 125 118 124 118 124 119 125 119 126 119 127 120 762 120 125 120 125 121 128 121 129 121 125 122 762 122 128 122 125 123 129 123 126 123 118 124 130 124 131 124 130 125 126 125 131 125 110 126 131 126 132 126 131 127 133 127 132 127 131 128 129 128 133 128 110 129 132 129 134 129 135 130 134 130 136 130 49 131 50 131 137 131 133 132 138 132 132 132 132 133 139 133 134 133 139 134 150 134 140 134 134 135 139 135 136 135 142 136 139 136 141 136 139 137 140 137 141 137 139 138 142 138 136 138 142 139 50 139 136 139 142 140 141 140 143 140 144 141 142 141 143 141 144 142 137 142 142 142 142 143 137 143 50 143 144 144 143 144 154 144 145 145 154 145 143 145 147 146 148 146 149 146 139 147 151 147 150 147 150 148 149 148 140 148 149 149 148 149 153 149 153 150 148 150 152 150 146 151 152 151 148 151 152 152 146 152 145 152 152 153 145 153 153 153 153 154 145 154 143 154 153 155 143 155 141 155 140 156 153 156 141 156 140 157 149 157 153 157 132 158 151 158 139 158 151 159 154 159 150 159 150 160 154 160 145 160 149 161 150 161 145 161 147 162 149 162 145 162 138 163 137 163 144 163 138 164 144 164 151 164 151 165 144 165 154 165 132 166 138 166 151 166 147 167 146 167 148 167 145 168 146 168 147 168 129 169 138 169 133 169 156 170 155 170 129 170 202 171 160 171 161 171 202 172 158 172 160 172 163 173 158 173 202 173 163 174 202 174 162 174 162 175 202 175 46 175 166 176 162 176 46 176 166 177 165 177 162 177 167 178 165 178 166 178 48 179 167 179 166 179 166 180 46 180 48 180 169 181 167 181 168 181 168 182 167 182 48 182 167 183 169 183 67 183 67 184 169 184 66 184 170 185 169 185 168 185 170 186 168 186 48 186 171 187 172 187 170 187 170 188 174 188 171 188 172 189 169 189 170 189 170 190 48 190 173 190 173 191 174 191 170 191 164 192 176 192 175 192 176 193 177 193 175 193 176 194 178 194 177 194 179 195 177 195 178 195 179 196 158 196 177 196 177 197 158 197 157 197 158 198 181 198 159 198 158 199 179 199 181 199 179 200 182 200 181 200 182 201 178 201 124 201 181 202 124 202 130 202 181 203 182 203 124 203 124 204 126 204 130 204 184 205 181 205 183 205 183 206 181 206 130 206 184 207 183 207 79 207 185 208 161 208 186 208 161 209 160 209 186 209 186 210 160 210 187 210 192 211 186 211 187 211 190 212 186 212 192 212 189 213 190 213 188 213 80 214 78 214 189 214 189 215 78 215 190 215 78 216 81 216 190 216 81 217 185 217 190 217 190 218 185 218 186 218 159 219 184 219 191 219 160 220 159 220 187 220 187 221 159 221 191 221 187 222 193 222 192 222 199 223 192 223 193 223 197 224 196 224 195 224 200 225 197 225 188 225 198 226 200 226 188 226 200 227 198 227 199 227 196 228 197 228 200 228 194 229 195 229 196 229 194 230 193 230 195 230 196 231 200 231 194 231 199 232 194 232 200 232 199 233 198 233 192 233 195 234 201 234 197 234 191 235 201 235 195 235 79 236 80 236 189 236 201 237 79 237 189 237 184 238 79 238 201 238 191 239 184 239 201 239 187 240 191 240 193 240 193 241 191 241 195 241 197 242 201 242 189 242 188 243 197 243 189 243 190 244 198 244 188 244 192 245 198 245 190 245 199 246 193 246 194 246 82 247 161 247 185 247 202 248 161 248 82 248 202 249 82 249 46 249 159 250 181 250 184 250 219 251 218 251 203 251 124 252 219 252 203 252 124 253 203 253 123 253 218 254 204 254 203 254 203 255 204 255 116 255 113 256 203 256 116 256 122 257 203 257 113 257 114 258 113 258 116 258 116 259 217 259 99 259 204 260 217 260 116 260 98 261 99 261 206 261 99 262 217 262 206 262 217 263 205 263 206 263 206 264 205 264 92 264 97 265 206 265 92 265 88 266 91 266 207 266 207 267 636 267 209 267 207 268 209 268 643 268 208 269 207 269 643 269 88 270 207 270 208 270 208 271 643 271 209 271 89 272 88 272 208 272 208 273 209 273 29 273 208 274 29 274 210 274 90 275 89 275 208 275 35 276 31 276 34 276 35 277 211 277 31 277 35 278 36 278 211 278 36 279 90 279 211 279 211 280 208 280 625 280 211 281 90 281 208 281 208 282 210 282 625 282 210 283 209 283 212 283 210 284 29 284 209 284 209 285 213 285 212 285 209 286 214 286 213 286 214 287 215 287 213 287 636 288 214 288 209 288 207 289 214 289 636 289 207 290 216 290 214 290 91 291 216 291 207 291 91 292 205 292 216 292 178 293 219 293 124 293 220 294 219 294 176 294 176 295 219 295 178 295 221 296 220 296 176 296 164 297 221 297 176 297 222 298 221 298 164 298 164 299 175 299 174 299 37 300 222 300 164 300 36 301 222 301 37 301 163 302 162 302 37 302 163 303 37 303 164 303 158 304 174 304 157 304 158 305 164 305 174 305 164 306 158 306 163 306 157 307 174 307 173 307 157 308 173 308 155 308 173 309 48 309 155 309 224 310 219 310 220 310 224 311 223 311 219 311 224 312 225 312 223 312 224 313 220 313 221 313 224 314 227 314 14 314 224 315 221 315 227 315 227 316 221 316 222 316 226 317 222 317 36 317 227 318 222 318 226 318 226 319 11 319 227 319 227 320 11 320 33 320 12 321 227 321 33 321 12 322 33 322 228 322 225 323 12 323 229 323 12 324 228 324 229 324 225 325 227 325 12 325 14 326 227 326 225 326 230 327 225 327 229 327 223 328 225 328 230 328 230 329 229 329 231 329 16 330 223 330 230 330 232 331 223 331 16 331 223 332 232 332 219 332 232 333 16 333 233 333 232 334 233 334 19 334 219 335 232 335 218 335 235 336 232 336 20 336 232 337 234 337 20 337 232 338 235 338 218 338 218 339 235 339 204 339 235 340 236 340 22 340 235 341 237 341 204 341 237 342 235 342 25 342 204 343 237 343 217 343 237 344 238 344 217 344 238 345 237 345 24 345 216 346 238 346 239 346 205 347 238 347 216 347 217 348 238 348 205 348 239 349 240 349 214 349 214 350 241 350 215 350 214 351 242 351 241 351 242 352 214 352 216 352 239 353 242 353 216 353 238 354 242 354 239 354 242 355 243 355 241 355 24 356 242 356 238 356 237 357 242 357 24 357 242 358 22 358 243 358 237 359 22 359 242 359 25 360 22 360 237 360 22 361 236 361 243 361 236 362 244 362 243 362 236 363 234 363 244 363 20 364 234 364 236 364 234 365 230 365 244 365 233 366 230 366 234 366 19 367 233 367 234 367 230 368 231 368 244 368 233 369 16 369 230 369 362 370 245 370 231 370 245 371 362 371 246 371 249 372 248 372 358 372 249 373 358 373 250 373 247 374 248 374 249 374 251 375 247 375 249 375 252 376 249 376 253 376 251 377 249 377 254 377 254 378 249 378 252 378 252 379 253 379 255 379 251 380 254 380 256 380 259 381 257 381 260 381 259 382 258 382 257 382 257 383 256 383 260 383 254 384 260 384 256 384 254 385 755 385 757 385 254 386 252 386 755 386 755 387 252 387 255 387 253 388 261 388 255 388 253 389 268 389 261 389 261 390 268 390 262 390 262 391 264 391 263 391 264 392 266 392 263 392 266 393 265 393 263 393 265 394 266 394 264 394 262 395 268 395 264 395 269 396 265 396 264 396 270 397 269 397 264 397 265 398 269 398 270 398 265 399 270 399 65 399 271 400 64 400 63 400 271 401 63 401 62 401 274 402 273 402 271 402 274 403 271 403 275 403 271 404 62 404 275 404 275 405 62 405 61 405 277 406 276 406 275 406 278 407 277 407 275 407 279 408 278 408 275 408 279 409 275 409 329 409 275 410 61 410 329 410 280 411 274 411 279 411 274 412 277 412 279 412 277 413 278 413 279 413 282 414 280 414 281 414 284 415 281 415 283 415 285 416 284 416 283 416 215 417 289 417 290 417 213 418 215 418 290 418 292 419 290 419 291 419 213 420 290 420 292 420 212 421 213 421 292 421 293 422 212 422 292 422 210 423 212 423 293 423 34 424 210 424 293 424 210 425 34 425 625 425 34 426 211 426 625 426 33 427 34 427 228 427 34 428 293 428 228 428 228 429 293 429 294 429 226 430 33 430 11 430 295 431 228 431 294 431 296 432 298 432 297 432 296 433 295 433 298 433 295 434 294 434 298 434 298 435 294 435 299 435 294 436 292 436 299 436 299 437 301 437 300 437 299 438 291 438 301 438 292 439 291 439 299 439 291 440 302 440 301 440 291 441 303 441 302 441 290 442 303 442 291 442 303 443 288 443 302 443 289 444 288 444 303 444 290 445 289 445 303 445 288 446 287 446 302 446 287 447 304 447 302 447 286 448 304 448 287 448 304 449 305 449 302 449 305 450 306 450 302 450 306 451 301 451 302 451 306 452 307 452 301 452 307 453 300 453 301 453 307 454 308 454 300 454 308 455 297 455 300 455 299 456 300 456 297 456 298 457 299 457 297 457 308 458 309 458 297 458 310 459 312 459 311 459 310 460 309 460 312 460 312 461 309 461 308 461 312 462 314 462 311 462 312 463 308 463 307 463 312 464 307 464 313 464 313 465 307 465 306 465 313 466 315 466 314 466 313 467 316 467 315 467 316 468 313 468 306 468 316 469 306 469 305 469 316 470 317 470 315 470 316 471 318 471 317 471 318 472 316 472 305 472 304 473 318 473 305 473 318 474 283 474 317 474 318 475 285 475 283 475 285 476 318 476 286 476 286 477 318 477 304 477 281 478 319 478 283 478 283 479 319 479 317 479 319 480 320 480 317 480 320 481 321 481 317 481 321 482 315 482 317 482 321 483 322 483 315 483 322 484 314 484 315 484 323 485 322 485 321 485 323 486 324 486 337 486 323 487 325 487 324 487 325 488 323 488 321 488 325 489 321 489 320 489 325 490 326 490 324 490 325 491 327 491 326 491 327 492 325 492 320 492 327 493 328 493 326 493 319 494 327 494 320 494 327 495 279 495 328 495 327 496 280 496 279 496 280 497 327 497 281 497 281 498 327 498 319 498 331 499 279 499 330 499 279 500 329 500 330 500 328 501 279 501 331 501 329 502 331 502 332 502 328 503 331 503 330 503 328 504 330 504 332 504 326 505 332 505 333 505 332 506 330 506 333 506 326 507 328 507 332 507 655 508 326 508 333 508 324 509 655 509 333 509 326 510 655 510 324 510 334 511 324 511 333 511 324 512 334 512 335 512 334 513 333 513 335 513 336 514 324 514 335 514 336 515 337 515 324 515 337 516 336 516 335 516 342 517 322 517 323 517 342 518 323 518 337 518 342 519 338 519 322 519 322 520 338 520 314 520 338 521 311 521 314 521 338 522 339 522 311 522 340 523 341 523 367 523 340 524 342 524 341 524 340 525 339 525 342 525 342 526 339 526 338 526 342 527 337 527 341 527 341 528 337 528 343 528 345 529 343 529 344 529 343 530 337 530 344 530 345 531 341 531 343 531 346 532 345 532 344 532 346 533 341 533 345 533 341 534 346 534 344 534 341 535 344 535 348 535 349 536 341 536 348 536 349 537 367 537 341 537 367 538 349 538 348 538 67 539 348 539 68 539 68 540 348 540 344 540 68 541 344 541 69 541 70 542 69 542 344 542 70 543 344 543 335 543 71 544 70 544 335 544 59 545 72 545 333 545 330 546 59 546 333 546 60 547 59 547 330 547 61 548 60 548 329 548 329 549 60 549 330 549 72 550 71 550 333 550 71 551 335 551 333 551 337 552 335 552 344 552 351 553 404 553 348 553 351 554 348 554 352 554 352 555 348 555 67 555 368 556 351 556 352 556 66 557 352 557 67 557 353 558 368 558 352 558 350 559 352 559 66 559 270 560 354 560 352 560 270 561 352 561 350 561 65 562 270 562 350 562 354 563 270 563 353 563 268 564 355 564 353 564 268 565 353 565 264 565 270 566 264 566 353 566 268 567 356 567 355 567 250 568 356 568 268 568 253 569 250 569 268 569 357 570 356 570 250 570 358 571 357 571 250 571 248 572 359 572 358 572 359 573 248 573 360 573 361 574 360 574 247 574 360 575 248 575 247 575 246 576 361 576 247 576 362 577 361 577 246 577 362 578 231 578 229 578 362 579 229 579 363 579 363 580 229 580 228 580 363 581 228 581 295 581 363 582 295 582 296 582 296 583 297 583 364 583 297 584 309 584 364 584 309 585 359 585 364 585 359 586 309 586 310 586 364 587 359 587 360 587 296 588 364 588 360 588 363 589 296 589 361 589 361 590 296 590 360 590 358 591 310 591 365 591 358 592 359 592 310 592 358 593 365 593 357 593 365 594 366 594 357 594 355 595 340 595 353 595 340 596 367 596 353 596 355 597 366 597 340 597 356 598 366 598 355 598 368 599 353 599 351 599 366 600 356 600 357 600 351 601 353 601 367 601 404 602 367 602 348 602 351 603 367 603 404 603 366 604 339 604 340 604 339 605 366 605 365 605 310 606 311 606 365 606 311 607 339 607 365 607 362 608 363 608 361 608 354 609 353 609 352 609 369 610 684 610 401 610 370 611 683 611 369 611 370 612 371 612 683 612 374 613 375 613 672 613 378 614 377 614 379 614 381 615 25 615 24 615 382 616 381 616 380 616 381 617 23 617 25 617 381 618 22 618 23 618 383 619 381 619 382 619 383 620 22 620 381 620 384 621 383 621 382 621 385 622 387 622 384 622 385 623 384 623 382 623 385 624 380 624 379 624 385 625 382 625 380 625 377 626 376 626 385 626 376 627 387 627 385 627 376 628 375 628 387 628 20 629 22 629 383 629 19 630 20 630 383 630 388 631 375 631 374 631 389 632 388 632 374 632 389 633 374 633 372 633 372 634 374 634 373 634 390 635 388 635 389 635 391 636 390 636 389 636 390 637 396 637 386 637 388 638 390 638 386 638 386 639 396 639 392 639 393 640 392 640 394 640 394 641 19 641 393 641 394 642 15 642 19 642 15 643 16 643 19 643 393 644 19 644 383 644 383 645 386 645 393 645 386 646 392 646 393 646 223 647 15 647 394 647 223 648 394 648 395 648 14 649 223 649 395 649 12 650 14 650 395 650 12 651 395 651 11 651 396 652 685 652 392 652 395 653 392 653 685 653 394 654 392 654 395 654 391 655 372 655 371 655 397 656 391 656 371 656 400 657 391 657 397 657 398 658 391 658 400 658 398 659 390 659 391 659 399 660 398 660 400 660 397 661 371 661 370 661 370 662 369 662 403 662 402 663 401 663 368 663 369 664 401 664 402 664 403 665 369 665 402 665 422 666 406 666 405 666 408 667 407 667 416 667 405 668 406 668 407 668 408 669 416 669 415 669 579 670 598 670 415 670 579 671 415 671 409 671 411 672 409 672 410 672 577 673 411 673 410 673 577 674 410 674 412 674 410 675 409 675 415 675 413 676 410 676 415 676 416 677 413 677 415 677 413 678 416 678 414 678 418 679 417 679 414 679 418 680 419 680 417 680 418 681 414 681 420 681 418 682 421 682 417 682 420 683 421 683 418 683 710 684 420 684 406 684 421 685 420 685 710 685 422 686 424 686 423 686 425 687 423 687 424 687 423 688 425 688 426 688 423 689 426 689 427 689 428 690 423 690 427 690 432 691 709 691 428 691 429 692 709 692 432 692 429 693 708 693 709 693 432 694 430 694 429 694 432 695 431 695 430 695 432 696 428 696 433 696 434 697 428 697 427 697 426 698 425 698 435 698 612 699 426 699 435 699 612 700 434 700 426 700 436 701 434 701 612 701 436 702 433 702 434 702 433 703 436 703 437 703 612 704 438 704 436 704 437 705 436 705 438 705 440 706 439 706 438 706 439 707 440 707 441 707 441 708 442 708 717 708 440 709 442 709 441 709 443 710 442 710 440 710 611 711 449 711 443 711 444 712 443 712 449 712 445 713 444 713 446 713 447 714 455 714 446 714 448 715 447 715 449 715 444 716 449 716 447 716 447 717 446 717 444 717 450 718 448 718 449 718 452 719 450 719 451 719 452 720 451 720 453 720 448 721 450 721 452 721 454 722 456 722 448 722 747 723 456 723 457 723 747 724 727 724 456 724 457 725 454 725 461 725 454 726 459 726 460 726 457 727 456 727 454 727 460 728 469 728 461 728 462 729 461 729 469 729 462 730 458 730 461 730 463 731 458 731 462 731 463 732 748 732 458 732 748 733 463 733 464 733 465 734 466 734 472 734 466 735 463 735 467 735 465 736 464 736 466 736 463 737 466 737 464 737 463 738 462 738 467 738 466 739 467 739 472 739 472 740 467 740 474 740 468 741 470 741 471 741 470 742 474 742 471 742 467 743 471 743 474 743 467 744 468 744 471 744 695 745 475 745 473 745 475 746 476 746 473 746 476 747 477 747 741 747 743 748 477 748 480 748 745 749 743 749 480 749 479 750 478 750 480 750 745 751 480 751 478 751 696 752 482 752 481 752 483 753 480 753 481 753 482 754 483 754 481 754 484 755 483 755 525 755 484 756 479 756 483 756 483 757 479 757 480 757 484 758 478 758 479 758 486 759 478 759 485 759 487 760 488 760 485 760 489 761 513 761 512 761 8 762 30 762 5 762 30 763 489 763 490 763 513 764 488 764 519 764 490 765 491 765 545 765 492 766 491 766 490 766 489 767 492 767 490 767 492 768 493 768 491 768 494 769 510 769 493 769 492 770 494 770 493 770 507 771 495 771 493 771 491 772 495 772 496 772 491 773 493 773 495 773 496 774 495 774 497 774 497 775 498 775 499 775 498 776 500 776 499 776 500 777 498 777 751 777 500 778 751 778 501 778 751 779 498 779 502 779 503 780 751 780 502 780 504 781 503 781 502 781 505 782 504 782 502 782 506 783 505 783 502 783 507 784 502 784 495 784 498 785 495 785 502 785 498 786 497 786 495 786 510 787 508 787 507 787 510 788 494 788 509 788 514 789 509 789 494 789 514 790 515 790 509 790 494 791 513 791 514 791 517 792 518 792 516 792 515 793 514 793 516 793 514 794 517 794 516 794 519 795 514 795 513 795 488 796 520 796 519 796 520 797 521 797 522 797 523 798 522 798 521 798 522 799 523 799 518 799 524 800 523 800 525 800 487 801 478 801 484 801 525 802 487 802 484 802 523 803 487 803 525 803 603 804 524 804 526 804 524 805 603 805 527 805 527 806 528 806 518 806 518 807 528 807 529 807 505 808 531 808 530 808 531 809 516 809 530 809 531 810 505 810 508 810 508 811 506 811 507 811 506 812 508 812 505 812 530 813 752 813 505 813 530 814 601 814 752 814 751 815 532 815 501 815 537 816 535 816 534 816 537 817 538 817 535 817 535 818 538 818 539 818 535 819 539 819 536 819 539 820 548 820 536 820 536 821 548 821 540 821 541 822 542 822 540 822 543 823 533 823 541 823 533 824 542 824 541 824 543 825 501 825 533 825 500 826 501 826 543 826 544 827 541 827 2 827 499 828 500 828 497 828 500 829 544 829 497 829 497 830 547 830 496 830 4 831 546 831 545 831 3 832 4 832 547 832 496 833 4 833 545 833 4 834 496 834 547 834 544 835 547 835 497 835 1 836 547 836 544 836 1 837 3 837 547 837 546 838 4 838 30 838 546 839 30 839 545 839 490 840 545 840 30 840 545 841 491 841 496 841 1 842 544 842 2 842 2 843 541 843 540 843 2 844 540 844 548 844 550 845 0 845 548 845 590 846 549 846 538 846 551 847 750 847 549 847 552 848 750 848 551 848 553 849 565 849 552 849 553 850 551 850 554 850 553 851 566 851 565 851 552 852 551 852 553 852 555 853 21 853 718 853 30 854 513 854 489 854 485 855 28 855 486 855 27 856 26 856 738 856 555 857 732 857 26 857 555 858 718 858 719 858 17 859 18 859 703 859 13 860 562 860 558 860 18 861 556 861 749 861 559 862 13 862 558 862 556 863 559 863 576 863 561 864 564 864 560 864 558 865 561 865 560 865 558 866 562 866 561 866 562 867 564 867 561 867 562 868 566 868 564 868 564 869 566 869 563 869 565 870 566 870 562 870 567 871 563 871 566 871 553 872 554 872 567 872 568 873 586 873 569 873 568 874 563 874 567 874 569 875 563 875 568 875 569 876 564 876 563 876 569 877 560 877 564 877 570 878 560 878 569 878 571 879 570 879 573 879 571 880 572 880 570 880 559 881 574 881 575 881 572 882 575 882 574 882 577 883 575 883 572 883 577 884 571 884 411 884 577 885 572 885 571 885 411 886 578 886 409 886 580 887 579 887 578 887 573 888 578 888 571 888 571 889 578 889 411 889 578 890 573 890 580 890 573 891 581 891 597 891 582 892 594 892 581 892 569 893 583 893 573 893 583 894 581 894 573 894 570 895 569 895 573 895 583 896 582 896 581 896 585 897 584 897 592 897 583 898 586 898 582 898 586 899 584 899 582 899 569 900 586 900 583 900 568 901 587 901 586 901 587 902 567 902 554 902 587 903 568 903 567 903 588 904 554 904 589 904 590 905 589 905 554 905 588 906 589 906 698 906 588 907 590 907 587 907 590 908 554 908 551 908 586 909 592 909 584 909 591 910 592 910 587 910 537 911 592 911 591 911 590 912 538 912 537 912 590 913 537 913 591 913 592 914 537 914 593 914 585 915 592 915 593 915 585 916 593 916 596 916 585 917 594 917 582 917 596 918 594 918 585 918 594 919 596 919 597 919 595 920 597 920 596 920 580 921 573 921 597 921 595 922 580 922 597 922 580 923 595 923 579 923 579 924 595 924 598 924 593 925 537 925 599 925 596 926 593 926 599 926 601 927 602 927 600 927 602 928 530 928 529 928 601 929 530 929 602 929 600 930 602 930 529 930 528 931 600 931 529 931 527 932 603 932 528 932 603 933 604 933 605 933 603 934 526 934 604 934 606 935 697 935 607 935 606 936 607 936 608 936 606 937 608 937 604 937 606 938 604 938 526 938 695 939 610 939 609 939 474 940 470 940 473 940 752 941 600 941 605 941 534 942 542 942 533 942 532 943 504 943 752 943 608 944 609 944 604 944 604 945 609 945 610 945 454 946 453 946 459 946 450 947 613 947 451 947 438 948 612 948 611 948 612 949 694 949 611 949 435 950 694 950 612 950 435 951 425 951 424 951 613 952 694 952 435 952 468 953 469 953 470 953 501 954 532 954 533 954 617 955 619 955 618 955 620 956 622 956 621 956 10 957 621 957 624 957 624 958 32 958 10 958 624 959 621 959 622 959 620 960 623 960 622 960 623 961 620 961 626 961 626 962 620 962 619 962 626 963 619 963 617 963 625 964 32 964 624 964 9 965 625 965 31 965 627 966 617 966 616 966 627 967 626 967 617 967 627 968 623 968 626 968 628 969 623 969 627 969 630 970 627 970 616 970 615 971 614 971 629 971 616 972 615 972 629 972 630 973 628 973 627 973 631 974 624 974 622 974 513 975 30 975 31 975 632 976 625 976 624 976 625 977 632 977 29 977 625 978 513 978 31 978 632 979 624 979 631 979 623 980 628 980 633 980 623 981 633 981 631 981 633 982 628 982 634 982 637 983 632 983 635 983 637 984 636 984 632 984 638 985 637 985 635 985 240 986 636 986 637 986 640 987 639 987 638 987 633 988 635 988 631 988 640 989 633 989 634 989 640 990 634 990 641 990 639 991 640 991 642 991 639 992 644 992 638 992 648 993 637 993 644 993 644 994 637 994 638 994 240 995 643 995 636 995 643 996 488 996 29 996 29 997 636 997 643 997 488 998 513 998 29 998 29 999 513 999 625 999 240 1000 28 1000 643 1000 28 1001 488 1001 643 1001 648 1002 240 1002 637 1002 639 1003 645 1003 644 1003 645 1004 639 1004 646 1004 646 1005 639 1005 642 1005 646 1006 642 1006 653 1006 642 1007 640 1007 641 1007 645 1008 646 1008 662 1008 647 1009 648 1009 644 1009 649 1010 240 1010 648 1010 240 1011 649 1011 214 1011 649 1012 239 1012 214 1012 379 1013 648 1013 647 1013 645 1014 378 1014 647 1014 645 1015 663 1015 378 1015 662 1016 646 1016 658 1016 642 1017 641 1017 653 1017 634 1018 628 1018 630 1018 634 1019 630 1019 650 1019 650 1020 616 1020 629 1020 650 1021 630 1021 616 1021 641 1022 634 1022 650 1022 629 1023 614 1023 651 1023 614 1024 652 1024 651 1024 650 1025 629 1025 651 1025 654 1026 650 1026 651 1026 654 1027 653 1027 650 1027 653 1028 641 1028 650 1028 654 1029 651 1029 660 1029 652 1030 661 1030 651 1030 659 1031 654 1031 660 1031 332 1032 661 1032 655 1032 661 1033 652 1033 655 1033 605 1034 610 1034 655 1034 752 1035 605 1035 336 1035 336 1036 605 1036 334 1036 334 1037 605 1037 655 1037 655 1038 652 1038 334 1038 334 1039 652 1039 336 1039 652 1040 343 1040 336 1040 652 1041 614 1041 343 1041 532 1042 752 1042 336 1042 604 1043 610 1043 605 1043 658 1044 646 1044 659 1044 659 1045 646 1045 654 1045 646 1046 653 1046 654 1046 659 1047 660 1047 657 1047 651 1048 661 1048 660 1048 331 1049 661 1049 332 1049 610 1050 470 1050 332 1050 661 1051 656 1051 660 1051 331 1052 656 1052 661 1052 656 1053 657 1053 660 1053 668 1054 659 1054 657 1054 655 1055 610 1055 332 1055 645 1056 662 1056 663 1056 378 1057 379 1057 647 1057 381 1058 649 1058 380 1058 380 1059 649 1059 648 1059 379 1060 380 1060 648 1060 649 1061 24 1061 239 1061 26 1062 27 1062 239 1062 24 1063 26 1063 239 1063 381 1064 24 1064 649 1064 664 1065 377 1065 378 1065 665 1066 377 1066 664 1066 376 1067 377 1067 665 1067 665 1068 664 1068 669 1068 669 1069 664 1069 667 1069 664 1070 663 1070 667 1070 664 1071 378 1071 663 1071 666 1072 663 1072 662 1072 667 1073 663 1073 666 1073 667 1074 666 1074 674 1074 666 1075 662 1075 668 1075 668 1076 662 1076 659 1076 674 1077 666 1077 668 1077 665 1078 669 1078 670 1078 376 1079 665 1079 671 1079 672 1080 376 1080 671 1080 375 1081 376 1081 672 1081 374 1082 672 1082 682 1082 671 1083 665 1083 670 1083 669 1084 667 1084 673 1084 673 1085 667 1085 674 1085 676 1086 675 1086 656 1086 676 1087 656 1087 278 1087 680 1088 676 1088 278 1088 676 1089 677 1089 675 1089 680 1090 677 1090 676 1090 671 1091 670 1091 678 1091 672 1092 671 1092 678 1092 672 1093 678 1093 682 1093 679 1094 677 1094 680 1094 678 1095 677 1095 679 1095 276 1096 273 1096 680 1096 276 1097 680 1097 278 1097 276 1098 453 1098 273 1098 453 1099 613 1099 273 1099 459 1100 453 1100 460 1100 453 1101 451 1101 613 1101 422 1102 405 1102 424 1102 422 1103 423 1103 406 1103 407 1104 408 1104 405 1104 598 1105 595 1105 408 1105 435 1106 424 1106 613 1106 681 1107 679 1107 680 1107 266 1108 681 1108 680 1108 272 1109 266 1109 680 1109 684 1110 679 1110 681 1110 269 1111 681 1111 266 1111 401 1112 684 1112 681 1112 401 1113 681 1113 269 1113 682 1114 678 1114 679 1114 682 1115 679 1115 684 1115 373 1116 374 1116 682 1116 373 1117 682 1117 683 1117 372 1118 373 1118 683 1118 371 1119 372 1119 683 1119 424 1120 405 1120 267 1120 272 1121 424 1121 267 1121 266 1122 272 1122 267 1122 408 1123 595 1123 596 1123 404 1124 368 1124 354 1124 354 1125 596 1125 404 1125 408 1126 596 1126 354 1126 354 1127 269 1127 267 1127 405 1128 408 1128 267 1128 267 1129 408 1129 354 1129 269 1130 266 1130 267 1130 683 1131 684 1131 369 1131 368 1132 401 1132 269 1132 269 1133 354 1133 368 1133 683 1134 682 1134 684 1134 273 1135 424 1135 272 1135 613 1136 424 1136 273 1136 273 1137 272 1137 680 1137 329 1138 460 1138 276 1138 276 1139 278 1139 329 1139 460 1140 453 1140 276 1140 656 1141 675 1141 657 1141 674 1142 657 1142 675 1142 674 1143 668 1143 657 1143 470 1144 469 1144 329 1144 278 1145 331 1145 329 1145 278 1146 656 1146 331 1146 469 1147 460 1147 329 1147 678 1148 673 1148 677 1148 678 1149 670 1149 673 1149 673 1150 675 1150 677 1150 670 1151 669 1151 673 1151 673 1152 674 1152 675 1152 662 1153 658 1153 659 1153 332 1154 470 1154 329 1154 645 1155 647 1155 644 1155 633 1156 640 1156 635 1156 640 1157 638 1157 635 1157 632 1158 636 1158 29 1158 632 1159 631 1159 635 1159 623 1160 631 1160 622 1160 9 1161 32 1161 625 1161 32 1162 11 1162 10 1162 10 1163 685 1163 621 1163 396 1164 621 1164 685 1164 395 1165 685 1165 10 1165 398 1166 621 1166 396 1166 398 1167 620 1167 621 1167 620 1168 398 1168 399 1168 620 1169 399 1169 686 1169 619 1170 620 1170 686 1170 686 1171 399 1171 687 1171 687 1172 400 1172 688 1172 688 1173 397 1173 370 1173 688 1174 370 1174 403 1174 688 1175 403 1175 691 1175 689 1176 688 1176 691 1176 687 1177 688 1177 689 1177 686 1178 687 1178 689 1178 618 1179 619 1179 686 1179 691 1180 692 1180 690 1180 692 1181 402 1181 349 1181 691 1182 402 1182 692 1182 403 1183 402 1183 691 1183 599 1184 534 1184 404 1184 533 1185 532 1185 347 1185 534 1186 533 1186 347 1186 693 1187 689 1187 690 1187 693 1188 618 1188 689 1188 617 1189 618 1189 693 1189 346 1190 349 1190 347 1190 346 1191 692 1191 349 1191 690 1192 692 1192 615 1192 616 1193 693 1193 615 1193 693 1194 690 1194 615 1194 347 1195 532 1195 343 1195 343 1196 346 1196 347 1196 614 1197 692 1197 346 1197 615 1198 692 1198 614 1198 616 1199 617 1199 693 1199 347 1200 349 1200 404 1200 404 1201 534 1201 347 1201 596 1202 599 1202 404 1202 368 1203 404 1203 349 1203 349 1204 402 1204 368 1204 689 1205 691 1205 690 1205 689 1206 618 1206 686 1206 688 1207 400 1207 397 1207 687 1208 399 1208 400 1208 10 1209 11 1209 395 1209 343 1210 614 1210 346 1210 343 1211 532 1211 336 1211 613 1212 450 1212 694 1212 611 1213 694 1213 450 1213 611 1214 450 1214 449 1214 611 1215 440 1215 438 1215 443 1216 440 1216 611 1216 448 1217 453 1217 454 1217 601 1218 600 1218 752 1218 600 1219 603 1219 605 1219 600 1220 528 1220 603 1220 608 1221 695 1221 609 1221 695 1222 608 1222 607 1222 473 1223 470 1223 695 1223 610 1224 695 1224 470 1224 476 1225 475 1225 696 1225 482 1226 607 1226 697 1226 525 1227 482 1227 697 1227 525 1228 526 1228 524 1228 525 1229 697 1229 526 1229 526 1230 697 1230 606 1230 475 1231 607 1231 696 1231 482 1232 696 1232 607 1232 607 1233 475 1233 695 1233 525 1234 483 1234 482 1234 477 1235 476 1235 481 1235 696 1236 481 1236 476 1236 537 1237 534 1237 599 1237 582 1238 584 1238 585 1238 587 1239 592 1239 586 1239 587 1240 590 1240 591 1240 588 1241 589 1241 590 1241 588 1242 587 1242 554 1242 581 1243 594 1243 597 1243 578 1244 579 1244 409 1244 577 1245 412 1245 576 1245 576 1246 575 1246 577 1246 702 1247 576 1247 699 1247 412 1248 699 1248 576 1248 412 1249 410 1249 413 1249 699 1250 413 1250 700 1250 701 1251 699 1251 700 1251 701 1252 702 1252 699 1252 18 1253 702 1253 701 1253 703 1254 18 1254 701 1254 17 1255 703 1255 707 1255 704 1256 701 1256 700 1256 703 1257 701 1257 704 1257 707 1258 703 1258 704 1258 557 1259 17 1259 706 1259 17 1260 707 1260 706 1260 706 1261 707 1261 708 1261 421 1262 710 1262 709 1262 708 1263 707 1263 421 1263 708 1264 421 1264 709 1264 704 1265 705 1265 707 1265 705 1266 421 1266 707 1266 705 1267 704 1267 700 1267 414 1268 705 1268 700 1268 421 1269 414 1269 417 1269 421 1270 705 1270 414 1270 423 1271 428 1271 710 1271 710 1272 406 1272 423 1272 709 1273 710 1273 428 1273 708 1274 429 1274 706 1274 711 1275 557 1275 706 1275 557 1276 711 1276 712 1276 430 1277 712 1277 711 1277 431 1278 715 1278 430 1278 430 1279 715 1279 713 1279 715 1280 433 1280 437 1280 715 1281 431 1281 433 1281 715 1282 437 1282 439 1282 715 1283 439 1283 713 1283 714 1284 713 1284 441 1284 718 1285 21 1285 716 1285 716 1286 714 1286 441 1286 720 1287 717 1287 442 1287 718 1288 717 1288 720 1288 716 1289 717 1289 718 1289 719 1290 718 1290 720 1290 720 1291 442 1291 721 1291 722 1292 721 1292 446 1292 721 1293 442 1293 445 1293 721 1294 445 1294 446 1294 724 1295 723 1295 446 1295 446 1296 723 1296 722 1296 725 1297 721 1297 722 1297 725 1298 722 1298 726 1298 728 1299 726 1299 727 1299 727 1300 723 1300 724 1300 727 1301 722 1301 723 1301 727 1302 726 1302 722 1302 456 1303 727 1303 724 1303 456 1304 724 1304 455 1304 446 1305 455 1305 724 1305 728 1306 727 1306 729 1306 731 1307 728 1307 730 1307 728 1308 731 1308 26 1308 728 1309 26 1309 726 1309 555 1310 726 1310 732 1310 555 1311 725 1311 726 1311 719 1312 720 1312 555 1312 720 1313 725 1313 555 1313 720 1314 721 1314 725 1314 26 1315 732 1315 726 1315 738 1316 26 1316 731 1316 731 1317 734 1317 733 1317 464 1318 733 1318 734 1318 735 1319 733 1319 464 1319 742 1320 735 1320 465 1320 742 1321 733 1321 735 1321 736 1322 731 1322 733 1322 731 1323 736 1323 738 1323 736 1324 27 1324 738 1324 737 1325 27 1325 736 1325 27 1326 737 1326 739 1326 740 1327 739 1327 737 1327 739 1328 740 1328 741 1328 476 1329 741 1329 474 1329 740 1330 742 1330 741 1330 465 1331 741 1331 742 1331 740 1332 737 1332 742 1332 465 1333 474 1333 741 1333 744 1334 739 1334 741 1334 744 1335 743 1335 739 1335 743 1336 741 1336 477 1336 743 1337 744 1337 741 1337 745 1338 486 1338 28 1338 478 1339 486 1339 745 1339 27 1340 739 1340 28 1340 28 1341 743 1341 745 1341 28 1342 739 1342 743 1342 733 1343 742 1343 737 1343 737 1344 736 1344 733 1344 465 1345 735 1345 464 1345 464 1346 734 1346 746 1346 730 1347 728 1347 729 1347 731 1348 746 1348 734 1348 731 1349 730 1349 746 1349 730 1350 729 1350 746 1350 747 1351 746 1351 729 1351 748 1352 747 1352 457 1352 748 1353 457 1353 458 1353 746 1354 747 1354 748 1354 727 1355 747 1355 729 1355 464 1356 746 1356 748 1356 445 1357 442 1357 443 1357 445 1358 443 1358 444 1358 441 1359 717 1359 716 1359 716 1360 21 1360 714 1360 21 1361 557 1361 712 1361 713 1362 714 1362 712 1362 713 1363 712 1363 430 1363 21 1364 712 1364 714 1364 713 1365 439 1365 441 1365 711 1366 429 1366 430 1366 711 1367 706 1367 429 1367 749 1368 556 1368 576 1368 702 1369 18 1369 749 1369 749 1370 576 1370 702 1370 414 1371 700 1371 413 1371 413 1372 699 1372 412 1372 559 1373 575 1373 576 1373 559 1374 560 1374 574 1374 574 1375 560 1375 570 1375 574 1376 570 1376 572 1376 566 1377 553 1377 567 1377 559 1378 558 1378 560 1378 13 1379 559 1379 556 1379 21 1380 17 1380 557 1380 8 1381 565 1381 9 1381 18 1382 13 1382 556 1382 13 1383 565 1383 562 1383 565 1384 8 1384 552 1384 8 1385 750 1385 552 1385 550 1386 750 1386 8 1386 7 1387 550 1387 8 1387 750 1388 550 1388 549 1388 549 1389 539 1389 538 1389 549 1390 550 1390 539 1390 590 1391 551 1391 549 1391 548 1392 539 1392 550 1392 7 1393 0 1393 550 1393 548 1394 1 1394 2 1394 544 1395 543 1395 541 1395 544 1396 500 1396 543 1396 540 1397 542 1397 536 1397 536 1398 542 1398 534 1398 535 1399 536 1399 534 1399 532 1400 751 1400 503 1400 503 1401 504 1401 532 1401 505 1402 752 1402 504 1402 502 1403 507 1403 506 1403 508 1404 515 1404 531 1404 516 1405 529 1405 530 1405 531 1406 515 1406 516 1406 518 1407 529 1407 516 1407 527 1408 518 1408 523 1408 523 1409 524 1409 527 1409 521 1410 487 1410 523 1410 522 1411 518 1411 517 1411 519 1412 522 1412 514 1412 522 1413 517 1413 514 1413 520 1414 522 1414 519 1414 488 1415 521 1415 520 1415 488 1416 487 1416 521 1416 508 1417 509 1417 515 1417 513 1418 494 1418 512 1418 512 1419 494 1419 511 1419 512 1420 511 1420 489 1420 489 1421 511 1421 494 1421 494 1422 492 1422 489 1422 510 1423 509 1423 508 1423 493 1424 510 1424 507 1424 485 1425 478 1425 487 1425 477 1426 481 1426 480 1426 476 1427 474 1427 473 1427 474 1428 465 1428 472 1428 462 1429 468 1429 467 1429 462 1430 469 1430 468 1430 461 1431 454 1431 460 1431 457 1432 461 1432 458 1432 447 1433 448 1433 455 1433 448 1434 456 1434 455 1434 448 1435 452 1435 453 1435 439 1436 437 1436 438 1436 426 1437 434 1437 427 1437 434 1438 433 1438 428 1438 432 1439 433 1439 431 1439 420 1440 414 1440 416 1440 420 1441 416 1441 406 1441 408 1442 415 1442 598 1442 407 1443 406 1443 416 1443 390 1444 398 1444 396 1444 391 1445 389 1445 372 1445 388 1446 386 1446 387 1446 375 1447 388 1447 387 1447 387 1448 386 1448 384 1448 384 1449 386 1449 383 1449 377 1450 385 1450 379 1450 312 1451 313 1451 314 1451 294 1452 293 1452 292 1452 34 1453 31 1453 211 1453 241 1454 753 1454 289 1454 241 1455 289 1455 215 1455 754 1456 753 1456 241 1456 243 1457 754 1457 241 1457 258 1458 754 1458 243 1458 754 1459 258 1459 259 1459 254 1460 757 1460 260 1460 755 1461 255 1461 284 1461 261 1462 284 1462 255 1462 261 1463 756 1463 282 1463 261 1464 262 1464 756 1464 756 1465 262 1465 263 1465 756 1466 263 1466 274 1466 263 1467 273 1467 274 1467 271 1468 273 1468 263 1468 280 1469 756 1469 274 1469 276 1470 277 1470 274 1470 282 1471 756 1471 280 1471 282 1472 281 1472 284 1472 757 1473 285 1473 286 1473 757 1474 286 1474 260 1474 260 1475 286 1475 287 1475 288 1476 260 1476 287 1476 288 1477 259 1477 260 1477 288 1478 753 1478 259 1478 757 1479 755 1479 285 1479 285 1480 755 1480 284 1480 261 1481 282 1481 284 1481 753 1482 754 1482 259 1482 289 1483 753 1483 288 1483 276 1484 274 1484 275 1484 272 1485 271 1485 263 1485 272 1486 265 1486 271 1486 265 1487 272 1487 263 1487 271 1488 265 1488 64 1488 265 1489 65 1489 64 1489 758 1490 258 1490 244 1490 244 1491 258 1491 243 1491 245 1492 758 1492 244 1492 245 1493 244 1493 231 1493 245 1494 246 1494 759 1494 759 1495 246 1495 251 1495 246 1496 247 1496 251 1496 759 1497 251 1497 256 1497 257 1498 759 1498 256 1498 257 1499 758 1499 759 1499 758 1500 245 1500 759 1500 258 1501 758 1501 257 1501 249 1502 250 1502 253 1502 239 1503 28 1503 240 1503 235 1504 22 1504 25 1504 235 1505 20 1505 236 1505 232 1506 19 1506 234 1506 224 1507 14 1507 225 1507 97 1508 98 1508 206 1508 115 1509 116 1509 99 1509 123 1510 203 1510 122 1510 182 1511 179 1511 178 1511 177 1512 157 1512 156 1512 180 1513 177 1513 156 1513 760 1514 761 1514 180 1514 761 1515 760 1515 65 1515 350 1516 761 1516 65 1516 180 1517 761 1517 171 1517 171 1518 175 1518 180 1518 175 1519 177 1519 180 1519 174 1520 175 1520 171 1520 172 1521 761 1521 66 1521 171 1522 761 1522 172 1522 66 1523 761 1523 350 1523 760 1524 762 1524 65 1524 762 1525 760 1525 180 1525 65 1526 762 1526 64 1526 762 1527 180 1527 128 1527 128 1528 180 1528 129 1528 129 1529 180 1529 156 1529 169 1530 172 1530 66 1530 48 1531 49 1531 137 1531 155 1532 48 1532 137 1532 764 1533 167 1533 67 1533 162 1534 165 1534 167 1534 41 1535 38 1535 763 1535 763 1536 764 1536 41 1536 38 1537 162 1537 167 1537 763 1538 38 1538 167 1538 167 1539 764 1539 763 1539 68 1540 764 1540 67 1540 69 1541 764 1541 68 1541 40 1542 38 1542 41 1542 41 1543 764 1543 69 1543 158 1544 159 1544 160 1544 156 1545 157 1545 155 1545 155 1546 137 1546 138 1546 129 1547 155 1547 138 1547 51 1548 52 1548 136 1548 52 1549 135 1549 136 1549 106 1550 108 1550 52 1550 106 1551 107 1551 108 1551 108 1552 110 1552 52 1552 52 1553 110 1553 135 1553 110 1554 134 1554 135 1554 118 1555 131 1555 110 1555 126 1556 129 1556 131 1556 762 1557 127 1557 64 1557 127 1558 765 1558 64 1558 765 1559 127 1559 125 1559 765 1560 125 1560 119 1560 125 1561 123 1561 119 1561 122 1562 113 1562 119 1562 123 1563 122 1563 119 1563 63 1564 765 1564 62 1564 765 1565 120 1565 62 1565 120 1566 765 1566 119 1566 64 1567 765 1567 63 1567 112 1568 114 1568 115 1568 112 1569 115 1569 99 1569 79 1570 112 1570 78 1570 109 1571 110 1571 108 1571 96 1572 112 1572 107 1572 104 1573 105 1573 59 1573 59 1574 105 1574 72 1574 103 1575 104 1575 59 1575 103 1576 102 1576 104 1576 97 1577 96 1577 102 1577 60 1578 103 1578 59 1578 96 1579 97 1579 92 1579 94 1580 96 1580 92 1580 93 1581 94 1581 92 1581 94 1582 112 1582 96 1582 76 1583 91 1583 87 1583 87 1584 74 1584 76 1584 91 1585 88 1585 87 1585 90 1586 36 1586 766 1586 766 1587 162 1587 38 1587 766 1588 38 1588 85 1588 85 1589 90 1589 766 1589 85 1590 38 1590 39 1590 85 1591 84 1591 767 1591 84 1592 83 1592 767 1592 767 1593 83 1593 87 1593 87 1594 89 1594 767 1594 88 1595 89 1595 87 1595 83 1596 74 1596 87 1596 89 1597 90 1597 767 1597 767 1598 90 1598 85 1598 75 1599 83 1599 86 1599 75 1600 86 1600 768 1600 768 1601 43 1601 70 1601 43 1602 768 1602 86 1602 43 1603 86 1603 42 1603 42 1604 86 1604 44 1604 71 1605 768 1605 70 1605 73 1606 75 1606 768 1606 73 1607 768 1607 71 1607 44 1608 86 1608 53 1608 85 1609 82 1609 84 1609 82 1610 85 1610 39 1610 82 1611 39 1611 46 1611 81 1612 77 1612 54 1612 57 1613 74 1613 73 1613 57 1614 73 1614 72 1614 70 1615 43 1615 69 1615 43 1616 41 1616 69 1616 55 1617 52 1617 51 1617 54 1618 55 1618 51 1618 53 1619 54 1619 51 1619 47 1620 44 1620 50 1620 47 1621 50 1621 49 1621 46 1622 47 1622 48 1622 46 1623 44 1623 47 1623</p>
        </triangles>
      </mesh>
    </geometry>
  </library_geometries>
  <library_visual_scenes>
    <visual_scene id="Scene" name="Scene">
      <node id="node" name="node" type="NODE">
        <matrix sid="transform">1 0 0 0 0 -4.37114e-8 -1 0 0 1 -4.37114e-8 0 0 0 0 1</matrix>
        <instance_geometry url="#shape0-mesh" name="node"/>
      </node>
    </visual_scene>
  </library_visual_scenes>
  <scene>
    <instance_visual_scene url="#Scene"/>
  </scene>
</COLLADA>