<?xml version="1.0" encoding="utf-8"?>
<COLLADA xmlns="http://www.collada.org/2005/11/COLLADASchema" version="1.4.1" xmlns:xsi="http://www.w3.org/2001/XMLSchema-instance">
  <asset>
    <contributor>
      <author>Blender User</author>
      <authoring_tool>Blender 3.0.1</authoring_tool>
    </contributor>
    <created>2025-12-17T21:08:53</created>
    <modified>2025-12-17T21:08:53</modified>
    <unit name="meter" meter="1"/>
    <up_axis>Z_UP</up_axis>
  </asset>
  <library_images/>
  <library_geometries>
    <geometry id="Motor-mesh" name="Motor">
      <mesh>
        <source id="Motor-mesh-positions">
          <float_array id="Motor-mesh-positions-array" count="3729">3.885394 -40.3875 19.26836 -4.029678 -38.62297 2.458197 3.970322 -38.80763 2.024804 3.9429 -40.44853 4.474987 -4.029678 -37.61048 2.863873 3.970322 -37.61048 2.863873 -4.029678 -39.61048 4.863873 3.970322 -39.61048 4.863873 -4.17026 -40.50406 4.831283 4.033594 -39.41323 18.77387 8.054177 -40.25124 13.44051 5.370578 -40.02153 10.70865 -4.081468 -39.36282 19.31994 -4.848711 -40.25979 14.26222 -2.950325 -39.61051 16.27129 -6.515559 -39.60854 8.180243 -4.977145 -40.51577 9.580909 4.970247 -40.36631 9.285681 6.664778 -39.60995 7.595345 1.343229 -40.17004 17.16835 3.970322 -37.83476 19.45126 -4.029678 -37.83476 19.45126 -6.704825 -40.81088 16.87996 -3.029678 -21.72894 21.26885 -5.029678 -25.75547 21.27891 -6.029677 -16.81655 22.32639 2.970322 -19.74155 21.49313 5.970322 -16.81655 22.32639 2.970322 -23.71632 21.04456 5.470322 -25.73735 21.11839 -3.029678 -21.76048 1.863869 -3.029678 -21.76048 2.863873 2.970322 -23.76048 2.363871 2.970322 -19.76048 2.363871 -5.363011 -22.76048 2.363871 4.970323 -25.76048 1.863869 4.970323 -25.76048 2.863873 5.970322 -16.76048 2.863873 5.970322 -16.76048 1.863869 2.970322 -19.85369 22.48682 3.636989 -24.82216 21.92611 -3.029678 -21.84107 22.26254 -0.02967798 -16.76048 2.863873 -0.02967798 -16.76048 21.82954 -0.02967798 -39.30158 18.82212 -0.02967798 -39.14454 3.329814 -0.02967846 -34.26048 4.172963 -6.606152 -34.26048 4.663872 -8.406035 -39.43982 6.625038 -7.843968 -39.07764 18.03649 4.818744 -39.90417 4.362796 6.546795 -34.26048 4.663872 7.289692 -34.26048 5.397778 7.951151 -34.26048 6.205856 8.523814 -34.26048 7.079113 9.001299 -34.26048 8.007832 9.378304 -34.26048 8.981682 9.650629 -34.26048 9.989829 9.815245 -34.26048 11.02105 9.870324 -34.26048 12.06387 9.815245 -34.26048 13.1067 8.141188 -39.11266 17.56668 9.650629 -34.26048 14.13792 9.378304 -34.26048 15.14606 9.001299 -34.26048 16.11991 8.523814 -34.26048 17.04863 7.951151 -34.26048 17.92189 7.289692 -34.26048 18.72997 6.546795 -34.26048 19.46387 -9.709984 -34.26048 9.989829 -9.437663 -34.26048 8.981682 -9.060658 -34.26048 8.007832 -8.583168 -34.26048 7.079113 -8.01051 -34.26048 6.205856 -7.349049 -34.26048 5.397778 -9.8746 -34.26048 11.02105 -9.929677 -34.26048 12.06387 -9.8746 -34.26048 13.1067 -9.709984 -34.26048 14.13792 -9.437663 -34.26048 15.14606 -9.060658 -34.26048 16.11991 -8.583168 -34.26048 17.04863 -8.01051 -34.26048 17.92189 -7.349049 -34.26048 18.72997 -6.606152 -34.26048 19.46387 -2.544687 -41.11048 16.98773 9.000082 -39.72715 10.45017 -0.02967858 -25.76048 12.06388 -4.165868 -40.48976 83.10795 3.705095 -38.12691 81.38496 -4.029654 -38.62295 99.48712 3.970346 -38.80768 99.92048 3.942923 -40.44851 97.47035 -4.029654 -37.61046 99.08145 3.970346 -37.61046 99.08145 -4.029654 -39.61046 97.08145 3.970346 -39.61046 97.08145 -3.298898 -40.26715 94.08131 -4.170228 -40.50403 97.11405 3.449521 -40.23591 84.70679 8.0542 -40.25122 88.50481 -4.081446 -39.36281 82.62538 -4.248327 -39.61041 86.18224 -8.266814 -40.04159 90.79319 2.86227 -40.21088 94.32955 -3.366832 -40.47151 85.03902 6.664804 -39.60993 94.34998 3.970346 -37.83475 82.49407 -4.029654 -37.83475 82.49407 4.885848 -40.61046 87.65378 -3.563428 -40.61072 94.04586 -3.029654 -19.79761 79.95536 -4.529654 -24.71001 81.0129 -6.029654 -16.76046 80.11577 -4.529654 -25.77099 80.52883 4.720346 -23.31884 80.85591 5.970345 -16.81654 79.61893 2.970346 -22.80112 80.09304 -3.029654 -21.76047 100.0814 -3.029654 -23.76047 99.08145 -3.029654 -19.76046 99.08145 2.970346 -22.76047 99.41477 2.970346 -19.76046 100.0814 -5.029654 -25.76047 99.58143 -6.029654 -16.76046 99.58142 4.970346 -25.76047 100.0814 4.970346 -25.76047 99.08145 5.970346 -16.76046 99.58142 -3.029654 -23.82845 79.90707 -6.029654 -16.87261 79.12208 -0.02965402 -16.76046 99.08145 -0.02965402 -16.76046 80.11578 -0.02965402 -39.30158 83.12321 -0.02965402 -39.14453 98.6155 -0.02965307 -34.26047 97.77236 -6.606127 -34.26047 97.28145 -8.843123 -39.76394 92.10925 -0.1467992 -39.67248 101.5472 -7.843945 -39.07763 83.90884 6.54682 -34.26047 97.28145 7.289718 -34.26047 96.54754 7.951176 -34.26047 95.73947 8.523838 -34.26047 94.86621 9.001324 -34.26047 93.93749 9.378331 -34.26047 92.96364 9.650652 -34.26047 91.95549 9.81527 -34.26047 90.92427 9.870347 -34.26047 89.88145 9.81527 -34.26047 88.83863 9.650652 -34.26047 87.80741 9.378331 -34.26047 86.79926 9.001324 -34.26047 85.82541 8.523838 -34.26047 84.89669 7.951176 -34.26047 84.02343 7.289718 -34.26047 83.21536 6.54682 -34.26047 82.48145 -9.70996 -34.26047 91.95549 -9.437637 -34.26047 92.96364 -9.060631 -34.26047 93.93749 -8.583145 -34.26047 94.86621 -8.010483 -34.26047 95.73947 -7.349025 -34.26047 96.54754 -9.874577 -34.26047 90.92427 -9.929656 -34.26047 89.88145 -9.874577 -34.26047 88.83863 -9.70996 -34.26047 87.80741 -9.437637 -34.26047 86.79926 -9.060631 -34.26047 85.82541 -8.583145 -34.26047 84.89669 -8.010483 -34.26047 84.02343 -7.349025 -34.26047 83.21536 -6.606127 -34.26047 82.48145 3.836621 -40.32655 93.72816 9.252094 -39.92556 88.07257 -0.02965331 -25.76047 89.88146 14.52082 -5.307615 2.903267 19.10585 -1.671609 0.1340255 18.58624 -16.80858 0.1340296 12.25496 -9.892712 2.918259 18.62677 -1.699689 0.1340256 -10.32072 -8.750892 0.1340376 -13.03706 -9.813726 3.057123 18.25233 -17.15364 3.108721 -8.592954 -10.96626 0.1340407 -8.386023 -10.90364 0.1340408 -8.93344 -8.523162 2.998653 -12.23355 -3.238898 0.134037 -12.79826 -4.168508 3.000711 -9.565516 -7.946425 0.1340371 -7.796718 -9.79051 0.1340367 6.895094 -8.840939 2.812611 6.339326 -9.08251 3.082443 -10.538 -8.998495 0.1340408 -10.50736 -9.634733 0.1340408 -13.5021 -4.720155 0.134037 -9.899533 -8.098158 0.134037 -7.626406 -10.53691 0.1340359 5.829644 -9.791091 1.56261 11.17364 -8.712587 0.1340299 -7.659877 -8.074652 0.1340371 -12.44297 -3.318927 0.134037 -12.96942 -14.52148 0.1340408 -9.478017 -10.17467 0.1340411 -9.458236 -9.557857 3.075224 -13.26177 -14.03122 0.1340408 -9.247287 -19.28032 2.98127 -9.197348 -10.90364 0.1340408 11.45796 -9.963988 0.134029 11.90977 -8.784138 0.1340292 11.23536 -10.64337 2.973323 -7.146031 -8.60822 0.134037 10.46763 -8.142102 0.1340304 8.489058 -8.496391 3.104482 6.452957 -10.4629 0.1340249 6.872658 -10.90981 3.090352 11.25853 -10.26336 0.1340291 -7.361377 -9.47868 0.1340383 -7.07668 -8.785902 0.134037 18.85789 -1.469532 3.134033 18.85286 -17.0111 3.134037 13.6979 -2.542742 3.134032 5.963166 -8.111421 3.134037 -13.57236 -14.1943 3.134048 -13.14083 -14.72341 3.134048 -9.672185 -10.6115 3.134048 -7.366664 -9.429232 3.134042 10.61402 -7.56884 3.134026 -10.45834 -8.941756 3.134055 -13.68263 -4.667992 3.134045 -9.717179 -7.697068 3.134045 11.72245 -10.11905 3.134037 11.78236 -8.673727 3.134039 11.44781 -10.45273 3.134037 5.460425 -9.210347 3.13404 6.299603 -10.72244 3.134038 -12.33712 -3.283609 3.134045 19.02481 -1.625565 3.134033 18.50642 -16.7341 3.134037 -13.36021 -14.46655 3.134048 11.86339 -8.698785 3.134037 11.58115 -10.28627 3.134037 -10.52034 -8.892734 3.134048 -10.46737 -8.698785 3.134047 -10.0264 -7.975564 3.134045 -9.867671 -7.834393 3.134045 -7.556952 -7.975565 3.134045 -7.115981 -8.698786 3.134045 -7.063097 -9.527758 3.134045 -7.115981 -9.739457 3.134045 -7.556951 -10.445 3.134045 -8.491873 -10.92121 3.134048 -9.409049 -10.83302 3.134048 14.52103 -5.307297 24.88125 19.10586 -1.671604 22.11202 18.58624 -16.80857 22.11202 12.25491 -9.892683 24.89624 18.62676 -1.699713 22.11202 -10.32071 -8.750888 22.11203 -13.03703 -9.813728 25.03511 18.25234 -17.15364 25.0867 -8.592947 -10.96626 22.11203 -8.386015 -10.90364 22.11203 -8.93343 -8.523158 24.97664 -12.23354 -3.238894 22.11203 -12.79826 -4.168508 24.9787 -9.565511 -7.94642 22.11203 -7.796658 -9.790534 22.11203 6.895108 -8.840939 24.7906 6.339333 -9.082506 25.06043 -10.53799 -8.99849 22.11203 -10.50735 -9.634731 22.11203 -13.50215 -4.720135 22.11203 -9.899527 -8.098151 22.11203 -7.626399 -10.5369 22.11203 5.829668 -9.791068 23.5406 11.90977 -8.784136 22.11202 11.17364 -8.712587 22.11202 -7.65987 -8.07465 22.11203 -12.44296 -3.318923 22.11203 -12.96941 -14.52147 22.11203 -9.478027 -10.17471 22.11203 -9.458264 -9.55786 25.05321 -13.26176 -14.03122 22.11203 -9.247522 -19.28064 24.95925 -9.19734 -10.90364 22.11203 11.45793 -9.963959 22.11203 11.23536 -10.64337 24.95131 -7.146023 -8.608218 22.11203 10.46764 -8.142107 22.11202 8.489073 -8.496352 25.08246 6.452924 -10.46297 22.11204 6.872667 -10.9098 25.06834 11.25854 -10.26335 22.11202 -7.361371 -9.478676 22.11203 -7.076672 -8.7859 22.11203 18.85789 -1.469528 25.11202 18.85286 -17.0111 25.11202 13.69791 -2.542738 25.11202 5.963177 -8.111415 25.11202 -13.57235 -14.1943 25.11203 -13.14082 -14.72341 25.11203 -9.672164 -10.6115 25.11203 -7.366647 -9.429224 25.11203 10.61403 -7.568836 25.11204 -10.45833 -8.941754 25.11203 -13.68262 -4.667987 25.11203 -9.717171 -7.697064 25.11203 11.72246 -10.11904 25.11203 11.78237 -8.673715 25.11202 11.44781 -10.45273 25.11202 5.460433 -9.210343 25.11203 6.299609 -10.72244 25.11203 -12.33711 -3.283602 25.11203 19.02481 -1.625562 25.11202 18.50642 -16.73409 25.11202 -13.3602 -14.46655 25.11203 11.86354 -8.698728 25.11202 11.58124 -10.28633 25.11202 -10.52033 -8.892731 25.11203 -10.46738 -8.698779 25.11203 -10.02637 -7.975576 25.11203 -9.867647 -7.834406 25.11203 -7.556942 -7.975561 25.11203 -7.115982 -8.698788 25.11203 -7.063081 -9.527755 25.11203 -7.115975 -9.739452 25.11203 -7.556942 -10.445 25.11203 -8.491837 -10.92137 25.11203 -9.409037 -10.833 25.11203 14.52092 -5.307404 79.70306 19.10588 -1.671593 76.93383 18.58628 -16.80859 76.93383 12.25496 -9.892682 79.71806 18.62677 -1.699696 76.93383 -10.32072 -8.750868 76.93384 -13.03721 -9.813664 79.85691 18.25236 -17.15363 79.90852 -8.592931 -10.96624 76.93384 -8.385998 -10.90362 76.93384 -8.933417 -8.523147 79.79844 -12.23352 -3.238883 76.93384 -12.79824 -4.168491 79.8005 -9.565492 -7.946406 76.93384 -7.796647 -9.790521 76.93384 6.895125 -8.840917 79.61241 6.339348 -9.082493 79.88224 -10.53798 -8.998476 76.93384 -10.50734 -9.634716 76.93384 -13.50201 -4.720161 76.93384 -9.899495 -8.098151 76.93384 -7.626382 -10.53689 76.93384 5.829683 -9.791055 78.36241 11.17365 -8.712575 76.93383 -7.659849 -8.074634 76.93385 -12.44294 -3.318911 76.93384 -12.96938 -14.52146 76.93384 -9.477999 -10.17467 76.93384 -9.45823 -9.557835 79.87501 -13.26179 -14.03123 76.93383 -9.247495 -19.28064 79.78106 -9.197323 -10.90362 76.93384 11.45799 -9.963967 76.93383 11.90979 -8.784123 76.93383 11.23538 -10.64336 79.77312 -7.146006 -8.608206 76.93384 10.46766 -8.142091 76.93383 8.489088 -8.496353 79.90428 6.452957 -10.46292 76.93384 6.872684 -10.90979 79.89015 11.25859 -10.26338 76.93384 -7.361351 -9.478665 76.93384 -7.076655 -8.785886 76.93384 18.8579 -1.469519 79.93382 18.85287 -17.01109 79.93383 13.69793 -2.542725 79.93383 5.96319 -8.111404 79.93383 -13.57234 -14.19428 79.93384 -13.1408 -14.7234 79.93384 -9.672145 -10.61148 79.93384 -7.366637 -9.429223 79.93384 10.61405 -7.568822 79.93383 -10.45831 -8.94174 79.93383 -13.68261 -4.667973 79.93383 -9.717154 -7.697051 79.93383 11.72249 -10.11903 79.93383 11.78238 -8.673693 79.93383 11.44783 -10.45272 79.93384 5.460451 -9.21033 79.93383 6.299627 -10.72243 79.93383 -12.33709 -3.283589 79.93383 19.02483 -1.625549 79.93382 18.50647 -16.73413 79.93383 -13.36018 -14.46653 79.93384 11.86342 -8.69877 79.93383 11.58118 -10.28626 79.93383 -10.52033 -8.892713 79.93383 -10.46748 -8.698716 79.93383 -10.02633 -7.975592 79.93383 -9.867641 -7.834381 79.93383 -7.556902 -7.975519 79.93383 -7.115954 -8.69877 79.93383 -7.063066 -9.527742 79.93383 -7.115953 -9.73944 79.93383 -7.556924 -10.44499 79.93383 -8.491847 -10.92119 79.93383 -9.409022 -10.833 79.93383 14.52092 -6.29518 100.305 19.10588 -2.659289 97.53585 18.58627 -17.79627 97.53585 12.25501 -10.8804 100.32 18.6268 -2.687372 97.53585 -10.32069 -9.738574 97.53586 -13.03701 -10.80141 100.459 18.25236 -18.14132 100.5105 -8.592925 -11.95394 97.53586 -8.385993 -11.89132 97.53586 -8.933405 -9.51084 100.4004 -12.23352 -4.226579 97.53586 -12.79823 -5.156187 100.4025 -9.565489 -8.934104 97.53586 -7.796664 -10.7782 97.53586 6.895134 -9.828617 100.2144 6.339356 -10.07019 100.4842 -10.53797 -9.986173 97.53586 -10.50733 -10.62241 97.53586 -13.50207 -5.707836 97.53586 -9.899503 -9.085834 97.53586 -7.626376 -11.52459 97.53586 5.829689 -10.77876 98.9644 11.17368 -9.700262 97.53585 -7.659848 -9.062335 97.53586 -12.44294 -4.306607 97.53586 -12.96938 -15.50916 97.53586 -9.477999 -11.16236 97.53586 -9.45825 -10.54556 100.4771 -13.26174 -15.01891 97.53586 -9.247145 -20.26803 100.3831 -9.197319 -11.89132 97.53586 11.45799 -10.95167 97.53585 11.9098 -9.771821 97.53585 11.23539 -11.63105 100.3751 -7.146001 -9.595901 97.53586 10.46766 -9.129786 97.53585 8.489092 -9.484065 100.5062 6.452989 -11.45058 97.53585 6.872692 -11.89749 100.4921 11.2586 -11.25107 97.53585 -7.361347 -10.46636 97.53586 -7.076649 -9.773585 97.53586 18.85792 -2.457212 100.5358 18.85289 -17.99878 100.5358 13.69793 -3.530422 100.5358 5.963197 -9.0991 100.5358 -13.57233 -15.18198 100.5359 -13.14079 -15.71109 100.5359 -9.672144 -11.59918 100.5359 -7.366634 -10.41692 100.5364 10.61405 -8.556521 100.5358 -10.45832 -9.929434 100.536 -13.6826 -5.655671 100.5359 -9.71715 -8.68475 100.5358 11.72248 -11.10673 100.5358 11.78239 -9.661407 100.5358 11.44784 -11.44042 100.5358 5.460455 -10.19803 100.5358 6.299638 -11.71012 100.5358 -12.33709 -4.271288 100.5358 19.02483 -2.613249 100.5358 18.50645 -17.72178 100.5358 -13.36018 -15.45423 100.5359 11.86342 -9.686468 100.5358 11.58111 -11.27389 100.5358 -10.52031 -9.880414 100.5359 -10.46734 -9.686468 100.5359 -10.02637 -8.963247 100.5358 -9.86763 -8.822087 100.5358 -7.556921 -8.963247 100.5358 -7.11595 -9.686468 100.5358 -7.063063 -10.51544 100.5358 -7.115997 -10.72712 100.5358 -7.556844 -11.43278 100.5358 -8.491844 -11.90889 100.5359 -9.409019 -11.82069 100.5359 10.519 -22.96054 56.66764 10.79171 60.3206 25.66068 12.79719 -29.65423 6.080752 13.22172 77.89397 96.99143 10.51901 48.2281 88.7974 12.89995 -4.98082 51.31365 10.51902 -58.62259 98.96099 10.519 -18.91285 38.66452 10.51899 76.99705 6.787885 10.51899 74.509 15.38153 10.51901 -57.5136 63.59943 12.39687 51.39006 51.53198 10.51902 34.88946 76.85305 12.60233 81.2208 7.96647 13.36479 80.57451 2.061617 10.51899 77.82167 3.367994 13.19755 79.16901 -1.847681 13.49108 77.40079 5.301096 10.51899 76.89093 4.105294 10.51898 75.45493 -8.989163 13.49014 75.68983 3.142727 10.51899 76.89015 3.545453 12.66955 76.3609 80.92388 12.78843 84.82526 83.39228 10.51902 74.28662 98.13121 12.47979 74.90338 87.60557 13.44656 63.24497 99.81015 12.58088 60.89079 115.1998 12.99836 55.80511 125.3485 13.48932 57.4281 125.2782 13.40363 62.61939 115.6987 13.46294 65.72689 121.9416 13.3054 70.84029 112.4527 13.49058 71.11882 111.4786 10.51902 70.40118 110.6193 10.51902 70.60903 110.0346 13.48989 72.02512 110.9416 13.47468 69.60405 110.5136 13.49031 69.43219 110.0803 13.44826 70.17391 108.9741 10.51902 75.2236 103.9419 13.43162 58.48643 60.50797 13.46293 57.4377 60.34424 13.43246 55.03181 58.29203 13.46018 52.66559 57.50937 12.11475 62.63521 60.99842 13.45191 64.75996 58.46622 10.51902 62.57546 51.88377 13.10445 70.02102 48.61759 13.46131 59.79142 41.1052 13.019 51.69882 45.12151 10.519 26.75179 49.35604 13.46131 52.66559 44.20975 13.15058 58.43468 40.82141 13.38525 25.08146 84.5848 13.43872 27.08621 82.18449 11.65826 42.62597 91.60852 10.519 4.299726 30.86297 11.45002 11.30223 23.87207 10.6769 20.02371 32.711 12.97801 27.18197 18.1452 10.51901 -0.1877543 72.25563 13.16417 4.299736 71.29868 12.63205 13.4013 77.46255 13.46496 -21.50255 63.22245 13.48005 -17.7515 66.10454 13.42179 -19.81529 65.98843 13.22171 -20.14682 64.98191 13.49149 -17.32786 63.83863 10.51901 -18.06593 64.9748 13.48242 -19.68924 62.6692 10.51901 -18.6591 62.46248 13.43248 -29.64616 93.47618 10.51901 -48.4054 86.22563 10.51901 -28.89088 92.01215 13.49098 -28.33674 93.3787 10.51902 -30.54164 95.47808 13.01901 -28.26009 95.20883 13.4903 -31.03315 94.7592 13.26901 -29.39308 95.76746 13.49058 -34.62268 93.30791 10.51902 -34.25262 94.35962 13.48482 -36.44664 94.11384 10.51902 -35.38917 94.06749 13.47522 -34.41477 96.02314 10.51902 -34.69734 98.67118 13.47735 -35.7932 96.57112 10.51902 -36.60783 95.48492 13.47039 -44.71129 94.33868 10.51902 -44.09285 95.26292 13.41291 -43.81539 96.6311 10.51902 -47.02698 89.78662 13.27928 -54.8702 68.18303 12.7495 -56.20988 74.8505 10.51901 -57.22328 73.97277 10.51899 -77.78009 16.37565 12.44756 -74.87662 7.344493 10.51899 -77.28032 1.347271 10.51899 -69.80728 7.34449 12.01899 -62.79867 7.344487 10.51898 -52.90727 18.63907 10.51899 -61.86386 1.347263 12.76899 -73.29391 16.37565 12.46017 -83.78897 7.344494 12.15535 -78.77964 7.344494 10.519 -103.4782 31.99462 10.519 -103.2094 33.36186 13.27128 -103.4016 29.58383 10.51899 -103.5748 28.18033 10.51899 -108.1001 24.23026 12.80038 -118.2475 81.95307 13.42269 -107.2462 93.66534 10.51902 -106.1903 93.35183 10.51902 -104.7372 95.03783 10.51902 -111.6426 97.04115 13.39629 -106.2519 96.92312 10.51902 -108.3495 97.72172 13.43163 -106.9144 95.30821 13.51047 -105.1133 96.7143 10.51899 -59.6172 5.131163 10.51899 -51.97284 1.34726 13.45501 -58.0746 5.671346 10.51899 -58.14923 6.809563 13.39926 -58.20362 7.853937 10.51898 59.19392 -2.853533 13.33148 55.04271 -17.0381 13.42481 60.69262 -3.048985 13.23801 58.62232 -15.79453 13.49054 58.70384 -2.958045 10.51898 61.31637 -3.567754 10.51898 61.0288 -2.699723 10.51899 62.11391 4.419148 13.28399 71.41133 74.24993 13.24628 73.25059 73.11186 10.51901 54.29994 77.86472 13.25874 71.21431 75.02305 13.49149 71.42203 76.68839 10.51899 76.30549 13.9076 10.51899 75.9719 14.49923 13.41851 75.3892 20.03118 13.47465 76.30548 20.4078 10.51899 75.32186 20.71286 10.51899 72.27328 27.89825 10.519 74.81996 32.8101 13.46777 72.98672 27.18222 10.51901 72.42454 80.6385 13.29881 -113.4455 24.13288 12.08421 -113.1761 24.66838 13.46238 -115.2035 22.69672 13.42809 -117.5409 30.19977 13.23392 -113.9191 25.82493 10.51902 79.04672 55.57324 13.40362 88.77079 54.511 10.519 86.9352 58.11119 13.18962 83.35614 61.69392 13.48987 84.374 56.7218 10.519 85.14663 56.93486 13.4674 85.49129 58.0539 13.49057 83.87033 57.7092 13.25873 87.06761 73.34105 13.25458 82.41832 95.29615 13.43607 78.52955 97.86917 10.51902 77.82105 98.352 13.4602 74.14955 112.7897 13.48932 69.46469 116.5544 10.51902 60.81881 105.4555 13.49045 60.57147 106.1875 10.51902 59.89472 105.1905 13.49098 58.65111 105.8077 12.52221 60.98629 105.0367 13.48975 58.85962 103.993 12.84105 -0.8898195 100.2367 13.47774 -108.3544 100.3126 13.48989 -111.3214 98.93011 10.51902 -109.7416 99.05695 13.06249 -110.5989 92.51734 13.47185 -115.35 78.0626 12.80909 -120.6507 67.68468 13.39362 -113.2942 76.62021 10.51901 -113.5706 79.36329 10.60725 -100.3505 74.80001 10.51901 -116.1517 76.90971 13.47636 -116.0046 76.2434 11.98246 -118.2261 57.54954 13.48931 -113.8388 66.277 13.48678 -115.1752 66.80856 13.47543 -117.04 65.81621 13.44758 -113.3315 65.64771 10.519 -114.2277 56.69007 13.48987 -113.901 57.10697 13.2217 -115.2438 57.94558 13.43267 -114.9981 56.46673 13.34919 -116.4874 44.47852 10.519 -114.3144 42.52674 10.519 -114.4219 44.48732 13.43288 -116.4097 43.6958 13.4624 -116.4565 37.9718 10.519 -115.9553 36.6626 13.49029 -114.7812 38.22237 13.46075 -114.2651 34.66773 10.519 -115.0261 36.38488 11.419 -116.6376 35.26241 13.30969 -118.4015 21.57553 10.51899 -114.7065 9.537669 13.37613 -116.2259 11.88957 10.51901 -110.059 5.418823 13.4948 -112.4633 6.481396 10.51899 -108.7957 3.693394 13.5091 -110.4994 2.234406 13.32273 -105.6317 6.58663 13.14084 -105.7393 6.979106 13.4753 -105.0634 5.707425 13.48258 -108.065 6.186569 10.51899 -106.2055 5.623029 13.46343 -109.1451 1.481692 13.43161 -108.2013 1.347266 10.51899 -44.14457 6.455151 10.51899 -37.06932 4.308582 13.48938 -44.5162 5.797382 10.51899 -45.71987 7.367983 13.48986 -46.62572 7.31273 10.51899 -45.895 5.465407 10.51899 -46.28432 6.446752 13.44653 -45.38853 4.916657 13.4613 -33.51263 7.172624 13.48929 -34.18325 7.63309 13.49938 -34.48002 8.257625 13.22169 -35.48204 6.710282 13.48479 -36.87435 5.791841 12.14061 12.30857 9.068615 13.48961 -29.546 7.120401 12.74121 -30.10584 4.709122 10.51899 37.83677 10.41131 10.51899 46.21539 9.608469 13.43245 41.01531 9.641715 13.44582 41.43443 10.3517 13.49928 45.46614 9.112559 10.51899 40.67808 9.057398 10.519 46.15052 7.995745 12.30024 55.80509 1.347234 13.2004 46.06732 7.077527 13.19003 65.81635 -18.03001 13.41753 62.11972 -13.54623 13.38979 62.88521 -13.59521 10.51898 72.52751 -9.52041 10.51898 72.24475 -8.74223 13.43407 71.3628 -14.84522 10.51898 72.24475 -8.21307 10.51898 72.17119 -7.641847 10.51898 72.51849 -0.5867839 13.31119 71.54422 -7.666478 10.51898 74.80049 -2.23287 13.49013 75.29061 -1.365463 10.51896 72.96897 -2.566737 10.51898 74.2405 -2.645771 10.51898 74.37825 -1.456274 13.48248 73.70011 -1.041507 13.49054 72.9178 -3.262841 12.01898 73.40106 -12.2002 13.29678 87.97278 47.11615 12.77464 88.75879 43.57013 13.41755 85.56597 43.98826 13.44583 85.84445 42.72402 13.44654 86.36104 43.2106 10.519 84.51986 43.22941 13.49083 84.013 44.05766 10.51901 -112.9284 77.2722 13.4544 63.29074 3.769906 13.34642 64.17494 2.088464 10.51899 64.02719 2.847601 10.51899 64.02683 3.481502 13.46017 71.89197 28.75797 13.37613 70.72203 28.77457 13.48003 70.00559 28.12779 10.51899 70.86067 25.31489 10.62425 60.32059 15.64478 13.32273 70.65354 26.91714 10.51899 51.2896 14.68223 13.31899 51.2896 20.15734 13.46131 -20.81232 35.28304 13.4506 -20.37736 37.8906 13.45296 -22.2906 37.62815 13.39104 -18.89417 35.70993 13.4893 -22.05302 36.02525 10.51902 -19.14845 36.74716 13.46131 -17.67621 38.0853 13.144 -19.80151 39.53797 10.51901 -102.3709 70.09748 10.51901 -80.08485 73.77095 10.51902 -103.5264 69.77879 13.46766 -103.0601 71.07415 10.51901 -104.5343 71.17859 12.67728 -51.82451 85.09503 13.41948 -57.71673 94.54175 10.51901 -58.62101 95.42093 12.72489 -60.47891 95.58471 13.44827 -58.30836 96.71273 13.36259 -56.58502 26.5822 10.519 -58.4182 38.86074 10.70948 -57.8506 39.19407 10.519 -5.426119 47.6622 10.519 -1.672199 51.0211 13.36515 -2.841233 52.08988 13.44891 -4.722658 52.66093 13.49913 -3.812979 52.48173 13.39104 -2.710873 50.53501 13.48987 -5.551491 51.57689 13.46395 -5.65611 50.41529 13.48241 -3.690723 49.14122 10.51899 38.8583 11.90956 10.51899 33.74844 26.66452 10.51899 40.75735 11.90458 13.50457 41.52942 10.91075 13.49121 37.70981 11.41058 10.51904 62.47005 97.94107 10.51902 62.31538 98.55466 13.44585 63.31553 97.29714 13.43164 63.44141 98.33692 10.51901 62.68241 99.44215 10.51902 63.69005 98.66165 10.51901 60.32061 89.76036 13.34758 48.61333 94.07694 10.51901 51.28962 89.36513 13.46188 75.9635 98.48654 13.47115 27.26958 20.39105 13.36406 28.98198 18.40798 10.51899 29.77354 19.83701 13.48016 25.4916 16.7798 13.4479 26.96187 15.33654 10.51899 27.79476 15.10557 13.43527 29.31318 15.93208 13.45377 -48.67361 13.53432 10.51899 -47.82307 15.11682 13.48929 -49.25644 15.4083 10.51899 -49.75979 13.2673 13.47582 -49.64442 14.78162 10.51899 51.28961 23.85441 10.51899 34.51219 27.77113 13.49014 35.05709 28.61925 13.45461 33.693 25.53433 13.49028 33.3795 28.67698 13.48293 34.97238 26.67769 10.51899 32.66302 28.51114 13.48986 32.26143 28.12043 13.44823 31.94633 26.57642 10.51899 -3.179411 23.94852 11.51029 -15.209 24.19841 13.49913 -93.40805 37.45695 13.46213 -90.38234 36.92235 10.519 -93.91377 35.35502 13.46186 -93.12077 34.71631 13.47799 -93.66084 36.38865 13.48004 -90.72893 35.30494 13.32274 -92.1012 35.6203 13.46637 25.69095 52.80525 11.91186 26.20854 48.85192 13.2217 26.49349 51.11901 13.44689 28.22316 51.1295 13.47531 10.54666 51.977 10.519 11.49007 51.25885 13.46075 12.93486 51.44083 13.48242 11.30233 49.14121 13.41755 13.09192 50.59125 10.519 10.0877 51.13481 10.519 10.4311 49.02957 13.42526 -93.14321 67.16689 13.48931 -93.77267 66.611 12.61335 -92.9977 65.57769 13.36261 -92.22153 65.17939 10.519 -91.89968 36.40743 13.46132 -91.53189 66.08194 10.51901 -92.18517 67.35204 13.47574 -90.26562 64.93207 10.51901 -90.20958 65.51753 10.51901 31.11419 76.87698 13.3648 33.69197 72.90479 10.51901 34.10928 76.84152 13.44678 33.27323 73.73403 12.78885 -17.13868 68.86685 13.3717 46.91868 92.68124 10.51901 39.99583 90.49269 13.46168 38.90007 88.95202 13.47468 46.74256 93.00344 13.45332 41.24708 90.48123 10.51902 48.61122 94.42158 13.50706 38.218 90.35911 12.95805 46.15365 92.87914 13.44689 46.38552 95.23725 13.4803 45.35618 94.67089 13.47511 -51.50756 87.39641 13.42268 -49.26764 85.9971 13.37615 -49.49709 88.60755 13.37615 -52.19518 88.51944 10.51901 -69.80727 85.37883 13.47874 -75.38588 85.37883 10.51902 -66.13835 94.37467 10.83481 -74.53745 94.37467 11.23088 -81.28429 94.37467 10.51901 -78.77961 85.37883 13.47512 74.42883 104.3982 13.41757 73.75626 104.2434 10.51902 72.79605 104.5071 13.51902 78.18894 98.66102 13.51902 61.50526 99.9636 13.519 -58.3829 38.81122 13.519 -58.31127 38.84748 13.51899 84.47489 12.5421 13.519 78.17136 50.42299 13.51901 72.17811 76.66725 13.51899 48.2136 10.06375 13.51899 -59.74719 4.73389 13.51899 -60.84079 1.347263 13.51901 16.55859 67.76825 13.519 3.231278 31.5198 13.51902 67.03032 121.0674 13.51902 60.46184 113.9893 13.51899 83.11074 8.96068 13.51899 78.26784 3.230314 13.51898 79.13137 -1.832181 13.51898 75.4549 -8.98921 13.51899 79.91446 4.523022 13.49028 77.56253 2.601439 13.51899 75.36785 3.884841 13.51902 58.28778 104.9875 13.51902 60.4454 113.9955 13.34105 60.69861 124.7495 13.51901 62.40387 99.9337 13.51902 64.16511 99.60651 13.519 74.40333 87.17622 13.51901 68.33765 98.36182 13.51901 82.34022 95.26702 13.51902 62.56481 115.8771 13.51902 73.40102 105.0767 13.51902 73.39413 113.8746 13.51902 71.45835 109.5925 13.519 58.42885 41.14091 13.51905 68.63807 53.98749 13.46637 60.34678 60.61566 13.51901 55.83176 60.16048 13.51901 27.14477 86.58506 13.51901 31.9618 95.76819 13.51901 28.10133 80.93878 13.49084 25.93782 86.01066 13.38744 25.50822 82.74807 13.519 15.81016 33.36179 13.51899 -8.334954 3.119288 13.51902 -21.65922 65.71099 13.519 -22.83406 53.85462 13.51901 -31.26368 95.52818 13.40992 -27.15769 95.34983 13.51901 -15.20899 79.76986 13.51902 -43.84338 96.57247 13.51901 -37.31207 95.57186 13.51901 -33.21224 94.92747 13.46743 -50.2556 82.49431 13.51902 -48.03961 100.3719 13.51901 -43.53265 95.76821 13.51901 -43.55764 95.02433 13.51901 -45.9612 93.93547 13.51901 -58.70816 74.30657 13.51901 -58.35625 63.1805 13.51899 -68.80604 16.37565 13.51899 -82.11919 16.37565 13.51899 -77.28032 1.347267 13.51899 -67.8082 7.344486 13.51899 -95.10434 1.347269 13.519 -113.8433 34.89591 13.519 -103.0951 32.30502 13.51899 -103.1798 29.45738 13.51899 -103.539 29.44953 13.519 -103.6873 32.35863 13.519 -103.4387 32.3211 13.51901 -108.1369 95.76822 13.51901 -78.20085 100.3719 13.51901 -104.1238 95.42224 13.519 -104.1742 94.89747 13.45779 -105.0526 94.13988 13.51899 -60.17711 4.885571 13.51899 -50.50439 1.347257 13.51899 62.13878 4.363286 13.51898 60.51288 -13.46699 13.51901 60.01997 -2.529795 13.51898 61.61307 -3.080232 13.51898 61.62592 -9.960049 13.51902 71.81951 73.14337 13.519 74.81997 36.35216 13.519 76.4572 19.48896 13.51901 75.34992 81.67473 13.51899 72.78292 28.40491 13.51899 74.92239 18.77328 13.51899 -114.7307 22.34848 13.51899 -118.6071 21.24393 12.42808 -119.23 24.62676 13.51899 -113.7177 26.2038 13.51898 -119.7021 27.84272 13.519 88.71566 45.86778 13.519 88.75469 47.20835 13.49057 85.14642 42.67879 13.519 84.34719 45.04218 13.51901 86.61208 44.28888 13.519 88.64891 43.57464 13.51895 73.09076 -5.196722 13.51899 72.33293 4.625427 13.51897 72.93674 -1.08525 13.51899 75.26978 -2.720474 13.51899 71.04566 -9.477747 13.51898 69.93367 -16.49417 13.51898 62.57524 -14.07955 13.47174 59.74077 -23.32822 13.51899 48.29503 6.585796 13.49055 47.19677 10.47518 13.44097 39.17573 9.816851 13.519 44.87202 7.329104 13.51899 38.48429 15.27031 13.46444 -27.75859 7.326812 13.51899 -32.19522 1.347252 13.46394 -27.37839 5.630679 13.51899 -28.95242 4.561453 13.51899 -36.55325 8.080936 13.51899 -44.6561 4.764496 13.51899 -35.19362 4.822739 13.49028 -33.50027 5.548202 13.49353 -43.99863 7.657247 13.51899 -47.00402 6.506947 13.51899 -46.38099 4.938337 13.51899 -104.3114 7.086103 13.51899 -106.5121 4.596775 13.51899 -108.2013 1.347267 13.519 -112.2037 3.477836 13.51899 -117.4542 16.0707 13.51899 -115.5743 10.13141 13.519 -119.0074 33.18177 13.519 -115.707 34.30799 13.519 -117.0034 44.30484 13.519 -114.2575 45.09545 13.519 -114.8809 41.82082 13.519 -116.5416 58.31602 13.51901 -120.6202 65.58818 13.51904 -112.5364 60.85928 13.51901 -117.108 64.69111 13.51901 -120.3368 68.41038 13.51901 -111.4468 70.48295 13.49687 -115.1022 78.97526 13.51901 -120.3484 68.41213 13.51902 -112.4574 97.66898 13.51902 -110.1415 99.77228 13.51902 -109.3887 100.196 13.51902 72.11614 115.7021 13.51902 74.31916 112.848 13.51903 76.39344 101.0103 13.5191 87.84242 68.96546 13.51901 87.36357 72.60836 13.519 86.10594 58.86264 13.51899 88.4963 54.9706 13.519 88.75859 54.10509 13.519 88.78984 50.87721 13.519 88.75856 47.61402 13.51899 64.84169 3.164025 13.51899 71.31381 28.89122 13.51899 72.42115 28.51113 13.51899 60.3206 28.37006 13.46344 69.74519 25.65333 13.51899 69.24958 27.01873 13.51899 60.32059 15.84644 13.51899 60.32059 12.3538 13.51899 61.27314 21.24389 13.519 -18.384 38.98854 13.51898 -26.6576 21.57219 13.51904 -17.26081 36.34553 13.519 -20.99196 38.90941 13.51901 -102.6313 69.96383 13.51901 -103.8567 71.80355 13.51901 -103.2094 69.46493 13.51901 -103.6856 69.36295 13.51901 -105.219 71.06947 13.51902 -58.92019 97.09526 13.51902 -60.80113 96.10196 13.51901 -57.44984 95.48015 13.51901 -61.04007 95.30497 13.51901 -60.78792 96.06793 13.519 -22.94366 48.24018 13.51899 -56.81184 26.51859 13.519 -10.49596 50.10992 13.519 -2.814828 49.03754 13.519 -4.555031 49.04272 13.51897 62.59034 97.28647 13.51901 64.57132 98.58089 13.51901 51.28962 87.03694 13.51901 60.32061 81.61307 13.51902 61.18498 105.7518 13.51902 78.17137 96.73444 13.51902 78.0289 96.54068 13.51902 40.70324 89.05778 13.519 45.1861 92.67552 13.46496 -52.11161 89.55119 13.519 -48.96526 89.83894 13.51901 -69.80727 94.37467 13.51901 -3.179403 77.77078 13.51901 34.09076 76.6738 13.51901 -91.74989 63.79084 13.44349 -92.28202 37.97679 13.519 33.99465 54.1051 13.519 27.38573 52.33714 13.519 27.19678 49.03124 13.519 12.20271 52.64783 13.51899 12.8758 49.98988 13.49022 9.408248 49.9109 13.51901 -91.89173 34.28268 13.51899 51.28961 28.37007 13.49014 25.42333 19.05108 13.51899 -48.72084 13.23759 13.51899 -115.2392 9.320008 13.519 -115.5379 36.50881 13.519 -116.7384 35.12575 13.519 -114.0574 44.80949 13.51901 -112.2229 77.21208 13.51898 74.66114 -0.9634614 13.51898 75.29606 -2.745018 13.51898 73.93441 -2.236271 13.51898 72.5269 -2.745021 13.51898 72.15656 -7.966138 13.51898 72.15655 -8.989168 13.51899 76.37198 14.87622 13.51899 76.6543 14.43524 13.51899 76.7778 13.94139 13.51899 74.85528 20.60886 13.51899 70.72771 24.96562 13.51899 64.57183 2.652506 13.51899 64.57183 3.675535 13.51898 61.43196 -2.568621 13.51898 61.43196 -3.59174 13.519 -18.70146 39.12971 13.519 -17.85482 38.56531 13.51899 -57.61286 7.044593 13.51899 -107.3192 4.733986 13.51901 -103.1917 69.46871 13.51901 -103.6856 69.36295 13.51901 -105.0791 71.37368 13.519 -58.35364 38.81217 13.519 -57.93041 39.16494 13.51901 -43.46651 95.50362 13.51899 -43.48419 6.497776 13.51899 -45.26663 6.351026 13.51899 -46.00651 7.873648 13.51902 -33.85331 93.91613 13.51902 -35.4937 93.4047 13.51901 -17.21973 65.04122 13.519 9.379703 51.30054 13.519 26.87733 48.95451 13.51901 34.3916 76.75333 13.51899 38.46611 12.31859 13.51899 41.14725 12.31859 13.51899 45.94489 10.14904 13.51902 62.06686 97.60265 13.51902 61.81992 98.04367 13.51902 61.69173 98.8346 13.51902 63.73025 100.0201 13.51902 60.03652 104.8065 13.50435 77.497 99.06119 13.51899 77.07596 4.053973 13.51899 76.81296 5.474731 13.519 85.05053 56.39814 13.519 84.16859 42.92205 -7.554984 -11.13929 3.332684 -10.40929 -12.13684 3.313873 -1.530454 -20.91603 9.834486 -10.32961 -11.65618 22.11387 -5.483358 20.96751 4.349938 -5.657105 24.89334 18.86923 -1.236791 2.215318 22.89366 3.802808 20.7671 5.54446 -1.756483 25.54174 11.21387 -2.529677 27.58953 11.21387 -1.419197 26.15083 14.21387 8.939289 22.56916 20.46038 1.697129 25.54174 14.21387 2.470323 27.58953 14.21387 1.359843 26.15083 11.21387 12.66623 -13.03138 6.472614 11.22032 -14.26047 22.11387 0.241492 -8.411927 22.11387 9.74815 -10.4641 22.11387 7.156794 2.395089 3.313873 9.623642 -7.645091 22.11387 3.655367 11.61462 22.72 0.06654226 15.22137 23.04346 -8.577191 -7.542881 3.313873 -4.327531 -15.92138 99.5465 -9.36266 -11.84836 98.63146 -0.3084197 -21.10404 93.0136 0.4542427 -15.05912 79.39327 -12.4855 5.78491 97.7657 -3.085862 21.69535 82.0668 0.2079955 4.669801 79.22974 5.522976 20.62153 96.68351 -1.3784 24.17648 90.73145 -2.529654 27.58954 90.73145 4.525533 24.69357 83.59915 0.7907148 26.68 87.73145 2.175259 14.70085 79.00976 9.64414 -11.89488 98.63146 0.0253418 -8.953676 79.83145 10.3832 -9.918505 79.83145 5.210991 -0.4689192 98.63146 0.2526273 -1.106546 78.98935 -1.56753 14.05813 98.63146 -0.4476428 26.64369 90.73145 1.651682 25.05343 90.73145 -1.159752 13.46756 -3.210009 -0.02967602 11.38952 27.36137 0.6220938 10.36301 -1.439308 -0.02965348 11.38953 74.58395 0.341526 12.4927 103.457 -0.7190408 9.231219 105.0393 1.015377 -41.99854 12.00197 -0.3886936 -42.26705 13.04727 -0.6662723 -42.10415 11.20876 3.626826 -36.06048 4.113873 7.653 -37.06047 4.063873 5.531566 -36.62173 4.063873 5.287649 -37.06047 4.163872 3.626826 -38.06048 4.113873 7.864713 -37.95486 4.113873 5.539354 -37.50342 4.063873 7.40908 -37.49922 4.163872 7.864706 -36.16608 4.113873 7.401294 -36.61753 4.163872 -7.460648 -36.61753 4.063873 -7.712352 -37.06047 4.163872 -7.924058 -36.16608 4.113873 -3.686178 -36.06048 4.113873 -5.590919 -36.62173 4.163872 -5.347001 -37.06047 4.063873 -5.598708 -37.50342 4.163872 -3.686178 -38.06048 4.113873 -7.468434 -37.49922 4.063873 -7.924066 -37.95486 4.113873 3.626849 -36.06047 97.83145 7.653017 -37.06045 97.88146 5.531596 -36.6217 97.88146 5.287677 -37.06045 97.78146 3.626849 -38.06047 97.83145 7.864738 -37.95484 97.83145 5.539378 -37.50341 97.88146 7.409106 -37.49921 97.78146 7.864725 -36.16607 97.83146 7.401313 -36.6175 97.78146 -7.460616 -36.6175 97.88146 -7.712323 -37.06045 97.78146 -7.92403 -36.16607 97.83145 -3.686153 -36.06047 97.83146 -5.5909 -36.6217 97.78146 -5.346983 -37.06045 97.88146 -5.598682 -37.50341 97.78146 -3.686153 -38.06047 97.83145 -7.468409 -37.49921 97.88146 -7.924043 -37.95484 97.83145 0.9045476 -41.61046 89.91767 0.8264285 -42.61046 90.62857 -0.9640673 -42.30401 89.31764</float_array>
          <technique_common>
            <accessor source="#Motor-mesh-positions-array" count="1243" stride="3">
              <param name="X" type="float"/>
              <param name="Y" type="float"/>
              <param name="Z" type="float"/>
            </accessor>
          </technique_common>
        </source>
        <source id="Motor-mesh-normals">
          <float_array id="Motor-mesh-normals-array" count="6729">-0.09974014 -0.8049231 0.5849367 -0.01875346 -0.8306406 -0.5564931 -0.05173945 -0.7811161 -0.6222386 0 -0.3719285 0.9282613 -0.1060549 0.4916724 0.8642979 0 0.4209278 -0.9070941 0.1149977 0.9189552 0.3772227 0.1374248 0.9891557 -0.05182242 -0.1788952 0.9730604 -0.1454312 -0.7915274 0.1461685 -0.5933963 0.8990877 0.3868082 -0.2049899 0.1353747 0.9903331 -0.03023278 0.547434 0.8346477 -0.06065875 -0.03415846 0.9925428 0.1170127 -0.4717693 0.878082 -0.08003598 0.01891738 0.9054151 0.424106 -0.2089881 0.9719418 -0.1079503 0 0.9999999 -5.84334e-4 9.47383e-5 1 -2.85866e-4 -0.02103149 0.9174751 -0.3972368 -0.05935418 0.3916605 -0.9181935 0 0.08562272 -0.9963277 0.002325057 -0.9996603 0.02595949 -0.04153549 -0.9977284 -0.0530374 0.08496594 -0.9753066 -0.2038575 0.08377212 -0.985425 -0.1480536 0.020056 -0.9997169 0.01280349 0.492393 -0.8665474 0.08151549 0.3384939 -0.9400258 0.0421127 0.01502549 -0.9998872 8.92545e-5 0.007523298 -0.9998519 0.01547956 -0.192125 0.09298861 -0.976955 -0.02767038 0.1942004 -0.9805716 0 0.2739751 -0.9617369 -0.08272975 -0.1383888 -0.9869166 -0.01529455 0.005098342 -0.9998701 0.1191479 0.1113438 -0.9866136 0.1511667 0.1243222 -0.9806593 0 0.1496013 -0.9887464 -0.01537698 0.1383731 -0.9902608 0.7995092 0.1706794 0.5758939 0.5006577 -0.8395084 -0.2111107 -0.5088103 -0.8512025 -0.1287105 -0.5519969 0.8275395 0.1023615 0.003419697 0.8410259 0.5409841 -0.2781076 0.9485141 -0.1515828 0.2106025 0.8543574 -0.4751002 0.3162277 0.9486834 0 0.3162276 -0.9486834 0 0.9938837 -0.1104316 0 0.9938838 -0.1104314 0 -1 0 0 -0.8763098 -0.1685152 0.4513136 0.3162273 0.9426999 0.1063826 0.3458994 0.7034731 0.6208698 0.3162273 -0.9426999 -0.1063826 0.3162281 -0.9426991 -0.1063873 -0.03959643 0.03007328 0.9987631 0 0 1 -0.1117262 -0.2234525 0.9682904 0.218218 0.436436 0.8728715 -0.2425365 0 0.9701423 0.1914604 -0.344629 0.9190071 -0.4312202 0.776197 0.4599648 -0.1842505 0.02047228 0.9826661 -0.05428057 -0.008155941 -0.9984925 -0.05129683 -0.01025009 -0.9986309 -0.1117262 -0.2234524 -0.9682904 0.218218 0.4364359 -0.8728715 -0.2425365 0 -0.9701423 0.1914609 -0.3446294 -0.9190067 -0.4312208 0.7761967 -0.4599648 -0.1842507 0.02047222 -0.9826661 -0.2085179 -0.1368065 0.9684029 -1.7493e-7 0.05274951 0.9986078 -0.02767169 -0.02922028 0.99919 -0.04909533 -0.219748 0.9743205 0.3802573 -0.05318087 0.9233505 0.1960134 -0.1423666 0.9702117 -0.05800187 -0.1462134 0.9875513 -0.01529431 -0.1685294 0.985578 -0.4678876 0.883788 0 0.9914991 -0.07467925 0.1065497 0.9964583 -0.08408939 0 0.9999569 -0.005337595 0.007616519 0.6813703 0.2896267 -0.6721986 -0.9862515 0.1528732 0.06275212 -0.9760894 -0.08084607 0.2017758 0.325713 -0.168592 0.930316 0.9785116 -0.04694002 0.2007781 0.8938851 -0.0615549 0.44405 -0.4867218 0.09115809 -0.8687878 0 0 -1 0 -0.1121404 0.9936925 0 -0.3941862 0.9190306 0 -0.9997553 0.02212423 0 -0.2906203 -0.9568385 0 -0.9568393 -0.2906177 -0.07022207 -0.3318059 -0.9407305 0.6920033 -0.1745165 -0.7004823 0.7553216 -0.2173148 -0.6182746 0.8041958 -0.2741269 -0.5273745 0.8713139 -0.2003332 -0.4479721 0.798609 -0.263959 -0.5408784 0.9206296 -0.1594337 -0.3564016 0.9564846 -0.135581 -0.2583703 0.9791583 -0.1296843 -0.1563044 0.9884964 -0.1419475 -0.05220967 0.9837365 -0.1719387 0.05195772 0.9690951 -0.1921533 0.1546992 0.9683367 -0.2099974 0.1350015 0.9589635 -0.115269 0.2590405 0.9310119 -0.05756723 0.3604204 0.889141 -0.02130717 0.4571372 0.8362068 -0.00739324 0.5483645 0.7737166 -0.01606076 0.6333283 0.702002 -0.04717266 0.7106111 0 1 7.46598e-6 0 1 0 0 1 -5.97862e-6 0 1 -4.89347e-6 0 1 1.96336e-6 0 1 1.70993e-6 0 1 -2.24198e-6 0 1 1.31424e-6 0 1 -2.07629e-6 0 1 3.49969e-6 0 1 -2.11341e-6 0 1 1.59118e-6 0 1 -1.4626e-6 0 1 1.64102e-6 0 1 -2.29381e-6 0 1 1.14738e-6 0 1 -5.14012e-7 0 1 -1.51738e-7 0 1 7.36263e-7 -0.7024633 -0.03019469 0.7110792 -0.7737622 -0.01168256 0.6333684 -0.8361266 -0.01586276 0.5483071 -0.8885315 -0.04266482 0.456828 -0.9286448 -0.09151595 0.3595047 -0.9528369 -0.1607976 0.2573831 -0.8911986 -0.4307277 0.1422629 -0.9455917 -0.3203697 0.0567426 -0.9427933 -0.3296381 0.04979449 -0.9713894 -0.2318849 -0.05130535 -0.9771097 -0.1446643 -0.1559768 -0.9627931 -0.07343614 -0.2600706 -0.9323428 -0.0214765 -0.3609371 -0.8892998 0.009670853 -0.4572226 -0.836072 0.01947367 -0.548274 -0.7737903 0.007828116 -0.6333935 -0.7025665 -0.02513682 -0.711174 -0.09524184 -0.9947935 0.03626358 -0.4860501 -0.8343161 0.2601385 0.07902491 -0.9965515 -0.02530229 0.1470043 -0.983791 0.1026894 0.07942801 -0.1387851 -0.9871322 0.02598941 -0.4039937 0.9143925 -0.07821112 -0.9625334 -0.2596391 -0.3435603 -0.4787946 -0.8079121 0.07440459 0.03039258 -0.996765 0.07509434 -0.9941411 -0.07774537 0.05822438 -0.9933943 -0.09888309 0.05017846 -0.9984793 -0.02282893 -0.946747 -0.1118118 0.3019409 0.2224353 -0.9561583 0.1904832 0 -0.2841013 0.9587944 0.02666813 -0.3564078 0.9339499 -0.1719959 -0.1803345 -0.9684508 0 0.6566178 0.7542235 -0.4581778 0.7582662 0.4637949 -0.5044828 0.7582666 0.4129518 -0.5451777 0.7582683 0.357506 -0.5798023 0.7582656 0.2980986 -0.6079759 0.7582672 0.2353641 -0.6293868 0.7582664 0.1700133 -0.6437938 0.758267 0.1027655 -0.6510365 0.7582671 0.03438788 -0.651037 0.7582666 -0.03438818 -0.6437944 0.7582666 -0.1027652 -0.6293861 0.7582672 -0.1700125 -0.6079761 0.7582671 -0.2353638 -0.5798009 0.7582671 -0.2980974 -0.5451773 0.7582674 -0.3575087 -0.5044828 0.7582666 -0.4129518 -0.4581792 0.7582666 -0.4637929 0 0.6566183 -0.7542231 0.4581792 0.7582666 -0.4637929 0.5044838 0.7582678 -0.4129481 0.5451743 0.7582651 -0.357518 0.5798022 0.7582676 -0.2980936 0.6079762 0.7582671 -0.2353639 0.6293853 0.7582668 -0.1700168 0.6437943 0.7582667 -0.1027652 0.6510369 0.7582667 -0.03438818 0.6510364 0.7582672 0.03438782 0.6437937 0.7582671 0.1027655 0.629386 0.7582661 0.1700176 0.6079759 0.7582671 0.2353641 0.5798041 0.7582665 0.2980928 0.5451748 0.758266 0.3575153 0.5044837 0.7582679 0.4129481 0.4581778 0.7582662 0.4637949 0 -1 8.72075e-7 0 -1 0 0 -1 -5.59992e-7 0 -1 0 0 -1 -2.37111e-6 0 -1 5.68119e-6 0 -1 -9.29934e-7 0 -1 3.3208e-5 0 -1 -8.37193e-6 0 -1 2.37109e-6 0 -1 -3.32077e-5 0 -1 -3.32091e-5 0 -1 5.55543e-6 0 -1 6.98312e-7 0 -1 -1.6605e-5 0.08488029 0.3868323 0.9182354 0.01875245 0.8306456 -0.5564857 0.05174392 0.7811139 -0.6222409 0 0.3719297 0.9282609 0.1060549 -0.4916689 0.8642998 0 -0.4209383 -0.9070894 -0.1149973 -0.9189553 0.3772225 0.9544385 -0.1405426 0.2632397 0.02890723 -0.9972621 -0.06806403 3.0385e-4 -0.976856 0.2138978 -0.7482291 -0.6584841 -0.08094418 0.005145847 -0.9999341 -0.0102657 0.2102809 -0.9651352 0.1558715 0.01042032 -0.9964033 -0.08409529 0.1408191 -0.904684 0.4021404 0.00527352 -0.9970663 -0.07636249 0 -0.9770154 0.2131689 0.1535128 -0.976503 0.1512475 0.01089084 -0.9074319 -0.4200584 0.1186186 -0.6866698 -0.7172268 0 -0.08562105 -0.9963278 0.05148589 0.9982006 -0.03073781 -0.2073211 0.8955008 0.3938226 -0.1060425 0.917455 0.3834468 -0.2657317 0.9587532 0.1008917 0.0666058 0.9963989 0.05246937 0.1265684 0.9919129 -0.00945878 -0.08928412 0.9922468 -0.0864557 0.1080226 0.9939906 0.01771992 -0.005267739 0.9993454 -0.03579062 -0.06611186 0.9930005 0.09787428 -0.2007955 -0.1471881 -0.9685127 0.2364495 0.2826508 -0.9296237 -0.04153728 -0.1790123 -0.9829697 0.09479063 -0.7091176 -0.6986895 -0.07763385 0.4138316 -0.9070373 0 -0.1607844 -0.9869896 0.06560087 -0.1152454 -0.9911685 0.387295 -0.7915295 -0.4727405 -0.5006592 0.8395081 -0.2111083 0.8777499 0.1315241 0.460713 0.02743017 -0.9898878 -0.1391755 -0.03948962 -0.07243084 0.9965914 0.2546547 0.9670314 -0.001211225 -0.1000462 -0.9945542 0.0292043 -0.7911918 0.5942517 0.1445008 -0.715857 -0.6977474 -0.02640944 -1 0 -2.3843e-7 0.02483505 -0.447062 0.8941582 -0.1474405 0.4423114 0.8846592 0.1605767 0.2141048 -0.9635218 -0.9938837 0.1104319 0 0.1630854 -0.8673473 -0.4702252 0.4169162 0.8143569 -0.4037371 -0.5970251 0.009610831 -0.802165 -0.7803085 0.0311833 -0.6246169 0.9828721 0.1831266 -0.02066749 0.9574042 0.1198568 -0.2627004 0.2425349 0 0.9701427 0.1842399 0.02047216 0.9826682 0.04990011 -0.03789889 0.9980349 0 0 1 0.04896885 0.1958754 0.9794055 -0.03302156 -0.1320863 0.990688 -0.05546587 5.07843e-7 0.9984607 0 -0.1643915 0.9863952 0.07109874 -0.0632013 0.995465 0.2003411 0.02225899 -0.9794733 0.05427694 0.008155584 -0.9984927 0.04993379 0.0112043 -0.9986898 0.04968732 0.09937614 -0.9938086 -0.1561685 -0.3123371 -0.937047 0.5454429 0.1818107 -0.8181914 0.08057785 -0.2417354 -0.9669908 0 -0.09950053 -0.9950376 -0.1239187 -0.04130864 -0.9914322 -0.145093 0.1305918 0.980762 0.39503 -0.01100587 0.9186024 -0.04162871 0.09962677 0.9941538 0.2117422 0.4624492 0.8609913 -0.04486298 0.08177846 0.9956403 0.1689349 0.1797378 0.9691002 -0.009202301 0.08355706 0.9964605 0.1313127 0.1553561 0.9790922 0 -0.993691 0.1121522 -0.9914982 0.07467788 0.1065576 -0.9964583 0.08408886 0 -0.9999569 0.005338013 0.007617115 -0.6813709 -0.2896376 -0.6721933 0.9862529 -0.1528649 0.06275039 0.9795734 0.0747897 0.1866617 -0.9741347 0.07440906 0.2133661 -0.934429 0.328803 0.1368622 0.7121136 -0.08403366 -0.697017 0 0 -1 0 0.1121407 0.9936923 0 0.3941835 0.9190318 0 0.9997553 0.02212315 0 0.2906196 -0.9568387 0 0.9568406 -0.2906136 0.06106519 -0.5719033 -0.8180451 -0.6715624 0.2947831 -0.6797845 -0.6981136 0.431354 -0.5714641 -0.697041 0.5524492 -0.4570928 -0.8158255 0.3981209 -0.4194383 -0.7018239 0.5082887 -0.4990852 -0.884926 0.3154993 -0.3425878 -0.9373095 0.2394757 -0.2531843 -0.9722956 0.1747886 -0.1552104 -0.9907964 0.124837 -0.05232983 -0.9943959 0.09175288 0.05252051 -0.9845936 0.07662659 0.1571752 -0.9623163 0.07986855 0.2599391 -0.9277501 0.1014006 0.3591626 -0.8805069 0.1405963 0.4527032 -0.8200026 0.1960461 0.5377375 -0.7461086 0.2651907 0.6107339 -0.6598721 0.3441174 0.6679462 0 -1 8.30521e-6 0 -1 -9.30953e-6 0 -1 5.97864e-6 0 -1 -6.76293e-6 0 -1 5.25127e-6 0 -1 -4.58951e-6 0 -1 4.33127e-6 0 -1 -1.96337e-6 0 -1 -3.41984e-6 0 -1 1.49466e-6 0 -1 -6.57126e-7 0 -1 9.89137e-6 0 -1 -2.07631e-6 0 -1 -1.16656e-6 0 -1 -2.64177e-6 0 -1 -4.00204e-6 0 -1 3.67872e-6 0 -1 2.05128e-6 0 -1 7.64595e-7 0 -1 1.14738e-6 0 -1 -4.60198e-6 0 -1 2.57006e-7 0 -1 -4.90843e-7 0.7024672 0.0301941 0.7110754 0.7737615 0.0116834 0.6333695 0.8361231 0.015863 0.5483126 0.8885335 0.04266542 0.4568237 0.9286454 0.09151542 0.3595033 0.9528359 0.1608 0.2573854 0.9512296 0.2685222 0.1518492 0.9560686 0.2585589 0.1381306 0.975591 0.213465 0.05152803 0.9835252 0.1731469 -0.05194705 0.9764083 0.1494387 -0.1558686 0.9554392 0.143278 -0.2580843 0.9213031 0.154894 -0.3566628 0.6870661 0.6349472 -0.3532451 0.7114897 0.2466956 -0.6579694 0.7086253 0.5309525 -0.4646933 0.7070689 0.4062777 -0.5787849 0.6770989 0.2679015 -0.6853947 -0.3166818 0.9181509 -0.2381423 0.08771312 0.9917305 0.09368616 -0.01179051 0.9692518 0.2457886 -0.04702717 -0.9840067 0.171812 0.137491 0.9810947 -0.1361966 0.004278957 0.9966893 -0.0811932 -0.06115746 -0.5701203 -0.8192818 0.03129625 0.9944472 0.1004764 -0.008380055 0.9969586 -0.07748228 0.01802158 0.9797649 0.199339 0.1002155 0.9895863 0.1033246 0 0.2841033 0.9587937 -0.147142 0.6583161 0.7382203 0 -0.6566187 0.7542229 0.4581757 -0.7582688 0.4637927 0.5044847 -0.7582669 0.4129489 0.5451766 -0.7582666 0.3575113 0.5798044 -0.7582647 0.2980969 0.6079764 -0.7582667 0.2353643 0.6293874 -0.7582664 0.1700108 0.6437942 -0.7582666 0.1027653 0.6510351 -0.7582684 0.03438836 0.6510375 -0.7582663 -0.034388 0.6437891 -0.7582709 -0.1027659 0.6293901 -0.7582641 -0.1700115 0.6079766 -0.7582665 -0.2353644 0.5798023 -0.7582666 -0.2980958 0.5451661 -0.7582719 -0.3575161 0.504485 -0.7582665 -0.4129491 0.458183 -0.7582652 -0.4637911 0 -0.6566179 -0.7542235 -0.4581825 -0.7582647 -0.4637928 -0.5044848 -0.7582666 -0.412949 -0.5451663 -0.7582716 -0.3575163 -0.5798022 -0.7582668 -0.2980957 -0.6079765 -0.7582666 -0.2353644 -0.6293902 -0.7582638 -0.1700115 -0.6437891 -0.7582709 -0.1027659 -0.6510376 -0.7582662 -0.034388 -0.6510351 -0.7582684 0.03438836 -0.6437943 -0.7582667 0.1027653 -0.6293876 -0.7582662 0.1700108 -0.6079764 -0.7582667 0.2353643 -0.5798041 -0.7582648 0.2980967 -0.5451768 -0.7582663 0.3575114 -0.5044845 -0.758267 0.4129488 -0.4581756 -0.7582689 0.4637926 0 1 -6.29831e-7 0 1 -4.64573e-7 0 1 -4.84768e-7 0 1 -1.18554e-6 0 1 -5.68112e-6 0 1 -1.23991e-6 0 1 8.75772e-6 0 1 3.32099e-5 0 1 -5.55512e-6 0 1 5.58653e-6 0 1 1.18554e-6 0 1 -6.32247e-7 0 1 4.49424e-6 0 1 8.30261e-6 0 1 3.49157e-6 0 1 -2.77773e-6 0 1 -1.66027e-5 -0.527391 0.01810359 -0.84943 -0.2742369 0.132408 -0.9525032 0.0372039 -0.6347478 -0.7718234 -0.7592184 -0.6312544 -0.1584463 0.1433981 -0.8656658 -0.4796455 -0.6832073 0.5995227 -0.4168937 -0.7545523 -0.03634011 -0.655233 0.6063922 0.7398998 -0.2912677 1.89051e-7 2.24353e-7 -1 -0.4461027 -0.475759 -0.7580539 -0.7256851 0.4682607 -0.5040965 0.2017526 0.04603642 -0.9783541 -0.00557661 0.9070388 -0.4210101 0.05783963 0.5950691 -0.8015906 -0.1348432 0.986352 0.09448319 0.05774617 -0.4476722 -0.8923313 0.8662745 0.4909686 -0.09229588 0 0 -1 -0.8215355 -0.5108439 -0.2532151 0.3396885 -0.2728412 -0.9000941 0.07130998 -0.997454 6.35191e-4 -0.03664392 0.5705766 -0.8204265 -0.7067158 0.6933743 -0.1406591 0 0 -1 -0.03330689 -0.3214603 -0.9463372 0.8611741 -0.4264797 -0.2765761 -0.6361024 -0.2449157 -0.7317036 0.02433919 0.04021334 0.9988948 0.1101474 0.1060764 -0.9882386 0.1196403 -0.3300752 -0.9363422 0.1227703 -0.4056874 -0.9057292 0.1156167 -0.2394918 -0.9639899 -0.4627541 0.8623681 -0.2053777 0.2639099 -0.5492352 -0.7929012 0.4529627 -0.8697652 -0.1957895 -0.05369234 0.1163252 -0.9917589 0.5861332 -0.8036693 -0.1027793 0.8121169 -0.5409908 -0.2186214 0.1894931 -0.2645436 -0.9455735 0.1874325 -0.07702732 -0.9792527 0.1747748 -0.3536276 -0.9189132 0.1196379 0.04669499 -0.9917189 -0.04212296 1.38791e-5 0.9991125 0 3.00129e-6 1 -0.01816481 0.01977384 0.9996395 -0.006193101 0.01894521 0.9998013 -0.01898384 0.01164662 0.999752 -0.003486394 -0.01484078 0.9998839 0.008816778 -0.01718842 0.9998134 -0.02572458 -0.01211571 0.9995957 0.01973837 -0.01665049 0.9996666 0.08580774 0.1123335 0.9899588 0.001711308 -0.001679956 0.9999971 0.003709912 -1.5476e-4 0.9999932 -0.02375966 -0.01792281 0.9995571 0.7202485 0.6391047 0.2697913 -0.1732347 -0.154209 0.972733 0.02394342 0.04657602 0.9986277 4.05068e-6 5.29109e-6 1 0.002054631 -0.001691699 0.9999966 3.57423e-7 5.36718e-7 1 0.009655117 -0.01340985 0.9998635 -0.343176 -0.3517733 0.870911 0.01598328 -0.9366487 0.3499056 0.004162788 0.0105288 0.9999359 -0.02948653 -0.3116151 0.9497509 0.08213073 0.8679344 0.4898415 -7.50236e-6 3.50899e-6 1 -6.4481e-7 1.35578e-6 1 -0.3569608 0.934118 0.001597821 0.1110954 0.1154506 -0.9870811 -0.05996572 0.9529291 0.2972043 -0.01629436 0.07834547 -0.9967932 -0.05850499 0.998144 -0.01689982 0.9952866 -0.03416532 -0.09075945 0.9965999 -3.22893e-4 0.08239412 0.006261646 -0.02105265 -0.9997588 -0.8544099 -0.5094956 -0.1019711 0.06274062 -0.02869981 0.9976172 -0.03658437 -0.03869694 -0.9985811 -0.09670847 -0.9949516 0.02681201 -0.933624 -0.3572731 -0.02650231 -0.8286169 0.5519821 0.09332609 0.751501 -0.6594634 0.01882553 0.8402481 -0.5421872 0.004050731 0.4124124 -0.9078683 0.07544052 -0.6999554 -0.6740831 -0.2359546 -0.9315563 -0.3635936 -0.001645445 -0.9249145 0.3800935 -0.007894814 -0.5782843 0.8073325 0.1174804 -0.9745212 -0.2223639 0.0293737 -0.4170194 0.8637746 -0.2828222 -0.2896465 0.9571227 -0.004615008 -0.440597 0.8591974 -0.2601042 0.1027269 0.9914641 -0.08028852 0.9316843 0.3587213 0.05730104 0.08250671 0.03884261 0.9958333 0.9984666 0.04808938 -0.02742081 -0.5274058 0.01810431 -0.8494206 -0.2742289 0.1324111 -0.9525051 0.03724205 -0.6348096 -0.7717707 -0.7592164 -0.6312569 -0.1584463 0.1433981 -0.8656728 -0.479633 -0.6832062 0.599525 -0.4168924 -0.7545543 -0.03634327 -0.6552306 0.6063892 0.7399011 -0.2912706 3.41628e-6 3.72215e-6 -1 -0.4461005 -0.475762 -0.7580534 -0.7256862 0.4682582 -0.504097 0.2017552 0.04601871 -0.9783543 -0.005579352 0.9070423 -0.4210028 0.05783772 0.5950366 -0.8016148 -0.134855 0.986351 0.09447717 0.05775094 -0.4476687 -0.8923327 0.8662747 0.490968 -0.09229755 -0.8215347 -0.5108426 -0.2532204 0.3396875 -0.2728403 -0.9000949 0.07131081 -0.997454 6.33754e-4 -0.0366429 0.5705763 -0.8204268 -0.7067136 0.693374 -0.1406714 1.27906e-6 3.73934e-7 -1 -0.03330284 -0.3214482 -0.9463413 0.8611684 -0.4264983 -0.2765653 -0.6360346 -0.2449063 -0.7317657 0.0243417 0.04021054 0.9988947 0.110145 0.1060736 -0.9882391 0.1196399 -0.3300662 -0.9363453 0.122776 -0.4056993 -0.9057231 0.115616 -0.2394725 -0.9639948 -0.4627718 0.8623524 -0.2054039 0.2639155 -0.5492106 -0.7929164 0.4529731 -0.8697631 -0.1957743 -0.05369633 0.1163278 -0.9917584 0.5861712 -0.8036419 -0.1027767 0.8121869 -0.5408769 -0.2186426 0.1894935 -0.2644869 -0.9455893 0.1874314 -0.07702285 -0.9792533 0.1747757 -0.3536087 -0.9189202 0.1196348 0.04669511 -0.9917193 -0.04212075 1.36176e-5 0.9991126 5.45503e-7 8.67795e-6 1 0 -2.28017e-7 1 -0.01816558 0.01977407 0.9996395 -0.00619328 0.01894652 0.9998013 -0.01901048 0.01166594 0.9997512 -0.003486096 -0.01484125 0.9998838 0.008813023 -0.01718848 0.9998135 -0.02572411 -0.01211047 0.9995957 0.01973807 -0.01665073 0.9996665 0.08581101 0.1123363 0.9899581 0.001711189 -0.001680314 0.9999972 0.003713548 -1.52596e-4 0.9999931 -0.02375864 -0.01792323 0.9995571 0.7202525 0.6391018 0.2697874 -0.1732433 -0.154214 0.9727306 0.02394562 0.04657763 0.9986277 0.002047419 -0.001697778 0.9999965 9.5313e-7 -5.88222e-7 1 0.009658575 -0.0134145 0.9998635 -0.3431703 -0.3517697 0.8709146 0.01598316 -0.9366521 0.3498964 0.004162788 0.01052784 0.999936 -0.02949357 -0.311694 0.9497247 0.08213037 0.8679293 0.4898504 1.02772e-5 -2.27579e-6 1 -2.0634e-6 7.88959e-7 1 -0.3569638 0.9341168 0.001596748 0.1110943 0.1154729 -0.9870786 -0.0599659 0.9529284 0.2972064 -0.01629477 0.07835465 -0.9967924 -0.05856072 0.9981408 -0.01690077 0.9952865 -0.03416538 -0.09076112 0.9965997 -3.22405e-4 0.08239626 0.006261825 -0.02105224 -0.9997588 -0.8543995 -0.509513 -0.1019714 0.06274175 -0.0286954 0.9976173 -0.03659403 -0.0386843 -0.9985812 -0.09670501 -0.9949513 0.02683603 -0.9336374 -0.3572379 -0.02649801 -0.828688 0.551869 0.09336423 0.7515047 -0.6594591 0.01882553 0.8402527 -0.54218 0.004050374 0.4124076 -0.9078712 0.07543241 -0.6999558 -0.6740838 -0.2359513 -0.9315552 -0.3635962 -0.001648724 -0.924913 0.380097 -0.007892489 -0.5783663 0.8072736 0.1174813 -0.9745345 -0.2223059 0.02937304 -0.4170258 0.8637725 -0.2828193 -0.2896417 0.9571243 -0.004559159 -0.4405978 0.859197 -0.260104 0.102726 0.9914641 -0.08029043 0.9316723 0.3587533 0.05729597 0.08250993 0.03884875 0.9958328 0.9984667 0.04808938 -0.02742093 -0.5273965 0.01810365 -0.8494265 -0.2742345 0.1324065 -0.9525041 0.03723335 -0.6347931 -0.7717847 -0.7592189 -0.6312543 -0.1584447 0.1434021 -0.8656631 -0.4796492 -0.6832119 0.5994664 -0.4169671 -0.7545284 -0.03634232 -0.6552603 0.6063981 0.7398982 -0.2912595 -0.4460952 -0.4757488 -0.7580647 -0.7256554 0.4683012 -0.5041015 0.2017543 0.0460245 -0.9783542 -0.005579888 0.9070425 -0.421002 0.05783265 0.5950478 -0.8016068 -0.1348512 0.9863511 0.09448081 0.05774998 -0.4476685 -0.8923329 0.8662744 0.4909687 -0.0922957 -0.8215358 -0.5108419 -0.2532184 0.3396883 -0.2728396 -0.9000947 0.07129591 -0.997455 6.41686e-4 -0.03663444 0.5705697 -0.8204317 -0.7067103 0.6933782 -0.140668 -1.02318e-5 -8.93082e-6 -1 -0.03331422 -0.3214473 -0.9463413 0.8611748 -0.4264818 -0.2765707 -0.6360593 -0.2449015 -0.7317457 0.02433973 0.04020994 0.9988949 0.1101454 0.1060857 -0.9882378 0.1196386 -0.3300654 -0.9363459 0.1227622 -0.4056923 -0.905728 0.1156143 -0.2394773 -0.9639937 -0.4627677 0.8623564 -0.2053964 0.2639141 -0.5492198 -0.7929105 0.4529706 -0.8697622 -0.195784 -0.0536924 0.1163201 -0.9917594 0.5861549 -0.8036559 -0.1027601 0.8121849 -0.5408814 -0.2186391 0.1894909 -0.2644971 -0.9455869 0.1874321 -0.07702475 -0.9792529 0.1747753 -0.3536142 -0.9189182 0.1196336 0.04669559 -0.9917194 -0.04210799 1.46323e-5 0.9991132 1.09101e-6 -2.74246e-7 1 -0.01816606 0.01977336 0.9996395 -0.006193697 0.01894623 0.9998013 -0.01899296 0.01165306 0.9997518 -0.003485918 -0.01484084 0.9998838 0.008807778 -0.01718819 0.9998135 -0.02572882 -0.01210594 0.9995957 0.01973897 -0.01665049 0.9996665 0.0858013 0.1123318 0.9899595 0.001711726 -0.001679122 0.9999972 0.003703534 -1.53763e-4 0.9999932 -0.0237497 -0.01792109 0.9995573 0.7202678 0.6390936 0.2697663 -0.1732683 -0.15422 0.9727252 0.0239402 0.04657602 0.9986279 -2.12495e-6 0 1 0.002064585 -0.001679062 0.9999965 9.5313e-7 -9.21526e-7 1 0.00965327 -0.01341158 0.9998635 -0.343144 -0.3517857 0.8709185 0.01598387 -0.936652 0.3498966 0.004162788 0.01052969 0.999936 -0.02949768 -0.3116334 0.9497445 0.08213001 0.8679277 0.4898534 -3.28873e-6 0 1 4.12681e-6 -9.88138e-7 1 -0.3569676 0.9341154 0.001596331 0.1110945 0.1154646 -0.9870795 -0.05996572 0.9529287 0.2972054 -0.01629924 0.07835251 -0.9967926 -0.05854851 0.9981415 -0.01690113 0.9952873 -0.0341646 -0.0907523 0.9965994 -3.22245e-4 0.08239901 0.00626254 -0.02105212 -0.9997588 -0.8543532 -0.5095922 -0.1019631 0.06274193 -0.02870345 0.997617 -0.03658479 -0.03869098 -0.9985814 -0.09670358 -0.9949521 0.02681243 -0.9336278 -0.357263 -0.02650004 -0.8286955 0.5518656 0.09331834 0.751544 -0.6594144 0.01882696 0.8402199 -0.5422309 0.004035592 0.4124519 -0.9078502 0.07544147 -0.6999576 -0.6740805 -0.2359552 -0.9315562 -0.3635938 -0.001644551 -0.9249159 0.3800901 -0.007893979 -0.5783569 0.8072804 0.117482 -0.9745329 -0.2223131 0.0293731 -0.417017 0.8637768 -0.282819 -0.2896499 0.9571216 -0.004613876 -0.4405954 0.8591987 -0.2601027 0.1027291 0.9914637 -0.08028936 0.93168 0.358733 0.05729967 0.08252382 0.03885126 0.9958315 0.9984666 0.04808956 -0.02742475 -0.5273899 0.01810342 -0.8494306 -0.2742312 0.1324051 -0.9525052 0.0372045 -0.6347551 -0.7718172 -0.7592189 -0.6312535 -0.1584484 0.1433969 -0.8656572 -0.4796613 -0.6832007 0.5995444 -0.4168733 -0.7545584 -0.03634303 -0.6552259 0.6063923 0.7398973 -0.2912738 3.41632e-6 0 -1 -0.4461066 -0.4757623 -0.7580496 -0.7256868 0.4682573 -0.5040971 0.2017479 0.04602885 -0.9783554 -0.005576789 0.9070372 -0.4210138 0.0578444 0.5950449 -0.8016082 -0.1348486 0.9863514 0.09448242 0.05774796 -0.4476627 -0.892336 0.866273 0.4909704 -0.09230071 -0.8215339 -0.5108439 -0.2532203 0.3396846 -0.2728374 -0.9000968 0.07130491 -0.9974544 6.29402e-4 -0.03663706 0.5705808 -0.8204239 -0.706717 0.6933726 -0.1406615 -0.0333153 -0.3214603 -0.9463369 0.8611729 -0.4264741 -0.2765883 -0.636081 -0.2449255 -0.7317188 0.02434086 0.04021006 0.9988948 0.1101443 0.1060734 -0.9882392 0.1196385 -0.3300728 -0.9363432 0.1227858 -0.4056863 -0.9057275 0.1156142 -0.2394756 -0.9639942 -0.4627636 0.8623601 -0.2053899 0.2639114 -0.5492227 -0.7929095 0.4529651 -0.869763 -0.1957935 -0.053689 0.1163098 -0.9917608 0.5861212 -0.80368 -0.1027647 0.8121854 -0.5408726 -0.2186589 0.18949 -0.2645211 -0.9455804 0.1874289 -0.0770238 -0.9792537 0.1747735 -0.3536118 -0.9189195 0.1196218 0.04669451 -0.9917209 -0.04210758 1.36367e-5 0.9991131 4.8004e-5 -2.13911e-5 1 0 9.12078e-7 1 -0.01816767 0.01977622 0.9996394 -0.006200253 0.01905119 0.9997994 -0.01899307 0.01164799 0.9997518 -0.003480076 -0.01489603 0.9998831 0.00860244 -0.01720219 0.9998151 -0.02573633 -0.01217353 0.9995947 0.01974648 -0.01665353 0.9996664 0.08585411 0.1123678 0.9899508 0.001709461 -0.001680016 0.9999972 0.003720521 -1.53817e-4 0.9999932 -0.02379065 -0.01792085 0.9995564 0.720217 0.6391085 0.2698664 -0.1739417 -0.1548518 0.9725046 0.02394133 0.04657596 0.9986278 9.34977e-5 1.05881e-4 1 0.00200802 -0.001703321 0.9999966 4.95628e-5 -7.1879e-5 1 0.009658753 -0.01341146 0.9998635 -0.3431384 -0.3517598 0.8709312 0.01599985 -0.9366462 0.3499113 0.004214406 0.0106225 0.9999348 -0.02943241 -0.3114625 0.9498026 0.08215087 0.8679282 0.4898489 6.5774e-6 1.57491e-6 1 -4.12678e-6 0 1 -0.3569583 0.9341191 0.001597583 0.1110932 0.1154578 -0.9870805 -0.05996596 0.9529271 0.2972106 -0.0162968 0.07834869 -0.9967929 -0.0585097 0.9981438 -0.01689916 0.9952867 -0.03416514 -0.09075927 0.9965996 -3.22411e-4 0.08239579 0.006259799 -0.02105408 -0.9997588 -0.8544033 -0.509507 -0.1019704 0.06275832 -0.02870327 0.997616 -0.03658491 -0.03869313 -0.9985812 -0.09672254 -0.9949502 0.02681332 -0.9336191 -0.3572859 -0.0264995 -0.8286947 0.5518721 0.09328663 0.7514888 -0.6594772 0.01882588 0.8402521 -0.5421809 0.004054307 0.4124099 -0.9078699 0.07543563 -0.6999639 -0.674088 -0.2359154 -0.9315537 -0.3636001 -0.001645267 -0.9249142 0.3800944 -0.007892787 -0.5783166 0.8073109 0.1174697 -0.9745266 -0.2223377 0.02939105 -0.4170278 0.8637861 -0.2827751 -0.2896509 0.9571213 -0.004613876 -0.4405553 0.8592237 -0.2600877 0.1027297 0.9914638 -0.08028823 0.931679 0.3587357 0.05729937 0.08259737 0.03883016 0.9958263 0.9984667 0.04808962 -0.02741831 -1 0 0 -0.992205 0.08377116 -0.09225851 0.7540463 -0.176303 -0.6327176 -0.7240118 0.6693301 -0.1667462 -0.7274454 0.6550208 -0.2043796 -0.4490033 0.4386794 -0.7784321 -0.1020198 0.9334934 0.3437761 -0.1651351 -0.9310712 -0.3253257 -1 2.47842e-5 -1.13132e-6 0.344141 0.9333224 -0.1023539 -0.3600625 -0.9268721 0.1061288 -0.7319647 0.6769199 -0.07750642 -0.9994964 0.02098083 -0.023808 -0.8122313 0.5713112 -0.1178305 -0.9965413 0.05676865 0.06068605 -0.08857786 -0.983859 -0.1554853 -0.9276573 0.3315793 0.1717767 -0.9179686 0.3965506 0.00902462 -0.9384184 0.2918801 0.1848706 -0.9963731 -0.03245282 0.07866048 -0.5591189 0.2582386 0.7878445 0.4922913 -0.7131515 -0.4990634 -0.1542282 -0.4556788 -0.8766815 0.01772338 0.4721791 0.8813245 0.3514983 0.8745286 -0.3341388 -0.1763663 0.06016439 -0.9824843 -0.9840815 -0.001629889 -0.177711 -0.9943857 0.07567811 -0.07395911 -0.9918676 0.02934539 -0.1238446 -0.9542064 0.2780277 0.1104131 0.7624655 -0.6339715 -0.1293312 0.8671319 -0.419144 -0.2690735 -0.8690328 0.09757727 0.4850371 -0.9845129 -0.1247787 0.1231443 -0.9076189 0.01977819 -0.4193288 -0.9034804 0.1798501 0.3890722 -0.8185953 0.1404746 0.5569279 -0.9984419 0.05460512 0.01149868 -0.9917096 0.07057893 0.1073818 -0.9963255 -0.01022011 0.08503645 0.8723258 -0.2453777 -0.4228921 -0.9978294 0.04804778 0.04503291 -0.9899653 0.04722386 -0.1331871 -0.7629323 0.3313363 -0.5551131 -0.9923754 -0.02027374 -0.1215729 -0.9826363 0.06083351 0.1752863 -0.1954038 -0.4593883 0.8664756 -0.4085762 0.3442517 -0.8453144 -0.8202462 -0.2157448 0.5297645 0.019176 -0.9750594 0.2211142 -0.9169394 0.2204641 0.3325926 -0.9141001 0.1456308 0.3784348 -0.156832 -0.6074305 -0.7787376 -0.9894451 0.06787759 -0.1280276 -0.4855869 -0.2485224 0.8381183 0.1473689 -0.9858981 0.07929235 -0.1374441 0.4555516 -0.879535 -0.9843648 0.09573507 0.147854 0.2377746 -0.4840031 0.8421427 -0.1936473 -0.5062814 0.8403451 -0.3320829 0.4867643 -0.807949 0.2735036 -0.824943 0.4946364 -1 -1.06293e-6 2.71184e-6 0.0197736 -0.2885142 0.9572715 -0.6623342 -0.06519961 -0.7463662 -0.04730081 0.8566844 -0.5136678 -0.5954727 0.5400217 -0.5948016 -0.7666084 -0.4316231 0.4754084 -0.2175884 0.3328409 -0.917536 -0.1723217 0.9186209 -0.3555852 -0.3807364 -0.3153271 0.8692576 0.7856906 0.3616558 -0.5018918 -0.9810304 0.0381298 0.1900674 -1 -1.42494e-7 6.70046e-7 -0.5781065 -0.5061227 0.6400256 -0.9032541 0.003787994 -0.4290894 0.08758467 0.5350166 -0.8402894 -1 0 0 -0.8033524 0.5951751 0.01979243 -0.8545247 -0.3250941 0.4050944 -0.9727841 -0.1287518 0.1926501 -0.9317436 0.05309951 0.3592135 -0.9666996 -0.05882269 0.249062 -0.6217924 -0.7827494 -0.02603048 -1 -4.19591e-7 0 -0.6430932 -0.1955373 -0.7404028 -0.3191175 -0.6822534 0.6577951 -0.06666547 0.6787682 -0.7313204 -0.9803202 0.02421528 -0.1959236 0.1484222 -0.6749534 0.7227786 -0.8559501 0.4134976 -0.3104341 -0.9978861 0.06454223 -0.007601559 -0.6735307 0.1495962 -0.7238629 -0.4847272 0.03941994 0.8737767 -0.3955681 -0.1271511 -0.9095926 -0.1864064 -0.11575 -0.9756304 -0.9423215 0.201678 0.2671259 -0.9226345 -0.3424624 0.177384 -1 0 -2.16074e-6 -0.01898306 0.8954302 -0.4447971 -1 0 0 -0.2638654 -0.6389979 -0.722535 -0.2863364 -0.5844267 0.7592477 -0.3697636 0.4121786 0.8326966 -0.9999836 -4.81399e-4 0.005720019 -0.2570885 -0.8954686 0.3633753 -0.4499412 0.82911 -0.3318578 -1 1.02097e-5 4.0859e-7 -0.991423 0.1306894 9.23198e-4 -0.9874256 0.1573051 -0.0156818 -0.9006474 0.4325152 0.04201138 -0.547649 0.7288343 0.4109516 -0.8205691 -0.1735487 0.5445616 -0.8706684 0.2540289 0.4211961 -0.688966 0.6562868 0.3075932 -0.05829483 0.9868941 -0.1504723 -0.6919482 0.5183639 0.5025003 -0.5736151 -0.818421 -0.03395503 -0.3104252 0.8439126 -0.4375478 -0.9971125 0.02411448 0.07200872 -0.9807308 -0.09207963 0.1723036 -0.9912252 0.1112354 0.07140934 0.7779477 0.4131883 -0.4733636 0.9471337 -0.1454803 0.2859604 -0.3192648 -0.4351173 0.8418688 -0.9830511 0.1173936 0.1408164 -0.7525643 -0.1773231 0.6341952 -0.9550826 0.1952179 -0.2229511 -0.9906073 0.08488398 -0.1072002 0.2438033 0.7709302 0.5884103 0.01333373 -0.2178382 0.9758939 -0.7380415 0.1469984 -0.6585487 -0.8122367 0.3205388 -0.4873668 -0.3916127 -0.780311 -0.4876006 -0.9108215 0.3952339 0.1191397 -0.4236834 -0.9038332 -0.05981636 -0.9987897 0.04826676 -0.009454369 -0.9988241 0.02596783 -0.04094219 -0.9987546 0.02370423 0.04390341 -0.9799399 0.0761286 0.1841804 -0.003970563 -0.5519272 -0.8338829 -0.6525217 -0.04648762 0.7563428 -0.8362726 0.4370963 0.3310512 -0.9927582 0.09321546 0.07577776 -0.08934646 -0.9956544 0.0262596 -0.2040733 0.9773966 -0.05522644 -0.9503314 0.2608389 0.1698043 -0.356523 -0.9232087 -0.1434479 0.9107012 0.4048603 0.08192408 -0.06539297 -0.4528543 -0.8891832 -1 2.11792e-7 0 -0.6547099 0.1097073 0.7478766 -0.9910621 -0.05566704 0.1212319 -0.3367018 -0.6850331 0.6460354 -1 0 -2.48406e-7 -0.9822282 0.1849853 -0.03175598 0.5216051 0.2752699 0.8075609 0.0658071 -0.8903256 0.4505439 -0.1477932 0.8739866 -0.4629306 -0.9070309 -0.2473424 -0.3407592 -0.9699475 -0.1528627 0.1893015 -0.921166 -0.1423326 -0.3622083 -0.7387103 -0.01638787 -0.6738238 -0.9589018 0.2481544 0.1375749 -0.9788084 -0.0394653 0.2009394 -0.8544216 -0.03683859 -0.5182727 -0.9638583 -0.2349938 -0.1255204 0.1750131 -0.5464441 -0.8190051 -0.4914713 -0.2946086 0.8195498 -0.4110317 0.2857542 -0.8656775 0.1412879 0.2571999 0.9559738 -0.9186995 -0.3674041 -0.1449327 -1 1.80222e-5 0 -0.5894273 -0.8077191 0.01286005 -0.9912126 -0.0690357 -0.1128343 0.1242707 0.9873339 0.09863334 -1 5.96179e-7 7.77768e-7 0.01069319 -0.9932963 0.1151008 -0.4162458 -0.8889803 -0.1909279 -0.06408822 -0.8670584 -0.4940673 -0.6409518 -0.7666183 -0.03843659 -0.508536 -0.8596785 -0.04841786 -0.9674596 -0.2006315 0.1541721 -0.8055629 -0.4734719 -0.3562204 -0.6600328 -0.6450018 0.3851358 -0.9851725 -0.1658274 -0.04400533 -0.2594556 -0.6405409 -0.7227657 -0.5987671 -0.5631217 -0.5695365 0.6667955 0.4942829 0.5577349 -0.7329474 0.6616412 -0.158174 -0.8162641 0.07523918 -0.5727583 -0.6108778 0.5566537 0.5629964 -0.4693024 0.527552 -0.7081272 -0.8438366 -0.1034463 -0.5265347 -0.9961529 0.08704209 -0.01015102 -1 0 0 -0.9992381 0.0113309 0.03734803 -0.2409148 -0.2817726 -0.9287435 -0.3058356 -0.4900609 0.816275 -0.2535211 -0.7981206 -0.5465625 -0.0299375 0.8905951 0.4538108 -1 2.69962e-7 0 -1 5.04074e-7 0 -0.244562 0.5438988 -0.8027225 -0.6038423 -0.155347 0.7818196 -0.8970492 -0.2913861 0.3322603 -0.9230084 -0.2432406 -0.2981436 -0.9827098 -0.1728861 -0.06627029 0.9771284 0.04881745 -0.2069708 -0.9763963 -0.1901419 0.1024515 -0.8045693 -0.4253795 0.414392 0.3133092 0.6312883 -0.7094452 0.8460406 0.05102288 -0.5306714 -0.6417177 -0.08740204 0.7619444 -0.8354543 -0.4662213 0.2909532 -0.1393107 0.09806466 -0.9853811 -0.1848667 -0.09732353 0.9779328 -0.3083467 0.1811698 0.9338629 0.1553242 -0.1881377 -0.9697828 -0.8002679 -0.4239928 0.4240301 -0.02725708 0.7068132 -0.706875 -0.6003366 -0.7421629 0.2979771 -0.21574 0.03761523 -0.9757261 -0.9727827 0.04395741 0.2275122 -0.5258874 0.00176537 0.8505524 -0.3248978 -0.04551595 -0.9446533 -0.6077569 -0.7239737 -0.3263339 -0.9980812 0.01220649 0.06070435 -0.9991521 -0.03479486 0.02200835 -0.7971107 0.3266738 -0.5078375 -1 2.12704e-5 7.55129e-7 -0.999262 -0.02746194 0.02685987 -0.2184317 -0.9746719 0.04798138 -0.8868677 0.2555135 -0.38494 -1 -3.76419e-6 -1.14284e-6 -1 5.88459e-6 0 0.09082919 -0.9675939 0.2356101 -1 -1.27478e-5 0 -1 6.069e-6 4.28995e-7 -1 -4.8558e-5 3.77441e-7 -0.2726719 0.9169561 -0.291276 -0.2520537 -0.922299 0.2929734 -0.3875843 0.787922 -0.4784949 0.002343356 0.9979881 -0.06335783 -0.3566106 -0.9065339 0.2258876 -0.8679179 -0.4878478 -0.09339714 -0.7060582 0.687143 -0.1712202 -0.977609 -0.1833221 0.1033138 -0.9693606 -0.2393228 0.05536079 -0.8988689 -0.2998065 0.3196104 -0.938434 -0.2234653 -0.2634482 -0.2235903 0.969132 -0.1038776 -0.997271 -0.06604886 0.03298753 0.04291081 0.9133262 0.4049615 -0.9928343 -0.1092435 -0.04843598 -0.9590688 0.2826836 -0.0166493 -0.2786766 -0.3116973 -0.9083965 -0.2397484 -0.185616 -0.9529257 -0.3856748 0.1805437 0.9047977 -1 -7.17156e-7 0 -0.2453737 -0.7274549 0.6407817 -0.2989589 -0.7831581 0.5452402 -0.2076944 0.7503827 -0.627526 -0.6281224 0.7742641 -0.07731419 -0.2422065 -0.8613361 0.4465829 -0.7914697 0.0482043 -0.6093048 -0.7851633 0.3483661 -0.5120155 -0.3230156 -0.6415518 0.695753 -0.950722 0.2045431 0.2330019 -0.9716132 0.2360172 0.0162447 -0.4062772 0.7199442 -0.5626894 -0.9999721 -0.00739783 0.001127898 -0.9999729 -0.00528562 -0.005123913 0.2511584 -0.3716447 -0.8937559 -0.8501564 0.2969928 0.4347752 -0.9882482 0.01957255 -0.1515992 0.9467024 -0.03654366 0.32003 -0.986309 0.0695092 -0.1495432 -0.9970118 0.07642382 -0.01127266 -0.976974 0.09287023 0.1920864 -0.3122965 -0.2312242 -0.9214155 -0.4905309 0.2121021 0.8452172 -0.9849085 -0.06062597 -0.1621106 -0.2491866 -0.9448684 -0.2124376 -1 -1.57991e-7 0 -0.05263078 -0.3181384 -0.9465823 -1 5.34005e-6 -4.42428e-5 -0.3427313 -0.1527876 0.9269258 -0.8044154 -0.03361964 -0.5931152 -0.9585349 -0.1746801 0.2251616 -0.8070842 -0.4791582 -0.3449964 -0.4422754 -0.7761774 -0.4493788 -0.297522 0.9547148 4.28471e-4 -0.9016491 0.3315705 0.277651 0.1063227 -0.9943317 -4.44793e-4 -0.9446225 -0.02343034 0.327322 -1 0 8.16483e-7 -0.8366695 -0.04002523 0.5462438 -0.975911 -0.05583971 -0.2109021 -0.3996098 -0.9144536 0.06392699 -0.9768976 -0.1806997 -0.1141002 -0.9878733 0.02433478 -0.1533433 -0.8604266 -0.5066061 -0.05492216 0.329481 0.9418637 -0.0658431 0.41029 0.8338676 -0.3692249 -0.6034958 0.6900622 0.3995087 -0.9780082 -0.1953054 0.07318359 0.06964081 0.9741207 -0.2150327 -0.9261692 -0.3434704 0.1556879 -0.361578 0.2377554 -0.9015175 -1 9.23105e-7 0 0.2192239 0.8061282 -0.5496348 -1 5.31406e-5 -1.14357e-5 -0.3179036 0.9169988 -0.2409371 -0.9395151 0.1702417 0.2972025 -0.9963103 -0.08576327 -0.003231465 -0.2192164 0.9091442 0.3541204 -0.8796741 -0.4394811 0.1817415 -0.1382629 -0.6829887 -0.7172238 -0.9733012 -0.1851246 0.1356968 0.8775573 0.3493926 -0.3283567 -0.08126974 0.9966437 0.009834289 -0.1229294 0.5990686 0.7912049 -0.6173695 -0.4975244 -0.609364 -0.4774118 0.867474 -0.1398819 -0.9191037 -0.3821126 -0.09611636 -0.01227158 0.8641437 -0.5030955 -0.6374956 -0.6658332 0.387641 -0.9233281 -0.07842433 0.3759189 -0.04892623 -0.4229702 -0.9048218 -0.4307044 0.3821855 0.8175744 -0.9274062 -0.366321 -0.07567501 -0.9958681 0.08105719 -0.04094731 -0.4256355 0.4887179 -0.7615703 0.02514672 -0.3022019 0.9529122 -0.3998692 0.2571303 -0.8797663 -0.05493921 -0.2662956 0.9623246 -0.9948292 -0.07539254 0.0680499 -0.7903741 0.1096677 -0.6027287 -0.280804 0.8280871 0.485202 -0.9610967 -0.2383158 -0.1396384 -1 0 -7.75997e-7 -0.9998758 -0.002493083 -0.01556301 -0.9995 0.02684146 0.01671111 0.1640667 -0.3167347 -0.9342169 0.3196377 -0.7798371 0.5382248 -0.1276279 0.3113181 0.9416965 -0.1652947 -0.3128545 -0.9353073 0.2670922 0.3910886 0.8807448 -0.9955956 0.06364411 -0.06884038 -0.9987996 -0.01225084 -0.04742717 -0.9745826 0.06151926 -0.2154161 0.3294745 -0.8180052 -0.4715021 0.1613451 -0.9802545 0.1143193 -0.4562882 0.1646709 0.8744625 -0.9601804 0.2398725 -0.1432302 -0.9738918 -0.1008134 -0.2033996 0.804987 0.5590756 -0.1985709 -0.9948652 -0.01643586 -0.09986567 -0.5239288 0.1115868 0.844421 -0.9903737 0.01460433 -0.1376475 -0.2594997 0.2024712 -0.9442804 -0.9912748 0.1313143 -0.01144713 -0.9583298 0.2583024 0.1219999 -0.307914 -0.1994676 0.9302697 -0.7174351 0.2330997 0.6564689 -0.1722463 -0.4084668 -0.8963739 0.8277966 -0.3047112 0.4710668 -0.8834905 0.1315885 0.4495877 -0.9999399 -0.007266283 0.008215606 -0.396016 0.6083261 -0.6878305 -0.999539 -0.03001689 0.004577219 -0.6485281 0.2477492 0.7197442 -0.9986766 0.00638014 -0.05103379 -0.993026 -0.08003222 0.08656966 -0.5470682 0.3618986 -0.7548151 -0.958694 -0.2047869 -0.1974041 -0.9999613 -0.002866327 -0.008327066 0.5646045 0.8173099 -0.115005 -0.503737 -0.03782486 0.8630286 -0.06429952 0.01442098 -0.9978265 -0.2212967 -0.9048656 0.3636565 -0.3322522 0.7487541 -0.5735642 -0.8475767 0.5139703 -0.1320927 -0.9696097 -0.2380863 0.05631941 -0.9831691 -0.1819651 0.01634758 -0.2554634 0.8693896 0.4229659 -1 -6.46267e-7 1.96636e-7 0.1061951 0.9561364 -0.2729941 -0.3880393 -0.8732475 0.2947277 -0.2575233 0.9155332 -0.3089996 -0.9864984 -0.009310483 0.1635061 -0.9996222 0.00775063 -0.02637284 -1 0 4.04076e-7 -0.1587719 -0.8628429 -0.4798894 -0.9971931 -0.07392209 -0.01189267 -0.9265483 0.1373773 -0.3501939 -0.4699338 0.7282959 0.4987459 -0.9319908 0.1820055 -0.3134761 -0.5262036 0.4033721 0.7485992 -0.4366625 0.4215834 -0.7947285 -1 -2.98714e-7 7.90681e-7 -0.1301571 -0.2074595 -0.9695461 0.2954922 -0.6423656 -0.7071427 -0.6973321 0.712612 0.07689028 -0.9926392 0.06991875 0.09888833 -0.9220267 -0.3691121 0.1167181 -0.1401066 0.6256086 -0.767453 -0.3970724 -0.5798949 0.7113758 -1 7.30438e-7 1.08636e-6 -1 6.75956e-6 -9.08371e-7 -0.9949946 0.06719154 0.07396739 -0.8576073 -0.2170976 -0.4662387 -0.9997224 -0.002923011 0.02338385 0.8117648 0.003699064 0.5839728 -1 1.6818e-5 -2.71188e-4 -0.99462 -0.03131431 -0.09874457 -0.9337663 -0.3562582 -0.03406858 -0.994338 -0.01510721 -0.1051847 -1 0 -4.0199e-7 -0.9972386 -4.68012e-4 -0.07426202 -0.9910622 0.1333975 9.5388e-4 -0.7702056 0.3838594 0.5093482 -0.8906893 0.06877291 -0.4493806 -0.05178147 0.2839074 -0.9574525 -1 -1.30047e-7 -3.49429e-7 -1 4.86912e-7 5.06786e-6 -0.9893887 -0.02649015 0.142858 -0.7906006 -0.430338 0.4356144 -0.02582746 -0.8372802 0.546164 -1 2.35221e-7 -3.81445e-7 -1 -4.80044e-7 4.56587e-7 -0.8326765 -0.2283096 0.5045044 -0.08191108 0.2010226 0.9761559 -0.06935876 0.6559475 -0.7516132 0.7925201 0.4492848 -0.4123774 -0.9758198 0.1826796 0.1200166 -0.2496912 0.404716 -0.8796927 -0.5573844 -0.4867334 0.6726168 0.4070612 0.5266543 -0.7462819 -0.9107306 0.206797 0.3574982 -1 0 -4.33776e-6 -0.8720074 -0.119716 -0.4746275 -0.9956777 0.06234931 0.068838 -0.7703858 -0.1200361 0.6261765 -0.984833 0.09837388 0.142922 -0.02266317 -0.326736 0.9448439 -0.8981674 -0.1759296 -0.4029195 -0.127325 -0.9249805 0.3580496 -0.6520649 -0.4704211 -0.5945717 -0.8878347 0.458483 0.03928107 -0.7106085 0.6691409 0.2174537 -0.8429744 0.4886707 0.2249335 -0.8159131 -0.4328829 0.3832733 -0.9182137 0.3034682 0.2545406 -0.4801704 0.8488316 -0.2211821 -0.1778145 0.08918088 -0.9800147 -0.9942932 0.1017183 -0.03216427 -0.4802581 -0.2944031 0.8262439 -0.9877328 0.1169131 -0.1035146 -0.9991768 -0.03756666 0.01532268 -0.447355 -0.01681989 0.8941984 -0.9963261 -0.05848938 0.06255793 -0.9951969 0.09728151 -0.01093876 -0.9999906 -0.004329204 4.86793e-4 0.8019733 -0.493133 0.3371331 -0.9967631 -0.01131075 0.07959586 -0.8062404 -0.5769326 0.1308636 -0.9814388 -0.0280652 -0.1897114 -0.4069253 -0.02388823 0.913149 -0.8097466 0.09185361 -0.5795459 -0.9910737 -0.07833325 0.1078735 0.2025328 0.2032373 -0.9579536 -0.3225421 -0.7545597 -0.571495 -0.2647636 0.896678 0.3547801 -1 -5.34934e-6 -1.46239e-6 -1 0 -6.32743e-7 0.9996598 -0.02516067 -0.00686413 0.9999862 -0.002344191 0.004709601 0.9987978 0.04664891 -0.01506388 0.9978425 0.04054224 -0.05164027 0.9972564 0.07297152 0.01244592 0.9999411 -0.009438276 0.005367457 1 -4.2436e-6 2.09513e-6 0.9999971 6.10441e-4 0.002365052 0.9993586 -0.03530007 -0.006023287 0.9999649 -0.007461607 0.003832697 0.9958848 0.09062659 6.12006e-4 0.9972307 0.05124032 -0.05390232 0.9993531 -0.02726387 0.02345514 0.9997473 -0.01477169 0.01694625 1 1.42246e-5 0 0.9969107 -0.07638323 0.01829618 0.9997447 -0.01500266 0.01689785 1 1.76313e-5 1.18722e-6 1 2.20331e-6 6.37455e-7 0.9963023 -0.0832042 -0.02142328 0.9960844 0.08757567 0.0120992 1 7.9777e-7 -3.99734e-7 0.9950943 0.0363484 -0.09201174 0.9973889 0.05155408 -0.0505743 1 -9.99769e-7 -1.12851e-6 0.9999961 0.001696646 -0.002241909 0.9999628 -0.006469428 -0.005723893 0.9999595 -0.004010975 -0.008057653 0.8035171 -0.5424305 0.2452135 0.9946842 -0.06395846 -0.0807023 0.999995 0.002421319 -0.00208348 1 -5.45885e-7 0 -0.9983922 0.03271216 0.0462926 0.9993202 0.009031176 0.03574663 0.988371 0.03044289 0.1489839 0.9992911 0.007812082 0.0368306 0.9865228 0.04588329 0.1570591 0.7508441 -0.6232932 -0.2184917 0.9998917 -0.01452416 0.00241363 0.9999873 8.51232e-4 -0.004981815 0.9999939 -8.66223e-4 -0.003409326 0.6952069 -0.6718835 0.2554603 0.9993836 -0.03109043 0.01630705 0.9912008 -0.1138917 0.06745135 1 4.24062e-7 0 0.9982751 -0.05780744 -0.0102564 0.9983668 -0.05143386 -0.02486824 0.996965 -0.04515749 -0.06341588 -0.6934699 -0.5412126 -0.4755928 0.9802718 -0.08519989 0.1783488 0.9813488 -0.08682709 0.1715103 0.9806334 0.181387 -0.07387089 0.9985399 0.05354762 0.007133722 0.999765 0.001491129 -0.02162808 0.9721737 -0.04042696 0.2307469 0.9998935 0.01257997 0.007399499 0.9999482 -0.007546246 0.00684148 0.9999835 0.001460433 0.00556159 0.9998229 0.01751255 -0.006902754 0.999952 -0.007155895 0.006702899 0.9749653 -0.02008414 0.2214481 0.926132 0.07652723 0.3693552 0.9977723 0.02469789 -0.06197196 0.9978793 -0.0478633 -0.04411596 0.3475584 0.6444911 0.6810538 0.999374 0.01574963 0.03167748 0.9996247 0.01865869 0.02005791 -0.9972643 0.05177766 0.05275416 0.9994155 0.005178689 0.03379273 0.9995122 -0.009202241 0.0298441 0.9976581 -0.02393054 -0.06407588 0.9999125 -0.008524119 -0.01012438 1 -1.51263e-6 -1.65596e-6 0.9999958 -0.002506673 0.001482546 0.999794 0.01231735 -0.01613402 1 0 -8.28294e-6 1 -7.98392e-7 -8.37558e-7 1 2.05874e-7 0 0.9999907 3.7845e-4 -0.004318952 0.9979501 -0.05805599 0.02692681 0.9987123 0.04585194 -0.02171295 0.9917661 -0.07778596 0.1017329 0.9999703 0.007005512 -0.003240823 0.9964114 -0.04847276 -0.06938904 0.968103 -0.1617869 0.1913157 0.9748874 0.08284902 -0.206714 -0.5838035 -0.7173645 -0.3802127 0.9088388 0.2721337 0.316157 0.9844135 0 0.1758695 0.9740521 -0.1476466 -0.1715315 0.9885705 -0.1498472 -0.01655626 0.9894114 0.08408337 -0.1183011 0.9962636 0.06062161 0.06151425 0.9751108 0 0.2217184 0.9371653 -0.3227901 0.1323928 0.7173888 0.6814266 -0.1449526 1 5.28707e-7 3.07327e-6 1 -2.30691e-7 -4.67917e-6 1 0 0 1 1.75511e-6 4.19899e-6 1 -1.67167e-5 0 1 1.16309e-6 -1.38302e-5 1 -1.04625e-6 -3.98464e-6 0.9936707 -0.07962334 -0.07923924 0.9985172 -0.03214693 -0.04393446 0.9996907 -0.001319468 -0.02484011 0.9978614 -0.01225954 0.06420671 1 3.42791e-6 -2.22083e-5 0.9940837 0.02240061 -0.1062819 0.9883505 -0.1320778 0.07562321 1 -7.99777e-7 0 1 -2.05805e-6 0 0.9993659 0.02847224 0.02138191 0.9996441 0.006352186 0.02591115 0.9998906 1.70678e-7 0.01479458 0.9999881 -0.001390516 -0.004681944 0.975208 -0.22093 0.01262682 0.9994528 0.03306847 7.60564e-4 0.9131749 -0.4069973 -0.02156138 0.9737986 -0.08913516 0.2092158 0.9733008 -0.2194014 0.06744271 1 -1.6441e-5 0 1 1.63294e-5 -2.57265e-6 0.9948066 -0.1017832 -1.89829e-4 0.9995012 -0.0301038 0.009553968 1 -3.25298e-6 2.65237e-6 1 3.14035e-6 -2.57694e-7 0.9999973 0.002268791 -4.7476e-4 0.999958 -0.005780875 0.007117807 0.9991049 -0.03573757 0.02263659 1 2.18849e-7 0 1 -2.79119e-6 -4.06684e-6 1 1.30002e-6 -2.34794e-7 0.9169234 -0.001637339 0.39906 1 7.69385e-6 2.12727e-7 0.9948154 0.09851247 -0.02525311 0.9996317 -0.02714097 -1.58826e-4 0.994368 -0.04479593 0.09605085 0.9939149 0.01984441 0.1083497 0.4334093 0.2137457 0.8754822 0.9926559 -0.03315132 0.1163418 0.9518688 -0.1068 0.287297 0.973902 -0.2142087 0.0750305 0.9389451 -0.09088343 -0.3318468 0.7501046 0.2009096 -0.6300622 1 0 0 0.9999896 0.004547536 -2.52136e-4 0.9995715 -0.01922917 -0.02207148 1 -2.00039e-7 0 1 -1.10878e-6 7.26551e-6 1 3.63812e-6 -1.21414e-7 0.999999 0.001185119 7.8149e-4 1 3.68851e-6 -9.52127e-7 0.9262137 -0.3761476 0.02532196 0.999346 0.03616207 1.36644e-4 0.9999993 8.03173e-4 9.25231e-4 1 -3.80766e-5 -7.23973e-6 0.9988607 0.04745721 0.005014479 0.9999753 -0.00167042 -0.00684458 0.9999679 -0.005911171 -0.005408585 -0.1927911 0.9775856 0.08460628 -0.02488255 -0.9995803 0.01483869 1 1.66079e-5 -5.48392e-7 0.9999279 -0.01200997 -3.55698e-4 0.9032957 -0.3938871 -0.1700289 1 -4.21398e-7 -1.29201e-6 0.9973014 0.07251101 -0.01149332 0.9994666 0.02947336 -0.01407027 0.9884197 -0.07244002 0.1333381 0.9991327 0.03691881 -0.01925981 0.9928826 -0.1187441 -0.009165942 0.992886 -0.03712403 -0.1131336 0.9972587 0.06916701 -0.02629214 -0.9956703 -0.009567677 -0.0924614 0.9866558 0.1627752 0.003811061 0.9999424 0.005545377 0.009203851 0.999992 0.002701103 0.002976596 0.9982336 -0.04538798 -0.038338 0.9985156 0.009729206 0.05359184 0.9778035 0.0128017 -0.209133 0.8914946 -0.0276798 0.4521849 0.7347381 0.05350494 -0.6762376 0.9996328 0.005384922 -0.02655655 0.9996456 -0.00210011 0.02654182 0.9999693 0.001970469 -0.007591903 0.9827069 0.1811835 -0.0382089 0.9934237 7.65639e-4 0.1144937 0.908889 -0.2935824 0.2961929 0.8570697 0.4969111 -0.1360546 0.9951248 0.01006203 0.0981099 0.9989071 0.003261804 0.04662781 0.9925355 0.1190654 0.02639549 1 0 -1.28296e-6 0.9998534 0.006487131 -0.01584881 0.9999219 0.01008713 -0.007398009 0.9996318 0.02272868 -0.01482409 0.999391 -2.14724e-4 0.03489786 0.9998664 0.01237744 0.01067781 0.9988286 -0.04512202 0.01747858 0.9999266 -0.01169025 0.003201484 1 0 0 0.9999703 -0.003014087 -0.00711131 0.9999451 -0.003971099 0.009701073 0.9986777 0.04981541 0.01270842 0.9999864 -7.19273e-4 -0.005169808 0.9758394 -0.2110425 0.05655586 0.9896968 -0.07223373 0.1236223 0.9941703 0.0708124 -0.08130896 1 -8.76402e-7 0 0.9999027 -0.01380014 0.002070248 1 -4.7069e-7 3.08922e-7 0.9749492 0.1683048 -0.1454223 0.7674578 -0.2475486 0.5913783 0.9760763 0.06670057 -0.2069447 1 0 0 0.999612 -0.01473474 -0.0236389 0.9995557 0.008165895 0.02866733 0.9980978 -0.05470156 0.02843528 0.9993725 0.01618981 -0.03150701 0.9998642 -0.010163 0.0129705 0.9999837 0.003098368 0.004801988 0.9998806 0.01247137 0.009136319 0.999916 0.01236826 0.00391519 1 -2.11307e-7 1.34427e-6 1 0 -2.4946e-6 1 0 -1.93452e-6 -0.9995476 0.02000153 -0.0224626 0.4973281 -0.280177 0.821076 -0.8414486 -0.1625608 0.515304 1 0 -3.36386e-5 0.9923487 0.1215108 -0.02189201 0.999226 -0.03549528 0.01695442 0.9998471 0.01578301 -0.00753957 0.99851 -0.05442094 0.004036486 0.99997 -0.002145111 0.007451951 0.998554 0.05372923 -0.001770734 1 2.26974e-6 -1.44349e-7 0.9995287 -0.03051817 0.003329455 0.9998915 0.001700341 -0.01463812 0.9992258 0.009736478 0.0381208 0.9999243 0.01225078 -0.001229643 1 -6.18083e-6 -5.19958e-6 1 3.26134e-6 1.19206e-5 0.9999305 0.002678215 -0.01148778 0.9997825 0.00960201 -0.01851248 0.9985576 -0.05334919 0.006043493 0.9895812 0.1297653 -0.06237012 0.999808 -0.004440963 0.01908975 1 1.43366e-4 -2.13955e-4 0.9994029 0.03223556 -0.01243668 0.9998795 0.01523721 -0.003006339 0.9945185 0.08806973 -0.05636233 0.9969381 0.04281318 -0.06543421 0.9977187 0.02113443 -0.06411594 0.9948627 0.04965376 -0.08821988 0.9923737 0.005156636 0.1231588 0.9997692 0.01442122 0.01592731 0.9999411 -0.01086449 1.29806e-4 0.9993702 -0.008687138 -0.03440696 0.9851078 0.1671323 -0.04036551 1 1.87657e-6 0 0.8230992 0.5478809 0.1494472 0.9993968 -0.031596 -0.01441609 1 2.14813e-5 2.76435e-5 0.9947164 0.06184202 0.08194553 0.9999361 -0.01022905 -0.004823446 0.9999603 -0.003593921 0.008163034 0.999993 0.003561496 0.001116573 0.99999 0.004473567 4.03509e-4 1 -1.61274e-5 -8.85843e-6 1 2.40934e-5 8.00826e-6 1 -5.27242e-6 1.49519e-5 1 0 0 1 -1.77189e-6 0 0.9992952 0.03242683 -0.01891475 0.9994519 -0.03121393 0.0110231 0.9966919 0.08122068 -0.002908825 0.1344236 0.8324191 -0.5375955 0.9980323 -0.05690443 0.02633255 1 0 -1.43087e-6 1 -5.39859e-7 -1.4508e-6 0.9994817 0.004817008 0.0318284 0.9999764 -0.005774617 0.003729104 0.9971595 0.07406657 -0.01368582 1 0 0 0.9984574 0.002629041 -0.05546104 0.99967 -0.01107281 0.02318233 1 0 0 0.8855504 0.03269273 -0.4633914 -0.01210629 -0.9847093 0.1737852 1 2.29322e-6 0 1 -1.28358e-6 0 0.991795 -0.02930158 -0.124436 0.9957339 -0.03013539 -0.08721292 0.9999319 -0.00368601 0.01107269 0.9993482 0.008277237 0.03513985 0.9999921 6.12566e-4 0.003944873 0.999511 0.03097063 -0.004314005 0.1486412 0.3229569 0.9346683 0.960476 0.2724664 0.05699115 0.9990741 -0.04211342 -0.008808791 0.9999278 0.007002055 -0.009763658 0.998713 0.02297347 -0.04521644 0.9990581 -0.02023988 0.03838282 0.9999365 0.007363557 -0.008535385 0.9997684 0.004507005 -0.02104455 1 -5.05561e-7 3.44353e-7 0.9916086 0.03727853 -0.1237852 1 -2.31597e-7 1.79419e-6 1 -9.04155e-7 -2.19684e-6 0.9988743 -0.02188009 0.04208999 1 1.50173e-4 -8.75334e-5 1 -9.48277e-7 1.82933e-7 0.9042458 -0.4262602 0.02533346 0.9995224 0.03071713 0.003411233 0.1182412 -0.02570492 0.9926522 -0.9602413 -0.06666308 -0.2710958 0.9999976 -0.00222069 -2.84983e-4 0.999051 -0.006875097 0.04301071 0.999905 0.006856501 0.01195663 0.9990681 0.04281556 -0.00546354 0.9999514 0.004474043 0.008799374 0.998856 0.04331797 0.02025985 0.9770398 0.2013993 0.06950944 0.9996422 0.01285052 -0.02346229 0.9989405 -0.04350459 -0.01501458 0.9999721 0.006007611 0.004435956 -0.989442 -0.02562361 -0.1426464 0.9988688 0.008407711 0.04680353 0.9998134 0.009115159 0.01703298 0.9999821 -0.002827227 -0.005283176 1 -2.15552e-6 -2.3929e-5 1 -2.27434e-6 -1.47898e-5 1 1.38845e-6 2.40706e-6 0.1402222 -0.9873915 -0.07345527 0.9999929 9.99375e-4 -0.003648042 0.9987595 -0.04960471 -0.004354596 -0.2528018 0.9638115 0.08460843 0.9975764 0.02310639 0.06563222 1 -3.75163e-6 -1.34673e-5 0.9996063 -0.02051275 -0.0191434 0.9998088 0.01926308 0.003376722 1 1.35661e-6 -2.3221e-6 1 2.42047e-6 -2.48663e-6 1 -5.54979e-6 -1.38505e-6 0.9992051 0.03959041 -0.004677832 0.9994718 -0.03201252 -0.005608499 0.9999237 -0.01094466 -0.005732655 0.9979208 -0.034909 0.05418187 -0.04870945 -0.5953667 0.8019763 0.9868676 0.1563212 -0.04069435 0.9997874 0.01957398 -0.006484568 0.1698279 -0.4817407 0.8597003 0.9963437 -0.05365204 0.06648802 1 9.65948e-6 -5.81551e-6 0.9946674 0.08475488 -0.05876773 0.9988859 0.006713628 0.04671162 0.7419882 0.07529979 0.6661708 -0.9966715 -0.001983106 0.0814988 0.9998093 0.004447221 0.01901364 0.6570817 -0.1716579 -0.7340145 0.9997949 0.01897495 -0.007084846 0.9999897 -0.001635134 0.004253089 0.9868718 0.14947 -0.06117767 0.999849 -0.01731425 0.001520037 1 -2.19159e-6 -1.26555e-6 0.9998783 0.0125854 -0.009231686 0.6830153 0.7181919 0.1330065 0.7156041 -0.4060804 -0.5683392 1 -2.21095e-7 -3.97668e-7 1 -7.68701e-7 -3.25196e-6 0.9999905 -0.00381565 -0.002110183 0.8763347 -0.4729985 -0.09115958 0.987988 0.09378033 -0.1228209 -0.9865056 0.04701191 0.1568335 0.9989502 -0.01471406 0.04338413 0.9969735 0.02496987 -0.07362341 0.9386497 0.05653542 0.3402068 0.9999847 2.26019e-5 -0.005537927 0.9961054 0.0334258 -0.08158946 0.9994855 0.01452624 -0.02859812 0.9961459 -0.03972321 0.07820236 0.9988712 -0.02873176 -0.03782778 0.9143466 0.08956837 -0.3949022 0.9999888 -8.13308e-4 0.004670977 0.9999968 5.37389e-5 0.002573072 0.9996949 -0.01932591 0.01538348 0.8499581 0.1219502 -0.5125423 0.9549885 -0.04988884 0.2924178 0.9978204 -0.006572663 -0.06565916 1 -7.92198e-6 3.75133e-6 0.999931 -0.0108844 -0.004430472 0.9979274 0.04056525 -0.04995542 0.9928232 -0.02274382 -0.1174094 0.9997327 -0.01193475 0.0198071 0.9977562 -0.009957134 -0.06620949 0.906425 -0.05898207 0.4182284 0.8862131 0.1471619 -0.4392833 0.9998271 -0.01469904 0.01139652 0.999964 -0.00693953 0.00490272 0.9999979 0.001607835 -0.001316845 0.999485 0.03189039 -0.003581583 0.9998958 0.004193127 0.01381635 0.9684474 -0.01714473 0.2486276 0.9999974 -5.81069e-4 -0.002214491 0.9999634 -0.005282759 -0.00674206 0.9982569 -0.01525211 0.05701565 0.9986433 0.01345688 -0.05030316 0.9977264 -0.04031246 0.05400985 0.8216662 0.5090176 -0.2564486 0.9999845 0.005565166 -1.21335e-4 0.9998663 -0.01016038 0.01281565 0.9995546 -0.02908092 0.006693542 0.9996134 -0.02671778 0.00769627 0.999768 -0.02121824 -0.00374329 0.9999913 0.004187285 1.58538e-4 0.9996712 -0.02379572 0.009556233 0.9984282 0.05385529 -0.0155161 0.9709907 -0.2341465 0.04850327 1 -5.65112e-6 -1.52353e-7 0.9977986 -0.03570115 -0.05588841 1 0 -1.43281e-7 0.9999995 -0.001111865 1.53989e-4 0.9999975 -3.25849e-4 0.002225339 0.9999957 4.15361e-4 -0.002934217 0.9994153 0.008564233 0.03309959 0.9999412 0.001630008 0.01072609 0.999514 0.006737411 0.03043812 0.9999579 0.002681434 -0.008777379 0.999998 0.002009928 3.01157e-4 0.9998469 0.006130158 0.01639783 1 -5.76349e-7 -5.33912e-6 0.9899042 0.003957569 0.1416831 0.9999946 0.003236711 -6.15837e-4 0.9999873 0.005019426 -5.65066e-4 0.9902878 -0.01985782 -0.1376075 1 -3.30929e-7 -6.42097e-7 1 1.90277e-7 -1.65786e-6 1 0 1.47226e-6 1 0 -1.67267e-6 0.3964546 -0.7426742 0.5396841 0.9999945 0.00331813 -3.64881e-4 0.8555507 -0.072923 0.5125576 0.1304956 -0.9827087 -0.1313568 0.9993938 0.02489739 -0.02433753 1 0 -1.85442e-6 1 0 0 0.9917922 0.07886481 0.1006418 1 -5.96191e-7 -6.69534e-7 0.9996506 -0.006400167 -0.02564591 0.9952719 -0.003259062 -0.09707379 0.9999962 9.33655e-4 -0.002627074 0.9998276 0.003532111 0.01823407 0.9959738 0.05362105 -0.07184052 0.9999142 -0.001824915 -0.01297408 0.9999918 -0.001832723 -0.003634333 0.9999941 -0.002459108 0.002403795 0.9998044 -0.01957035 -0.002864956 0.4881515 0.2756075 -0.8280994 0.9999994 -0.001092195 2.13229e-5 0.9999989 -0.001472592 -1.22639e-5 0.9998179 0.01840835 -0.005050599 0.9998472 -0.008629083 0.01520782 0.999984 -9.17921e-4 -0.005598068 0.9878022 -0.08112496 -0.1329125 1 -3.71796e-6 4.14615e-7 1 6.84428e-7 0 0.7585429 -0.2642803 -0.5956248 0.973526 -0.08659613 -0.2115385 -0.9999051 -0.01318824 0.003999412 0.9999945 0.003238141 -8.27972e-4 0.9986835 0.02354562 0.04557442 0.9991657 0.02706485 -0.03058779 0.9998573 -0.01682472 -0.001582443 0.9995961 -0.007139921 0.027511 0.9992414 0.0145207 -0.03613948 0.9998615 0.007207155 -0.01500475 0.9999397 -0.009380459 -0.005715072 0.3199766 0.8090941 0.492932 0.9954261 0.08311837 0.04709821 0.9999971 1.76103e-4 0.002406477 0.9999875 -0.004045307 0.002968013 0.975897 0.08515471 0.2009323 0.9999598 0.005789518 -0.006846427 0.9999969 2.16983e-5 -0.00251168 -0.9593335 0.2817898 -0.01654881 -0.7303952 0.6361896 0.2485671 0.1455382 0.9805228 -0.1318855 -0.928759 0.3635308 -0.07247149 -0.8507528 0.4991638 -0.1644852 0.1245728 0.8603854 -0.494185 1.89642e-6 0.8895038 -0.4569281 3.91321e-7 0.8424152 -0.5388289 0.3397719 -0.9335567 -0.1141356 0.0699681 0.9818199 -0.1764491 -0.8698986 -0.4924139 -0.02837425 0.997615 0.04276186 0.05418348 -0.9884942 -0.02291351 -0.1495134 1.00002e-5 1.54733e-7 -1 -0.8252574 0.005505979 -0.56473 -0.8186047 0 -0.5743574 -1.21766e-6 -0.1462322 -0.9892503 -1.23757e-6 -2.46547e-7 -1 1.64962e-7 -5.18084e-7 -1 1.28558e-7 -3.01307e-7 -1 -5.22827e-7 -5.30516e-7 -1 -0.2397452 0.4897899 -0.8382292 0.5401989 0.1640066 -0.8254011 -0.4629384 -0.2344266 -0.8548288 -0.871236 0.300365 -0.3882381 -0.9716737 0.01750308 -0.2356773 -0.9619212 0.01443314 -0.2729457 -0.1943407 -0.9145506 -0.3547241 -0.8538738 -0.5065446 -0.1196339 -0.9828638 -0.1755099 -0.0563479 0.9177978 -0.3907567 0.07040208 -0.5506225 -0.8229559 -0.1398519 -0.4646958 -0.8689996 -0.1699935 0.9818313 -0.1870216 0.03209877 -0.07399958 -0.893229 0.4434707 -0.3349179 0.6522368 0.6800126 -0.8742697 0.08220219 -0.4784301 -0.5094235 -0.004857122 0.8605024 -0.4931719 0 0.8699319 -0.3643358 0.01127982 0.9311994 -0.4318972 -0.001183688 0.9019222 0.9975534 -0.06774824 0.01724821 0.9996242 -0.01337337 0.0239312 -0.9997413 -0.006834268 0.02169233 -0.9936632 0.09606248 0.05835741 -0.9981098 0.02865743 0.05436635 -0.9959977 0.0383706 0.08072388 -0.9209255 0.2055733 0.3311132 -0.7102552 0.6350448 0.3037364 0.2999693 0.8678898 0.3959618 -0.9907646 0.1307833 -0.03579658 -0.409496 0.734337 0.5413523 0.8298134 0.4666838 0.3059675 0.3016385 -0.9428973 -0.1412764 -0.9976515 -0.05155694 0.04509264 -0.1974607 -0.9788388 -0.05370235 0.2314603 0.9467141 0.2239614 -0.1406968 0.273937 -0.9514006 0.1792201 0.2496318 -0.9516113 -0.7538002 0.486729 0.4414524 0.9591836 0.1515775 -0.2387283 -0.9705578 0.1547314 0.1845964 -0.1336792 0.9132869 -0.3847559 -0.007751703 0.9992691 0.03743416 -0.09859871 0.9703304 0.2207655 0.2291683 -0.5776578 0.7834497 0.1012288 -0.2247104 0.9691533 -0.01864141 -0.9916383 -0.1276952 0.2714208 -0.9624608 0 -0.2470695 -0.8743531 0.417688 -0.05565762 -0.9384254 -0.3409692 -0.3914209 -0.7783027 0.4909527 0.470286 0.7242721 -0.5042431 -0.7030038 0.6454293 -0.2986748 -0.8291509 0.4201244 -0.3687878 -0.9989728 0.04319071 -0.01370769 0.7205988 -0.3580844 -0.5937281 0.1844428 -0.8561297 -0.4827244 0.81031 -0.3710676 0.4535487 -0.6513451 -0.6727451 0.3509468 -0.6905338 -0.6182267 0.3754449 0.7302315 0.1619639 0.6637241 -0.535501 -0.8405786 -0.08164793 -0.3811915 -0.9240827 -0.02764856 -0.9948933 0.02873784 0.09675461 0.135657 0.9907391 0.005772173 -0.04888713 0.9979458 0.04140383 -0.04986488 0.9978628 0.04223132 -0.990822 0.1351642 -0.001580238 -0.660613 0.7337291 -0.158846 -0.7613247 -0.6482681 -0.01154285 -0.9751523 -0.2211036 -0.01382976 0.6442615 -0.7461624 -0.167836 0.7782787 -0.06476438 -0.6245701 0.2008955 -0.4323633 -0.8790353 -0.9177703 -0.1826737 -0.3526017 -0.847636 0.5279632 0.05261451 0.05222195 -0.9935048 0.1010998 0.006233513 0.7453333 0.6666629 0.2620669 -0.9650496 -5.57519e-4 0.08423262 0.08323532 -0.9929637 0.14349 -0.9394415 -0.3112244 0.8430355 0.4903463 0.2210249 -0.8142704 0.0708974 -0.5761401 -0.745072 0.1239629 -0.6553633 -0.2445827 -0.9454612 -0.2151337 0.6455911 -0.7624849 0.04276639 -0.9332607 0.1360822 0.3324244 -0.0691114 -0.1049325 0.992075 -0.8663185 0.2306687 0.44304 0.7893745 0.1395664 0.5978371 -0.9842517 0.1751402 0.02396881 0.5709634 -0.07290273 -0.8177323 0.7047762 -4.39506e-7 -0.7094298 0.7889451 -0.1433324 0.5975128 0.9072053 0.06612801 -0.4154585 0.7165187 -0.6460471 0.2631051 0.989232 -0.01324528 0.1457558 -0.9958981 0.02150946 -0.08788794 0.1908828 -0.6131159 -0.7665851 0.2990186 -0.8820329 -0.3641509 0.1100628 0.8297343 -0.5471995 0.01585549 -0.5973505 0.8018236 -0.6044848 0.5767571 0.5494992 0.2336261 -0.772712 -0.5901992 0.6876601 -0.480901 0.5439282 0.01986593 -0.265826 0.9638163 0.1234633 -0.2074772 0.9704174 0.1234698 -0.2078006 0.9703475 0.1309765 0.7374367 0.6625952 0.2021974 0.7947678 0.5722417 0.009735465 0.654314 -0.7561603 0.1157649 -0.9881526 0.1007625 0.6731097 -0.739216 0.02197927 -0.2968574 -0.6279563 0.7194072 -0.3845061 0.7932176 -0.4721875 0.06331878 0.9966989 0.0508148 0.7324011 -0.638739 -0.235799 0.4493445 -0.391882 0.8028188 -0.8195149 -0.5666019 -0.08577728 -0.9799793 0.181749 0.08129018 -0.5156806 -0.3565346 -0.7790743 0.8352996 -0.474002 -0.278562 -0.8473672 -0.4495706 0.2825866 0.9422613 -0.1574681 -0.2955464 -0.8822038 -0.3356239 0.3302623 -0.8929004 0.4478257 -0.04670208 0.8111383 -0.3993276 -0.4273082 -0.9945541 -0.1035847 -0.01150321 0.9818761 -0.1154723 0.150285 -0.9791452 0.1881181 -0.07672226 0.7306649 0.5974478 0.3304317 0.1279866 0.104652 -0.986239 -0.9810532 -0.1902957 0.03636318 1.58706e-6 1.58706e-7 1 -0.3472275 0.521078 -0.7796863 0.9829784 0.1826098 0.02017652 0.4547113 0.2122628 0.8649752 0.4651588 0.8680835 -0.1733741 -0.4497963 0.4170685 -0.7897703 0.9598175 -0.2578611 0.110716 -0.2462329 -0.9559817 0.1595886 0.3909938 0.6416078 -0.6598964 0.9775393 0.02981817 0.2086334 0.5367392 0.1365801 0.8326205 0.6917982 0.716265 0.0915414 -0.007014095 0.9647895 0.2629302 -0.02620381 0.6400234 -0.7679085 -0.02621132 0.6400552 -0.7678817 0.005398929 0.5050415 -0.8630782 -0.5384217 -0.8293121 0.1494778 0.2214719 -0.9344211 -0.27894 0.2167134 -0.9470931 -0.2367489 0.4891068 0.6916905 -0.5313557 -0.138857 0.7721273 -0.6201116 -0.2904691 0.8894525 0.3528485 -0.1071355 -0.2202544 0.9695412 -0.1668064 -0.003481805 0.9859836 -0.6756376 -0.1267911 -0.7262492 -0.9756482 -0.06370198 -0.2098872 -0.8068234 -0.2110043 0.5518273 -0.7267068 -0.1020399 0.6793271 0.9282859 0.1698898 0.3307911 -0.06034499 0.9979875 -0.01948153 -0.9021375 -0.1974891 0.3835961 -0.9718903 0.2342458 0.0236274 -0.6129028 -0.4480036 -0.6508787 0.8552026 -0.08496534 -0.5112823 -0.4554113 0.7032724 0.5459017 -0.9840637 -0.1216799 -0.1296638 0.9167551 -0.05834144 0.3951663 -0.1269773 0.2778943 0.9521826 -0.9182757 -0.395739 -0.01266801 0.09271341 0.6972767 0.710781 0.2499736 0.110544 -0.9619217 0.4037899 0.1325531 -0.905198 0.1781001 -0.8814979 0.4373121 -0.607111 -0.7834537 -0.1327274 -0.2494023 -0.9619038 0.1119806 -0.05588603 -0.01182049 -0.9983672 -0.03076976 0.0147776 -0.9994173 0.7459152 -0.001745522 -0.6660386 0.9614872 0.08260691 -0.2621422 -0.1068603 -0.4630302 -0.8798773 0.9898195 -0.1422895 -0.003330886 -0.6026453 0.3797559 0.7018576 0.978443 -0.112977 0.1728748 0.2129033 0.007096946 0.9770476 0.1977957 0.9505053 0.2396177 0.07364988 0.9242515 0.3746131 0.2220737 0.9010165 -0.3726291 0.3377285 0.9286606 0.1533913 0.3877533 0.3166659 -0.8656617 0.3196508 -0.6530368 -0.6865612 -0.9860314 0.008668899 -0.1663338 0.975031 0.1343196 0.1768417 0.6505045 0.1405496 -0.7463845 0.9147794 -0.3897768 -0.1060785 -0.9773664 -0.207069 0.04332828 0.9245616 0.1475665 0.3512977 -0.9081188 -0.2520035 -0.3343867 0.7004046 0.2280549 0.6763316 0.9516894 -0.05682355 0.301759 -0.7172442 0.3596299 -0.5968478 -0.5543019 0.06607127 -0.8296891 -0.9188274 -0.2031964 -0.3383307 0.2699812 0.8978228 0.3478858 0.9177493 0.07816278 -0.3893932 -0.9270879 -0.01638865 0.3744858 0.4983685 -0.5824404 0.6421776 0.9257643 0.338909 0.1676346 0.06833028 0.6367494 -0.7680373 0.2562583 0.778523 0.5729168 -0.2247412 0.2209671 0.9490337 -0.4755589 -0.8685547 -0.139487 -0.8049171 -0.5485543 -0.2262669 -0.8932601 -0.4295086 -0.1326982 0.8207153 -0.1021992 -0.5621227 0.7031925 0.6349257 0.3199839 0.7020293 0.636004 0.3203964 -0.5419207 0.5579692 -0.6284843 0.7935733 -0.4740207 0.3815047 -0.703287 0.6676163 0.2442866 0.9008229 -0.2681115 0.3415179 0.225171 0.5590178 -0.7979957 0.04397118 0.9982522 -0.03948581 -0.1038892 -0.8475125 -0.5205091 0.7575756 -0.3586862 0.5453656 -0.9964458 0.04828429 -0.06902468 -0.9684011 0.0764414 -0.2373943 -0.9974603 -0.02247512 -0.0675863 0.1702402 -0.4707878 -0.8656657 -0.5541119 0.056459 0.8305253 -0.7944951 0.04782617 -0.6053846 -0.9956496 -0.09226137 0.01303166 -0.2630849 0.1186295 0.9574516 0.09281712 0.8045632 -0.586569 0.7508128 0.2834876 -0.596586 -0.9309112 0.03877437 0.3631816 -0.5015447 0.8336111 -0.2313995 0.1157923 0.9422816 0.3141618 -0.5836421 0.2203682 0.7815369 0.7780583 0.4034682 -0.4814963 0.6926785 0.6479402 -0.3168126 0.1952953 0.1068945 0.9749018 -0.04118984 0.3752679 0.9260008 0.9113702 0.2296202 -0.341583 0.9931048 0.06586158 0.09697985 0.4809622 -0.8764017 -0.02440619 -0.1000101 -0.8275605 0.5523964 0 0 1 9.22829e-7 0 1 -4.14935e-6 0 1 0.2423223 0.05848634 0.9684314 -0.5165637 0.7736562 -0.3669033 -0.7224286 -0.03190755 0.6907091 0.1472908 0.6823203 -0.7160618 0.9378848 -0.3014962 0.1716747 0.337559 -0.3681285 -0.8663344 0.002800941 -0.004434347 -0.9999862 -0.8813332 -0.248399 0.4019325 -0.9357751 -0.3470083 -0.06253248 0.861377 0.2132292 -0.4610458 0.06003725 -0.0128073 0.998114 0.2869315 0.05882436 0.9561433 -0.5387189 0.04429501 0.8413203 -0.8971204 -0.1551443 0.4136487 -0.8325919 0.426826 -0.3530018 0.07158964 -0.8758925 -0.4771661 0.00591439 -0.07236003 0.9973611 -0.9810748 -0.1672605 -0.09755152 -0.024616 0.03897249 -0.9989371 0.7857343 0.5157062 0.3415684 -0.1240625 0.04947704 -0.9910401 0.9288443 -0.370429 0.005533933 0.8366817 -0.5461153 -0.04149556 -0.329702 0.9438114 -0.02273315 -0.2933496 0.9558536 -0.01703113 0.9466336 -0.09130179 -0.3091101 0.01781684 -0.9542115 -0.2986021 -0.6796464 -0.644926 -0.3495017 0.3003307 0.8119421 -0.5005515 0.1873092 -0.958341 -0.2156341 -0.1873092 -0.9583411 0.2156337 -0.904439 -0.4263349 0.01512575 -0.3931606 0.7617081 -0.5150006 -0.3003307 0.8119421 0.5005515 0.7997142 0.4064247 0.4419008 0.4159762 -0.8991798 0.1357927 0.637964 0.7442016 -0.1979039 0.6265486 0.148526 0.7650993 0.9915412 0.08860403 0.09484475 0.7271408 0.2140195 0.6522744 0.694894 0.01463258 0.7189634 0.5835806 -0.7337219 -0.3479743 0.3856199 -0.5234798 -0.7597804 -0.3734617 -0.1259711 -0.9190526 0.9151507 -0.3581957 0.1849191 -0.616982 -0.7635492 -0.1905935 -0.02047801 -0.4132915 0.9103686 -0.222674 -0.08639436 -0.9710573 -0.8933013 -0.0867992 0.4409977 -0.990489 0.09047353 0.1036632 -0.7291538 0.6397204 0.2430898 -0.0067119 -0.07205313 0.9973783 -0.01117414 0.1063392 -0.9942672 0.6929446 -0.7193657 -0.04838305 -0.06825244 -0.7327206 -0.6770983 -0.9625267 0.2111122 0.1702178 -0.6426231 0.3565195 -0.678181 0.02291518 -0.07318705 -0.9970549 0.8779953 0.3562127 0.319745 0.2974023 -0.03740429 0.9540194 -0.9639439 0.1169341 0.2390371 -0.2021129 -0.139723 0.9693441 0.6533851 0.7331212 -0.1887364 0.9709636 -0.002452671 0.2392151 0.8253883 0.01386165 0.5643953 0.9651253 -0.03819721 -0.2589871 -0.9685797 0.05410408 0.2427474 0.9737649 -0.1935952 -0.1195942 -0.9576351 -0.2168476 0.1895051 -0.9005814 -0.4202241 -0.1111982 0.05845957 0.02727842 -0.997917 -0.8254067 -0.01498001 -0.5643399 -0.8882103 -0.1780949 -0.4235147 -0.5996379 -0.7807499 -0.1756812 0.9711966 0.05152893 0.2326412 0.8220334 0.5420254 0.1745551 -0.6911777 0.7145033 -0.1084363 0.9296991 0.3607134 0.07446867 0.5920079 0.7815176 0.196868 -0.4911108 -0.8196007 -0.2950679 0.369018 0.8122848 0.4516848 0.5845538 0.7716734 0.2506334 -0.6118801 0.7525459 -0.2434698 -0.9324054 0.3517509 0.08301657 5.0718e-6 0 -1 0.6358066 0.7401741 0.2188434 0.274493 -0.9484435 0.1584565 0.2070472 -0.715391 -0.6673434 0.2595933 -0.8061508 0.5317258 0.3237389 -0.92456 0.2009526 -0.8668445 -0.4985752 -0.00184673 0.8668445 0.4985752 0.00184673 -0.9509264 0.309417 4.02689e-4 0.9509264 -0.309417 -4.02689e-4 -0.1112946 0.9882918 0.1043695 0.1112946 -0.9882918 -0.1043695 0.00241357 0.09686011 -0.9952951 0.01100569 0.05321568 -0.9985225 -0.05118978 -0.2475174 0.9675303 0.05227667 -0.2494574 -0.9669737 0.3742374 0.00330615 0.9273271 -0.0300914 0 0.9995472 0.001298069 -0.05208653 0.9986418 0.05118966 0.2475097 -0.9675323 -0.02833163 -0.136987 0.9901676 -0.05227661 0.2494487 0.966976 0.1090815 5.08873e-7 0.9940329 -0.3742305 -0.003305077 -0.9273298 0.1063663 9.39252e-4 0.9943266 0.2298466 9.19073e-7 -0.973227 0.01114547 -0.05318272 -0.9985226 0.00243467 -0.09768563 -0.9952144 -0.02613407 0 -0.9996585 -0.02630943 -2.32391e-4 -0.9996539 -0.02926838 0.1396644 0.9897663 0.001298069 0.05208772 0.9986417 0.3742338 -0.003304541 0.9273285 -0.1063689 9.39409e-4 -0.9943264 -0.1090823 4.3618e-7 -0.9940328 -0.002413749 0.09685856 0.9952952 -0.01100569 0.0532152 0.9985225 0.05119049 -0.2475196 -0.9675297 -0.05227601 -0.2494532 0.9669749 0.02926826 0.1396638 -0.9897664 -0.001297771 0.05208796 -0.9986417 0.02630925 -2.32406e-4 0.9996538 -0.374229 0.003306031 -0.9273304 0.02613407 0 0.9996585 -0.05119073 0.2475153 0.9675308 0.02833175 -0.1369891 -0.9901673 -0.001298129 -0.05208724 -0.9986418 -0.229846 9.19071e-7 0.973227 -0.01114541 -0.05318254 0.9985227 0.05227756 0.2494528 -0.9669749 -0.00243479 -0.09768539 0.9952144 0.0300914 0 -0.9995472 -0.002413392 -0.09686058 -0.9952951 -0.01100081 -0.05321145 -0.9985227 0.05118435 0.2475138 0.9675315 -0.05226206 0.2494554 -0.966975 -0.3742734 -0.003302454 0.9273126 0.03008449 0 0.9995474 -0.001295924 0.05208265 0.998642 -0.05119156 -0.2475066 -0.9675329 0.02833783 0.1369765 0.9901689 0.0522753 -0.2494513 0.9669755 -0.1090935 -5.01605e-6 0.9940315 0.3742222 0.00330764 -0.9273332 -0.1063603 -9.40236e-4 0.9943273 -0.2298632 2.45078e-6 -0.973223 -0.01114952 0.05318599 -0.9985225 -0.002433955 0.09769415 -0.9952135 0.02613604 0 -0.9996584 0.02630776 2.32208e-4 -0.9996539 0.02926075 -0.1396769 0.9897647 -0.001297831 -0.05208706 0.9986418 -0.3742723 0.003307521 0.927313 0.1063959 -9.40226e-4 -0.9943234 0.109057 -7.99666e-7 -0.9940356 0.002414286 -0.09686195 0.995295 0.01100468 -0.05321174 0.9985227 -0.05119419 0.2475188 -0.9675297 0.05228996 0.2494591 0.9669725 -0.02927112 -0.1396782 -0.9897643 0.001301586 -0.05208712 -0.9986418 -0.02631217 2.32189e-4 0.9996538 0.3742204 -0.003302574 -0.9273339 -0.02612805 -3.81404e-6 0.9996587 0.05119186 -0.2475079 0.9675326 -0.02833771 0.1369969 -0.9901661 0.001297771 0.05209016 -0.9986416 0.2298282 -1.83812e-6 0.9732312 0.01114559 0.05317765 0.9985229 -0.05227309 -0.2494472 -0.9669767 0.002433896 0.09767735 0.9952152 -0.03009825 3.81143e-6 -0.999547 0.4328072 -0.5445417 -0.7184373 -0.4328082 0.5445429 0.718436</float_array>
          <technique_common>
            <accessor source="#Motor-mesh-normals-array" count="2243" stride="3">
              <param name="X" type="float"/>
              <param name="Y" type="float"/>
              <param name="Z" type="float"/>
            </accessor>
          </technique_common>
        </source>
        <vertices id="Motor-mesh-vertices">
          <input semantic="POSITION" source="#Motor-mesh-positions"/>
        </vertices>
        <lines count="176">
          <input semantic="VERTEX" source="#Motor-mesh-vertices" offset="0"/>
          <p>309 292 915 883 452 421 1120 774 967 615 1135 716 831 852 302 266 1098 749 459 425 1097 677 226 211 243 195 1102 736 1111 753 224 202 1011 688 478 447 1090 836 935 570 1130 846 230 207 399 353 516 515 222 204 1035 640 857 860 514 510 1124 699 954 588 909 801 995 721 221 190 391 331 1023 660 1129 552 1112 613 228 194 1075 863 306 265 247 216 1127 564 454 432 449 410 1116 605 388 367 1045 759 376 358 308 276 1028 657 378 356 1145 747 319 257 917 518 384 361 619 628 1101 737 380 365 218 179 987 734 1133 792 397 349 1094 686 958 596 463 446 1126 702 223 201 1060 777 456 420 322 277 1000 714 990 725 518 522 1095 680 1085 839 931 559 1109 757 460 419 375 344 1131 534 232 215 1108 624 1092 543 382 348 611 607 225 189 1034 642 401 370 1087 842 1140 650 377 355 311 290 372 333 1076 869 1099 738 940 572 641 634 1008 692 314 254 821 820 462 429 822 793 1096 684 1107 620 919 530 229 188 473 411 1072 648 893 602 1069 802 379 343 299 282 231 198 1007 704 301 280 971 625 977 632 1134 794 242 180 1001 710 476 430 1078 874 991 610 307 285 982 744 924 538 303 288 320 272 885 645 1037 635 1144 639 386 369 324 293 1142 504 1128 566 932 560 929 550 465 444 245 199 1009 696 383 342 1110 752 789 488 468 408 298 267 1136 797 955 600 974 685 1051 767 305 271 952 590 1113 612 1073 486 1093 817 1082 851 385 352 1062 778 396 334 1027 597 453 435 300 279 457 442 474 426 234 213 455 433 713 485 295 256 1114 490 237 177 608 610 969 623 1105 621 461 438 900 498 1006 705 1052 763</p>
        </lines>
        <triangles count="2319">
          <input semantic="VERTEX" source="#Motor-mesh-vertices" offset="0"/>
          <input semantic="NORMAL" source="#Motor-mesh-normals" offset="1"/>
          <p>12 0 22 0 0 0 8 1 2 1 3 1 8 2 1 2 2 2 4 3 1 3 5 3 5 4 1 4 3 4 3 5 6 5 7 5 1 6 6 6 3 6 9 7 10 7 11 7 12 8 14 8 13 8 8 9 15 9 6 9 12 10 13 10 15 10 12 11 19 11 14 11 13 12 16 12 15 12 10 13 18 13 11 13 11 14 18 14 17 14 17 15 18 15 15 15 19 16 9 16 11 16 15 17 7 17 6 17 18 18 7 18 15 18 12 19 9 19 19 19 9 20 12 20 20 20 12 21 21 21 20 21 10 22 19 22 17 22 0 23 19 23 10 23 0 24 22 24 19 24 19 25 22 25 13 25 10 26 17 26 3 26 16 27 22 27 8 27 13 28 22 28 16 28 17 29 16 29 8 29 3 30 17 30 8 30 23 31 24 31 25 31 25 32 26 32 23 32 25 33 27 33 26 33 28 34 29 34 23 34 23 35 29 35 24 35 26 36 29 36 28 36 27 37 29 37 26 37 24 38 20 38 21 38 29 39 20 39 24 39 9 40 0 40 10 40 18 41 10 41 3 41 15 42 8 42 22 42 12 43 15 43 22 43 17 44 15 44 16 44 19 45 11 45 17 45 13 46 14 46 19 46 31 47 32 47 30 47 33 48 31 48 30 48 37 49 36 49 35 49 37 50 35 50 38 50 28 51 39 51 26 51 40 52 39 52 28 52 41 53 28 53 23 53 40 54 28 54 41 54 26 55 39 55 41 55 26 56 41 56 23 56 4 57 36 57 34 57 5 58 36 58 4 58 34 59 36 59 31 59 36 60 32 60 31 60 36 61 33 61 32 61 33 62 37 62 31 62 31 63 37 63 34 63 36 64 37 64 33 64 35 65 2 65 1 65 35 66 1 66 34 66 35 67 34 67 30 67 32 68 35 68 30 68 33 69 35 69 32 69 38 70 33 70 30 70 38 71 30 71 34 71 38 72 35 72 33 72 24 73 41 73 25 73 39 74 27 74 25 74 39 75 25 75 41 75 40 76 41 76 24 76 29 77 39 77 40 77 29 78 27 78 39 78 12 79 40 79 24 79 0 80 40 80 12 80 38 81 34 81 37 81 35 82 5 82 2 82 36 83 5 83 35 83 5 84 3 84 2 84 18 85 3 85 7 85 1 86 8 86 6 86 34 87 1 87 4 87 40 88 20 88 29 88 20 89 0 89 9 89 40 90 0 90 20 90 24 91 21 91 12 91 42 92 5 92 4 92 20 93 43 93 21 93 21 94 44 94 20 94 7 95 44 95 6 95 45 96 4 96 5 96 6 97 45 97 7 97 47 98 46 98 48 98 50 99 51 99 52 99 50 100 52 100 53 100 50 101 53 101 54 101 86 102 54 102 55 102 86 103 50 103 54 103 86 104 55 104 56 104 86 105 56 105 57 105 86 106 57 106 58 106 86 107 58 107 59 107 86 108 59 108 60 108 61 109 60 109 62 109 61 110 86 110 60 110 61 111 62 111 63 111 61 112 63 112 64 112 61 113 64 113 65 113 61 114 65 114 66 114 61 115 66 115 67 115 61 116 67 116 68 116 69 117 46 117 70 117 70 118 46 118 71 118 71 118 46 118 72 118 72 118 46 118 73 118 73 119 46 119 74 119 74 118 46 118 47 118 69 118 75 118 46 118 75 118 76 118 46 118 76 118 77 118 46 118 77 118 78 118 46 118 78 120 79 120 46 120 79 118 80 118 46 118 80 118 81 118 46 118 81 118 82 118 46 118 82 121 83 121 46 121 46 122 52 122 51 122 83 118 84 118 46 118 46 123 53 123 52 123 46 124 54 124 53 124 46 118 55 118 54 118 46 125 56 125 55 125 46 126 57 126 56 126 46 127 58 127 57 127 46 128 59 128 58 128 46 129 60 129 59 129 46 130 62 130 60 130 46 131 63 131 62 131 46 132 64 132 63 132 46 118 65 118 64 118 46 133 66 133 65 133 84 134 68 134 46 134 46 135 67 135 66 135 68 118 67 118 46 118 49 136 84 136 83 136 49 137 83 137 82 137 49 138 82 138 81 138 49 139 81 139 80 139 49 140 80 140 79 140 49 141 79 141 78 141 48 142 78 142 77 142 48 143 49 143 78 143 48 144 77 144 76 144 48 145 76 145 75 145 48 146 75 146 69 146 48 147 69 147 70 147 48 148 70 148 71 148 48 149 71 149 72 149 48 150 72 150 73 150 48 151 73 151 74 151 48 152 74 152 47 152 14 153 49 153 48 153 14 154 48 154 16 154 11 155 50 155 86 155 61 156 19 156 86 156 61 157 85 157 19 157 61 158 49 158 85 158 16 159 48 159 50 159 85 160 49 160 14 160 46 161 51 161 50 161 86 162 85 162 11 162 11 163 85 163 16 163 11 164 16 164 50 164 14 165 16 165 85 165 19 166 85 166 86 166 68 167 84 167 49 167 68 168 49 168 61 168 48 169 46 169 50 169 87 170 84 170 68 170 83 171 84 171 87 171 82 172 83 172 87 172 81 173 82 173 87 173 80 174 81 174 87 174 79 175 80 175 87 175 78 176 79 176 87 176 77 177 78 177 87 177 76 178 77 178 87 178 75 179 76 179 87 179 69 180 75 180 87 180 70 181 69 181 87 181 71 182 70 182 87 182 72 183 71 183 87 183 73 184 72 184 87 184 74 185 73 185 87 185 47 186 74 186 87 186 47 187 87 187 51 187 52 188 51 188 87 188 53 189 52 189 87 189 54 190 53 190 87 190 55 191 54 191 87 191 56 192 55 192 87 192 57 193 56 193 87 193 58 194 57 194 87 194 59 195 58 195 87 195 60 196 59 196 87 196 62 197 60 197 87 197 63 198 62 198 87 198 64 199 63 199 87 199 65 200 64 200 87 200 66 201 65 201 87 201 67 202 66 202 87 202 68 203 67 203 87 203 66 204 75 204 70 204 66 205 81 205 75 205 66 206 70 206 51 206 66 207 51 207 56 207 66 207 56 207 64 207 68 208 84 208 83 208 67 209 68 209 83 209 67 210 83 210 81 210 72 211 73 211 74 211 67 207 81 207 66 207 70 207 71 207 72 207 70 212 72 212 74 212 75 207 69 207 70 207 77 207 76 207 75 207 79 207 78 207 77 207 80 207 79 207 77 207 81 207 77 207 75 207 81 207 80 207 77 207 51 213 74 213 47 213 51 207 70 207 74 207 83 214 82 214 81 214 53 215 51 215 52 215 55 207 53 207 54 207 56 207 53 207 55 207 56 207 51 207 53 207 59 216 56 216 57 216 59 207 57 207 58 207 64 217 59 217 60 217 64 207 60 207 62 207 64 218 62 218 63 218 64 207 56 207 59 207 66 207 64 207 65 207 101 219 88 219 89 219 98 220 91 220 92 220 98 221 90 221 91 221 93 222 90 222 94 222 94 223 90 223 92 223 92 224 95 224 96 224 90 225 95 225 92 225 98 226 97 226 95 226 101 227 102 227 103 227 97 228 104 228 95 228 101 229 105 229 102 229 99 230 100 230 172 230 100 231 106 231 172 231 102 232 97 232 103 232 172 233 106 233 104 233 97 234 98 234 103 234 104 235 96 235 95 235 106 236 96 236 104 236 101 237 99 237 105 237 99 238 101 238 107 238 101 239 108 239 107 239 88 240 103 240 105 240 89 241 109 241 100 241 89 242 105 242 109 242 89 243 88 243 105 243 100 244 104 244 92 244 110 245 103 245 98 245 100 246 109 246 104 246 105 247 103 247 110 247 92 248 110 248 98 248 92 249 104 249 110 249 111 250 112 250 113 250 113 251 115 251 111 251 113 252 116 252 115 252 117 253 115 253 112 253 112 254 115 254 114 254 114 255 107 255 108 255 115 256 107 256 114 256 99 257 89 257 100 257 106 258 100 258 92 258 101 259 103 259 88 259 105 260 99 260 109 260 104 261 97 261 110 261 99 262 172 262 109 262 109 263 172 263 104 263 97 264 102 264 110 264 110 265 102 265 105 265 120 266 119 266 118 266 119 267 121 267 118 267 122 268 120 268 118 268 122 269 121 269 120 269 127 270 126 270 125 270 128 271 117 271 112 271 115 272 117 272 111 272 111 273 128 273 112 273 116 274 89 274 115 274 112 275 129 275 113 275 114 276 129 276 112 276 119 277 120 277 123 277 120 278 124 278 123 278 93 279 126 279 123 279 94 280 126 280 93 280 123 281 126 281 119 281 126 282 121 282 119 282 121 283 127 283 120 283 120 284 127 284 124 284 126 285 127 285 121 285 124 286 118 286 123 286 125 287 91 287 90 287 125 288 90 288 123 288 125 289 123 289 118 289 121 290 125 290 118 290 122 291 125 291 121 291 127 292 122 292 118 292 127 293 118 293 124 293 127 294 125 294 122 294 114 295 111 295 129 295 128 296 111 296 114 296 117 297 116 297 129 297 117 298 129 298 111 298 89 299 117 299 128 299 89 300 128 300 114 300 89 301 116 301 117 301 101 302 89 302 114 302 129 303 116 303 113 303 125 304 94 304 91 304 126 305 94 305 125 305 94 306 92 306 91 306 106 307 92 307 96 307 90 308 98 308 95 308 123 309 90 309 93 309 89 310 107 310 115 310 107 311 89 311 99 311 114 312 108 312 101 312 130 313 94 313 93 313 107 314 131 314 108 314 108 315 132 315 107 315 96 316 132 316 95 316 133 317 93 317 94 317 95 318 133 318 96 318 135 319 134 319 137 319 137 320 139 320 140 320 137 321 140 321 141 321 137 322 141 322 142 322 173 323 142 323 143 323 173 324 137 324 142 324 173 325 143 325 144 325 173 326 144 326 145 326 173 327 145 327 146 327 173 328 146 328 147 328 173 329 147 329 148 329 173 330 148 330 149 330 173 331 149 331 150 331 173 332 150 332 151 332 173 333 151 333 152 333 173 334 152 334 153 334 173 335 153 335 154 335 173 336 154 336 155 336 156 207 134 207 157 207 157 337 134 337 158 337 158 338 134 338 159 338 159 207 134 207 160 207 160 339 134 339 161 339 161 207 134 207 135 207 156 340 162 340 134 340 162 207 163 207 134 207 163 207 164 207 134 207 164 341 165 341 134 341 165 207 166 207 134 207 166 342 167 342 134 342 167 343 168 343 134 343 168 207 169 207 134 207 169 344 170 344 134 344 134 345 140 345 139 345 170 207 171 207 134 207 134 346 141 346 140 346 134 347 142 347 141 347 134 348 143 348 142 348 134 349 144 349 143 349 134 350 145 350 144 350 134 351 146 351 145 351 134 352 147 352 146 352 134 353 148 353 147 353 134 354 149 354 148 354 134 355 150 355 149 355 134 356 151 356 150 356 134 357 152 357 151 357 134 358 153 358 152 358 171 207 155 207 134 207 134 359 154 359 153 359 155 207 154 207 134 207 138 360 171 360 170 360 138 361 170 361 169 361 138 362 169 362 168 362 138 363 168 363 167 363 138 364 167 364 166 364 138 365 166 365 165 365 136 366 165 366 164 366 136 367 138 367 165 367 136 368 164 368 163 368 136 369 163 369 162 369 136 370 162 370 156 370 136 371 156 371 157 371 136 372 157 372 158 372 137 373 158 373 159 373 137 374 136 374 158 374 137 375 159 375 160 375 137 376 160 376 161 376 137 377 161 377 135 377 172 378 137 378 173 378 102 379 138 379 136 379 173 380 138 380 102 380 173 381 102 381 99 381 97 382 136 382 137 382 172 383 97 383 137 383 134 384 139 384 137 384 173 385 136 385 172 385 99 386 136 386 173 386 172 387 136 387 97 387 102 388 136 388 99 388 155 389 171 389 138 389 155 390 138 390 173 390 174 391 171 391 155 391 170 392 171 392 174 392 169 393 170 393 174 393 168 394 169 394 174 394 167 395 168 395 174 395 166 396 167 396 174 396 165 397 166 397 174 397 164 398 165 398 174 398 163 399 164 399 174 399 162 400 163 400 174 400 156 401 162 401 174 401 157 402 156 402 174 402 158 403 157 403 174 403 159 404 158 404 174 404 160 405 159 405 174 405 161 406 160 406 174 406 135 407 161 407 174 407 135 408 174 408 139 408 140 409 139 409 174 409 141 410 140 410 174 410 142 411 141 411 174 411 143 412 142 412 174 412 144 413 143 413 174 413 145 414 144 414 174 414 146 415 145 415 174 415 147 416 146 416 174 416 148 417 147 417 174 417 149 418 148 418 174 418 150 419 149 419 174 419 151 420 150 420 174 420 152 421 151 421 174 421 153 422 152 422 174 422 154 423 153 423 174 423 155 424 154 424 174 424 153 425 162 425 157 425 153 426 168 426 162 426 153 118 157 118 139 118 153 427 139 427 144 427 153 118 144 118 151 118 155 428 171 428 170 428 154 429 155 429 170 429 154 430 170 430 168 430 159 118 160 118 161 118 154 431 168 431 153 431 157 432 158 432 159 432 157 118 159 118 161 118 162 118 156 118 157 118 164 118 163 118 162 118 166 118 165 118 164 118 167 433 166 433 164 433 168 118 164 118 162 118 168 434 167 434 164 434 139 435 161 435 135 435 139 436 157 436 161 436 170 118 169 118 168 118 141 118 139 118 140 118 143 118 141 118 142 118 144 118 141 118 143 118 144 437 139 437 141 437 147 118 144 118 145 118 147 438 145 438 146 438 151 439 147 439 148 439 151 440 148 440 149 440 151 441 149 441 150 441 151 118 144 118 147 118 153 118 151 118 152 118 175 442 176 442 177 442 175 443 177 443 178 443 176 444 175 444 179 444 178 445 177 445 182 445 189 446 190 446 191 446 181 447 180 447 192 447 181 448 192 448 193 448 187 449 188 449 194 449 194 450 188 450 195 450 194 451 195 451 181 451 181 452 195 452 180 452 189 453 191 453 196 453 196 454 191 454 197 454 175 455 208 455 198 455 199 456 185 456 175 456 175 457 185 457 186 457 186 458 185 458 188 458 186 459 188 459 200 459 200 460 188 460 187 460 205 461 201 461 202 461 193 462 203 462 181 462 181 463 203 463 204 463 204 464 203 464 202 464 202 465 201 465 204 465 183 466 205 466 206 466 178 467 208 467 175 467 206 468 205 468 202 468 214 469 209 469 178 469 210 470 199 470 175 470 197 471 205 471 183 471 197 472 183 472 184 472 197 473 184 473 196 473 211 474 212 474 175 474 175 475 212 475 190 475 213 476 214 476 205 476 205 477 214 477 178 477 209 478 215 478 178 478 178 479 215 479 207 479 190 480 189 480 216 480 216 481 217 481 190 481 190 482 217 482 175 482 175 483 217 483 210 483 219 484 218 484 182 484 233 485 221 485 225 485 222 280 223 280 224 280 222 486 224 486 181 486 187 487 225 487 220 487 212 488 226 488 220 488 182 489 225 489 205 489 205 490 225 490 224 490 181 491 224 491 227 491 224 492 223 492 205 492 229 493 187 493 228 493 218 494 231 494 182 494 182 495 231 495 230 495 181 496 227 496 228 496 187 497 229 497 185 497 187 498 185 498 225 498 182 499 209 499 214 499 228 500 227 500 229 500 182 501 230 501 232 501 225 502 221 502 220 502 220 503 221 503 212 503 182 504 232 504 209 504 197 505 233 505 225 505 182 506 214 506 225 506 225 507 214 507 234 507 225 508 234 508 197 508 220 509 226 509 231 509 220 510 231 510 218 510 186 511 200 511 235 511 175 512 186 512 220 512 220 513 186 513 187 513 218 514 175 514 220 514 176 515 179 515 236 515 177 516 176 516 219 516 219 517 176 517 218 517 205 518 178 518 182 518 204 519 201 519 238 519 233 520 191 520 221 520 226 521 175 521 231 521 198 522 208 522 239 522 208 523 178 523 231 523 207 524 215 524 240 524 192 525 180 525 241 525 180 526 195 526 227 526 195 527 188 527 244 527 199 528 210 528 225 528 210 529 217 529 246 529 217 530 216 530 225 530 216 531 189 531 248 531 189 532 196 532 249 532 196 533 184 533 225 533 184 534 183 534 250 534 225 535 183 535 224 535 183 536 206 536 224 536 206 537 202 537 251 537 224 538 203 538 227 538 193 539 192 539 227 539 252 540 253 540 254 540 252 541 254 541 255 541 253 542 252 542 256 542 255 543 254 543 259 543 266 544 267 544 268 544 258 545 257 545 269 545 258 546 269 546 270 546 264 547 265 547 271 547 271 548 265 548 272 548 271 549 272 549 258 549 258 550 272 550 257 550 266 551 268 551 273 551 273 552 268 552 274 552 252 553 275 553 276 553 277 554 262 554 252 554 252 555 262 555 263 555 263 556 262 556 265 556 263 313 265 313 278 313 278 557 265 557 264 557 283 558 279 558 280 558 270 559 281 559 258 559 258 560 281 560 282 560 282 561 281 561 280 561 280 562 279 562 282 562 260 563 283 563 284 563 255 564 275 564 252 564 284 565 283 565 280 565 291 566 286 566 255 566 287 567 277 567 252 567 274 568 283 568 260 568 274 569 260 569 261 569 274 570 261 570 273 570 288 571 289 571 252 571 252 572 289 572 267 572 290 573 291 573 283 573 283 574 291 574 255 574 286 575 292 575 255 575 255 576 292 576 285 576 267 577 266 577 293 577 293 578 294 578 267 578 267 579 294 579 252 579 252 580 294 580 287 580 296 581 295 581 259 581 310 582 298 582 302 582 299 583 300 583 301 583 299 584 301 584 258 584 264 585 302 585 297 585 289 586 303 586 297 586 259 587 302 587 283 587 283 588 302 588 301 588 258 589 301 589 304 589 301 590 300 590 283 590 306 591 264 591 305 591 295 592 308 592 259 592 259 593 308 593 307 593 258 594 304 594 305 594 264 595 306 595 262 595 264 596 262 596 302 596 259 597 286 597 291 597 305 280 304 280 306 280 259 598 307 598 309 598 302 599 298 599 297 599 297 600 298 600 289 600 259 601 309 601 286 601 274 602 310 602 302 602 259 603 291 603 302 603 302 604 291 604 311 604 302 605 311 605 274 605 297 606 303 606 308 606 297 607 308 607 295 607 263 608 278 608 312 608 252 609 263 609 297 609 297 610 263 610 264 610 295 611 252 611 297 611 253 612 256 612 313 612 254 613 253 613 296 613 296 614 253 614 295 614 283 615 255 615 259 615 282 616 279 616 315 616 310 617 268 617 298 617 303 618 252 618 308 618 276 619 275 619 316 619 275 620 255 620 308 620 285 621 292 621 317 621 269 622 257 622 318 622 257 623 272 623 304 623 272 624 265 624 321 624 277 625 287 625 302 625 287 626 294 626 323 626 294 627 293 627 302 627 293 628 266 628 325 628 266 629 273 629 326 629 273 630 261 630 302 630 261 631 260 631 327 631 302 632 260 632 301 632 260 633 284 633 301 633 284 634 280 634 328 634 301 635 281 635 304 635 270 636 269 636 304 636 329 637 330 637 331 637 329 638 331 638 332 638 330 639 329 639 333 639 332 640 331 640 336 640 343 641 344 641 345 641 335 642 334 642 346 642 335 643 346 643 347 643 341 644 342 644 348 644 348 313 342 313 349 313 348 645 349 645 335 645 335 646 349 646 334 646 343 647 345 647 350 647 350 648 345 648 351 648 329 649 362 649 352 649 353 650 339 650 329 650 329 651 339 651 340 651 340 652 339 652 342 652 340 313 342 313 354 313 354 653 342 653 341 653 359 654 355 654 356 654 347 655 357 655 335 655 335 656 357 656 358 656 358 657 357 657 356 657 356 658 355 658 358 658 337 659 359 659 360 659 332 660 362 660 329 660 360 661 359 661 356 661 368 662 363 662 332 662 364 663 353 663 329 663 351 664 359 664 337 664 351 665 337 665 338 665 351 666 338 666 350 666 365 667 366 667 329 667 329 668 366 668 344 668 367 669 368 669 359 669 359 670 368 670 332 670 363 671 369 671 332 671 332 672 369 672 361 672 344 673 343 673 370 673 370 674 371 674 344 674 344 675 371 675 329 675 329 676 371 676 364 676 373 677 372 677 336 677 387 678 375 678 379 678 376 280 377 280 378 280 376 679 378 679 335 679 341 680 379 680 374 680 366 681 380 681 374 681 336 682 379 682 359 682 359 683 379 683 378 683 335 684 378 684 381 684 378 685 377 685 359 685 383 686 341 686 382 686 372 687 385 687 336 687 336 688 385 688 384 688 335 689 381 689 382 689 341 690 383 690 339 690 341 691 339 691 379 691 336 692 363 692 368 692 382 693 381 693 383 693 336 694 384 694 386 694 379 695 375 695 374 695 374 696 375 696 366 696 336 697 386 697 363 697 351 698 387 698 379 698 336 699 368 699 379 699 379 700 368 700 388 700 379 701 388 701 351 701 374 702 380 702 385 702 374 703 385 703 372 703 340 704 354 704 389 704 329 705 340 705 374 705 374 706 340 706 341 706 372 707 329 707 374 707 330 708 333 708 390 708 331 709 330 709 373 709 373 710 330 710 372 710 359 711 332 711 336 711 358 712 355 712 392 712 387 713 345 713 375 713 380 714 329 714 385 714 352 715 362 715 393 715 362 716 332 716 385 716 361 717 369 717 394 717 346 718 334 718 395 718 334 719 349 719 381 719 349 720 342 720 398 720 353 721 364 721 379 721 364 722 371 722 400 722 371 723 370 723 379 723 370 724 343 724 402 724 343 725 350 725 403 725 350 726 338 726 379 726 338 727 337 727 404 727 379 728 337 728 378 728 337 729 360 729 378 729 360 730 356 730 405 730 378 731 357 731 381 731 347 732 346 732 381 732 406 733 407 733 408 733 406 734 408 734 409 734 407 735 406 735 410 735 409 736 408 736 413 736 420 737 421 737 422 737 412 738 411 738 423 738 412 739 423 739 424 739 418 740 419 740 425 740 425 741 419 741 426 741 425 742 426 742 412 742 412 743 426 743 411 743 420 744 422 744 427 744 427 745 422 745 428 745 406 746 439 746 429 746 430 747 416 747 406 747 406 748 416 748 417 748 417 749 416 749 419 749 417 313 419 313 431 313 431 750 419 750 418 750 436 751 432 751 433 751 424 752 434 752 412 752 412 753 434 753 435 753 435 754 434 754 433 754 433 313 432 313 435 313 414 755 436 755 437 755 409 756 439 756 406 756 437 757 436 757 433 757 445 758 440 758 409 758 441 759 430 759 406 759 428 760 436 760 414 760 428 761 414 761 415 761 428 762 415 762 427 762 442 763 443 763 406 763 406 764 443 764 421 764 444 765 445 765 436 765 436 766 445 766 409 766 440 767 446 767 409 767 409 768 446 768 438 768 421 769 420 769 447 769 447 770 448 770 421 770 421 771 448 771 406 771 406 772 448 772 441 772 450 773 449 773 413 773 464 774 452 774 456 774 453 775 454 775 455 775 453 776 455 776 412 776 418 777 456 777 451 777 443 778 457 778 451 778 413 779 456 779 436 779 436 780 456 780 455 780 412 781 455 781 458 781 455 782 454 782 436 782 460 783 418 783 459 783 449 784 462 784 413 784 413 785 462 785 461 785 412 786 458 786 459 786 418 787 460 787 416 787 418 788 416 788 456 788 413 789 440 789 445 789 459 790 458 790 460 790 413 791 461 791 463 791 456 792 452 792 451 792 451 793 452 793 443 793 413 794 463 794 440 794 428 795 464 795 456 795 413 796 445 796 456 796 456 797 445 797 465 797 456 798 465 798 428 798 451 799 457 799 462 799 451 800 462 800 449 800 417 801 431 801 466 801 406 802 417 802 451 802 451 803 417 803 418 803 449 804 406 804 451 804 407 805 410 805 467 805 408 806 407 806 450 806 450 807 407 807 449 807 436 808 409 808 413 808 435 809 432 809 469 809 464 810 422 810 452 810 457 811 406 811 462 811 429 812 439 812 470 812 439 813 409 813 462 813 438 814 446 814 471 814 423 815 411 815 472 815 411 816 426 816 458 816 426 817 419 817 475 817 430 818 441 818 456 818 441 819 448 819 477 819 448 820 447 820 456 820 447 821 420 821 479 821 420 822 427 822 480 822 427 823 415 823 456 823 415 824 414 824 481 824 456 825 414 825 455 825 414 826 437 826 455 826 437 827 433 827 482 827 455 828 434 828 458 828 424 829 423 829 458 829 483 830 783 830 540 830 494 831 533 831 534 831 513 832 510 832 518 832 496 833 497 833 498 833 498 834 497 834 499 834 496 835 500 835 491 835 504 836 904 836 499 836 499 837 904 837 498 837 491 838 501 838 502 838 502 839 501 839 503 839 503 840 504 840 502 840 502 841 504 841 499 841 505 842 508 842 506 842 508 843 507 843 486 843 508 844 486 844 506 844 509 845 510 845 802 845 802 846 510 846 508 846 509 847 652 847 510 847 510 848 511 848 512 848 512 849 908 849 510 849 510 850 515 850 517 850 515 851 518 851 519 851 510 852 517 852 520 852 510 853 520 853 518 853 520 854 521 854 518 854 528 855 920 855 524 855 524 856 525 856 495 856 495 857 525 857 526 857 495 858 526 858 527 858 495 859 527 859 494 859 530 860 529 860 528 860 530 861 626 861 531 861 626 862 536 862 532 862 626 863 532 863 531 863 533 864 535 864 534 864 534 865 535 865 536 865 557 866 538 866 857 866 537 867 926 867 557 867 557 868 926 868 538 868 539 869 857 869 654 869 654 870 857 870 925 870 925 871 537 871 654 871 541 872 542 872 543 872 545 873 544 873 546 873 576 874 550 874 547 874 549 875 550 875 576 875 554 876 551 876 544 876 544 877 551 877 552 877 544 878 552 878 861 878 861 879 552 879 548 879 488 880 483 880 553 880 547 881 483 881 576 881 488 882 553 882 554 882 488 883 554 883 544 883 556 884 555 884 557 884 558 885 560 885 557 885 556 886 559 886 561 886 556 887 561 887 555 887 563 888 564 888 556 888 556 889 565 889 566 889 556 890 566 890 563 890 568 891 570 891 565 891 564 892 559 892 556 892 564 893 562 893 559 893 562 894 567 894 568 894 568 895 569 895 570 895 565 896 556 896 568 896 568 897 556 897 571 897 568 898 571 898 572 898 556 899 574 899 571 899 568 900 572 900 573 900 568 901 573 901 574 901 483 902 493 902 576 902 852 903 493 903 483 903 852 904 575 904 493 904 771 905 577 905 575 905 576 906 577 906 557 906 557 907 577 907 771 907 578 908 579 908 580 908 580 909 579 909 581 909 584 51 580 51 581 51 583 910 581 910 585 910 696 911 586 911 580 911 580 912 586 912 587 912 580 913 587 913 578 913 588 914 589 914 583 914 583 915 590 915 588 915 594 916 595 916 593 916 593 917 595 917 959 917 596 918 880 918 593 918 596 919 593 919 959 919 597 920 600 920 593 920 593 921 600 921 594 921 599 922 600 922 597 922 880 923 596 923 601 923 601 924 598 924 880 924 880 925 598 925 599 925 581 926 582 926 584 926 584 927 582 927 583 927 584 928 583 928 602 928 602 929 583 929 606 929 602 930 603 930 584 930 604 931 605 931 603 931 817 932 605 932 606 932 603 933 602 933 604 933 758 934 613 934 607 934 612 935 608 935 609 935 608 936 607 936 609 936 612 937 613 937 614 937 528 938 618 938 615 938 617 939 618 939 528 939 496 940 491 940 620 940 496 941 620 941 621 941 492 942 622 942 623 942 492 943 623 943 621 943 621 944 623 944 496 944 622 945 492 945 624 945 757 946 627 946 624 946 624 947 627 947 626 947 626 948 627 948 625 948 615 949 616 949 528 949 528 950 616 950 530 950 530 951 616 951 626 951 591 952 629 952 592 952 631 953 629 953 685 953 685 954 629 954 591 954 975 955 632 955 633 955 592 956 630 956 633 956 975 957 633 957 685 957 685 958 633 958 631 958 635 959 636 959 637 959 634 960 638 960 639 960 634 961 639 961 635 961 635 962 639 962 636 962 636 963 640 963 637 963 505 964 637 964 634 964 634 965 496 965 505 965 637 966 505 966 642 966 642 967 505 967 506 967 486 968 643 968 506 968 643 969 486 969 644 969 644 970 645 970 643 970 518 971 515 971 646 971 518 972 646 972 523 972 647 973 515 973 510 973 510 974 648 974 649 974 649 975 650 975 510 975 510 976 650 976 511 976 511 977 650 977 651 977 651 978 652 978 511 978 560 979 562 979 568 979 568 980 574 980 489 980 599 981 655 981 880 981 880 982 655 982 489 982 597 983 656 983 657 983 597 984 657 984 599 984 593 985 659 985 660 985 663 986 662 986 659 986 659 987 664 987 660 987 660 988 664 988 665 988 593 989 663 989 659 989 660 990 661 990 772 990 772 991 667 991 668 991 772 992 668 992 660 992 660 993 669 993 666 993 850 994 666 994 670 994 850 995 670 995 772 995 772 996 670 996 667 996 672 997 673 997 671 997 671 998 673 998 850 998 850 999 673 999 666 999 666 1000 674 1000 671 1000 666 1001 671 1001 675 1001 676 1002 677 1002 671 1002 671 1003 677 1003 675 1003 666 1004 675 1004 678 1004 679 1005 680 1005 666 1005 683 1006 676 1006 592 1006 676 1007 683 1007 681 1007 676 1008 681 1008 666 1008 682 1009 683 1009 592 1009 666 1010 680 1010 684 1010 666 1011 684 1011 632 1011 592 1012 632 1012 682 1012 632 1013 592 1013 633 1013 686 1014 687 1014 591 1014 591 1015 687 1015 685 1015 688 1016 689 1016 686 1016 690 1017 691 1017 686 1017 686 1018 691 1018 688 1018 692 1019 693 1019 591 1019 686 1020 693 1020 695 1020 686 1021 695 1021 690 1021 690 1022 696 1022 697 1022 697 1023 696 1023 698 1023 696 1024 591 1024 586 1024 605 1025 817 1025 603 1025 699 1026 829 1026 700 1026 699 1027 700 1027 701 1027 699 1028 1005 1028 829 1028 817 1029 702 1029 703 1029 703 1030 705 1030 817 1030 817 1031 705 1031 603 1031 603 1032 705 1032 704 1032 704 1033 706 1033 603 1033 603 1034 706 1034 700 1034 700 1035 706 1035 701 1035 707 1036 708 1036 485 1036 485 1037 708 1037 709 1037 485 1038 709 1038 710 1038 714 1039 1004 1039 485 1039 829 1040 710 1040 711 1040 829 1041 711 1041 700 1041 997 1042 485 1042 712 1042 999 1043 712 1043 714 1043 716 1044 717 1044 718 1044 719 1045 720 1045 716 1045 716 1046 720 1046 717 1046 720 1047 719 1047 721 1047 720 1048 721 1048 994 1048 716 1049 718 1049 760 1049 716 1050 760 1050 993 1050 993 1051 760 1051 723 1051 994 1052 712 1052 715 1052 712 1053 723 1053 722 1053 994 1054 721 1054 712 1054 712 1055 721 1055 723 1055 607 1056 722 1056 760 1056 724 1057 610 1057 725 1057 724 1058 725 1058 726 1058 727 1059 729 1059 724 1059 730 1060 731 1060 732 1060 726 1061 733 1061 724 1061 732 1062 731 1062 733 1062 732 1063 733 1063 726 1063 737 1064 734 1064 502 1064 502 1065 734 1065 491 1065 491 1066 734 1066 735 1066 728 1067 730 1067 727 1067 727 1068 730 1068 732 1068 727 1069 732 1069 736 1069 735 1070 738 1070 491 1070 491 1071 738 1071 739 1071 491 1072 739 1072 732 1072 727 1073 736 1073 740 1073 727 1074 740 1074 737 1074 737 1075 502 1075 741 1075 737 1076 741 1076 727 1076 742 1077 743 1077 744 1077 743 1078 496 1078 745 1078 745 1079 746 1079 743 1079 743 1080 746 1080 744 1080 496 1081 747 1081 980 1081 496 1082 980 1082 745 1082 634 1083 748 1083 747 1083 634 1084 747 1084 496 1084 742 1085 634 1085 635 1085 663 1086 1025 1086 662 1086 661 1087 749 1087 663 1087 663 1088 749 1088 1025 1088 492 1089 752 1089 753 1089 492 1090 753 1090 750 1090 612 1091 751 1091 492 1091 492 1092 751 1092 752 1092 612 1093 614 1093 751 1093 626 1094 625 1094 754 1094 626 1095 754 1095 755 1095 756 1096 484 1096 755 1096 757 1097 758 1097 1044 1097 756 1098 759 1098 484 1098 484 1099 759 1099 758 1099 758 1100 759 1100 1044 1100 492 1101 758 1101 624 1101 624 1102 758 1102 757 1102 793 1103 758 1103 761 1103 793 1104 761 1104 760 1104 483 1105 763 1105 764 1105 782 1106 762 1106 765 1106 483 1107 764 1107 782 1107 782 1108 764 1108 766 1108 782 1109 766 1109 762 1109 540 1110 765 1110 767 1110 540 1111 767 1111 768 1111 763 1112 483 1112 769 1112 769 1113 483 1113 490 1113 490 1114 483 1114 540 1114 540 1115 768 1115 490 1115 770 1116 771 1116 772 1116 771 1117 770 1117 773 1117 771 1118 773 1118 663 1118 663 1119 774 1119 661 1119 661 1120 774 1120 772 1120 775 1121 776 1121 489 1121 489 1122 776 1122 777 1122 778 1123 776 1123 775 1123 777 1124 779 1124 489 1124 780 1125 829 1125 583 1125 852 1126 781 1126 583 1126 781 1127 852 1127 782 1127 829 1128 780 1128 782 1128 784 1129 785 1129 544 1129 544 1130 785 1130 787 1130 544 1131 787 1131 786 1131 540 1132 788 1132 544 1132 544 1133 788 1133 784 1133 783 1134 488 1134 790 1134 783 1135 791 1135 540 1135 540 1136 791 1136 788 1136 488 1137 544 1137 786 1137 718 1138 795 1138 760 1138 760 1139 795 1139 794 1139 760 51 794 51 793 51 793 1140 792 1140 715 1140 715 1141 792 1141 796 1141 794 51 792 51 793 51 797 1142 803 1142 798 1142 797 1143 799 1143 803 1143 803 1144 799 1144 508 1144 508 1145 799 1145 800 1145 509 1146 801 1146 652 1146 652 1147 801 1147 798 1147 508 1148 800 1148 802 1148 652 1149 803 1149 804 1149 652 1150 804 1150 805 1150 648 1151 510 1151 652 1151 643 1152 645 1152 1141 1152 1141 1153 523 1153 643 1153 806 1154 507 1154 523 1154 715 1155 808 1155 793 1155 808 1156 809 1156 793 1156 793 1157 809 1157 807 1157 712 1158 811 1158 715 1158 715 1159 811 1159 812 1159 715 1160 812 1160 813 1160 715 1161 813 1161 808 1161 541 1162 543 1162 712 1162 712 1163 543 1163 810 1163 829 1164 817 1164 814 1164 814 1165 815 1165 829 1165 815 1166 818 1166 829 1166 829 1167 818 1167 816 1167 829 1168 816 1168 583 1168 817 1169 583 1169 818 1169 583 1170 817 1170 606 1170 793 1171 820 1171 819 1171 793 1172 819 1172 758 1172 758 1173 819 1173 484 1173 542 1174 820 1174 823 1174 793 1175 824 1175 820 1175 823 1176 825 1176 542 1176 542 1177 825 1177 826 1177 542 1178 827 1178 793 1178 540 1179 541 1179 828 1179 541 1180 712 1180 485 1180 541 1181 485 1181 828 1181 694 1182 692 1182 696 1182 696 1183 692 1183 591 1183 583 1184 591 1184 590 1184 686 1185 591 1185 693 1185 542 1186 793 1186 543 1186 543 1187 793 1187 807 1187 829 1188 782 1188 540 1188 540 1189 782 1189 765 1189 671 1190 1083 1190 830 1190 832 1191 833 1191 589 1191 830 1192 834 1192 671 1192 671 1193 834 1193 589 1193 589 1194 834 1194 832 1194 836 1195 835 1195 583 1195 583 1196 835 1196 852 1196 589 1197 833 1197 836 1197 589 1198 836 1198 583 1198 758 1199 492 1199 614 1199 614 1200 492 1200 750 1200 758 1201 614 1201 613 1201 536 1202 626 1202 534 1202 626 1203 484 1203 820 1203 829 1204 540 1204 828 1204 484 1205 626 1205 755 1205 722 1206 723 1206 760 1206 542 1207 534 1207 626 1207 857 1208 837 1208 838 1208 534 1209 840 1209 494 1209 494 1210 840 1210 839 1210 542 1211 838 1211 534 1211 842 1212 857 1212 843 1212 838 1213 542 1213 857 1213 857 1214 542 1214 845 1214 857 1215 845 1215 843 1215 841 1216 846 1216 544 1216 544 1217 846 1217 540 1217 540 1218 846 1218 1089 1218 1089 1219 847 1219 540 1219 540 1220 847 1220 844 1220 540 1221 844 1221 542 1221 852 1222 483 1222 782 1222 544 1223 857 1223 842 1223 544 1224 842 1224 841 1224 829 1225 485 1225 710 1225 817 1226 829 1226 1005 1226 817 1227 1005 1227 702 1227 848 1228 849 1228 772 1228 849 1229 850 1229 772 1229 771 1230 853 1230 854 1230 771 1231 854 1231 772 1231 772 1232 854 1232 848 1232 1083 1233 671 1233 852 1233 852 1234 850 1234 851 1234 852 1235 851 1235 855 1235 852 1236 855 1236 771 1236 771 1237 855 1237 856 1237 771 1238 856 1238 853 1238 676 51 671 51 589 51 676 1239 589 1239 592 1239 592 1240 589 1240 588 1240 850 1241 852 1241 671 1241 524 1242 495 1242 528 1242 820 1243 542 1243 626 1243 495 1244 857 1244 858 1244 617 1245 495 1245 859 1245 857 1246 494 1246 839 1246 857 1247 839 1247 837 1247 861 1248 576 1248 557 1248 487 1249 628 1249 617 1249 857 1250 495 1250 494 1250 508 1251 505 1251 803 1251 803 1252 505 1252 628 1252 617 1253 628 1253 618 1253 556 1254 557 1254 775 1254 578 1255 591 1255 583 1255 805 1256 803 1256 487 1256 805 1257 487 1257 652 1257 652 1258 487 1258 862 1258 857 1259 864 1259 863 1259 617 1260 857 1260 487 1260 487 1261 857 1261 863 1261 866 1262 865 1262 487 1262 866 1263 487 1263 863 1263 862 1264 867 1264 652 1264 857 1265 539 1265 868 1265 857 1266 868 1266 864 1266 866 1267 869 1267 865 1267 867 1268 870 1268 652 1268 652 1269 870 1269 539 1269 539 1270 871 1270 869 1270 859 1271 857 1271 617 1271 857 1272 546 1272 557 1272 537 1273 557 1273 654 1273 560 1274 654 1274 557 1274 557 1275 546 1275 544 1275 775 1276 873 1276 556 1276 489 1277 874 1277 1077 1277 556 1278 937 1278 574 1278 574 1279 874 1279 489 1279 1077 1280 875 1280 489 1280 489 1281 875 1281 775 1281 775 1282 875 1282 872 1282 771 1283 877 1283 876 1283 778 1284 775 1284 878 1284 877 1285 771 1285 879 1285 585 1286 578 1286 583 1286 852 1287 771 1287 575 1287 557 1288 771 1288 775 1288 775 1289 771 1289 876 1289 876 1290 879 1290 878 1290 878 1291 879 1291 778 1291 880 1292 879 1292 881 1292 881 1293 879 1293 771 1293 881 1294 771 1294 663 1294 658 1295 597 1295 593 1295 654 1296 652 1296 539 1296 803 1297 652 1297 798 1297 576 1298 861 1298 549 1298 879 1299 880 1299 778 1299 778 1300 880 1300 489 1300 880 1301 663 1301 593 1301 523 1302 882 1302 883 1302 523 1303 883 1303 518 1303 518 1304 883 1304 884 1304 518 1305 884 1305 507 1305 507 1306 884 1306 523 1306 1141 1307 885 1307 1031 1307 887 1308 888 1308 1083 1308 604 1309 893 1309 894 1309 903 1310 900 1310 497 1310 497 1311 900 1311 901 1311 500 1312 903 1312 889 1312 889 1313 903 1313 899 1313 503 1314 902 1314 904 1314 901 1315 900 1315 904 1315 901 1316 904 1316 902 1316 902 1317 503 1317 905 1317 905 1318 500 1318 889 1318 914 1319 897 1319 514 1319 914 1320 514 1320 908 1320 906 1321 898 1321 907 1321 906 1322 907 1322 908 1322 908 1323 907 1323 914 1323 898 1324 886 1324 909 1324 910 1325 912 1325 898 1325 910 1326 898 1326 509 1326 509 1327 898 1327 909 1327 1071 1328 911 1328 912 1328 506 1329 911 1329 1071 1329 913 1330 911 1330 506 1330 914 1331 911 1331 915 1331 521 1332 516 1332 897 1332 897 1333 516 1333 916 1333 516 1334 519 1334 916 1334 916 1335 519 1335 917 1335 914 1336 522 1336 521 1336 914 1337 521 1337 897 1337 915 1338 917 1338 914 1338 914 1339 917 1339 522 1339 918 1340 535 1340 1086 1340 1086 1341 535 1341 494 1341 531 1342 532 1342 968 1342 968 1343 532 1343 918 1343 968 1344 919 1344 531 1344 919 1345 967 1345 529 1345 920 1346 529 1346 967 1346 967 1347 525 1347 920 1347 921 1348 494 1348 526 1348 922 1349 923 1349 925 1349 546 1350 925 1350 923 1350 923 1351 922 1351 924 1351 546 1352 924 1352 926 1352 546 1353 926 1353 925 1353 1081 1354 924 1354 546 1354 542 1355 807 1355 927 1355 541 1356 928 1356 807 1356 541 1357 807 1357 542 1357 928 1358 541 1358 896 1358 545 1359 546 1359 1080 1359 929 1360 943 1360 547 1360 545 1361 549 1361 548 1361 545 1362 548 1362 551 1362 930 1363 553 1363 547 1363 930 1364 547 1364 943 1364 545 1365 551 1365 930 1365 930 1366 551 1366 553 1366 654 1367 562 1367 932 1367 569 1368 931 1368 562 1368 569 1369 562 1369 654 1369 933 1370 558 1370 555 1370 933 1371 555 1371 561 1371 654 1372 932 1372 558 1372 654 1373 558 1373 933 1373 933 1374 561 1374 931 1374 935 1375 569 1375 934 1375 936 1376 931 1376 567 1376 567 1377 931 1377 569 1377 936 1378 563 1378 933 1378 931 1379 936 1379 933 1379 563 1380 565 1380 937 1380 937 1381 565 1381 935 1381 935 1382 934 1382 939 1382 938 1383 941 1383 934 1383 939 1384 940 1384 935 1384 935 1385 940 1385 937 1385 937 1386 940 1386 571 1386 937 1387 571 1387 941 1387 1083 1388 943 1388 575 1388 1083 1389 575 1389 877 1389 877 1390 575 1390 942 1390 944 1391 1064 1391 585 1391 585 1392 1064 1392 945 1392 944 1393 582 1393 894 1393 894 1394 582 1394 947 1394 946 1395 894 1395 579 1395 579 1396 894 1396 947 1396 579 1397 947 1397 944 1397 585 1398 945 1398 587 1398 586 1399 948 1399 587 1399 587 1400 948 1400 946 1400 587 1401 946 1401 585 1401 585 1402 946 1402 579 1402 949 1403 950 1403 1064 1403 950 1404 951 1404 1064 1404 1064 1405 951 1405 945 1405 945 1406 951 1406 952 1406 949 1407 953 1407 954 1407 949 1408 954 1408 950 1408 949 1409 952 1409 953 1409 594 1410 955 1410 658 1410 658 1411 598 1411 655 1411 655 1412 598 1412 956 1412 956 1413 598 1413 957 1413 957 1414 958 1414 956 1414 956 1415 958 1415 959 1415 1025 1416 594 1416 658 1416 894 1417 960 1417 944 1417 894 1418 893 1418 960 1418 960 1419 606 1419 944 1419 606 1420 604 1420 961 1420 961 1421 604 1421 894 1421 991 1422 990 1422 963 1422 963 1423 609 1423 991 1423 991 1424 609 1424 611 1424 991 1425 611 1425 722 1425 611 1426 964 1426 722 1426 722 1427 964 1427 962 1427 965 1428 966 1428 962 1428 965 1429 962 1429 964 1429 965 1430 609 1430 966 1430 966 1431 609 1431 963 1431 891 1432 967 1432 970 1432 970 1433 967 1433 968 1433 921 1434 619 1434 1071 1434 921 1435 967 1435 619 1435 970 1436 619 1436 891 1436 889 1437 972 1437 905 1437 972 1438 889 1438 969 1438 969 1439 890 1439 970 1439 970 1440 506 1440 1071 1440 968 1441 967 1441 919 1441 968 1442 971 1442 627 1442 968 1443 627 1443 972 1443 622 1444 972 1444 969 1444 973 1445 945 1445 629 1445 629 1446 945 1446 630 1446 973 1447 631 1447 974 1447 974 1448 631 1448 975 1448 631 1449 976 1449 975 1449 975 1450 976 1450 977 1450 952 1451 976 1451 630 1451 978 1452 979 1452 890 1452 748 1453 890 1453 969 1453 890 1454 748 1454 981 1454 890 1455 981 1455 978 1455 978 1456 981 1456 982 1456 978 1457 982 1457 983 1457 980 1458 748 1458 969 1458 983 1459 982 1459 889 1459 889 1460 982 1460 746 1460 889 1461 746 1461 980 1461 889 1462 980 1462 969 1462 985 1463 984 1463 986 1463 985 1464 986 1464 739 1464 985 1465 739 1465 905 1465 905 1466 739 1466 735 1466 740 1467 984 1467 741 1467 905 1468 735 1468 987 1468 905 1469 987 1469 902 1469 902 1470 987 1470 740 1470 902 1471 740 1471 741 1471 989 1472 988 1472 990 1472 988 1473 989 1473 729 1473 988 1474 729 1474 984 1474 988 1475 733 1475 990 1475 990 1476 733 1476 985 1476 985 1477 733 1477 984 1477 989 1478 990 1478 724 1478 724 1479 990 1479 991 1479 795 1480 993 1480 892 1480 892 1481 992 1481 722 1481 995 1482 719 1482 795 1482 795 1483 719 1483 993 1483 995 1484 795 1484 717 1484 995 1485 717 1485 994 1485 722 1486 992 1486 928 1486 928 1487 992 1487 723 1487 928 1488 723 1488 995 1488 928 1489 994 1489 796 1489 995 1490 994 1490 928 1490 796 1491 996 1491 928 1491 1050 1492 713 1492 829 1492 829 1493 713 1493 997 1493 1000 1494 485 1494 998 1494 998 1495 485 1495 1050 1495 928 1496 829 1496 999 1496 928 1497 999 1497 1000 1497 829 1498 997 1498 999 1498 928 1499 1000 1499 998 1499 1002 1500 711 1500 1001 1500 1001 1501 709 1501 1050 1501 1050 1502 709 1502 707 1502 1002 1503 1003 1503 711 1503 998 1504 1004 1504 1003 1504 1050 1505 707 1505 1004 1505 1050 1506 1004 1506 998 1506 998 1507 1003 1507 1002 1507 1093 1508 1005 1508 1001 1508 1001 1509 1005 1509 1002 1509 1006 1510 703 1510 1093 1510 1093 1511 703 1511 1005 1511 1005 1512 701 1512 1002 1512 961 1513 1002 1513 706 1513 961 1514 706 1514 1007 1514 961 1515 1007 1515 1006 1515 606 1516 961 1516 1093 1516 1093 1517 961 1517 1006 1517 948 1518 586 1518 945 1518 945 1519 693 1519 1008 1519 945 1520 689 1520 693 1520 945 1521 1008 1521 948 1521 948 1522 1008 1522 694 1522 694 1523 1009 1523 948 1523 948 1452 1009 1452 1010 1452 1010 1524 1009 1524 697 1524 697 1525 1009 1525 691 1525 691 1526 1009 1526 695 1526 691 1527 695 1527 689 1527 691 1528 689 1528 1011 1528 973 1452 974 1452 945 1452 945 1452 974 1452 1012 1452 689 1529 1012 1529 1013 1529 977 1530 976 1530 952 1530 977 1531 952 1531 1014 1531 1014 1532 952 1532 949 1532 681 1533 1014 1533 679 1533 1015 1534 684 1534 1014 1534 682 1535 1015 1535 949 1535 949 1536 1015 1536 1014 1536 678 1537 1016 1537 1014 1537 678 1538 1014 1538 1018 1538 1014 1539 681 1539 1018 1539 1017 1540 672 1540 674 1540 1016 1541 1017 1541 674 1541 1016 1542 674 1542 1019 1542 1016 1543 1019 1543 1020 1543 1017 1544 1021 1544 672 1544 1023 1545 669 1545 668 1545 1020 1546 1022 1546 669 1546 1020 1547 669 1547 1023 1547 1020 1548 1019 1548 1021 1548 1020 1549 1021 1549 1022 1549 1023 1550 668 1550 1024 1550 668 1551 670 1551 1024 1551 1024 1552 670 1552 1021 1552 1026 1553 659 1553 1025 1553 661 1554 1026 1554 1024 1554 1024 1555 1026 1555 1023 1555 661 1556 665 1556 1026 1556 1026 1557 665 1557 659 1557 656 1558 1027 1558 658 1558 658 1559 655 1559 1028 1559 658 1560 1028 1560 656 1560 655 1561 1029 1561 1028 1561 569 1562 654 1562 934 1562 934 1563 654 1563 938 1563 886 1564 653 1564 654 1564 654 1565 653 1565 906 1565 898 1566 906 1566 651 1566 916 1452 1030 1452 897 1452 917 1452 915 1452 916 1452 916 1567 915 1567 1031 1567 1031 1568 885 1568 644 1568 1031 1569 644 1569 913 1569 970 1570 1033 1570 1034 1570 970 1571 1034 1571 506 1571 641 1572 1035 1572 970 1572 638 1573 890 1573 1036 1573 638 1574 641 1574 890 1574 890 1575 641 1575 970 1575 1033 1576 970 1576 1036 1576 1036 1577 970 1577 1035 1577 1037 1578 1036 1578 890 1578 1037 1579 890 1579 1038 1579 1038 1452 890 1452 1039 1452 1039 1580 890 1580 979 1580 959 1581 1025 1581 661 1581 959 1582 661 1582 1024 1582 966 1583 751 1583 962 1583 972 1584 1040 1584 751 1584 972 1585 751 1585 966 1585 968 1586 1041 1586 1042 1586 968 1587 1042 1587 971 1587 1045 1588 756 1588 1043 1588 972 1589 1044 1589 1040 1589 1040 1590 1044 1590 1045 1590 1040 1591 1045 1591 1043 1591 1043 1592 756 1592 1041 1592 761 1593 892 1593 1046 1593 1046 1594 892 1594 1047 1594 761 1595 758 1595 1048 1595 758 1596 1046 1596 1048 1596 1048 1597 1046 1597 1047 1597 1048 1598 1047 1598 962 1598 1051 1599 765 1599 896 1599 1049 1600 768 1600 896 1600 1050 1601 896 1601 765 1601 768 1602 1051 1602 896 1602 762 1603 764 1603 1050 1603 1050 1604 764 1604 1063 1604 1049 1605 896 1605 769 1605 769 1606 1063 1606 1052 1606 1063 1607 764 1607 1052 1607 877 1608 1053 1608 848 1608 1054 1609 773 1609 877 1609 877 1610 773 1610 1053 1610 848 1611 1053 1611 1055 1611 848 1612 1055 1612 1056 1612 1024 1613 1057 1613 1054 1613 779 1614 938 1614 1058 1614 1058 1615 938 1615 956 1615 1058 1616 956 1616 1059 1616 1060 1617 938 1617 779 1617 1061 1618 1062 1618 1059 1618 938 1619 1060 1619 942 1619 1060 1620 776 1620 942 1620 942 1621 776 1621 1061 1621 888 1622 782 1622 1083 1622 1083 1623 782 1623 1050 1623 1083 1624 1064 1624 887 1624 789 1625 786 1625 1065 1625 1065 1626 786 1626 545 1626 545 1627 786 1627 785 1627 545 1628 785 1628 896 1628 896 1629 785 1629 788 1629 788 1630 1066 1630 896 1630 1065 1631 790 1631 789 1631 1066 1632 791 1632 896 1632 896 1633 791 1633 1065 1633 1065 1634 791 1634 1067 1634 1065 1635 1067 1635 790 1635 761 1636 996 1636 892 1636 892 1637 996 1637 795 1637 1069 1638 1068 1638 912 1638 910 1639 1069 1639 912 1639 1071 1640 1068 1640 1070 1640 898 1641 652 1641 886 1641 651 1642 649 1642 898 1642 898 1643 649 1643 1072 1643 898 1644 1072 1644 652 1644 913 1645 644 1645 1073 1645 913 1646 1073 1646 1074 1646 1032 1647 806 1647 1141 1647 1032 1648 1141 1648 1031 1648 913 1649 1074 1649 911 1649 911 1650 1074 1650 1032 1650 911 1651 1032 1651 915 1651 1031 1652 915 1652 882 1652 882 1653 1032 1653 1031 1653 804 1654 1068 1654 654 1654 1075 1655 864 1655 924 1655 924 1656 864 1656 539 1656 924 1657 539 1657 923 1657 862 1658 1081 1658 804 1658 539 1659 866 1659 1076 1659 1076 1660 866 1660 1075 1660 1076 1661 1075 1661 1081 1661 1076 1662 1081 1662 862 1662 923 1663 871 1663 870 1663 654 1664 923 1664 804 1664 804 1665 923 1665 870 1665 871 1666 923 1666 1076 1666 1076 1667 923 1667 539 1667 942 1668 873 1668 872 1668 872 1669 1077 1669 942 1669 942 1670 1077 1670 938 1670 1077 1671 1078 1671 938 1671 941 1672 938 1672 1078 1672 941 1673 1078 1673 937 1673 879 1674 956 1674 877 1674 879 1675 1079 1675 956 1675 956 1676 1079 1676 1061 1676 956 1677 1061 1677 1059 1677 877 1678 942 1678 1079 1678 880 1679 877 1679 956 1679 663 1680 880 1680 959 1680 663 1681 959 1681 877 1681 923 1682 654 1682 933 1682 923 1683 933 1683 546 1683 1080 1684 546 1684 933 1684 619 1685 970 1685 1071 1685 895 1686 858 1686 860 1686 860 1687 1081 1687 895 1687 895 1688 1081 1688 546 1688 921 1689 1081 1689 858 1689 959 1690 880 1690 956 1690 1054 1691 877 1691 1024 1691 1024 1692 877 1692 959 1692 1025 1693 959 1693 594 1693 549 1694 545 1694 929 1694 929 1695 545 1695 861 1695 937 1696 861 1696 933 1696 1071 1697 912 1697 1068 1697 1068 1698 886 1698 654 1698 525 1699 967 1699 921 1699 494 1700 921 1700 895 1700 1081 1701 1070 1701 804 1701 861 1702 545 1702 1080 1702 1021 1703 1082 1703 850 1703 1021 1704 850 1704 848 1704 877 1705 848 1705 853 1705 877 1706 853 1706 855 1706 877 1707 855 1707 1083 1707 1083 1708 855 1708 1082 1708 930 1709 1065 1709 545 1709 929 1710 861 1710 943 1710 943 1711 1083 1711 930 1711 1084 1712 895 1712 837 1712 1084 1713 837 1713 1085 1713 1084 1714 1085 1714 840 1714 1084 1715 840 1715 1086 1715 927 1716 838 1716 837 1716 927 1717 837 1717 895 1717 1089 1718 841 1718 545 1718 545 1719 841 1719 1087 1719 545 1720 1087 1720 895 1720 927 1721 1088 1721 844 1721 844 1722 1089 1722 896 1722 896 1723 1089 1723 545 1723 1087 1724 843 1724 895 1724 895 1725 843 1725 1088 1725 895 1726 1088 1726 927 1726 769 1727 896 1727 1063 1727 1063 1728 896 1728 1065 1728 1050 1729 1063 1729 1083 1729 896 1730 927 1730 844 1730 1082 1731 1021 1731 1083 1731 831 1732 1064 1732 1083 1732 831 1733 835 1733 1064 1733 1064 1734 835 1734 1090 1734 949 1735 833 1735 834 1735 949 1736 834 1736 1018 1736 1018 1737 834 1737 1083 1737 1064 1738 1090 1738 949 1738 949 1739 1090 1739 833 1739 1017 1740 1018 1740 1083 1740 1021 1741 848 1741 1024 1741 1024 1742 848 1742 1056 1742 1024 1743 1056 1743 1057 1743 1041 1744 968 1744 1043 1744 918 1745 1086 1745 968 1745 968 1746 1091 1746 1043 1746 927 1747 1086 1747 838 1747 1017 1748 1083 1748 1021 1748 761 1749 1048 1749 484 1749 484 1750 1048 1750 1043 1750 996 1751 761 1751 1091 1751 1091 1752 968 1752 927 1752 927 1753 968 1753 1086 1753 1084 1754 494 1754 895 1754 924 1755 1081 1755 1075 1755 826 1756 927 1756 827 1756 823 1757 821 1757 1091 1757 927 1758 826 1758 823 1758 858 1759 895 1759 921 1759 1084 1760 1086 1760 494 1760 1091 1761 927 1761 823 1761 821 1762 824 1762 1091 1762 1091 1763 824 1763 996 1763 996 1764 824 1764 822 1764 1050 1765 829 1765 896 1765 930 1766 1083 1766 1063 1766 563 1767 937 1767 933 1767 861 1768 937 1768 943 1768 873 1769 942 1769 937 1769 1050 1770 1064 1770 814 1770 952 1771 630 1771 945 1771 1043 1772 1048 1772 1040 1772 1040 1773 1048 1773 962 1773 1040 1774 962 1774 750 1774 962 1775 892 1775 722 1775 810 1776 1092 1776 807 1776 807 1777 822 1777 927 1777 927 1778 822 1778 827 1778 822 1779 807 1779 808 1779 822 1780 808 1780 996 1780 928 1781 996 1781 813 1781 928 1782 813 1782 811 1782 928 1783 811 1783 810 1783 606 1784 1093 1784 1064 1784 1093 1785 818 1785 1064 1785 1064 1786 818 1786 814 1786 928 1787 810 1787 807 1787 1001 1788 1050 1788 814 1788 1001 1789 814 1789 1093 1789 944 1790 606 1790 1064 1790 945 1791 1012 1791 689 1791 1039 1792 742 1792 635 1792 742 1793 978 1793 743 1793 743 1794 983 1794 889 1794 496 1795 743 1795 889 1795 497 1796 496 1796 899 1796 499 1797 901 1797 502 1797 502 1798 901 1798 902 1798 741 1799 502 1799 902 1799 727 1800 741 1800 984 1800 727 1801 984 1801 729 1801 607 1802 608 1802 722 1802 722 1803 608 1803 991 1803 928 1804 712 1804 722 1804 1010 1805 698 1805 948 1805 948 1806 698 1806 696 1806 948 1807 696 1807 946 1807 946 1808 696 1808 580 1808 946 1809 580 1809 894 1809 894 1810 580 1810 584 1810 894 1811 584 1811 603 1811 894 1812 603 1812 961 1812 961 1813 603 1813 1002 1813 1002 1814 603 1814 700 1814 1002 1815 700 1815 998 1815 998 1816 700 1816 714 1816 998 1817 714 1817 928 1817 928 1818 714 1818 712 1818 686 1819 1013 1819 687 1819 685 1820 687 1820 1012 1820 632 1821 1014 1821 666 1821 1016 1822 666 1822 1014 1822 1020 1823 666 1823 1016 1823 666 1824 1020 1824 660 1824 593 1825 660 1825 1025 1825 1025 1826 660 1826 1026 1826 599 1827 657 1827 1029 1827 654 1828 560 1828 568 1828 654 1829 568 1829 938 1829 938 1830 568 1830 956 1830 956 1831 568 1831 489 1831 956 1832 489 1832 655 1832 908 1833 511 1833 906 1833 906 1834 511 1834 654 1834 654 1835 511 1835 652 1835 647 1836 510 1836 897 1836 647 1837 1030 1837 515 1837 916 1838 646 1838 515 1838 523 1839 646 1839 1031 1839 523 1840 1031 1840 643 1840 643 1841 1031 1841 913 1841 637 1842 642 1842 1033 1842 635 1843 637 1843 1036 1843 684 1844 680 1844 1014 1844 1018 1845 683 1845 949 1845 682 1846 632 1846 1015 1846 677 1847 676 1847 1018 1847 676 1848 666 1848 1018 1848 1016 1849 675 1849 1017 1849 675 1850 677 1850 1017 1850 674 1851 666 1851 1019 1851 1019 1852 673 1852 1021 1852 1021 1853 666 1853 1022 1853 631 1854 633 1854 976 1854 984 1855 736 1855 986 1855 736 1856 732 1856 986 1856 734 1857 737 1857 1100 1857 987 1858 737 1858 740 1858 731 1859 730 1859 1103 1859 730 1860 728 1860 984 1860 984 1861 728 1861 988 1861 728 1862 727 1862 1104 1862 727 1863 724 1863 988 1863 492 1864 972 1864 612 1864 612 1865 972 1865 966 1865 612 1866 966 1866 608 1866 608 1867 966 1867 963 1867 492 1868 621 1868 972 1868 621 1869 620 1869 1106 1869 726 1870 990 1870 732 1870 732 1871 990 1871 985 1871 732 1872 985 1872 491 1872 491 1873 985 1873 905 1873 491 1874 905 1874 620 1874 620 1875 905 1875 972 1875 990 1876 610 1876 963 1876 972 1877 624 1877 968 1877 968 1878 624 1878 626 1878 968 1879 626 1879 616 1879 968 1880 616 1880 970 1880 970 1881 616 1881 628 1881 970 1882 505 1882 969 1882 969 1883 505 1883 496 1883 627 1884 757 1884 972 1884 755 1885 754 1885 1041 1885 1042 1886 754 1886 625 1886 628 1887 616 1887 967 1887 967 1888 618 1888 619 1888 891 1889 628 1889 967 1889 751 1890 614 1890 962 1890 753 1891 752 1891 1040 1891 607 1892 613 1892 964 1892 613 1893 612 1893 965 1893 892 1894 607 1894 760 1894 760 1895 758 1895 892 1895 892 1896 758 1896 1047 1896 1047 1897 758 1897 962 1897 758 1898 607 1898 962 1898 962 1899 607 1899 892 1899 758 1900 760 1900 1046 1900 1046 1901 760 1901 761 1901 819 1902 820 1902 761 1902 761 1903 820 1903 1091 1903 820 1904 484 1904 1091 1904 1091 1905 484 1905 1043 1905 484 1906 819 1906 761 1906 829 1907 828 1907 896 1907 896 1908 828 1908 928 1908 828 1909 485 1909 928 1909 928 1910 485 1910 829 1910 1049 1911 490 1911 1115 1911 1115 1912 490 1912 768 1912 602 1913 606 1913 960 1913 696 1914 690 1914 1117 1914 1009 1915 690 1915 695 1915 601 1916 596 1916 957 1916 600 1917 599 1917 658 1917 770 1918 772 1918 1053 1918 1118 1919 772 1919 1055 1919 1055 1920 772 1920 1119 1920 1056 1921 772 1921 1057 1921 772 1922 774 1922 1057 1922 774 1923 663 1923 1054 1923 588 1924 590 1924 950 1924 950 1925 590 1925 951 1925 591 1926 592 1926 952 1926 592 1927 588 1927 952 1927 952 1928 588 1928 953 1928 880 1929 881 1929 877 1929 881 1930 663 1930 877 1930 945 1931 578 1931 587 1931 945 1932 586 1932 591 1932 591 1933 578 1933 945 1933 879 1934 876 1934 1079 1934 1079 1935 876 1935 877 1935 944 1936 585 1936 581 1936 944 1937 581 1937 579 1937 585 1938 579 1938 578 1938 878 1939 775 1939 1061 1939 1061 1940 775 1940 942 1940 775 1941 876 1941 942 1941 876 1942 878 1942 942 1942 942 1943 878 1943 1079 1943 1079 1944 878 1944 1061 1944 944 1945 583 1945 582 1945 582 1946 581 1946 947 1946 947 1947 581 1947 583 1947 947 1948 583 1948 944 1948 776 1949 778 1949 1061 1949 778 1950 489 1950 1059 1950 489 1951 1058 1951 1059 1951 937 1952 576 1952 943 1952 943 1953 576 1953 493 1953 942 1954 577 1954 937 1954 1050 1955 782 1955 780 1955 1050 1956 780 1956 1064 1956 1064 1957 583 1957 887 1957 887 1958 583 1958 781 1958 1121 1959 781 1959 888 1959 888 1960 781 1960 1122 1960 1122 1961 781 1961 782 1961 574 1962 937 1962 1078 1962 939 1963 573 1963 572 1963 939 1964 572 1964 1123 1964 574 1965 573 1965 941 1965 941 1966 573 1966 934 1966 704 1967 705 1967 1125 1967 564 1968 936 1968 562 1968 714 1969 700 1969 1003 1969 930 1970 483 1970 488 1970 930 1971 488 1971 1065 1971 488 1972 783 1972 1065 1972 1065 1973 783 1973 1063 1973 1063 1974 783 1974 483 1974 1063 1975 483 1975 930 1975 544 1976 861 1976 1080 1976 861 1977 557 1977 933 1977 557 1978 544 1978 933 1978 933 1979 544 1979 1080 1979 1067 1980 783 1980 790 1980 546 1981 857 1981 895 1981 857 1982 544 1982 895 1982 895 1983 544 1983 545 1983 845 1984 542 1984 1088 1984 541 1985 540 1985 896 1985 540 1986 542 1986 896 1986 896 1987 542 1987 927 1987 840 1988 534 1988 1086 1988 922 1989 857 1989 924 1989 495 1990 858 1990 1081 1990 857 1991 859 1991 1081 1991 859 1992 495 1992 1132 1992 792 1993 794 1993 996 1993 862 1994 865 1994 1076 1994 870 1995 867 1995 804 1995 892 1996 723 1996 992 1996 536 1997 535 1997 918 1997 1069 1998 800 1998 1068 1998 799 1999 797 1999 1068 1999 797 2000 798 2000 1137 2000 1068 2001 798 2001 886 2001 798 2002 801 2002 1138 2002 801 2003 886 2003 1138 2003 509 2004 802 2004 1139 2004 1139 2005 802 2005 910 2005 495 2006 617 2006 921 2006 921 2007 617 2007 1081 2007 1081 2008 617 2008 1071 2008 617 2009 528 2009 1071 2009 1071 2010 528 2010 921 2010 528 2011 495 2011 921 2011 1071 2012 803 2012 628 2012 628 2013 487 2013 1071 2013 1071 2014 487 2014 1081 2014 1081 2015 487 2015 1070 2015 487 2016 803 2016 1070 2016 1070 2017 803 2017 1071 2017 805 2018 804 2018 1070 2018 804 2019 803 2019 1068 2019 803 2020 805 2020 1068 2020 1068 2021 805 2021 1070 2021 653 2022 652 2022 906 2022 521 2023 517 2023 516 2023 1032 2024 523 2024 915 2024 523 2025 884 2025 915 2025 508 2026 911 2026 507 2026 507 2027 911 2027 914 2027 507 2028 914 2028 518 2028 518 2029 914 2029 513 2029 510 2030 898 2030 912 2030 510 2031 912 2031 508 2031 907 2032 510 2032 914 2032 486 2033 507 2033 1074 2033 1074 2034 507 2034 1032 2034 903 2035 496 2035 900 2035 905 2036 501 2036 500 2036 501 2037 491 2037 1143 2037 1035 2038 636 2038 1036 2038 636 2039 639 2039 1036 2039 641 2040 637 2040 1035 2040 634 2041 742 2041 981 2041 981 2042 742 2042 982 2042 1148 2043 1147 2043 1146 2043 1148 2044 1150 2044 1147 2044 1149 2045 1151 2045 1148 2045 1148 2046 1151 2046 1150 2046 1151 2047 1149 2047 1152 2047 1154 2048 1153 2048 1150 2048 1150 2049 1155 2049 1154 2049 1150 2050 1156 2050 1155 2050 1151 2051 1156 2051 1150 2051 1151 2052 1157 2052 1158 2052 1158 2053 1157 2053 1159 2053 1159 2054 1157 2054 1160 2054 1160 2055 1157 2055 1153 2055 1157 2056 1168 2056 1167 2056 1157 2057 1151 2057 1168 2057 1157 2058 1161 2058 1153 2058 1157 2059 1162 2059 1161 2059 1162 2060 1148 2060 1161 2060 1162 2061 1149 2061 1148 2061 1163 2062 1149 2062 1162 2062 1164 2063 1163 2063 1162 2063 1166 2064 1164 2064 1162 2064 1162 2065 1157 2065 1166 2065 1161 2066 1148 2066 1166 2066 1166 2067 1148 2067 1164 2067 1164 2068 1148 2068 1163 2068 1148 2069 1165 2069 1163 2069 1148 2070 1146 2070 1165 2070 1165 2071 1146 2071 1169 2071 1169 2072 1146 2072 1163 2072 1165 2073 1161 2073 1166 2073 1161 2074 1165 2074 1153 2074 1167 2075 1152 2075 1166 2075 1157 2076 1167 2076 1166 2076 1151 2077 1152 2077 1168 2077 1152 2078 1169 2078 1163 2078 1167 2079 1165 2079 1152 2079 1163 2080 1165 2080 1166 2080 1152 2081 1163 2081 1166 2081 1153 2082 1165 2082 1167 2082 1169 2083 1150 2083 1165 2083 1165 2084 1150 2084 1152 2084 1169 2085 1147 2085 1150 2085 1147 2086 1169 2086 1149 2086 1149 2087 1169 2087 1152 2087 1146 2088 1147 2088 1149 2088 1163 2089 1146 2089 1149 2089 1152 2090 1150 2090 1168 2090 1150 2091 1153 2091 1168 2091 1168 2092 1153 2092 1167 2092 1155 2093 1159 2093 1160 2093 1155 313 1160 313 1154 313 1160 2094 1158 2094 1154 2094 1158 2095 1156 2095 1154 2095 1158 280 1159 280 1156 280 1153 2096 1158 2096 1160 2096 1151 2097 1158 2097 1153 2097 1156 2098 1159 2098 1155 2098 1154 2099 1151 2099 1153 2099 1156 2100 1151 2100 1154 2100 1172 2101 1171 2101 1170 2101 1172 2102 1174 2102 1171 2102 1173 2103 1175 2103 1172 2103 1172 2104 1175 2104 1174 2104 1175 2105 1173 2105 1176 2105 1188 2106 1174 2106 1177 2106 1178 2107 1177 2107 1174 2107 1174 2108 1179 2108 1178 2108 1174 2109 1175 2109 1179 2109 1181 2110 1180 2110 1177 2110 1180 2111 1175 2111 1182 2111 1183 2112 1186 2112 1177 2112 1177 2113 1173 2113 1183 2113 1180 2114 1173 2114 1177 2114 1183 2115 1173 2115 1172 2115 1185 2116 1184 2116 1173 2116 1173 2117 1180 2117 1185 2117 1183 2118 1172 2118 1185 2118 1185 2119 1172 2119 1184 2119 1172 2120 1186 2120 1184 2120 1172 2121 1170 2121 1186 2121 1186 2122 1170 2122 1174 2122 1174 2123 1170 2123 1184 2123 1182 2124 1176 2124 1187 2124 1180 2125 1182 2125 1187 2125 1180 2126 1187 2126 1185 2126 1187 2127 1186 2127 1185 2127 1187 2128 1176 2128 1184 2128 1176 2129 1174 2129 1184 2129 1177 2130 1186 2130 1176 2130 1184 2131 1186 2131 1187 2131 1182 2132 1177 2132 1176 2132 1176 2133 1186 2133 1175 2133 1186 2134 1188 2134 1175 2134 1186 2135 1174 2135 1188 2135 1173 2136 1174 2136 1176 2136 1171 2137 1174 2137 1173 2137 1170 2138 1171 2138 1173 2138 1184 2139 1170 2139 1173 2139 1175 2140 1188 2140 1182 2140 1188 2141 1177 2141 1182 2141 1186 2142 1183 2142 1185 2142 1189 2143 1177 2143 1190 2143 1179 2144 1181 2144 1177 2144 1179 2145 1177 2145 1189 2145 1190 2146 1181 2146 1189 2146 1181 2147 1175 2147 1189 2147 1189 2148 1175 2148 1178 2148 1178 2149 1179 2149 1189 2149 1180 2150 1181 2150 1190 2150 1178 2151 1180 2151 1190 2151 1190 2152 1177 2152 1178 2152 1175 2153 1181 2153 1179 2153 1175 2154 1180 2154 1178 2154 1192 2155 1191 2155 1193 2155 1192 2156 1193 2156 1191 2156 1194 2157 1196 2157 1195 2157 1194 2158 1195 2158 1196 2158 1198 2159 1197 2159 1199 2159 1198 2160 1199 2160 1197 2160 1200 2161 1208 2161 1202 2161 1202 2162 1208 2162 1201 2162 1202 2163 1201 2163 1209 2163 1202 2164 1209 2164 1203 2164 1206 2165 1202 2165 1203 2165 1203 2166 1200 2166 1204 2166 1203 2167 1204 2167 1205 2167 1207 2168 1206 2168 1203 2168 1207 2169 1203 2169 1205 2169 1201 2170 1206 2170 1207 2170 1205 2171 1208 2171 1207 2171 1201 2172 1207 2172 1209 2172 1208 2173 1209 2173 1207 2173 1208 2174 1205 2174 1201 2174 1206 2175 1201 2175 1205 2175 1204 2176 1206 2176 1205 2176 1200 2177 1206 2177 1204 2177 1200 2178 1202 2178 1206 2178 1208 2179 1203 2179 1209 2179 1208 2180 1200 2180 1203 2180 1211 2181 1218 2181 1210 2181 1218 2182 1212 2182 1210 2182 1218 2183 1219 2183 1212 2183 1214 2184 1213 2184 1212 2184 1211 2185 1214 2185 1212 2185 1214 2186 1211 2186 1210 2186 1214 2187 1210 2187 1215 2187 1215 2188 1210 2188 1212 2188 1213 2189 1215 2189 1212 2189 1216 2190 1213 2190 1214 2190 1216 2191 1214 2191 1215 2191 1216 2192 1217 2192 1213 2192 1218 2193 1216 2193 1215 2193 1215 2194 1219 2194 1218 2194 1217 2195 1219 2195 1215 2195 1219 2196 1211 2196 1212 2196 1219 2197 1216 2197 1211 2197 1211 2198 1216 2198 1218 2198 1219 2199 1217 2199 1216 2199 1217 2200 1215 2200 1213 2200 1220 2201 1228 2201 1222 2201 1222 2202 1228 2202 1221 2202 1222 2203 1221 2203 1229 2203 1222 2204 1229 2204 1223 2204 1226 2205 1222 2205 1223 2205 1223 2206 1220 2206 1224 2206 1223 2207 1224 2207 1225 2207 1227 2208 1226 2208 1223 2208 1227 2209 1223 2209 1225 2209 1221 2210 1226 2210 1227 2210 1225 2211 1228 2211 1227 2211 1221 2212 1227 2212 1229 2212 1228 2213 1229 2213 1227 2213 1228 2214 1225 2214 1221 2214 1226 2215 1221 2215 1225 2215 1224 2216 1226 2216 1225 2216 1220 2217 1226 2217 1224 2217 1220 2218 1222 2218 1226 2218 1228 2219 1223 2219 1229 2219 1228 2220 1220 2220 1223 2220 1231 2221 1238 2221 1230 2221 1238 2222 1232 2222 1230 2222 1238 2223 1239 2223 1232 2223 1234 2224 1233 2224 1232 2224 1231 2225 1234 2225 1232 2225 1234 2226 1231 2226 1230 2226 1234 2227 1230 2227 1235 2227 1235 2228 1230 2228 1232 2228 1233 2229 1235 2229 1232 2229 1236 2230 1233 2230 1234 2230 1236 2231 1234 2231 1235 2231 1236 2232 1237 2232 1233 2232 1238 2233 1236 2233 1235 2233 1235 2234 1239 2234 1238 2234 1237 2235 1239 2235 1235 2235 1239 2236 1231 2236 1232 2236 1239 2237 1236 2237 1231 2237 1231 2238 1236 2238 1238 2238 1239 2239 1237 2239 1236 2239 1237 2240 1235 2240 1233 2240 1241 2241 1242 2241 1240 2241 1242 2242 1241 2242 1240 2242</p>
        </triangles>
      </mesh>
    </geometry>
  </library_geometries>
  <library_visual_scenes>
    <visual_scene id="Scene" name="Scene">
      <node id="Motor" name="Motor" type="NODE">
        <matrix sid="transform">3.13916e-10 -0.001 4.37114e-11 -0.01686145 0 -4.37114e-11 -0.001 0.05088016 0.001 3.13916e-10 0 0 0 0 0 1</matrix>
        <instance_geometry url="#Motor-mesh" name="Motor"/>
      </node>
    </visual_scene>
  </library_visual_scenes>
  <scene>
    <instance_visual_scene url="#Scene"/>
  </scene>
</COLLADA>