<?xml version="1.0" encoding="utf-8"?>
<COLLADA xmlns="http://www.collada.org/2005/11/COLLADASchema" version="1.4.1" xmlns:xsi="http://www.w3.org/2001/XMLSchema-instance">
  <asset>
    <contributor>
      <author>Blender User</author>
      <authoring_tool>Blender 3.0.1</authoring_tool>
    </contributor>
    <created>2025-12-17T21:08:53</created>
    <modified>2025-12-17T21:08:53</modified>
    <unit name="meter" meter="1"/>
    <up_axis>Z_UP</up_axis>
  </asset>
  <library_images/>
  <library_geometries>
    <geometry id="Raspberry_Pi_4-Model_B-03-mesh" name="Raspberry_Pi_4-Model_B-03">
      <mesh>
        <source id="Raspberry_Pi_4-Model_B-03-mesh-positions">
          <float_array id="Raspberry_Pi_4-Model_B-03-mesh-positions-array" count="11484">-29.20535 -7.548171 0.7999977 -27.62878 -7.954243 -0.8000029 -27.97524 -8.115757 0.7999975 -28.60726 -7.426264 -0.8000028 -33.36181 -7.018306 0.7999979 -31.91659 -7.131046 -0.8000028 -30.96657 -7.118884 0.7999978 -33.23845 -8.000849 0.7999975 -33.55876 -7.614539 -0.8000029 -32.50733 -7.870188 -0.8000029 -30.87615 -8.00048 -0.8000029 -30.40351 -8.094663 0.7999975 -27.69039 -7.051425 -0.8000027 -32.14848 -23.87001 3.816376 3.668026 -23.62501 1.660941 3.668026 -23.37501 1.660941 5.556668 22.91 1.400008 2.806667 23.55001 1.400008 6.616668 23.55001 1.400008 -35.07501 -15.5 0.8333285 12.70133 -15.4 2.221063 13.03865 -17.39997 2.821789 -39.39213 0.1249992 2.305961 -39.44213 0.1249992 2.255961 -39.44213 -0.1250008 2.255961 -39.39213 -0.1250008 2.305961 29.33691 -7.672835 6.195688 -32.86192 1.33808 -2.191395 -33.19079 -3.42 -1.604982 -15.35086 -22.25816 3.24546 -33.58197 -3.77398 -2.250002 -2.245719 -29.19473 3.558815 -18.1 -23.85432 0.8644761 -38.47161 6.222827 2.100003 28.81535 4.971746 4.726156 -3.432204 -2.897454 1.422256 -3.451021 11.9311 1.552868 -38.47161 4.25 2.100002 -38.94214 4.125 1.683202 -38.94214 3.875 1.683202 20.4197 0.1238262 1.035714 -38.84173 -3.000001 2.411124 -32.85803 0.626025 -2.13 29.09296 5.549999 7.708611 28.9636 5.122531 7.964305 36.25622 -25.4497 1.198646 -2.5486 -26.40903 0.9249095 4.478198 7.201687 1.59515 -40.00001 -9.334288 1.553305 -17.91904 -24.09345 2.032989 -32.29877 -14.34876 1.594918 -33.37809 2.438076 -2.188605 20.15032 27.53315 0.7951524 18.60899 -21.27972 -0.7956485 -30.45154 -23.87001 3.817888 -28.79695 -23.42001 3.80361 16.14178 -23.41601 -0.7952712 15.35292 25.35398 0.7970543 16.12763 22.99247 0.7964664 -41.90299 -26.52239 0.7972462 40.81702 -25.45001 6.069179 40.80388 -25.65001 6.081415 16.67495 -22.44019 0.7951779 16.79207 -26.99225 -0.7948931 -37.85 5.77039 -2.189999 5.500001 -20.50001 0.785159 2.5 -21 0.6854521 16.79206 22.00776 -0.7960643 13.96802 0.2195528 0.8344831 -38.24163 -21.42317 -0.7953016 4.75132 -13.50001 5.189926 -41.32507 -22.44019 -0.7956078 15.25667 26.53223 3.30001 15.40556 26.60112 1.059469 13.17051 27.00645 0.8000095 -42.11555 25.67733 -0.7966583 -41.32507 22.44019 -0.7955099 -38.22214 -1.875001 1.593104 -38.24328 -1.875001 1.585708 -38.24328 -2.125001 1.585708 -38.22214 -2.125001 1.593103 -39.18668 27.93037 -0.797155 -30.25283 -3.207113 -0.8173382 -41.32507 -22.44019 0.7951779 -13.6229 -29.81397 1.146425 17.90779 21.01733 0.7975583 16.12763 -26.00755 0.7955177 16.32672 11.39369 1.796556 4.424132 -11.5 1.617803 3.678248 -16.50001 1.628359 -35.85419 -24.88197 0.7954757 -15.89997 -27.884 2.548583 -41.96299 23.37627 0.7954919 -41.05271 26.53678 0.792936 -37.03121 2.125 0.9459155 -37.34569 2.125 1.260383 -37.34569 1.875 1.260383 -37.03121 1.875 0.9459155 -38.60899 21.27972 0.7954836 -38.63676 -27.75407 0.7956727 -32.03879 -15.4329 1.595051 -42.10194 -25.72427 -0.7967657 16.52522 -3.800776 1.594983 -39.633 -27.8181 -0.7963558 -13.42728 -24.54676 2.769071 -23.51766 25.45776 -0.7999916 1.331827 -12.5 0.7729533 9.891036 23.30798 -0.7999922 4.424132 -13.5 1.617802 4.75132 -19.50001 5.189924 3.72213 -19.62501 1.593098 3.70317 -19.62501 1.605011 3.70317 -19.375 1.605011 3.72213 -19.375 1.593098 -39.25133 0.9999988 5.189932 -39.75661 7.125001 0.9459171 -39.75661 6.875001 0.9459171 -32.80767 -29.25368 2.379991 -14.8739 -23.77949 2.19831 -14.62085 -23.82933 2.651118 -34.43036 -29.20927 2.556823 -32.46896 -5.055264 -1.001439 -18.2899 -24.23522 1.860847 -18.94043 -23.11048 1.473984 4.138092 -11.96875 2.099997 4.44213 -12.625 1.683197 4.44213 -12.375 1.683197 -24.45742 25.43357 -0.7999916 -25.32898 23.10583 -0.7999924 12.80218 -2.135063 0.8299995 -29.87127 -4.358923 -2.139571 -39.25133 1.999999 5.189932 -32.97517 -4.761168 -2.173946 -32.86602 -4.158033 -2.130002 36.65001 -24.31126 0.7612357 31.58778 5.736286 5.083312 -38.26963 2 0.9602497 -37.82256 23.27459 0.7900079 -29.79233 -29.25369 2.379991 -39.44213 1.875 2.255961 -39.44213 2.125 2.255961 -39.44213 2.125 1.260383 -39.44213 1.875 1.260383 1.331827 -10.5 0.7729539 2.53121 -10.625 0.9459112 2.53121 -10.375 0.9459113 29.54478 -25.77719 12.89999 29.54478 -25.77433 5.099992 3.518737 -10.5 5.219369 45.35113 -24.74415 10.30123 40.73912 -24.92557 10.44999 40.76555 -25.15548 7.82695 45.33124 -24.22151 7.479749 4.89213 -10.625 2.305957 4.942131 -10.625 2.255957 4.942131 -10.375 2.255957 4.89213 -10.375 2.305957 -15.67687 -23.85697 2.242861 19.33291 -22.86977 0.7899923 17.77866 -23.65697 -0.7900081 -38.16552 6.875001 1.683203 -38.16552 7.125001 1.683203 -38.61017 7.036766 2.100003 15.68459 -3.65582 1.595109 31.38184 -25.44573 16.29353 36.90001 -25.44365 16.29269 -35.83183 6.000001 0.7729595 -37.03121 6.125001 0.9459168 -37.03121 5.875001 0.9459168 40.68898 -25.11086 10.09999 -25.09091 20.14297 1.066674 -25.11539 17.44425 1.257149 44.73528 -15.29176 16.1013 -21.95598 23.27419 0.8000082 -13.55501 -25.38175 1.867752 4.424133 -18.5 1.617801 16.41088 0.1826297 0.8320003 35.4 -12.17067 -2.734308 40.08678 -22.02001 13.28 -32.00001 -5.340001 -1.37737 45.50001 -13.69037 0.7609975 -14.01398 -25.51246 3.482514 30.00503 -7.336568 2.410183 14.96216 0.1761139 0.8285717 -16.14067 -26.36816 0.8836798 -27.50355 23.14401 0.8000081 -30.89591 23.58009 -0.7999922 4.761419 -18.00001 5.099995 4.89213 -18.37501 2.305954 4.89213 -18.62501 2.305954 2.845678 -22.62501 2.255953 2.845678 -22.37501 2.255953 2.845678 -22.37501 1.260375 2.845678 -22.62501 1.260375 4.75132 -14.50001 5.189926 29.90251 -2.150001 1.399999 31.3106 -1.714369 1.404118 -40.53932 -1.05 -0.9464327 18.84167 16.27 3.300006 20.46286 15.91429 0.8000056 -17.65713 -22.26259 3.247155 30.97001 -24.31904 0.7570362 34.66501 2.500001 -1.912631 -2.333889 -24.02601 2.729158 -40.53932 3.350001 -0.9464313 14.4715 10.62462 1.795262 -31.99616 -16.5436 1.596452 43.0192 14.24 11.51095 -1.715 -23.26125 2.488747 -1.11 23.23001 -2.341509 41.53524 -2.500005 12.96945 41.63636 -1.500005 13.20817 -1.885 -23.43024 2.364973 -31.02801 -18.57274 0.8299939 4.124763 10.74234 1.594766 -29.92617 -16 0.8324273 -32.33192 -17.42283 1.595613 45.92269 5.925038 11.39733 -14.04332 24.52633 0.8000087 -15.8394 25.98677 0.800009 15.92686 13.13846 0.827697 3.679283 -23.49711 2.329308 -38.92413 -4.000001 1.617795 31.46501 -2 -1.842633 41.74667 -13.68843 1.105029 36.65001 -13.56667 1.283329 -1.773904 -23.80735 2.21288 -1.485 -23.43024 2.364973 -39.00001 -1.500002 5.1 -38.17826 -7.000002 1.62835 -19.29619 26.19328 0.8000091 -21.48004 25.14843 0.8000088 -20.82867 25.59577 -0.7999916 -39.25133 -6.000003 5.18993 -39.25133 -5.000003 5.18993 14.81386 9.807151 1.795241 38.82534 0.525025 2.080029 14.71014 11.36978 1.794967 41.13061 -12.44475 12.52451 -31.55071 5.990002 -1.157429 -38.17826 -6.000002 1.628351 -25.82167 22.41 3.300009 -24.10751 22.1175 0.8000075 14.34763 -16.89376 3.966001 14.35 -17.35001 5.149995 -2.759995 22.26715 3.300008 -4.073334 21.94833 0.8000075 42.58081 -19.1546 13.28908 42.50227 -17.85 12.92867 -6.159602 -2.590403 1.833333 42.14195 -15.02001 12.79766 42.41017 -15.98001 4.770086 39.62253 -15.98001 4.779996 40.08678 -15.02001 4.779996 42.64418 -15.02 4.795139 -3.715001 -23.26125 2.488747 -15.3 -23.85432 0.8644922 -5.087194 -23.43437 3.424558 29.96501 3.000001 -1.922631 -19.49196 23.20588 0.8000081 2.845678 -10.625 1.260379 2.845678 -10.375 1.260379 21.15206 -1.418004 0.832051 -38.46365 5.990002 -1.303948 4.370777 5.844279 1.595216 31.70001 25.45489 -1.423561 4.34172 -10.5 2.411122 -35.20001 22.46001 1.169239 15.39157 22.31225 1.150008 -37.40311 1.875 2.313388 -37.40311 2.125 2.313388 -41.03684 -5.501685 -0.8540292 41.78572 1.099999 4.940001 41.90317 4.167459 4.943727 34.66501 -4.5 -1.912634 -4.157118 -22.26259 3.247157 45.83273 -0.9900074 1.91702 -38.17826 4 1.628354 -40.00001 -6.635423 0.8938004 -39.75661 -6.875002 0.9459125 -39.75661 -7.125002 0.9459124 44.93739 -12.55003 10.74674 31.46501 -4.5 -1.842634 -13.4 -27.40001 0.01614558 45.16697 23.88633 6.093781 42.12233 22.24938 6.34001 45.34695 23.9118 8.552281 32.57239 25.49571 1.260761 3.665519 -13.375 1.683197 3.665519 -13.625 1.683196 3.971605 -13.75 2.099996 -28.16 22.26715 3.300008 -29.05001 22.16 0.8000076 -20.16001 22.58801 3.300009 -18.89002 22.36001 0.8000077 -18.68922 21.6923 0.8000077 -13.98214 26.28223 -0.7999915 -31.633 -15.8797 1.595482 -14.23688 25.32555 -0.7999916 -39.39213 4.125 2.305962 -39.39213 3.875 2.305962 -39.75661 4.125 0.9459162 -39.75661 3.875 0.9459161 31.46501 2.500001 -1.842631 3.563819 26.19328 0.8000091 5.256598 -11.375 0.9459109 4.942131 -11.375 1.260379 4.942131 -11.625 1.260379 5.256598 -11.625 0.9459108 -38.01914 4 5.218649 -4.285001 -23.43024 2.364973 -35.83183 4.000001 0.772959 -38.84173 4 2.411127 3.921392 26.37048 -0.7999915 1.331827 -9.500002 0.7729542 -29.64815 -2.662043 -1.195834 -30.1462 -3.922228 -0.8521227 42.85718 -12.64624 10.47164 43.00134 -12.59725 7.906665 32.57815 9.708751 1.270382 14.43158 -16.15715 0.9629582 -2.285001 -23.43024 2.364973 46.43671 -26.02301 10.54695 -37.76218 1.999999 5.100613 -37.40311 3.125 2.313389 -37.40311 2.875 2.313389 -39.25133 7.000001 5.189934 42.41146 -22.98004 4.766052 11.98935 -25.66732 0.7999916 -39.44213 4.875 2.255962 -39.44213 5.125 2.255962 -39.44213 5.125001 1.260384 -39.44213 4.875001 1.260384 -29.67801 2.920001 -2.228177 -29.78038 2.916112 -2.130497 -4.16511 25.52508 -0.7999916 2.845678 -11.625 1.260379 2.845678 -11.375 1.260379 2.845678 -11.375 2.255957 2.845678 -11.625 2.255957 -4.115001 -23.49526 2.291182 -3.885001 -23.43024 2.364973 -38.84173 -5.000002 2.411123 3.519136 -20.50001 5.218623 -39.19607 6.333334 5.100003 -39.39213 5.875 2.305963 -39.39213 6.125001 2.305963 31.45501 -22.77501 1.349993 30.94334 -21.66787 1.349993 15.25 24.50001 3.300009 1.36154 24.34263 -0.7999921 -38.63809 2.5 2.100001 -38.94214 2.125 1.683202 -38.94214 1.875 1.683202 4.34172 -12.5 2.411121 -34.73726 23.30373 -0.7999923 0.8509919 25.5232 0.8000089 36.07 0.2499992 2.250001 36 -2.250001 2.3 38.39802 -2.235532 1.819232 38.39352 0.2359216 1.826349 4.34172 -20.50001 2.411118 -11.70457 26.18724 -0.7999914 -34.02925 -2.303333 -2.250001 -34.02925 -2.336666 -2.130002 -11.50845 25.26917 0.8000088 -12.86488 25.62398 -0.7999916 -29.89212 -21.9275 0.820129 -6.101856 -22.29073 3.473824 -6.156093 -29.82987 3.614542 36.90007 -24.8694 15.38324 43.50295 5.249999 5.855449 -20.34041 11.59041 1.833337 -3.715001 -23.49526 2.291182 -3.485001 -23.43024 2.364973 15.74282 11.27186 1.794728 3.72213 -12.625 1.5931 3.72213 -12.375 1.5931 17.62139 -25.08528 0.7899917 -15.385 -23.43024 2.364973 45.18428 -12.54753 15.87995 45.50001 -12.74356 15.94221 4.529172 8.143264 1.594607 8.65801 -27.81668 5.76792 -26.60652 23.82467 0.8000083 -28.20898 23.30798 -0.7999922 -9.006729 26.25076 0.8000091 -8.705219 26.38576 -0.7999914 45.8656 -22.07046 16.22945 -29.60877 23.34454 0.8000082 -29.47688 22.78554 -0.7999927 -27.21723 -26.50005 1.154976 -30.80001 -23.34731 0.8319944 42.43281 -22.97998 12.87241 -26.97668 -26.83144 0.03143084 12.84585 -19.16495 1.369035 -35.69467 -24.90135 -0.7955642 -33.57808 -0.8619173 -2.188606 -33.19079 0.980001 -1.604981 -26.78674 26.25076 0.8000091 -27.98083 25.93059 -0.7999915 17.42038 16.64143 -0.7999946 -26.81812 25.23631 -0.7999916 30.94334 -16.75001 1.349994 32.69001 -16.75001 1.349994 30.07001 -19.00001 1.349995 32.69001 -19.00001 1.349995 45.51545 -12.7639 7.528955 12.71971 -30.28912 5.5135 45.62587 -12.70663 10.69783 41.65646 0.4999958 13.06069 -1.4 -23.85432 0.8644907 -23.05693 25.57708 0.8000088 -21.94511 25.52507 -0.7999916 -21.60215 26.28223 -0.7999915 -17.34531 -24.08231 2.096095 -40.54183 3.010001 -0.9436906 20.22417 18.2004 0.8000062 19.71125 16.97547 -0.7999945 18.84207 17.02733 0.800006 20.44215 16.57779 -0.7999947 2.53121 -18.625 0.9459085 2.845678 -18.625 1.260376 2.845678 -18.375 1.260376 2.53121 -18.375 0.9459086 33.16501 -3 -1.922634 -4.809203 25.92566 0.8000089 -39.25133 -3.000002 5.189931 19.92417 -25.73189 0.7899916 18.73944 -26.10559 -0.790009 40.48001 -24.94869 0.531413 -3.217877 -24.10298 1.956438 -3.526334 -24.20989 1.98869 2.903104 -22.37501 2.31338 2.903104 -22.62501 2.31338 41.82438 -0.7500048 13.44 41.82438 1.624996 13.44 19.85634 -8.136494 0.8340405 38.01015 -7.386134 2.359016 37.32827 -7.145134 2.29224 29.96501 -3 -1.922634 -38.0476 27.69721 0.7972677 -38.17826 6.000001 1.628355 -30.27932 1.862945 -0.8383504 -6.596188 23.65328 0.8000083 -7.89026 23.31189 -0.7999922 -33.31212 -2.879962 -2.166925 20.10705 20.19356 0.800007 -10.30973 23.19355 0.8000078 -9.166096 22.77615 -0.7999927 21.29668 18.455 1.086963 19.446 19.95001 1.400007 19.58167 20.495 3.300008 20.11001 18.17 3.300007 4.942131 -22.37501 1.260375 4.942131 -22.62501 1.260375 4.942131 -22.62501 2.255953 4.942131 -22.37501 2.255953 -35.90001 13.98463 1.200005 29.54478 -12.22283 12.9 19.07216 19.80269 -0.7999936 -35.43347 -21.81757 1.843084 36.50969 -25.58131 1.599892 17.42038 19.18143 -0.7999938 -15.785 -23.43024 2.364973 -16.07687 -23.85697 2.242861 20.64615 20.13049 -0.7999934 -31.80001 -23.34731 0.8319944 3.655194 22.68498 -0.7999926 -34.03896 25.20696 0.8000088 -37.27792 0.4300006 -1.137143 -5.928573 -29.66134 3.379945 1.331827 -15.5 0.7729522 3.563815 23.65328 0.8000083 2.285221 23.3016 -0.7999922 -38.92413 -1.000001 1.617796 -37.40311 -2.875001 2.313386 -37.40311 -3.125001 2.313386 -34.65083 26.09941 0.8000091 -35.5283 25.24216 -0.7975917 -6.825002 22.91 1.400008 -8.095003 23.55001 1.400008 -6.510002 23.12333 3.300009 13.09121 -30.32746 6.457561 14.22121 -27.81177 5.891792 -18.00001 26.64144 3.30001 -18.46668 27.05168 0.8000094 -27.34005 -29.50001 1.262068 -16.71602 -24.1166 1.973206 -17.11602 -24.1166 1.973206 -14.16895 -24.97501 0.8158319 14.63986 -27.30001 6.092678 13.74277 -24.09341 6.309235 -40.50864 24.80925 0.7900086 -39.28958 25.8954 -0.7899915 -40.50219 23.99773 -0.7899924 -39.39213 -1.875001 2.30596 -39.39213 -2.125001 2.30596 -38.26963 -2.000001 0.9602485 -33.90351 4.948336 -2.249999 -33.57398 -4.158029 -2.250002 -33.47027 -3.96375 -2.130002 39.89299 12.61128 1.141548 -15.74572 -29.19473 3.558815 -15.76191 -26.69964 3.399992 -39.4902 0.9053034 -2.13 -29.66208 0.9858512 -1.176413 -38.84173 5 2.411128 -39.25133 5 5.189933 -5.901606 -25.33621 1.689154 -3.763755 -29.19773 3.399991 29.92001 -17.72501 1.349994 30.07001 -18 -2.12871 -29.65365 -4.255001 -0.8287206 45.24401 -13.92846 1.657388 40.88245 -14.91943 1.460455 -5.750002 -3.000001 1.133332 -20.75001 -3.000001 1.133332 -16.10001 -27.88412 1.951403 -39.25133 -2.000002 5.189931 3.72213 -9.625003 1.593101 3.72213 -9.375003 1.593101 -27.13174 -29.50001 1.004507 14.15478 22.61425 0.8000079 -5.920019 -24.92625 1.78762 13.64502 22.83409 -0.7999927 -13.12166 22.41 3.300009 -14.23333 21.94833 0.8000075 -9.153337 21.94833 0.8000075 17.16401 -3.685083 1.595222 -29.85702 -4.361183 -2.263463 31.45668 -0.2535417 1.399721 30.92001 23.31653 -1.248992 31.19618 23.71375 0.9005118 31.23554 22.64217 1.120505 -16.585 -23.43024 2.364973 -32.02458 25.35278 0.8000088 -32.10511 25.52508 -0.7999916 -17.615 -23.49526 2.291182 34.07126 -0.1395087 1.397191 33.16501 -0.9999999 -1.922633 -0.8334103 -22.61506 1.263002 -34.87295 4.634033 -2.249999 -34.86096 4.622045 -2.129999 32.69001 -22.50001 -2.12871 -40.54183 -2.49 -0.9436924 -4.413144 -22.62131 0.8265978 -38.26963 -1 0.9602485 3.72213 -23.62501 1.593096 3.743267 -23.62501 1.5857 3.743267 -23.37501 1.5857 3.72213 -23.37501 1.593096 -15.64708 -25.3984 3.523206 -19.40162 -25.33621 1.689162 -19.57823 -24.54599 2.767385 -17.0337 -23.77295 3.503874 -4.704319 -28.35786 0.7674909 15.59974 10.26927 1.796686 29.84001 -3.250001 1.399999 45.48526 24.07377 3.971821 -38.84173 -7.68535e-7 2.411125 -38.01914 -1.000002 5.218646 14.90071 8.92076 1.79546 5.500001 -25.80245 1.5533 4.632063 -25.62985 1.905721 -3.213144 -22.62131 0.8265981 17.5318 20.22387 -0.7999934 17.13295 19.82922 0.8000072 -27.46334 22.91 1.400008 -26.40334 23.55001 1.400008 -26.51001 24.50001 3.300009 45.18637 11.12425 8.694637 45.32987 11.15494 6.160213 -2.515001 -23.26125 2.488747 -35.83198 -3.000001 0.7729565 42.59315 19.94 11.50358 42.35249 19.34 11.45187 17.46693 13.16 0.8375047 -13.57233 -29.6614 3.380793 -13.39031 -22.29183 3.460349 -19.62983 -26.5577 2.168613 2.845678 -15.625 1.260377 2.845678 -15.375 1.260377 2.845678 -15.375 2.255955 2.845678 -15.625 2.255955 -38.22214 -0.8750007 1.593104 -38.22214 -1.125001 1.593104 31.96001 20.60153 1.150007 34.48751 21.36922 1.149926 32.42 14.36515 1.150005 32.15715 14.46723 -0.1585405 4.364382 -16.62501 1.585703 4.424132 -16.5 1.617799 4.364382 -16.375 1.585703 -28.81159 26.27086 0.8000092 -37.34569 0.1249992 2.255961 -37.40311 0.1249992 2.313388 -37.40311 -0.1250008 2.313388 -37.34569 -0.1250008 2.255961 -3.124066 23.40634 -0.7999923 10.00202 -30.3359 1.220286 -32.51703 -18.5762 0.8347765 14.41887 13.15652 0.8367394 -39.26142 -0.5000018 5.100002 2.386983 23.20118 0.8000079 -11.16333 26.09001 1.400009 -11.59 25.45001 1.400009 -13.91667 25.45001 1.400009 -13.49 26.09001 1.400009 -33.2341 25.76846 0.800009 -31.76215 26.28223 -0.7999915 0.2793032 -28.23783 2.170128 -0.02404046 -28.2468 2.173133 12.79638 8.250002 0.8342887 -38.26963 -2.39001e-7 0.9602491 -17.215 -23.49526 2.291182 16.15196 -4.255533 1.595245 -15.99316 -24.85693 0.8128958 38.48496 -5.000006 13.44 41.5449 -5.000005 12.97189 36.93083 -3.250002 13.4612 -31.00001 -13.42258 0.8333291 35.6 20.51 8.625739 35.55303 20.55 7.047694 -5.233018 23.20118 0.8000079 2.5 -7.197554 1.553307 -39.39213 -1.125001 2.30596 -39.44213 -1.125001 2.25596 -39.44213 -0.875001 2.25596 -39.39213 -0.875001 2.30596 3.519137 -18.50001 5.218625 -11.5781 23.76371 0.8000082 -12.42162 23.53932 -0.7999923 -4.789902 -24.23522 1.860847 3.519136 -21.50001 5.218622 -32.87389 2.679923 -2.13 -17.27184 -25.81905 1.914928 -4.056187 23.65328 0.8000083 -14.29741 22.89357 -0.7999926 -5.440424 -23.11048 1.47399 -38.50001 -9.520007 4.749999 -38.5 -10.3 4.399999 -29.94668 -17.77273 1.069225 -25.6548 23.15841 0.8000078 16.75221 9.938386 1.795201 42.41018 -20.48001 13.27009 -23.36805 23.25413 0.8000081 -26.88124 25.31577 0.8000088 -35.61668 -26.83144 0.03143084 3.519141 -14.50001 5.218628 -38.92413 -7.000002 1.617793 3.769621 -21.50001 0.9602413 1.331827 -21.50001 0.7729502 18.85903 -8.102208 0.8266646 2.903104 -21.37501 2.31338 2.903104 -21.62501 2.31338 42.80833 13.82 11.48548 -38.01914 -1.84662e-6 5.218646 3.016667 22.91 1.400008 2.700001 22.58801 3.300009 -18.51877 22.77577 -0.7999927 14.68508 8.343405 1.794785 -30.37677 4.669917 -0.9110433 -15.88344 22.84889 0.8000079 -16.52205 24.60819 0.8000083 -15.72876 23.33108 -0.7999924 -17.32452 23.23526 0.8000079 4.942131 -17.37501 2.255955 4.942131 -17.62501 2.255955 4.942131 -17.625 1.260377 4.942131 -17.375 1.260377 -28.49501 -23.20814 0.8275511 41.60809 1.999996 12.85682 -37.76218 -2.500002 5.100611 -37.97214 -2.548078 2.099999 45.63482 -25.30865 10.70689 16.39204 26.30016 -0.7961025 -29.21201 -21.92662 0.8199095 -28.50572 -22.02486 0.8314749 2.53121 -17.375 0.9459089 2.845678 -17.375 1.260377 2.845678 -17.625 1.260377 2.53121 -17.625 0.9459088 3.765519 -16.375 1.583196 4.34213 -16.375 1.583196 4.34213 -16.62501 1.583195 3.765519 -16.62501 1.583195 -33.19476 2.080001 -1.610875 14.4521 25.26091 -0.7999916 14.43962 26.21858 -0.7999914 -18.066 22.91 1.400008 -16.24334 23.55001 1.400008 -16.35001 24.50001 3.300009 -15.66166 22.41 3.300009 4.89213 -17.62501 2.305955 4.89213 -17.37501 2.305955 -35.07501 -17.00001 0.8328713 -35.2927 -21.83055 3.498641 8.463531 -30.34495 3.312468 9.39739 -27.85834 0.8972693 6.103816 23.65328 0.8000083 6.337853 23.74222 -0.7999922 3.665519 -15.625 1.683196 3.665519 -15.375 1.683196 -5.350258 23.31189 -0.7999922 -27.01889 -29.50001 3.771104 -35.37738 -29.50001 3.372716 14.61445 11.93755 1.79507 -1.689008 25.5232 0.8000089 -14.9 -23.85432 0.864491 -16.47687 -23.85697 2.242861 -16.185 -23.43024 2.364973 -38.01876 2.999999 5.219384 1.331827 -23.50001 0.7729495 2.845678 -17.37501 2.255955 2.845678 -17.62501 2.255955 4.424133 -15.5 1.617802 7.466984 23.20118 0.8000079 -2.013143 -22.62131 0.8265979 12.79122 11.51571 0.8360041 -31.80001 -21.98533 0.8275386 -27.50858 26.38274 3.30001 -30.0095 27.00645 0.8000094 15 -27.23078 1.188452 14.69154 -25.0274 0.1101183 45.50001 -25.61579 0.775813 4.364382 -19.62501 1.585702 4.424133 -19.5 1.617799 4.364382 -19.375 1.585702 -38.22214 1.125 1.593105 -38.22214 0.8749997 1.593104 44.15622 1.147305 7.500002 43.84507 -3.154611 7.5 43.6895 1.147305 7.500002 1.331976 -13.5 0.7729529 -27.17377 -21.85822 3.396085 1.668431 26.27086 0.8000092 3.472144 -12.95193 2.099996 3.665519 -12.375 1.683197 3.665519 -12.625 1.683197 40.63001 -25.46229 1.525426 -0.6222767 25.53735 0.8000089 -0.8482787 24.54595 -0.799992 8.623127 22.78555 -0.7999927 9.296525 -30.243 4.216035 9.509765 -23.80001 2.9954 -37.27792 2.630001 -1.132631 41.68536 -3.500767 4.924846 41.88899 -1.250002 4.940001 -2.061429 24.31 3.300009 -2.108572 26.38274 3.30001 0.986 24.025 3.300009 20.27001 19.63 9.241523 20.30629 19.37561 -2.263865 20.23372 19.8844 -2.263862 -0.07750022 26.65251 3.30001 0.16 26.84001 0.8000094 -39.39213 2.125 2.305961 -39.39213 1.875 2.305961 -17.63218 -24.14791 1.938026 17.57998 24.97611 0.7900087 17.60921 23.83872 -0.7899924 -34.33125 -23.33554 0.8371959 3.679284 -14.49709 2.32931 42.14194 -19.52001 4.297654 41.84322 -20.48001 4.431176 42.41017 -20.48001 4.770083 3.679283 -11.49709 2.329313 -38.01914 -7.000003 5.218643 40.55195 -27.89003 0.7999908 41.92955 -27.30967 -0.8000095 -14.815 -23.26125 2.488747 -21.43001 24.50001 3.300009 -23.01667 25.45001 3.300009 19.46286 22.90179 0.7900081 -38.25283 -25.79803 0.7899915 -38.71043 -25.8954 -0.7900089 6.246188 -10.5 0.7729539 -17.48889 -24.99553 3.580842 -38.01914 1.999999 5.218648 -16.56969 -24.95983 0.8663945 11.55372 22.97561 9.163882 11.62629 23.4844 9.163886 -23.28167 22.41 3.300009 31.70001 9.745126 -1.423567 -8.128046 25.79412 0.800009 -38.24328 -2.875001 1.585707 -38.26552 -2.875001 1.5832 -38.26552 -3.125001 1.5832 -38.24328 -3.125001 1.585707 11.06917 23.5594 0.8000084 11.16313 22.78554 -0.7999927 4.341719 -19.50001 2.411121 -41.00001 -5.867772 -2.215034 13.72382 23.65328 0.8000083 14.29295 23.79356 -0.7999922 -3.048664 25.59577 -0.7999916 3.769621 -19.5 0.9602413 16.10515 10.1219 1.794563 13.13143 26.38274 3.30001 -5.77833 25.37523 -0.7999916 -3.41157 26.27086 0.8000092 -3.404553 25.19406 0.8000088 34.82534 12.74897 1.184815 -38.26963 -6.000002 0.9602471 -40.56354 -24.75337 0.7899919 -40.50864 -24.80925 -0.7900086 -6.165217 26.38576 -0.7999914 -9.101234 25.31577 0.8000088 -10.15283 25.94392 -0.7999916 -7.433604 25.88665 -0.7999916 -40.54152 -5.556424 -0.8447002 -33.45145 -26.53144 0.9499912 -40.74618 -7.000002 0.7729551 -6.76901 25.5232 0.8000089 -5.290343 -26.68785 3.701288 -23.70028 22.66132 -0.7999926 -18.89001 25.77 9.241527 -38.17826 2 1.628354 -38.22214 2.125 1.593105 -38.22214 1.875 1.593105 -0.07232719 -29.6614 3.380794 0.1096923 -22.29183 3.460352 8.361308 -27.30001 6.093495 8.135318 -23.90001 -0.7042062 -33.07397 23.05708 0.8000077 -32.07742 22.89357 -0.7999926 -21.25858 22.63808 0.8000079 -22.23618 23.10346 -0.7999923 34.18286 -2.395316 1.405672 45.93942 5.70769 7.010828 29.07135 5.395712 9.886374 9.311727 24.54595 -0.799992 9.297142 26.24091 -0.7999915 11.15544 26.18724 -0.7999914 -13.71349 23.82466 -0.7999922 -10.7484 23.63173 -0.7999922 12.11594 25.94633 -0.7999915 41.63002 -6.243556 4.924789 41.62411 -6.713473 4.25012 6.246188 -15.5 0.7729522 -37.84969 -21.46687 0.795493 9.516575 25.3889 0.8000088 -20.96086 22.87781 -0.7999926 8.992497 24.19381 0.8000082 -13.40382 25.34673 0.8000089 -29.60876 25.88454 0.800009 5.994894 22.98508 -0.7999926 4.495934 23.40635 -0.7999923 -34.73196 23.20588 0.8000081 -11.50844 22.72916 0.8000079 -13.71348 22.63535 0.8000079 11.03125 25.88454 0.800009 11.56665 25.18384 -0.7999916 -37.45266 21.55178 -0.7957377 -10.71125 25.65547 0.8000089 7.11134 23.05578 -0.7999926 -35.85419 24.11805 0.7959544 -11.09784 22.7178 -0.7999927 -33.82039 26.21858 -0.7999915 -33.75878 23.68425 0.8000083 -9.136189 23.65328 0.8000083 -17.54454 -27.36042 1.099991 -28.74191 22.6963 0.8000079 11.671 24.86362 0.8000087 -17.3 -23.85432 0.8644981 4.138092 -9.981063 2.099997 3.472144 -10.91667 2.099997 -21.23911 23.8014 0.8000082 -30.98805 23.25413 0.8000081 -39.19607 1.333332 5.100003 -39.39213 0.8749995 2.305961 -39.39213 1.125 2.305961 14.07947 24.87044 0.8000087 9.651964 23.25413 0.8000081 13.55028 25.91289 -0.7999915 8.426898 25.77 -0.7999915 -3.822141 26.28223 -0.7999915 -29.48458 26.18724 -0.7999914 -40.42501 6.30311 5.690003 -39.74201 11.316 5.558894 -34.14926 24.66432 -0.799992 -32.05657 23.61112 0.8000084 -7.77302 23.20118 0.8000079 -15.88085 25.4178 -0.7999916 -29.94125 -7.385474 -0.8000028 -39.75661 -5.875001 0.9459127 -39.75661 -6.125002 0.9459127 4.930859 25.56852 -0.7999916 -19.83426 23.38203 -0.7999922 -33.75878 22.77577 -0.7999926 -29.07336 25.18384 -0.7999916 -30.98867 25.59578 -0.7999916 -40.54183 -4.690001 -0.9436927 -6.56615 22.72953 -0.7999927 11.75295 22.66645 0.8000079 12.17472 23.27747 -0.7999923 6.075435 26.18724 -0.7999914 1.25786 26.28223 -0.7999915 3.72213 -16.62501 1.593098 3.72213 -16.375 1.593099 -1.733104 25.77 -0.7999915 14.61626 23.0247 -0.7999925 8.953496 26.36467 0.8000092 6.103819 26.19328 0.8000091 -5.951571 26.27086 0.8000092 41.69156 -6.734808 5.629205 -3.964807 22.68498 -0.7999926 -28.7419 25.23631 0.8000088 -38.3081 4.996935 -2.191332 -25.95716 25.81536 -0.7999915 -21.06553 26.18143 0.8000091 -31.13765 22.91778 -0.7999926 6.978531 26.03923 0.8000091 -1.516186 23.65328 0.8000083 22.03104 22.90919 -0.7953925 -19.46973 25.91289 -0.7999915 4.926984 23.20117 0.8000079 -24.40459 25.35278 0.8000088 17.82651 16.49534 0.8000058 14.39218 -15.85001 6.509989 -0.862862 26.24091 -0.7999915 -0.8715694 26.27086 0.8000092 17.48766 18.34997 0.8000062 20.44215 19.11779 -0.7999938 20.64616 17.59048 -0.7999943 1.115194 22.68498 -0.7999926 40.05958 11.45792 0.898494 -26.93688 22.78554 -0.7999927 4.942131 -12.625 1.260378 5.256598 -12.625 0.9459105 5.256598 -12.375 0.9459106 4.942131 -12.375 1.260378 -25.1091 9.276295 1.06667 -1.625108 22.98508 -0.7999926 -40.74619 -1 0.7729567 37.74773 -25.60759 4.964114 7.094719 25.81748 -0.7999915 -39.4902 0.9053037 -2.25 -39.4902 -1.794697 -2.190001 -23.8735 26.36467 -0.7999915 20.87501 17.23913 0.8000062 18.23019 16.82749 -0.7999946 -18.58038 26.21858 -0.7999915 41.80968 27.42954 -0.7999911 20.15032 27.53315 -0.7948558 -24.43657 23.61112 0.8000084 40.69715 27.83907 0.8000097 -16.81846 25.47293 -0.7999916 -18.5679 25.26091 -0.7999916 19.75837 -21.42317 0.7953263 -0.6689515 -24.97501 0.8158307 -32.41529 -7.54748 0.7999978 3.339035 5.854631 1.595215 1.023814 23.65328 0.8000083 21.96299 -23.37628 -0.7942938 33.16501 3.000001 -1.922631 21.1014 -26.87197 -0.794176 -27.53148 -7.230779 0.7999978 -0.1530184 23.20118 0.8000079 -41.00001 6.022693 -2.221059 -2.693018 23.20118 0.8000079 -17.36041 23.12673 -0.7999923 -0.5086624 23.05578 -0.7999926 2.472674 25.77637 0.800009 -18.93862 25.16954 0.8000088 3.501549 25.47293 -0.7999916 2.031337 25.59577 -0.7999916 -16.75619 26.19328 0.8000091 -18.37941 25.98678 0.800009 -18.51878 23.68425 0.8000083 41.68357 -6.252078 13.43036 -13.43878 23.68425 0.8000083 42.01988 -22.87225 15.68803 -35.83183 -5.000001 0.7729557 -3.800001 -24.29976 2.474992 4.571959 25.79412 0.800009 6.534786 25.15426 0.8000088 -16.39862 26.37049 -0.7999915 -13.76139 26.37048 0.8000092 40.20117 2.802342 1.516803 -37.00001 -6.000001 0.977163 -37.03121 -6.125002 0.9459127 -37.03121 -5.875001 0.9459127 -16.59717 22.75912 -0.7999927 -38.26552 0.8749997 1.583201 -38.84214 0.8749997 1.583201 -38.84214 1.125 1.583202 -38.26552 1.125 1.583202 -42.11253 26.85253 0.8000093 8.629359 -15.85001 6.519354 -2.176867 -23.85697 2.242861 28.75821 -7.062139 7.886839 0.1074963 -24.87038 2.13686 -38.94214 -6.125002 1.683199 -38.94214 -5.875002 1.683199 -38.84173 -6.000002 2.411123 -11.5781 26.30371 0.8000092 -35.83183 -6.000001 0.7729554 4.424132 -21.50001 1.6178 3.971605 -22.72284 2.099993 4.44213 -22.62501 1.683193 4.44213 -22.37501 1.683193 13.10506 25.90856 0.800009 -40.74618 -2.60897e-7 0.7729575 15.33848 8.313344 1.794888 -14.985 -23.43024 2.364973 -15.11315 -22.62131 0.8265984 19.82413 25.80095 0.7900089 19.46286 26.09822 -0.7899914 -17.50001 -27.88403 1.951441 6.246188 -9.500002 0.7729542 -30.98805 25.79412 0.800009 6.246188 -16.5 0.772952 -37.40311 3.875 2.313389 -37.34569 3.875 2.255962 -37.34569 4.125 2.255962 -37.40311 4.125 2.313389 36.92438 0.9999939 13.44059 38.48496 1.999996 13.44 12.70546 -23.0965 5.153387 12.59825 -23.10922 2.494731 2.5 -20.50001 0.9771566 2.53121 -20.37501 0.9459079 2.53121 -20.625 0.9459078 -3.085001 -23.43024 2.364973 -3.315001 -23.26125 2.488747 31.25078 12.42677 0.9859253 -24.1808 26.26757 0.8000092 -25.90805 25.79412 0.800009 17.5318 17.68387 -0.7999944 -6.100002 -27.40001 0.01614558 -40.74618 -3.000001 0.7729565 22.14969 23.72366 0.7947305 20.79084 19.30061 0.8000068 3.678249 -13.5 1.628361 3.769621 -22.50001 0.9602409 6.246188 -22.50001 0.7729499 -35.83183 -7.000002 0.7729551 17.15802 20.60349 1.000007 17.62333 19.95001 3.300008 -17.11315 -22.62129 0.8265838 42.39004 26.05196 0.800009 39.03932 5.402108 14.73047 42.33908 -26.19717 0.7999914 19.3744 -27.5836 0.7942767 22.30534 -24.90136 0.7940459 33.16501 1.000001 -1.922632 34.29001 1.996302 1.409422 2.903104 -15.625 2.313382 2.903104 -15.375 2.313382 29.96501 1.000001 -1.922632 -6.124616 -22.32285 2.268294 -38.26963 -5.000001 0.9602474 3.686051 -21.50001 1.619823 1.707933 7.017269 1.594792 -30.13674 2.432271 -0.8500714 -35.29713 25.49925 3.300009 -35.15317 24.73751 1.243487 -37.82256 -23.27459 -0.7900079 -38.13034 -23.12543 0.7899923 -37.3764 24.02959 -0.7899926 -6.100002 -24.0375 0.02317404 3.769621 -20.50001 0.9602416 -37.00001 -3.000001 0.9771637 -37.03121 -3.125001 0.9459137 -37.03121 -2.875001 0.9459138 20.31601 -23.59163 -0.790008 -38.01914 -5.000003 5.218645 0.1 -24.0375 0.02317404 19.94873 23.3411 -0.7899925 -4.406181 -23.36571 3.331661 15.73923 9.341021 1.794982 -39.25133 -4.000003 5.189931 -34.07706 0.2457274 -2.130001 29.86429 9.794535 1.383337 3.765519 -22.37501 1.583194 4.34213 -22.37501 1.583194 4.34213 -22.62501 1.583194 3.765519 -22.62501 1.583194 4.44213 -18.375 1.683195 4.44213 -18.62501 1.683195 4.341719 -18.50001 2.41112 1.331827 -18.5 0.7729513 -18.45439 -28.54874 3.414145 -37.97214 -4.583335 2.099999 -38.16552 -5.125002 1.683199 -38.16552 -4.875001 1.683199 -25.19127 8.44839 2.423567 2.53121 -22.62501 0.9459071 2.53121 -22.37501 0.9459072 -4.406217 -27.8803 1.946424 -29.90129 2.952937 -0.8497357 -38.24328 6.125001 1.58571 -38.26552 6.125001 1.583203 -38.26552 5.875001 1.583203 -38.24328 5.875001 1.58571 45.16896 -25.64201 11.02436 44.9344 -25.51758 10.70488 45.9297 4.599544 16.65541 -38.26963 6.000001 0.9602511 -38.01914 6.000001 5.218647 -37.40311 5.875 2.31339 -37.76218 6.500001 5.100614 -37.40311 6.125001 2.31339 -14.71315 -22.62131 0.8265981 -34.27273 -18.55335 1.05384 -33.57398 1.341973 -2.25 15.95122 6.869092 0.8327899 17.57465 -4.112212 1.595024 3.665519 -22.62501 1.683193 3.665519 -22.37501 1.683193 -26.9748 -26.61614 2.35885 34.08168 2.75148 1.399952 34.24539 3.485486 1.323388 -25.22539 20.97772 2.432997 -40.54183 -0.2899997 -0.943692 42.41146 -22.98004 13.26605 42.64798 -22.02236 13.28054 41.91364 -22.01882 12.92821 -5.123313 -23.64979 3.703777 -37.34569 6.125001 1.260385 -37.34569 5.875001 1.260384 -26.98334 -28.26857 0.03143143 36.90001 -25.40677 16.04686 12.83088 -4.781193 0.832607 -5.750002 12 1.100004 -20.75001 12 1.133337 -20.12501 -2.375001 1.297691 -38.01914 -2.000002 5.218645 3.678248 -12.5 1.628362 -35.48657 -29.50001 1.00096 -35.25063 -28.60001 1.103613 -6.159602 11.5904 1.800004 -7.460345 10.28729 2.67565 -19.77363 -2.032354 1.98132 -33.31212 3.72004 -2.170587 3.51874 -19.50001 5.219368 -39.70481 -4.705204 -2.189018 0.1 -27.40001 0.01614558 -3.600002 -27.88394 1.951397 -36.12369 5.949366 -1.280578 10.9614 -25.67056 0.7999916 8.000002 -27.16155 1.119221 8.279722 -24.90001 0.04835343 8.350005 -27.23078 1.188452 -19.01882 10.27833 2.692277 -18.70156 -0.960009 3.10033 -7.48834 -1.255579 2.7082 39.30865 -1.30956 2.285604 16.54889 15.95334 3.300006 17.41 16.98333 3.300006 21.4477 16.00462 3.300006 20.59 16.77 3.300006 16.69889 18.74 3.300007 -7.188573 26.38274 3.30001 -8.410002 24.18334 3.300008 18.05 18.04333 3.300007 1.11 25.66334 3.30001 7.542502 26.65251 3.30001 21.23001 18.59751 3.300007 16.55231 20.71538 3.300008 10.59143 26.38274 3.30001 9.370002 24.18334 3.300009 21.47334 20.7 3.300008 16.77684 16.32879 1.166673 16.58647 18.18728 1.086963 21.35001 16.60334 1.400006 21.46172 20.31029 1.100007 14.86475 22.36725 3.300009 15.18684 24.57918 1.306502 14.02333 22.91 1.400008 19.446 17.41 1.400006 19.95001 16.77 1.400006 -35.89232 11.55963 1.066671 -33.19476 -1.22 -1.610876 17.62333 19.31 1.400007 3.743267 -22.62501 1.585701 3.743267 -22.37501 1.585701 4.75132 -22.50001 5.189923 16.47146 -6.227449 1.597185 4.89213 -14.375 2.305956 4.942131 -14.375 2.255956 4.942131 -14.625 2.255956 4.89213 -14.625 2.305956 -38.17929 5.997095 2.329311 4.34172 -22.50001 2.411118 -26.9855 -23.178 1.314671 4.75132 -18.50001 5.189925 17.73001 19.63 9.241526 17.76629 19.37561 -2.263869 17.69372 19.8844 -2.263865 11.5 -15.6 -0.7500055 1.430001 23.23001 -2.34151 -1.954381 -28.54874 3.414146 -16.38629 26.02441 -2.263862 -16.31372 25.51561 -2.263863 -33.50001 -23.20814 0.8275511 41.47402 -0.5000017 4.597 41.54965 0.4999986 4.485221 17.73001 17.09001 -2.341512 44.46018 -12.57947 12.2916 17.76629 17.3444 9.163884 17.69372 16.83561 9.163881 -41.00001 6.008167 -0.850622 20.27001 17.09001 -2.341509 20.23372 16.83561 9.163878 2.903104 -17.37501 2.313382 2.903104 -17.62501 2.313382 4.224398 23.19372 9.163883 3.715605 23.26629 9.163885 20.30629 17.3444 9.163881 -24.00629 26.02441 -2.263865 -23.93372 25.51561 -2.263867 -33.17051 21.99356 0.8000081 -0.2633325 21.94833 0.8000075 3.546669 21.94833 0.8000075 7.469494 21.99356 0.8000075 11.59 22.16 0.8000076 -21.22924 21.69231 0.8000077 -32.80001 -23.3485 0.8343765 -32.55001 -21.98422 0.8244838 45.92101 4.597048 1.716944 -30.31787 -22.34691 0.9273627 3.938546 8.629707 1.595125 -38.94214 -3.125001 1.6832 -38.94214 -2.875001 1.6832 -11.27 25.77 9.24153 -11.30629 26.02441 -2.263867 3.765519 -17.375 1.583195 4.34213 -17.375 1.583195 4.34213 -17.62501 1.583195 3.765519 -17.62501 1.583195 -18.62708 -23.64547 3.703326 -14.34508 -23.63555 3.702326 -14.13 23.55001 1.400008 -14.445 22.91 1.400008 -37.25471 8.358001 5.210464 -12.094 23.55001 1.400008 -11.59 22.91 1.400008 -2.500267 -23.63492 3.703971 -2.40464 -23.9988 3.538541 -30.12428 5.643461 -2.293133 -30.01474 4.954243 -2.129999 3.519138 -17.50001 5.218626 14.00313 -27.84644 1.280964 5.500001 -12.16667 0.8278281 -37.34569 0.8749998 1.260383 -37.34569 1.125 1.260383 -37.34569 1.125 2.255961 -37.34569 0.8749995 2.255961 36.65001 -25.59297 0.7690282 -38.26552 0.1249995 1.583201 -38.84214 0.1249995 1.583201 -38.84214 -0.1250005 1.583201 -38.26552 -0.1250005 1.583201 17.46693 6.83256 0.8307723 4.424132 -23.50001 1.617799 -35.33334 22.16 3.300008 -3.500001 -25.84038 2.539622 -3.512502 26.88251 0.8000094 -33.38194 27.09227 0.8000095 -35.30108 26.42173 1.289483 3.970002 26.84001 0.8000094 9.050005 26.84001 0.8000094 -27.78001 26.64001 0.8000093 -26.71078 27.3077 0.8000096 -23.28658 26.83911 0.8000094 -24.17078 27.3077 0.8000096 -13.38667 27.05168 0.8000094 -8.306672 27.05168 0.8000094 5.066631 -24.6743 5.099993 2.304525 7.498342 1.59504 4.605001 26.09001 1.400009 2.97143 26.38274 3.30001 -37.00001 -9.302452 1.553305 -27.23732 -29.50001 3.403616 -27.54709 -24.80001 2.992992 -38.84173 -1.000001 2.411124 -15.3 -27.88402 2.548541 -32.46078 2.063335 -2.25 5.104906 -8.130004 5.099998 4.632063 -7.358156 1.905728 -35.83184 -1.000001 0.7729569 8.096669 22.91 1.400008 7.198343 22.41 3.300009 -2.262035 -26.69988 3.699992 -19.60001 -24.0375 0.02317404 42.86703 20.96 11.50462 41.86875 21.38 11.57001 35.6145 22.60833 8.699151 -17.215 -23.26125 2.488747 -37.03121 -1.125001 0.9459144 -37.34569 -1.125001 1.260382 -37.34569 -0.8750007 1.260382 -37.03121 -0.8750005 0.9459145 28.39001 23.31685 -1.248992 12.80122 10.29167 0.8324362 28.39001 18.23653 -1.248994 5.875001 25.45001 1.400009 6.190001 25.13501 3.300009 8.017502 24.72715 3.300009 3.519141 -15.50001 5.218626 -24.92334 22.91 1.400008 33.54691 -7.424258 4.975452 17.61088 -8.112757 0.8324304 -0.8450772 -23.63556 3.702326 -34.02334 22.91 3.300009 -10 23.65334 3.300009 -9.728573 26.38274 3.30001 -12.26857 26.38274 3.30001 -13.49 24.18334 3.300008 -18.00001 22.26715 3.300008 -11.59 23.12333 3.300009 -1.11 25.77 9.24153 -1.073715 25.51561 -2.263866 9.738344 22.41 3.300009 -32.62252 22.3475 3.300008 -5.299995 22.26715 3.300008 -33.81001 24.18334 3.300009 -5.870001 24.18334 3.300009 -34.45001 25.66334 3.30001 5.002501 26.65251 3.30001 -3.970001 23.12333 3.300009 -19.05 24.31 3.300009 -21.90501 23.166 3.300009 -31.52601 24.025 3.300009 -7.839996 22.26715 3.300008 -30.08251 22.3475 3.300008 -31.27001 22.91 3.300009 -24.92334 23.55 3.300009 -19.57834 26.59001 3.30001 -33.09751 26.65251 3.30001 -4.648572 26.38274 3.30001 -31.91001 25.66334 3.30001 4.034001 24.025 3.300009 -28.98601 24.025 3.300009 11.73734 -18.39872 0.1464146 34.69805 9.919442 1.01602 -0.4216587 22.41 3.300009 32.91959 24.94649 0.9840584 14.45 25.45001 3.300009 12.67 24.025 3.300009 14.13 23.55001 2.214294 1.536667 22.91 3.300009 -30.04858 26.38274 3.30001 -22.33715 26.4991 3.30001 25.85001 19.50654 -1.248995 25.85001 20.77653 1.150007 27.12001 18.87153 1.150007 4.860007 22.26715 3.300008 -24.96858 26.38274 3.30001 12.48001 22.26715 3.300008 11.27 23.12333 3.300009 -16.56731 -29.81152 0.8689497 -40.42501 -6.303115 5.591666 -16.67 25.66334 3.30001 12.88456 -5.982137 0.8344244 -15.3175 26.65251 3.30001 -14.44667 24.60667 3.300009 2.845678 -9.375002 1.260379 2.845678 -9.625003 1.260379 2.845678 -9.625004 2.255957 2.845678 -9.375003 2.255958 -10.37999 22.26715 3.300008 -5.497812 -25.50689 3.484439 4.89213 -16.37501 2.305955 4.942131 -16.37501 2.255955 4.942131 -16.62501 2.255955 4.89213 -16.62501 2.305955 38.81501 10.96 -1.248996 36.40789 11.78314 0.7155104 41.7943 -25.58889 1.322676 40.64608 -25.64584 1.501352 5.500001 -16.16667 0.8278271 2.5 -16.00001 0.6854526 -40.74618 5.000001 0.7729592 -37.76218 4.5 5.100614 -37.40311 5.125 2.313389 -37.40311 4.875 2.313389 10.63667 25.45001 1.400009 13.17667 25.45001 1.400009 8.730003 25.45001 1.400009 -32.75334 23.55001 1.400008 11.69667 26.09001 1.400009 9.156669 26.09001 1.400009 14.23667 26.09001 1.400009 -4.603334 25.45001 1.400009 -3.543334 26.09001 1.400009 -0.4750002 26.09001 1.400009 -33.17668 26.09001 1.400009 1.75 26.09001 1.400009 6.830001 26.09001 1.400009 -31.69668 25.45001 1.400009 -6.083334 26.09001 1.400009 -8.623336 26.09001 1.400009 -15.71501 26.09001 1.400009 -20.05334 26.09001 1.400009 -31.27001 26.09001 1.400009 -23.86334 26.09001 1.400009 -26.40334 26.09001 1.400009 -28.94334 26.09001 1.400009 -27.46334 25.45001 1.400009 -29.37001 25.45001 1.400009 -24.92334 25.45001 1.400009 -23.65001 25.45001 1.400009 -21.75 25.45001 1.400009 -19.84334 25.45001 1.400009 -17.30334 25.45001 1.400009 -16.03001 25.45001 1.400009 -9.683336 25.45001 1.400009 -7.143335 25.45001 1.400009 -2.063334 25.45001 1.400009 1.746667 25.45001 1.400009 -33.80306 -23.42001 3.80361 -39.25133 -1.000002 5.189932 -33.58197 2.826023 -2.25 -33.57398 2.818031 -2.13 -39.75661 -1.125001 0.9459144 -39.75661 -0.8750005 0.9459145 2.780201 -8.142005 5.160545 -37.97214 3.451923 2.100001 39.04351 5.249997 12.08573 -18.07829 -23.90185 2.279284 -38.01914 0.9999985 5.218648 8.243154 -25.60001 3.716451 36.92 -1.000005 13.40956 41.62825 -1.500005 12.86727 -40.00001 1.666668 0.8278328 -39.75661 2.125 0.9459155 -39.75661 1.875 0.9459155 12.8697 -1.183982 0.8363634 -2.813143 -22.6213 0.8265972 -5.245721 -29.19473 3.558815 -5.261902 -26.69964 3.399992 -1.297902 -28.36182 0.8757404 44.93057 5.425579 9.805642 -18.92629 22.97561 9.163879 -18.85372 23.4844 9.163882 36.90001 -13.71705 15.11156 14.16543 -8.136494 0.8361682 45.18001 -25.37309 1.065376 28.94258 -25.05513 0.4420493 -0.7379649 -26.69988 3.399992 -13.81 23.23001 9.241528 -14.0644 23.19372 -2.263867 -38.47161 -6.777176 2.099998 -38.63809 -5.531252 2.099998 -37.76218 -0.5000019 5.100612 -35.62334 -28.26857 0.03143143 -1.9 -25.83953 2.540468 -39.25133 4 5.189933 10.955 22.91 1.400008 9.685002 23.55001 1.400008 11.91 23.55001 1.400008 -29.96924 -5.292501 -1.15059 -30.12501 -2.525 -0.9800012 -32.54334 22.91 1.400008 -4.474001 23.55001 1.400008 -1.003333 23.55001 1.400008 -30.00334 22.91 1.400008 -18.57001 23.55001 1.400008 -20.47668 23.55001 1.400008 -21.75 23.55001 1.400008 -23.86334 23.55001 1.400008 -28.94334 23.55001 1.400008 0.4766666 22.91 1.400008 -2.063334 22.91 1.400008 -3.970001 22.91 1.400008 -9.683336 22.91 1.400008 4.75132 -17.50001 5.189925 -22.06501 22.91 1.400008 12.81408 9.278003 0.8292716 -1.315 -23.26125 2.488747 4.76142 -14.00001 5.099997 4.768922 11.22725 1.595353 -40.75344 5.151387 -0.8199417 -38.26963 5.000001 0.9602507 8.993971 -15.77259 6.394399 11.02531 -19.02627 -0.009799897 29.1135 -23.65286 1.194859 -15.51602 -24.12166 1.976112 0.2776082 -26.55321 2.16301 34.66501 6.29444e-7 -1.912632 34.6789 0.2523059 1.399917 8.656941 -16.89376 3.947796 8.783199 -17.80834 3.96329 -14.25429 -29.19473 3.541167 -14.23797 -26.69988 3.399992 -14.21264 -26.68745 3.702325 14.17885 -21.85374 2.253619 -38.16552 -5.875002 1.683199 -38.16552 -6.125002 1.683199 43.17358 20.22 11.52793 -26.54629 23.4844 -2.263864 -26.47372 22.97561 -2.263868 -34.16629 26.02441 -2.263866 -34.09372 25.51561 -2.263867 -34.13 25.77 9.24153 -0.8556042 23.19372 9.163883 -1.364396 23.26629 9.163885 1.175605 23.26629 9.163884 -1.613143 -22.62131 0.8265979 -16.31792 -24.10762 1.959049 -2.816015 -24.12166 1.976112 -16.35001 25.77 9.241527 -31.62629 22.97561 9.163882 12.66599 -30.25438 1.892197 -3.395605 23.19372 9.163883 -3.904397 23.26629 9.163884 -3.650001 23.23001 -2.34151 -6.190001 23.23001 -2.34151 -37.03121 -6.875002 0.9459125 -37.03121 -7.125002 0.9459124 -38.17929 -4.002909 2.329307 -2.976868 -23.85697 2.242861 -31.59001 23.23001 -2.34151 9.013718 26.02441 -2.263865 9.086289 25.51561 -2.263866 -31.55372 23.4844 9.163886 -37.03121 -3.875001 0.9459134 -37.34569 -3.875001 1.260381 -37.34569 -4.125001 1.260381 -37.03121 -4.125001 0.9459133 -33.19079 3.180001 -1.60498 -24.00629 22.97561 9.163882 9.050004 25.77 9.24153 -34.13 23.23001 9.241527 -38.92413 3 1.617797 -37.87432 9.197331 1.286951 -3.686285 26.02441 -2.263866 36.67 3.6 1.280001 -34.24905 5.484139 -0.8929615 -31.65191 5.264614 -0.9248822 -8.766288 26.02441 -2.263866 -8.730003 25.77 9.24153 -8.693718 25.51561 -2.263866 -16.35001 23.23001 9.241524 -16.38629 23.4844 -2.263861 -16.31372 22.97561 -2.263864 15.31324 -3.686982 1.594862 34.15001 -24.43638 1.281811 36.65001 -24.4389 1.016205 34.12334 -4.416176 1.39506 34.2853 -5.30963 1.343492 33.16501 -5 -1.922634 -23.97001 25.77 9.24153 4.138094 -19.98107 2.099994 3.472144 -20.95193 2.099993 39.62253 -20.48001 13.28 41.84323 -20.48001 12.93117 42.14194 -19.52001 12.79765 40.08678 -19.52001 13.28 44.52064 -22.03728 16.09803 3.970001 23.23001 -2.341509 -40.00001 -4.165001 -1.073336 -37.27792 -3.970001 -1.145387 -26.51001 23.23001 9.241527 -23.97001 23.23001 -2.34151 -40.53932 -2.15 -0.9464331 -13.81 25.77 9.24153 -23.93372 23.4844 9.163886 -29.01372 25.51561 -2.263867 -11.23372 25.51561 -2.263866 9.050004 23.23001 -2.341509 2.53121 -15.625 0.9459095 2.53121 -15.375 0.9459096 28.36501 15.75403 -0.2893946 28.42501 17.48653 1.150006 28.39001 14.42653 1.150006 -13.77372 25.51561 -2.263866 -13.84629 26.02441 -2.263867 -16.9 -25.84001 2.539992 45.34711 11.08032 11.81128 3.933716 26.02441 -2.263865 14.13 25.77 9.24153 4.006286 25.51561 -2.263866 3.970001 25.77 9.24153 14.09372 26.02441 -2.263866 14.16629 25.51561 -2.263867 -15.215 -23.26125 2.488747 -13.55561 23.26629 -2.263864 11.59 23.23001 -2.34151 -31.62629 26.02441 -2.263865 -1.146285 26.02441 -2.263865 1.430001 25.77 9.24153 1.393715 26.02441 -2.263865 1.466285 25.51561 -2.263866 1.684396 23.19372 9.163883 8.795608 23.26629 9.163884 31.96879 5.397453 2.51892 6.510002 23.23001 -2.341509 9.304399 23.19372 9.163883 6.764398 23.19372 9.163883 6.255606 23.26629 9.163884 -2.685001 -23.43024 2.364973 1.331827 -22.50001 0.7729499 3.769621 -9.500003 0.9602454 45.83215 5.808577 15.59442 45.59069 4.946516 15.86651 25.85001 18.23653 1.150007 25.67501 17.19653 1.150006 4.34172 -9.494569 2.411122 -19.62462 -22.32285 2.268297 -21.39372 23.4844 9.163882 -21.46629 22.97561 9.163879 14.13 23.23001 -2.34151 -21.43 23.23001 -2.341507 -29.08629 26.02441 -2.263865 14.09372 22.97561 9.163882 14.16629 23.4844 9.163886 -15.49998 -27.88387 1.951394 4.942131 -16.375 1.260377 5.256598 -16.375 0.9459093 5.256598 -16.625 0.9459092 4.942131 -16.625 1.260377 -34.16629 23.4844 -2.263865 -34.09372 22.97561 -2.263868 -26.51001 25.77 9.24153 -29.01372 23.4844 9.163886 -29.05001 25.77 9.24153 -15.10257 -24.18476 2.068817 3.765519 -9.625003 1.583198 4.34213 -9.625003 1.583198 4.34213 -9.375003 1.583198 3.765519 -9.375003 1.583198 -40.53932 -4.35 -0.9464332 -40.74618 -6.000001 0.7729554 -6.190001 25.77 9.24153 -6.226286 26.02441 -2.263866 6.246188 -12.5 0.7729533 5.500001 -17.16667 0.8278268 2.5 -17.00001 0.6854526 -31.59001 25.77 9.24153 -6.153717 25.51561 -2.263866 -18.89001 23.23001 -2.341507 -31.55372 25.51561 -2.263867 -6.07823 -24.54599 2.767386 6.510002 25.77 9.24153 -5.935606 23.19372 9.163883 6.473717 26.02441 -2.263866 6.546287 25.51561 -2.263866 4.44213 -13.625 1.683196 4.44213 -13.375 1.683197 -6.444397 23.26629 9.163884 -3.685001 -24.09438 2.024664 -16.87687 -23.85697 2.242861 -21.46629 26.02441 -2.263862 -21.43 25.77 9.241527 -11.27 23.23001 -2.34151 11.55372 26.02441 -2.263865 11.62629 25.51561 -2.263867 -37.03121 -5.125002 0.9459131 -37.34569 -5.125002 1.260381 -37.34569 -4.875001 1.260381 -37.03121 -4.875001 0.9459131 -37.34569 -6.125002 1.26038 -37.34569 -5.875001 1.260381 -37.34569 -5.875002 2.255959 -37.34569 -6.125002 2.255959 -4.019031 -24.09345 2.032989 1.331827 -19.5 0.7729509 -8.730003 23.23001 -2.34151 -8.984398 23.26629 9.163884 -8.475607 23.19372 9.163883 -35.83183 5.000001 0.7729591 2.53121 -19.625 0.9459081 2.53121 -19.375 0.9459082 4.942131 -12.625 2.255956 4.942131 -12.375 2.255957 -11.01561 23.19372 9.163881 -3.650001 25.77 9.24153 -3.613716 25.51561 -2.263866 -29.05001 23.23001 -2.341509 -11.5244 23.26629 9.163885 -21.39372 25.51561 -2.263863 -38.92413 4 1.617797 -18.85372 25.51561 -2.263863 -18.92629 26.02441 -2.263863 -29.08629 22.97561 9.163882 -29.72078 -27.50621 1.099991 -29.72077 -27.59371 0.7999908 11.59 25.77 9.24153 -16.15148 -28.09249 0.8786045 -26.54629 26.02441 -2.263865 -26.47372 25.51561 -2.263867 -41.08424 -5.290948 -2.219653 41.13062 -12.44715 14.37548 38.86679 -24.79703 5.932415 3.765519 -11.625 1.583197 4.34213 -11.625 1.583197 4.34213 -11.375 1.583197 3.765519 -11.375 1.583197 -40.19313 6.02226 -1.28103 -39.69691 -5.776132 -0.9826561 4.75132 -21.50001 5.189923 6.246188 -21.50001 0.7729502 3.665519 -21.62501 1.683194 2.845678 -21.62501 2.255953 2.845678 -21.62501 1.260375 3.668026 -21.62501 1.660942 5.256598 -21.62501 0.9459075 3.72213 -21.62501 1.593097 3.679283 -21.49711 2.329309 2.53121 -21.62501 0.9459075 3.765519 -21.62501 1.583194 3.743267 -21.62501 1.585701 4.34172 -21.50001 2.411118 4.89213 -21.62501 2.305953 4.942131 -21.62501 2.255953 4.44213 -21.62501 1.683194 4.942131 -21.62501 1.260375 4.364382 -21.62501 1.585701 4.34213 -21.62501 1.583194 4.44213 -21.37501 1.683194 10.90824 -15.86501 1.531191 -1.04719 -28.54429 3.404483 2.956012 4.66055 1.596335 -4.245305 -24.08231 2.096095 -3 -27.88393 2.548585 -27.82629 -24.80001 1.509415 -17.78891 -23.33911 3.264166 1.331827 -20.50001 0.7729505 -37.00001 9.237874 1.630573 3.678248 -20.50001 1.628359 3.765519 -21.37501 1.583194 3.743267 -21.37501 1.585701 32.69001 -20.00001 -2.12871 -2.576868 -23.85697 2.242861 -17.7 -27.88424 2.548574 16.33945 -8.076693 0.8404741 4.34172 -23.50001 2.411118 4.44213 -23.37501 1.683193 4.44213 -23.62501 1.683193 4.34213 -21.37501 1.583194 4.364382 -21.37501 1.585701 5.256598 -21.37501 0.9459075 4.89213 -12.625 2.305956 4.89213 -21.37501 2.305953 4.942131 -21.37501 2.255954 4.942131 -21.37501 1.260375 2.53121 -21.37501 0.9459075 2.845678 -21.37501 1.260375 3.72213 -21.37501 1.593097 3.668026 -21.37501 1.660942 3.665519 -10.375 1.683197 2.845678 -10.375 2.255957 2.903104 -10.375 2.313384 3.665519 -21.37501 1.683194 2.845678 -21.37501 2.255954 6.246188 -11.5 0.7729536 -0.02102279 -23.21079 2.278844 -3.74579 -26.69899 3.699992 6.246188 -20.50001 0.7729505 3.665519 -18.62501 1.683195 2.903104 -18.62501 2.313381 2.845678 -18.62501 2.255954 3.665519 -20.625 1.683194 2.845678 -20.625 2.255954 2.845678 -20.625 1.260375 5.256598 -20.625 0.9459078 2.903104 -20.625 2.31338 3.72213 -20.625 1.593097 6.246188 -13.5 0.7729529 3.679284 -20.4971 2.329308 4.75132 -20.50001 5.189923 3.765519 -20.625 1.583194 3.743267 -20.625 1.585701 4.89213 -12.375 2.305956 4.89213 -20.625 2.305954 4.942131 -20.625 2.255954 4.44213 -20.625 1.683194 4.942131 -20.625 1.260375 4.424132 -20.50001 1.6178 4.364382 -20.625 1.585701 4.34213 -20.625 1.583194 8.650002 -16.35 -0.7500063 8.775002 -16.85001 1.899995 8.525002 -16.87881 1.843235 3.72213 -11.625 1.5931 3.72213 -11.375 1.5931 3.665519 -20.37501 1.683194 25.94891 25.44987 3.700009 42.71111 2.85269 10.88 42.45003 1.147304 10.88 32.69001 -21.25001 1.349993 -38.17929 -6.002909 2.329305 -40.74619 4.000001 0.772959 -2.199998 -27.88395 2.548585 -0.02845615 -26.56218 2.177354 17.95977 0.1923144 0.8380956 44.98886 -12.36129 10.77711 -37.40311 -6.125002 2.313385 -37.40311 -5.875002 2.313385 3.743267 -20.37501 1.585701 3.72213 -20.37501 1.593097 2.845678 -20.37501 1.260376 2.845678 -20.37501 2.255954 1.627734 7.923985 1.595046 8.650002 -17.35001 5.149995 42.98062 -3.279684 2.739805 31.46501 6.31374e-7 -1.842632 5.500001 -9.86458 0.8937991 5.256598 -9.625003 0.9459115 5.256598 -9.375002 0.9459115 29.54478 -12.22567 5.099997 -38.26552 4.125 1.583202 -38.84214 4.125 1.583202 -38.84214 3.875 1.583202 -38.26552 3.875 1.583202 -4.685002 -23.43026 2.364942 40.66079 -12.45522 6.292963 43.26046 -12.60001 7.622311 4.34213 -20.37501 1.583194 3.765519 -20.37501 1.583194 4.364382 -20.37501 1.585701 5.256598 -20.37501 0.9459079 2.903104 -20.37501 2.313381 4.89213 -13.375 2.305956 4.89213 -20.37501 2.305954 4.942131 -20.37501 2.255954 4.44213 -20.37501 1.683194 4.942131 -20.37501 1.260376 4.75132 -16.50001 5.189925 -39.39213 7.125001 2.305963 -39.44213 7.125001 2.255963 -39.44213 6.875 2.255963 -39.39213 6.875 2.305963 -2.413142 -22.62131 0.8265978 -15.83389 -24.02601 2.729158 -4.200001 -23.85432 0.8644911 -39.75661 0.8749999 0.9459151 -39.75661 1.125 0.9459151 32.59978 5.402725 10.01912 -17.3 -24.29976 2.474992 -17.615 -24.29976 2.549992 -32.86602 -1.958032 -2.130001 -19.60001 -27.40001 0.01614558 3.665519 -11.625 1.683197 2.903104 -11.625 2.313384 3.665519 -19.62501 1.683194 2.845678 -19.62501 2.255954 2.845678 -19.625 1.260376 6.246188 -19.5 0.7729509 3.668026 -19.62501 1.660942 3.675422 -19.62501 1.639806 5.256598 -19.625 0.9459081 3.687335 -19.62501 1.620846 2.903104 -19.62501 2.313381 3.679287 -19.49711 2.329313 3.765519 -19.62501 1.583195 3.743267 -19.62501 1.585702 4.89213 -19.62501 2.305954 4.942131 -19.62501 2.255954 4.44213 -19.62501 1.683194 4.942131 -19.625 1.260376 4.34213 -19.62501 1.583195 -6.129822 -26.5577 2.168612 28.64001 4.819631 7.812504 -38.18607 5.000001 1.619814 -38.16552 5.125 1.683203 -38.16803 5.125 1.660951 -38.16803 4.875001 1.660951 -38.16552 4.875001 1.683203 11.92524 -19.26074 0.1457979 41.7631 -2.500002 4.52351 36.91925 -2.000002 4.938857 41.54965 -1.500002 4.48522 2.845678 -13.625 2.255956 2.903104 -13.625 2.313383 2.903104 -13.375 2.313383 2.845678 -13.375 2.255956 4.942131 -19.375 1.260376 4.942131 -19.37501 2.255954 4.942131 -13.625 1.260378 5.256598 -13.625 0.9459102 5.256598 -13.375 0.9459102 4.942131 -13.375 1.260378 -1.384701 -27.88113 2.54847 15.29945 -8.128702 0.8307672 -2.222103 -23.44228 3.054245 36.67 -5.600002 1.271427 -33.30001 -21.98422 0.8244838 32.07334 0.2015858 1.396316 -38.22214 -5.875002 1.593102 -38.24328 -5.875002 1.585706 -38.24328 -6.125002 1.585706 -38.22214 -6.125002 1.593102 32.59978 5.37391 11.56089 -3.533727 -23.77298 3.503873 4.34213 -19.375 1.583195 3.765519 -19.375 1.583195 5.256598 -19.375 0.9459082 2.903104 -19.37501 2.313381 4.89213 -13.625 2.305956 4.34172 -13.5 2.411121 4.89213 -19.37501 2.305954 4.44213 -19.375 1.683194 1.331827 -11.5 0.7729535 2.845678 -19.375 1.260376 3.687335 -19.375 1.620846 3.675422 -19.375 1.639806 3.743267 -19.375 1.585702 3.668026 -19.375 1.660942 2.845678 -12.375 2.255957 2.903104 -12.375 2.313383 3.665519 -19.375 1.683194 2.845678 -19.37501 2.255954 -0.5554396 -22.96198 1.512572 0.1261205 -22.32225 2.269777 -2.2 -23.85432 0.8644911 -25.23973 8.435432 2.018249 -38.84173 6.000001 2.411128 6.246188 -18.5 0.7729513 3.665519 -17.62501 1.683195 3.678248 -18.50001 1.62836 5.256598 -18.625 0.9459085 3.72213 -18.62501 1.593098 6.246188 -17.5 0.7729516 3.679287 -18.49711 2.329313 3.519136 -22.50001 5.218624 3.769621 -18.5 0.9602417 3.765519 -18.62501 1.583195 3.743267 -18.62501 1.585702 4.89213 -23.62501 2.305953 4.942131 -18.62501 2.255954 4.942131 -18.625 1.260376 4.364382 -18.62501 1.585702 4.34213 -18.62501 1.583195 4.364382 -14.625 1.585703 4.364382 -14.375 1.585703 4.34213 -14.375 1.583196 4.34213 -14.625 1.583196 -2.261901 -26.69964 3.399992 43.32308 -25.66724 10.20135 -38.17929 -7.002909 2.329306 -35.78392 -26.54803 1.847051 -35.25997 -24.80001 1.26207 -40.74618 6.000001 0.7729595 -27.99057 -23.48857 0.8868342 -40.53932 1.150001 -0.9464315 -40.54183 0.8100005 -0.9436908 29.96501 -0.9999999 -1.922633 -38.86439 -2.875001 1.585707 -38.86439 -3.125001 1.585707 5.256598 -18.375 0.9459086 44.98238 -25.58508 7.172836 4.34213 -18.375 1.583195 3.765519 -18.375 1.583195 4.364382 -18.375 1.585702 2.903104 -18.37501 2.313381 35.72001 5.249997 10.88 35.74985 -1.000004 10.91317 4.942131 -18.37501 2.255954 1.331827 -17.5 0.7729516 4.942131 -18.375 1.260376 3.72213 -18.375 1.593098 3.743267 -18.375 1.585702 3.665519 -16.62501 1.683195 2.903104 -16.62501 2.313382 2.845678 -16.62501 2.255955 3.665519 -18.375 1.683195 2.845678 -18.37501 2.255954 -16.5 -23.85432 0.8644914 42.91149 21.38 11.47755 -35.88334 16.99809 1.230775 3.262174 -20.50001 5.100606 45.04084 -25.45001 7.459164 3.665519 -14.625 1.683196 2.903104 -14.625 2.313383 2.845678 -14.625 2.255956 3.678248 -17.50001 1.62836 5.256598 -17.625 0.9459088 3.72213 -17.62501 1.593098 6.246188 -14.5 0.7729526 3.679287 -17.49711 2.329312 3.769621 -17.5 0.9602419 3.743267 -17.62501 1.585702 4.89213 -22.62501 2.305953 4.341719 -17.50001 2.411121 4.44213 -17.62501 1.683195 4.424133 -17.5 1.6178 4.364382 -17.62501 1.585702 -29.80001 -23.34731 0.8319944 -35.83183 -2.000001 0.7729567 -28.0921 -28.19174 2.709295 -39.25133 6.000001 5.189933 30.93449 -25.72185 1.101353 30.97001 -25.42274 0.9350668 15.00702 10.34778 1.794847 40.05574 23.30382 0.7985196 -32.30425 3.390758 -2.189999 34.15002 -13.76659 0.9090006 -32.14848 -22.97001 3.814832 -16.41501 -23.26125 2.488747 -35.83183 -2.40593e-7 0.7729575 -40.00001 9.302451 1.55331 -38.47161 5.250001 2.100002 -27.33055 -21.8034 1.699979 -38.01914 -3.000002 5.218644 4.364382 -17.375 1.585702 5.256598 -17.375 0.9459089 4.89213 -15.625 2.305955 4.34172 -15.5 2.411119 4.44213 -17.375 1.683195 3.72213 -17.375 1.593098 3.743267 -17.375 1.585702 3.665519 -17.375 1.683195 40.08678 -18.48001 4.779995 41.84322 -18.48001 4.431177 42.50246 -17.85001 4.428791 39.15828 -17.52001 4.779995 14.43551 6.840002 0.8367377 4.75132 -23.50001 5.189923 4.696065 -19.83335 5.099995 2.754703 -24.85801 5.210452 4.018473 -23.79588 2.099992 -1.602568 -24.18476 2.068817 2.206548 3.348654 1.595943 1.331827 -16.5 0.7729519 2.845678 -16.625 1.260377 3.519135 -16.50001 5.218625 3.679287 -16.49711 2.329313 3.769621 -16.5 0.9602423 2.53121 -16.625 0.9459092 3.743267 -16.62501 1.585703 4.341719 -16.50001 2.411121 4.44213 -16.62501 1.683195 -40.74619 1 0.7729577 -38.01914 7.000001 5.21865 -38.17929 7.000001 2.329313 3.519136 -9.500004 5.218628 43.85 14.87 2.175006 28.79468 5.549119 7.42502 -40.53932 -3.25 -0.9464338 -40.54183 -3.590001 -0.9436931 -14.54719 -28.54428 3.404483 45.4203 14.52334 2.23172 -38.17826 -1.000001 1.628353 -38.22214 7.125001 1.593106 -38.24328 7.125001 1.585711 -38.24328 6.875001 1.585711 -38.22214 6.875001 1.593106 -38.26963 4.000001 0.9602504 -13.22239 -26.55321 2.16301 -37.39193 4.996918 -2.188867 17.91058 -3.585185 1.594899 -38.18607 7.000001 1.619813 -18.41501 -24.29976 2.549992 10.67212 -19.45218 4.108541 -35.83183 7.000001 0.7729598 -38.01876 -6.000003 5.21938 2.903104 -16.37501 2.313382 4.89213 -23.37501 2.305953 4.44213 -16.375 1.683196 2.53121 -16.375 0.9459093 2.845678 -16.375 1.260377 3.743267 -16.375 1.585703 3.665519 -23.37501 1.683193 2.845678 -23.37501 2.255953 2.903104 -23.37501 2.31338 3.665519 -16.375 1.683196 2.845678 -16.37501 2.255955 -16.71316 -22.62131 0.8266034 42.11583 12.86622 6.340006 42.13283 12.86985 8.340007 -16.7 -27.88424 1.951408 3.678248 -15.5 1.628361 5.256598 -15.625 0.9459095 3.72213 -15.625 1.593099 3.679283 -15.49709 2.329311 3.769621 -15.5 0.9602433 3.765519 -15.625 1.583196 3.743267 -15.625 1.585703 4.75132 -15.50001 5.189925 4.942131 -15.625 2.255955 4.44213 -15.625 1.683196 4.942131 -15.625 1.260377 4.364382 -15.625 1.585703 4.34213 -15.625 1.583196 3.665519 -9.625003 1.683198 2.903104 -9.625004 2.313384 40.81062 -25.57801 4.224509 44.35104 -25.30879 14.75405 -39.13207 -9.14185 1.905727 -38.63809 -0.5312508 2.1 -38.16552 3.875 1.683202 -38.16552 4.125 1.683202 -38.92413 -3.000001 1.617795 3.72213 -13.625 1.5931 3.743267 -13.625 1.585704 3.743267 -13.375 1.585704 3.72213 -13.375 1.5931 -15.45439 -28.54874 3.414145 38.13477 -25.45001 5.899 45.85906 -16.01673 1.83044 40.84001 -19 0.6499938 -4.719117 -26.43956 0.7807537 -4.044547 -27.36042 1.099991 38.48495 -1.000005 13.44 -40.00001 2.666667 0.827833 -37.00001 2.500001 0.6854584 -5.973666 -28.23783 2.177689 -5.914701 -29.78258 1.36739 42.86703 15.86 11.50462 43.0192 15.26 11.51095 41.86875 15.26 11.57001 4.942131 -15.375 2.255955 4.89213 -15.375 2.305955 3.329261 -7.32068 1.693159 -40.53932 2.250001 -0.946432 29.33689 5.672817 6.304375 43.30794 -25.46485 7.809994 -33.75001 -13.425 0.8333291 41.13062 -25.55001 14.37548 41.13703 -25.65001 12.53081 41.12388 -25.45001 12.51857 4.34213 -15.375 1.583196 3.765519 -15.375 1.583196 4.364382 -15.375 1.585703 5.256598 -15.375 0.9459096 4.44213 -15.375 1.683196 4.942131 -15.375 1.260377 3.72213 -15.375 1.593099 3.743267 -15.375 1.585703 -38.84173 -4.000002 2.411123 -18.21913 -26.43956 0.7807542 2.903104 -14.375 2.313383 2.845678 -14.375 2.255956 30.07001 -20.00001 -2.12871 41.47402 -5.000003 4.596998 41.65176 -3.998678 4.557012 3.262176 -13.00001 5.100608 3.262176 -15.00001 5.100608 2.845678 -14.625 1.260378 3.678248 -14.5 1.628361 5.256598 -14.625 0.9459099 1.331827 -14.5 0.7729526 3.72213 -14.625 1.593099 3.519136 -23.50001 5.218624 3.769621 -14.5 0.9602436 2.53121 -14.625 0.9459099 3.765519 -14.625 1.583196 3.743267 -14.625 1.585703 4.34172 -14.5 2.41112 4.44213 -14.625 1.683196 4.942131 -14.625 1.260378 4.424132 -14.5 1.617802 -40.53932 0.05000025 -0.9464325 3.665519 -23.62501 1.683193 -38.86439 -6.875002 1.585706 -38.86439 -7.125002 1.585706 -14.32732 -22.29998 3.390221 -25.07501 14.64145 1.120005 -15.7221 -23.44228 3.054246 17.91963 -3.98018 1.594607 45.74986 22.89167 1.900007 -13.4 -24.0375 0.02317404 4.424131 -22.50001 1.617798 44.3499 -12.69867 6.453034 -40.74618 -4.000001 0.7729561 -33.37809 1.721927 -2.191333 -34.57356 -28.14998 2.22695 3.765519 -14.375 1.583196 5.256598 -14.375 0.9459099 42.45003 2.847515 7.500003 42.43623 5.420394 7.760527 43.84507 2.847515 7.500002 4.89213 -22.37501 2.305953 4.44213 -14.375 1.683196 4.942131 -14.375 1.260378 2.53121 -14.375 0.9459099 2.845678 -14.375 1.260378 3.72213 -14.375 1.593099 3.743267 -14.375 1.585703 3.665519 -14.375 1.683196 5.925002 -10.19689 5.591664 29.1862 4.046239 1.296873 4.44213 -10.375 1.683197 4.44213 -10.625 1.683197 45.50001 -12.45021 16.18953 2.845678 -13.625 1.260378 3.519139 -13.50001 5.218626 3.679283 -13.49709 2.329312 3.769621 -13.5 0.9602441 2.53121 -13.625 0.9459102 3.765519 -13.625 1.583196 4.942131 -13.625 2.255956 4.364382 -13.625 1.585704 4.34213 -13.625 1.583196 2.903104 -9.375003 2.313385 3.665519 -9.375003 1.683198 -40.74618 -2.000001 0.7729568 -2.596834 -29.85671 0.7062845 -37.76218 -4.500003 5.100611 45.50001 -24.30706 0.7690228 41.74001 -24.31301 1.108298 -37.00001 0.9999997 0.9771651 -37.03121 0.8749999 0.9459151 -37.03121 1.125 0.9459151 -37.00001 -4.000001 0.9771634 42.44895 -20.48001 4.332854 -3.001359 -23.83543 0.8539608 -37.20801 -11.316 5.521427 -39.26142 -4.500003 5.1 -39.39213 -4.125002 2.305959 -39.39213 -3.875002 2.305959 14.91352 -23.90001 6.390099 14.91707 -27.30001 6.395278 45.50314 10.29617 1.079748 -38.86439 1.125 1.585709 -38.86439 0.8749997 1.585709 -2.915001 -23.26125 2.488747 4.34213 -13.375 1.583197 3.765519 -13.375 1.583197 4.364382 -13.375 1.585704 6.246188 -23.50001 0.7729495 4.89213 -9.625004 2.305957 4.942131 -13.375 2.255956 2.53121 -13.375 0.9459102 2.845678 -13.375 1.260378 3.518743 -12.50001 5.219371 -3.819427 -23.85595 0.9979972 -18.41501 -23.26125 2.488747 -38.92413 7.000001 1.617797 -38.26552 -1.875001 1.583201 -38.84214 -1.875001 1.583201 -38.84214 -2.125001 1.5832 -38.26552 -2.125001 1.5832 -18.41501 -23.49526 2.291182 -18.185 -23.43026 2.364942 30.86274 -4.293833 1.397743 31.34001 -2.253307 1.399606 32.14001 -2.021291 1.390773 32.09417 -4.036106 1.410145 2.845678 -12.625 1.260378 2.903104 -12.625 2.313383 3.679283 -12.49709 2.329312 3.769621 -12.5 0.9602443 2.53121 -12.625 0.9459105 3.765519 -12.625 1.583197 3.743267 -12.625 1.585704 4.75132 -12.50001 5.189927 4.424132 -12.5 1.617803 4.364382 -12.625 1.585704 4.34213 -12.625 1.583197 2.845678 -12.625 2.255956 -3.757688 -29.19742 3.699991 40.08678 -18.48001 13.28 21.18231 -2.816579 0.8294111 -29.7963 5.974413 -1.883404 -37.00001 3 0.9771658 -37.03121 2.875 0.9459157 -37.03121 3.125 0.9459158 39.15829 -17.52001 13.28 39.62253 -15.98001 13.28 -39.75661 -5.125002 0.9459131 -39.44213 -5.125002 1.260381 -39.44213 -4.875001 1.260381 -39.75661 -4.875001 0.9459131 30.02751 -0.3750005 1.4 -30.80001 -21.98533 0.8275386 4.34213 -12.375 1.583197 3.765519 -12.375 1.583197 4.364382 -12.375 1.585704 2.53121 -12.375 0.9459106 2.845678 -12.375 1.260378 3.743267 -12.375 1.585704 8.458375 -18.24296 6.295655 -4.915001 -23.26125 2.488747 0.0727216 -24.54676 2.769071 -16.9 -23.85432 0.8644925 -4.515001 -23.26125 2.488747 3.665519 -10.625 1.683197 2.903104 -10.625 2.313384 2.845678 -10.625 2.255957 3.678248 -11.5 1.628362 3.519136 -11.5 5.218627 4.75132 -11.5 5.189927 3.769621 -11.5 0.9602447 2.53121 -11.625 0.9459108 3.743267 -11.625 1.585704 4.34172 -11.5 2.411121 4.89213 -11.625 2.305957 4.942131 -11.625 2.255957 4.44213 -11.625 1.683197 4.364382 -11.625 1.585704 24.22297 25.43465 1.850009 -38.22214 4.125 1.593106 -38.22214 3.875 1.593106 45.53466 -25.37796 7.529284 45.72605 -25.45745 3.439992 8.838437 -18.25144 6.299544 -2.000002 -27.88394 1.951397 -14.86493 -23.51681 3.308347 -15.9047 -23.99874 3.538545 45.58766 5.353223 8.017168 4.942131 -11.375 2.255957 -2.799999 -27.88396 1.951398 38.32749 -12.48751 14.40316 -38.01914 5 5.218647 43.97403 5.468181 4.719426 -18.79035 -26.68785 3.701288 -18.74573 -29.19473 3.558815 -18.76191 -26.69964 3.399992 10.8382 -15.90427 1.290035 4.44213 -11.375 1.683197 4.364382 -11.375 1.585704 2.903104 -11.375 2.313384 4.89213 -11.375 2.305957 2.53121 -11.375 0.9459109 3.743267 -11.375 1.585704 3.665519 -11.375 1.683197 14.64953 -17.65557 4.514029 14.21838 -17.80418 3.961004 -38.86439 -5.875002 1.585706 -38.86439 -6.125002 1.585706 -38.84214 -6.125002 1.583199 -38.84214 -5.875002 1.583199 -39.44213 -6.125002 2.255959 -39.44213 -5.875002 2.255959 -39.44213 -5.875001 1.260381 -39.44213 -6.125002 1.26038 -13.3925 -24.87038 2.136859 -4.615301 -27.88112 2.548558 3.678249 -10.5 1.628362 5.256598 -10.625 0.9459112 3.769621 -10.5 0.960245 3.72213 -10.625 1.593101 3.679283 -10.49709 2.329313 4.75132 -10.5 5.189927 3.765519 -10.625 1.583198 3.743267 -10.625 1.585705 4.942131 -10.625 1.260379 4.424132 -10.5 1.617803 4.364382 -10.625 1.585705 4.34213 -10.625 1.583198 9.488876 -24.20403 6.099993 12.31485 -25.75452 3.121317 10.68522 -25.76419 3.113923 42.64416 -15.02 13.29507 42.41018 -15.98001 13.27009 -4.915001 -24.29976 2.549992 -4.915001 -23.49526 2.291182 34.79001 -3.361982 1.47935 3.72213 -10.375 1.593101 3.97161 -18.75 2.099994 -28.24314 -26.42001 1.990299 4.942131 -10.375 1.260379 -15.51315 -22.62131 0.8265987 -4.047191 -28.54429 3.404483 -33.45145 -28.56858 0.9534792 37.01642 25.42337 1.295727 -38.86439 4.125 1.58571 -38.86439 3.875 1.58571 -17.60136 -23.46035 3.185575 3.743267 -10.375 1.585705 -32.66078 -1.219999 -2.190607 4.34213 -10.375 1.583198 3.765519 -10.375 1.583198 4.364382 -10.375 1.585705 5.256598 -10.375 0.9459113 1.865584 4.401949 1.595002 3.678248 -9.500003 1.628363 3.679283 -9.497097 2.329313 4.75132 -9.500004 5.189928 2.53121 -9.625003 0.9459115 3.743267 -9.625003 1.585705 4.942131 -9.625004 2.255957 4.44213 -9.625003 1.683198 4.942131 -9.625003 1.260379 4.424132 -9.500003 1.617804 4.364382 -9.625003 1.585705 39.26844 5.679913 12.22885 -17.7425 -24.29976 2.459992 -18.015 -23.26125 2.488747 -18.015 -24.29976 2.549992 -35.83184 1 0.7729577 29.84001 0.7499998 1.400001 40.78093 5.243335 10.66876 42.47187 5.445095 10.7136 14.2875 -16.42143 -0.3714347 14.475 -16.85001 1.899995 -38.24328 2.125 1.585709 -38.24328 1.875 1.585709 -38.84173 7.000001 2.411127 -38.94214 6.875001 1.683203 -38.94214 7.125001 1.683203 30.00306 5.349298 2.392099 28.78708 5.464807 1.988461 -38.84173 2 2.411126 21.14061 -5.82062 0.8317052 36.94543 -3.000002 4.983485 41.47402 -2.500002 4.596999 38.76321 -1.000002 4.940001 -40.51649 3.894478 -2.164053 -35.56836 -29.50001 3.783064 -38.92413 -2.000001 1.617795 -38.16803 7.125001 1.660951 -38.16803 6.875001 1.660951 -3.771835 -25.81903 1.914919 32.69001 -18 -2.12871 -40.00001 -3.500001 0.8737796 -39.75661 -2.875001 0.9459138 -39.75661 -3.125001 0.9459137 28.78344 -4.280843 15.79431 -37.56613 -8.222887 5.628604 4.942131 -9.375003 2.255958 4.942131 -9.375002 1.260379 4.44213 -9.375003 1.683198 4.89213 -9.375003 2.305958 2.53121 -9.375002 0.9459115 3.743267 -9.375003 1.585705 4.364382 -9.375003 1.585705 36.92678 0.8749987 4.961567 -37.76218 -6.500003 5.100642 -38.26963 -3.000001 0.960248 3.678248 -22.50001 1.628359 5.256598 -22.62501 0.9459071 3.72213 -22.62501 1.593096 3.679283 -22.49711 2.329309 4.364382 -22.62501 1.585701 -26.83305 -28.55614 1.8402 38.69403 -19.00001 13.28 12.12759 -15.88013 1.398778 4.364382 -22.37501 1.585701 33.54351 5.444211 4.884549 38.45251 5.527499 9.190004 42.00001 -25.30477 10.21999 3.262177 -10.5 5.10063 -40.74618 2 0.7729582 5.256598 -22.37501 0.9459072 3.72213 -22.37501 1.593096 2.903104 -23.62501 2.31338 2.845678 -23.62501 2.255953 45.33369 -13.77049 7.486576 -29.94001 -14.13158 0.9727227 4.34213 -23.62501 1.583193 3.765519 -23.62501 1.583193 3.769621 -23.50001 0.9602407 4.364382 -23.62501 1.5857 5.256598 -23.62501 0.9459068 2.53121 -23.62501 0.9459068 4.942131 -23.62501 2.255953 4.942131 -23.62501 1.260375 2.845678 -23.62501 1.260375 3.686052 -23.50001 1.619821 -38.26552 -6.875002 1.583199 -38.84214 -6.875002 1.583199 -38.84214 -7.125002 1.583199 -38.26552 -7.125002 1.583199 -31.874 -17.14089 1.594946 29.92001 -20.27501 1.349993 19.0743 10.75 0.8333374 30.93122 -25.76112 15.79181 -37.34569 -3.875002 2.255959 -37.34569 -4.125002 2.255959 25.88501 16.21653 1.150006 25.67501 14.65653 1.150005 30.92001 11.88348 -1.248996 45.53185 13.76908 3.971883 -0.7126438 -26.68745 3.702325 -0.7542806 -29.19473 3.541167 -39.44213 -7.125002 1.26038 -39.44213 -6.875002 1.26038 4.364382 -23.37501 1.5857 -38.86439 0.1249995 1.585708 -38.86439 -0.1250005 1.585708 5.500001 -7.165717 1.553307 -38.84173 3 2.411127 -39.97974 5.259313 -1.454045 -39.93751 4.710001 -0.8542844 41.70426 2.999996 13.10935 4.34213 -23.37501 1.583193 3.765519 -23.37501 1.583193 5.256598 -23.37501 0.9459069 4.942131 -23.37501 2.255953 4.942131 -23.37501 1.260375 2.53121 -23.37501 0.9459069 2.845678 -23.37501 1.260375 5.500001 -23.00001 0.8737727 5.500001 -21.83334 0.8278246 5.500001 -11.16667 0.8278284 5.500001 -19.16667 0.8278262 5.500001 -18.16667 0.8278264 2.5 -9.500003 0.9771618 2.5 -9.229089 0.7999971 4.843183 -25.59991 0.5713675 5.500001 -15.16667 0.827827 5.500001 -14.16667 0.8278273 5.500001 -13.16667 0.8278276 4.000001 -26.80001 5.099992 4 -6.200004 5.099998 4.000001 -6.980003 4.749999 4.000001 -26.02001 4.749992 3.394257 -25.59034 1.609312 2.5 -25.66408 0.4213582 4.650001 -7.400002 0.7999977 4.000001 -6.200004 4.399999 4.000001 -26.80001 4.399992 3.39737 -7.116669 0.7999978 -40.00001 -1.77 -1.105001 -37.27792 -1.77 -1.135001 4.696065 -20.83334 5.099994 4.696065 -21.83335 5.099994 -35.05334 -14.22727 1.03673 4.696065 -22.83335 5.099992 4.696065 -9.833337 5.099998 3.811351 -8.337862 2.099997 4.696065 -10.83333 5.099997 4.76142 -12 5.099997 4.761419 -16.00001 5.099997 -3.800001 -27.88394 2.548585 2.807293 6.90409 1.595375 -38.5 10.3 4.400005 -38.50001 10.3 5.100006 -37.00001 9.164097 0.4213673 -39.15001 -9.100003 0.7999972 -37.00001 -7.270917 0.7999978 -37.03121 4.125 0.9459162 -37.03121 3.875 0.9459161 45.46572 -24.48048 0.9494876 2.5 -16.5 0.9771595 2.5 -17.5 0.9771591 2.5 -18.5 0.9771588 2.5 -19.5 0.9771584 2.5 -21.50001 0.9771573 2.5 -12.00001 0.6854537 2.5 -11.5 0.9771608 2.5 -12.5 0.9771605 2.5 -10.5 0.9771611 2.5 -22.50001 0.9771569 2.5 -22 0.68545 2.5 -13.00001 0.6854533 2.5 -23.50001 0.9771566 2.5 -23 0.6854498 2.5 -13.5 0.9771601 2.5 -25.73788 1.630562 2.5 -14.00001 0.685453 2.5 -14.5 0.9771598 2.5 -15.00001 0.6854526 2.5 -15.5 0.9771594 2.5 -18.00001 0.6854523 2.5 -10.00001 0.6854528 2.5 -11.00001 0.685454 2.5 -19.00001 0.6854521 2.5 -20.00001 0.6854531 3.97161 -17.75 2.099994 -40.00001 0.6666664 0.8278324 -37.00001 0.5000001 0.6854575 -16.015 -23.26125 2.488747 -1.213143 -22.62131 0.8265981 -39.19607 2.333333 5.100002 -0.05500584 -25.38175 1.867763 -1.120852 -23.82933 2.651118 -29.10001 -23.20814 0.8275511 -17.615 -23.26125 2.488747 -37.28021 -8.358005 5.160548 4.500001 -13.00001 5.099998 4.499998 -19.00001 5.099995 -3.376868 -23.85697 2.242861 -13.52102 -23.21079 2.278844 -13.21642 -23.20613 2.260734 -38.03141 8.706552 2.098407 42.45768 -7.403858 10.61374 42.44216 -7.390582 7.792994 34.36671 -25.5509 1.74519 -40.54183 1.910001 -0.9436914 -35.83183 -4.000001 0.7729561 -25.2455 20.97384 2.029328 29.19896 -6.102929 1.269027 30.48259 -12.42835 -0.69711 45.43511 20.01821 1.099079 43.85 20.33 2.175007 -3.400001 -23.85432 0.8644907 3.967845 11.18591 1.595216 -37.40311 6.875 2.31339 -37.40311 7.125001 2.31339 42.14159 -15.01999 4.297449 -38.94214 0.8749997 1.683201 -38.94214 1.125 1.683202 -38.84173 0.9999995 2.411126 -35.47074 -26.63889 2.37002 38.06772 -25.51924 13.63587 45.04354 -13.58718 6.502141 45.01427 -24.42139 6.510038 45.13736 -24.40717 4.830179 45.04339 -13.5305 4.821468 -38.17826 0.9999999 1.628354 -38.16552 0.8749997 1.683201 -38.16552 1.125 1.683202 -39.44213 -7.125003 2.255958 -39.39213 -7.125003 2.305958 -39.39213 -6.875002 2.305958 -39.44213 -6.875002 2.255958 3.262176 -23.00001 5.100604 3.971605 -21.75001 2.099993 3.262175 -17.50001 5.100606 43.11462 19.06539 11.52043 4.434465 4.549232 1.595064 41.49005 -4.000005 13.09691 40.75267 -12.93878 10.15657 40.81067 -12.99844 7.792532 4.500001 -15.00001 5.099997 -39.19607 3.333332 5.100002 -37.03121 7.125001 0.9459171 -37.34569 7.125001 1.260385 -37.34569 6.875001 1.260385 -37.03121 6.875001 0.9459171 -39.44213 2.875 2.255962 -39.44213 3.125 2.255962 -39.44213 3.125 1.260384 -39.44213 2.875 1.260384 -38.26963 1 0.9602494 -40.74618 7.000001 0.7729598 3.472149 -16.91667 2.099994 4.499998 -17.00001 5.099996 4.138092 -15.96875 2.099995 3.971605 -14.75 2.099995 -39.00001 0.4999985 5.100001 -31.3767 -17.38681 1.595589 4.529834 10.36813 1.595029 -13.2207 -28.23783 2.170126 -13.52404 -28.2468 2.17313 -38.17929 -1.002908 2.329308 19.129 11.76304 0.8303072 -35.83183 3 0.7729585 43.27144 16.685 11.54198 35.6 17.5 8.778986 35.6 17.7 8.395863 -38.16552 2.875 1.683202 -38.16552 3.125 1.683202 4.215331 -24.78001 4.622757 5.242003 -27.81601 5.55888 2.708001 -5.184003 5.521429 5.242002 -5.184004 5.690001 4.610002 -7.520004 5.099998 3.066123 -8.277124 5.628604 2.850829 -24.83753 5.284268 3.782772 -24.78761 5.523079 5.925002 -22.80312 5.689993 34.71297 10.39446 -2.883086 2.708 -27.81601 5.689992 3.847358 -8.267148 4.774492 -39.74201 -11.316 5.689998 -39.11001 -8.980006 5.099998 4.019038 -25.80864 1.119025 -37.35084 8.337518 5.284281 -38.28278 8.287605 5.523092 -38.51905 9.308632 1.119037 4.019038 -7.191373 1.119032 -3.069675 -24.95983 0.8663966 -35.33751 4.497694 -0.8996807 -1.8 -23.85432 0.864491 9.365973 -22.78895 5.070761 -38.51905 -9.308633 1.11903 -37.20801 11.316 5.690005 -40.74618 -5.000001 0.7729558 -15.91601 -24.1166 1.973206 0.1449856 -29.82948 3.623772 -38.17929 1.997093 2.329309 14.86469 -23.90001 -0.7041866 9.11971 -24.04286 6.435078 -17.70137 -23.83543 0.8539665 8.155559 -26.35001 3.198072 8.245004 -24.85001 4.360573 8.210003 -26.35001 4.748072 8.081155 -27.30001 6.391467 8.086483 -23.90001 6.390097 8.000002 -24.85001 3.198073 46.43429 -26.00951 7.451776 44.89661 -21.86215 16.09728 41.15928 -23.12126 16.12908 10.09614 -21.79172 6.284657 12.88273 -21.78526 6.087306 -39.44213 -2.125001 1.260382 -39.44213 -1.875001 1.260382 -39.44213 -1.875001 2.25596 -39.44213 -2.125001 2.25596 -3.745585 -26.69915 3.399992 45.1088 20.49126 3.588844 37.30613 6.713876 -1.169126 38.45196 -7.528054 9.134002 12.87879 -21.63487 6.414289 14.90455 -24.85001 4.652925 14.825 -26.35001 5.040424 14.75769 -25.97501 3.490424 -33.19476 -2.32 -1.610877 10.09772 -19.0826 1.220206 12.08108 -18.57484 3.886494 -35.34826 -24.80001 3.411402 10.33835 -23.94152 2.952416 -4.984045 -25.81043 2.514257 -3.760064 -25.46938 3.369168 10.33428 -23.96946 4.677118 45.86164 -6.406037 14.75232 14.52075 -18.24235 6.313965 -38.92413 -6.000002 1.617794 -2.240091 -25.48959 3.354058 34.20544 -12.35703 1.410185 -34.55493 -26.42001 2.38277 -4.013144 -22.62131 0.8265979 38.91733 -13.25902 12.77697 45.02819 -24.42355 14.98662 14.13011 -18.24751 6.292274 14.01065 -15.77501 6.392951 43.11659 -3.154607 7.081315 14.05256 -22.19494 5.467345 -18.66848 -22.61637 1.264246 -14.75702 -28.31114 2.021693 41.32173 -20.97871 16.03223 41.33356 -17.03644 16.13968 -28.20276 -29.09873 2.695548 3.470731 8.25386 1.594858 14.775 -23.80001 0.7999922 14.76 -17.45001 4.949995 14.73 -23.80001 6.566661 43.09353 -4.705094 2.959977 30.42361 -26.12878 -1.283259 16.27857 9.627496 1.795497 41.25777 -14.93263 16.17079 8.362967 -17.65279 4.516972 -19.6561 -29.82987 3.614542 -38.26552 -6.125002 1.583199 -38.26552 -5.875002 1.583199 42.37936 -22.80941 2.873178 42.28069 -21.16919 2.67698 16.71094 8.506351 1.795489 42.31949 -3.147311 10.88 43.19663 -7.460123 4.940948 -37.00001 -7.000002 0.9771624 28.78632 -7.019078 4.657222 41.66146 -6.448153 12.92671 35.68458 -7.330692 2.414597 39.08708 -5.516869 2.079915 8.923833 -22.42282 2.596232 43.19661 5.45438 13.43039 -1.364905 -23.5168 3.308344 33.51379 5.458369 13.45001 9.137283 -22.90727 5.07683 8.337503 -23.80001 0.7999922 -1.257051 -28.31107 2.021682 36.90005 -24.38223 6.852952 45.22801 -24.09858 1.636949 35.68536 5.32921 2.374407 45.44333 14.99831 1.089938 44.59173 -7.43068 8.527614 40.72397 -1.000001 1.334599 38.35536 -25.39998 12.57054 38.35706 -25.20004 12.57506 14.51752 -30.36838 2.954307 31.14584 -0.2271882 16.12006 40.97755 5.373796 4.138701 41.59594 4.805254 5.636851 42.31806 -21.18755 2.974058 -41.00001 5.918472 -2.115343 28.80462 -12.46448 16.10936 -40.74618 3 0.7729585 -31.80001 -22.90001 0.8978186 36.90001 -19.00001 15.974 43.32473 -12.33332 7.787427 43.26319 -12.55 7.878191 36.55677 -6.550006 4.416982 36.54261 4.55 4.419826 30.9186 5.691409 6.842365 40.25575 -1.019523 16.16909 28.95731 -12.52806 -0.7511073 9.787163 -30.36189 6.3316 41.65362 4.636598 4.257195 39.08912 -5.536391 2.379939 44.36041 -1.735554 16.13645 36.98037 -23.60801 13.36041 39.03494 -7.250057 6.220252 34.63628 -25.60373 -0.6690489 30.93062 -12.21937 15.79385 42.277 -1.591333 2.17771 36.90001 -25.18885 2.24318 -33.33139 -1.707559 -2.213637 31.34001 0.2538066 1.399764 31.12948 2.145148 1.4078 43.09354 2.705087 15.42002 28.74946 24.60729 1.386851 43.3218 -25.46903 10.19583 12.58946 -17.39991 5.262856 12.22374 -18.08009 6.510417 11.9594 -26.2176 0.1393659 11.17584 -26.23371 0.01443195 45.65139 4.954107 2.600338 42.3815 -4.832669 2.259219 42.44927 -3.164394 2.106796 11.37824 -25.40953 0.003606438 -38.92413 -4.93076e-7 1.617796 40.98178 -7.370713 14.24067 -38.94214 -0.1250005 1.683201 -38.94214 0.1249994 1.683201 30.97001 -24.37354 1.335286 36.83751 -13.77273 1.404541 45.924 -7.300506 6.939984 31.15943 -1.762902 16.12495 39.0898 -2.461959 16.30005 46.43067 -11.99162 7.45388 -38.17826 -4.000001 1.628353 36.13166 11.86324 -2.903352 43.31204 -12.40059 10.17682 39.30333 5.707838 6.123839 36.23659 23.28475 0.75647 38.25 -13.02489 2.159743 36.0874 -26.68567 -1.318541 34.71258 -26.58164 -1.367171 12.21554 -30.31716 0.8457417 43.11425 -3.143934 11.47852 13.56217 -23.80001 3.049643 13.55165 -23.30034 1.249992 8.861812 -23.78186 6.499994 11.36139 -23.80001 5.745977 9.07732 -23.80001 1.249992 14.21984 -23.7893 6.566661 -17.24559 -26.69914 3.399992 -17.2458 -26.69898 3.699992 41.86875 17.9 11.57001 43.11462 18.04538 11.52043 41.86875 17.3 11.57001 29.07121 -7.386369 9.886313 8.530797 -17.64523 1.094822 10.87414 -15.45278 1.666546 10.22255 -19.35754 0.9349938 9.101163 -20.84594 1.249994 12.97718 -19.27656 1.786995 12.4 -19.375 0.9607081 14.48709 -18.29437 1.144731 30.3294 6.55759 -1.059676 8.257145 -23.80001 6.566661 11.42144 -27.90001 6.858677 8.24231 -17.45001 4.949995 8.575165 -15.86 0.909995 8.225003 -15.40001 6.599996 12.93125 -18.225 0.9349941 43.09353 1.294907 2.959978 42.98062 2.720318 2.739805 14.1 -18.40001 6.549996 14.05747 -21.10375 6.799994 14.775 -15.40001 6.599996 9.225467 -20.66981 6.799994 9.59632 -17.72467 6.674996 9.98973 -18.9479 1.359084 42.10544 22.2535 8.34001 14.75685 -25.60001 3.716452 -16.49998 -27.88418 2.548576 44.26969 -12.58706 4.116234 11.485 -15.60357 0.799995 -32.00001 4.767912 -1.383384 -29.90001 5.930002 -1.140998 10.91137 -18.66633 0.8661705 45.35934 -13.25882 10.30604 24.22179 25.4866 14.23362 14.025 -15.61429 6.366663 8.985514 -15.61429 6.393746 -34.64768 -24.80001 2.359159 -28.18863 -26.42001 2.66225 -37.34569 7.125001 2.255963 -37.34569 6.875 2.255963 -37.34569 -1.875001 1.260382 -37.34569 -2.125001 1.260382 -37.34569 -2.125001 2.25596 -37.34569 -1.875001 2.25596 -38.26552 7.125001 1.583204 -38.84214 7.125001 1.583204 -38.84214 6.875001 1.583204 -38.26552 6.875001 1.583204 12.33448 -15.40001 5.380941 9.959349 -15.4 4.410997 9.666337 -17.39988 4.143361 41.58562 4.94005 14.15466 10.54781 -17.3999 2.466593 37.45976 -13.35134 10.60866 40.72694 -12.82606 7.900991 38.30004 -13.59215 6.944383 37.30873 -1.280533 2.233182 -28.17262 -29.20519 2.213533 -15.32989 -25.79115 1.904651 16.3932 9.032268 1.79507 -2.640664 -26.36816 0.8836798 38.87253 -13.19072 5.930456 42.32342 -16.81251 2.978216 44.42516 -0.03637707 16.29998 45.14368 1.097546 16 9.57058 -19.75366 3.479693 33.51379 -7.458378 13.45 44.21366 -3.698431 10.84773 43.6671 -3.262374 10.89019 -38.20317 3.125 1.605019 -38.22214 3.125 1.593105 -38.22214 2.875 1.593105 -38.20317 2.875 1.605019 -2.6 -23.85432 0.8644903 -15.91315 -22.62131 0.8265985 45.72464 -25.45308 14.69999 45.62285 -25.29842 15.09021 12.92604 -19.05586 1.143395 -15.7 -23.85432 0.8644915 28.84896 -7.858411 4.999993 31.55772 -7.733132 5.025609 45.59974 -22.05001 2.241965 41.24145 -17.00946 2.055511 -14.33341 -22.61507 1.263002 41.79647 -12.41596 1.324712 46.43357 -11.98053 10.54571 -29.65365 1.715001 -0.8287187 44.5174 -16.00001 2.029313 -38.22214 -4.875001 1.593102 -38.22214 -5.125002 1.593102 41.74925 -22.93671 2.200655 -38.94214 -5.125002 1.683199 -38.94214 -4.875001 1.683199 -37.34569 5.125 2.255962 -37.34569 5.125001 1.260384 -39.75661 5.125001 0.9459165 -38.22214 5.125 1.593106 -38.17929 4.997094 2.329311 -37.03121 5.125001 0.9459165 -38.26552 5.125 1.583203 -38.24328 5.125 1.58571 -39.39213 -5.875002 2.305959 -39.39213 5.125 2.305963 -38.94214 5.125 1.683203 -38.92413 5.000001 1.617798 -38.86439 5.125 1.58571 -38.84214 5.125 1.583203 -16.10136 -23.83543 0.8539549 -39.69509 3.734949 -2.249999 38.20572 -12.40714 5.958977 38.24512 -12.425 4.292366 -38.94214 4.875001 1.683203 -14.8045 -26.43985 0.8801767 35.91395 1.899985 12.40545 -39.75661 -2.125001 0.945914 -39.75661 -1.875001 0.9459141 39.32775 -24.21494 4.785609 38.69403 -22.02001 4.779994 41.99424 -22.0191 4.138558 40.76586 -23.12513 1.297415 -38.84214 4.875001 1.583203 -38.26552 4.875001 1.583203 -38.86439 4.875001 1.58571 -39.75661 4.875001 0.9459164 -39.39213 -5.125002 2.305959 -39.39213 4.875 2.305962 -37.03121 4.875001 0.9459164 -37.34569 4.875001 1.260384 -38.22214 4.875001 1.593106 -38.24328 4.875001 1.58571 -37.34569 -5.125002 2.255959 -37.40311 -5.125002 2.313386 -37.34569 4.875 2.255962 30.89346 -12.54097 1.034229 -37.34569 4.125 1.260384 -38.17929 3.997093 2.329311 -38.24328 4.125 1.58571 -39.44213 4.125 2.255962 -39.44213 4.125 1.260384 -38.16552 -4.125001 1.6832 -37.40311 -4.125002 2.313386 42.71111 -3.147311 10.88 32.04149 -6.9586 1.138679 -4.57829 -23.90185 2.279284 -39.44213 3.875 1.260384 -39.44213 3.875 2.255962 -37.00001 -2.000001 0.977164 -37.03121 -2.125001 0.945914 -37.03121 -1.875001 0.9459141 -39.39213 2.875 2.305962 -39.39213 3.125 2.305962 -39.75661 3.125 0.9459158 -39.75661 2.875 0.9459157 -38.16552 1.875 1.683202 -38.16552 2.125 1.683202 -37.34569 3.875 1.260384 -38.24328 3.875 1.58571 -37.40311 -4.875002 2.313386 -37.34569 -4.875002 2.255959 -37.34569 -7.125003 2.255958 -37.40311 -7.125003 2.313385 -38.16552 -7.125002 1.683199 -38.16803 3.125 1.66095 -37.34569 3.125 1.260384 -38.17543 3.125 1.639814 -38.18734 3.125 1.620853 -38.17929 2.997093 2.329308 -38.26963 3 0.9602501 -38.26552 3.125 1.583202 -38.24328 3.125 1.585709 -39.25133 2.999999 5.189933 -38.01876 -4.000003 5.21938 -38.94214 3.125 1.683202 -38.86439 3.125 1.585709 -38.84214 3.125 1.583202 -37.34569 3.125 2.255962 45.36882 11.027 4.020548 -19.60186 -22.29073 3.473825 -19.42858 -29.66134 3.379947 41.71196 -0.5000018 4.940001 -6.273128 -24.89907 1.770488 -5.298204 -29.8225 0.845942 41.58403 -5.000002 4.351376 -25.10001 11.80963 1.200004 -40.00001 -1.333334 0.8278318 -38.22214 -3.875001 1.593103 -38.22214 -4.125001 1.593103 -38.84214 2.875 1.583202 -38.26552 2.875 1.583202 -38.86439 2.875 1.585709 -38.84173 -7.005437 2.411123 -38.94214 2.875 1.683202 -37.34569 2.875 1.260384 -38.18734 2.875 1.620853 -38.17543 2.875 1.639814 -38.24328 2.875 1.585709 -38.16803 2.875 1.66095 -37.40311 -3.875002 2.313386 -38.16552 -3.875001 1.6832 -37.34569 2.875 2.255962 -26.97833 -22.18999 -0.2317769 -38.84214 6.125001 1.583203 -38.84214 5.875001 1.583203 -38.16552 -3.125001 1.6832 -37.34569 -3.125001 2.25596 -35.83183 2 0.7729582 -38.26552 2.125 1.583202 -38.84173 -2.000001 2.411125 -38.92413 2 1.617797 -38.86439 2.125 1.585709 -38.84214 2.125 1.583202 -37.34569 2.125 2.255961 36.89996 -18.99993 2.165487 45.34395 23.92929 11.801 35.6 23.55 11.57001 36.29933 23.31221 -2.885642 -2.016015 -24.12166 1.976112 -2.416016 -24.1166 1.973206 -32.52139 -15.54869 1.594782 45.53428 24.90505 1.07321 34.71481 25.28898 1.006837 34.63637 -12.44166 -0.6892772 34.54502 -12.53566 1.615669 -38.84214 1.875 1.583202 -38.26552 1.875 1.583202 -38.86439 1.875 1.585709 -37.34569 1.875 2.255961 -37.00001 2 0.9771656 -37.40311 1.125 2.313388 -38.17929 0.9970923 2.329311 -38.24328 1.125 1.585709 -39.44213 1.125 2.255961 -39.44213 1.125 1.260383 -38.92413 0.9999999 1.617796 28.39001 20.77653 -1.248993 28.42501 20.02653 1.150007 26.75501 21.42986 1.150008 -32.86192 -2.678078 -2.188777 -35.23162 -29.50001 1.240665 29.0122 5.74653 4.89762 -19.42003 -24.92625 1.787622 -40.00001 -0.3333337 0.827832 -37.00001 -0.5000005 0.6854574 -14.99397 -25.92756 2.459373 -37.40311 0.8749995 2.313388 -39.44213 0.8749995 2.255961 -39.44213 0.8749998 1.260383 -38.24328 0.8749997 1.585709 -38.16552 5.875001 1.683203 -37.34569 5.875 2.255963 -38.47161 1.25 2.100001 -34.23237 5.209508 -2.170562 -34.87295 5.295971 -2.129999 -37.34569 -2.875001 2.25596 -17.10001 -27.88412 2.548578 -38.17826 -4.9528e-7 1.628354 -38.16552 0.1249994 1.683201 -37.34569 0.1249996 1.260383 -39.75661 0.1249997 0.9459149 -38.22214 0.1249995 1.593104 -38.17929 -0.002907752 2.329307 -37.03121 0.1249997 0.9459149 -38.24328 0.1249995 1.585708 -39.25133 -1.70501e-6 5.189932 -39.44213 0.1249996 1.260383 -39.25133 -7.000003 5.189929 -38.16552 -0.8750008 1.683201 -37.40311 -0.875001 2.313387 -37.34569 -0.875001 2.25596 39.03324 -7.55007 6.200701 1.626502 5.852545 1.595311 -39.44213 -1.125001 1.260382 -39.44213 -0.8750007 1.260382 25.85001 14.42653 -1.248995 38.45477 -25.65001 12.70099 -32.67997 -3.512126 -2.20895 19.11674 8.236959 0.837503 45.80308 -19.00001 16.10603 -37.03121 -0.1250002 0.9459147 -37.34569 -0.1250004 1.260383 -39.19607 -6.66667 5.099998 -39.19607 -5.66667 5.099999 -16.81501 -23.26125 2.488747 -39.75661 -0.1250002 0.9459147 -39.44213 -0.1250004 1.260383 -38.22214 -0.1250005 1.593104 -38.24328 -0.1250005 1.585708 -38.16552 -0.1250005 1.683201 35.6 14.39 8.625736 35.56227 14.37 7.46526 -4.600002 -23.85432 0.8644913 29.07125 -7.40406 11.69369 -32.25001 -13.425 0.832723 -38.26552 -0.8750007 1.583201 -38.24328 -0.8750007 1.585708 -38.94214 -0.8750008 1.683201 -38.86439 -0.8750007 1.585708 -38.84214 -0.8750007 1.583201 -34.02925 -0.1033328 -2.25 30.97 -13.6379 0.9470292 34.15001 -13.55395 1.006026 -32.65803 1.726028 -2.13 -40.00001 2.700001 -1.089999 19.10122 9.458336 0.8321462 -37.34569 -1.125001 2.25596 -38.84214 -1.125001 1.583201 -38.26552 -1.125001 1.583201 -38.86439 -1.125001 1.585708 -37.40311 -1.125001 2.313387 -38.94214 -1.125001 1.683201 -38.24328 -1.125001 1.585708 -38.16552 -2.875001 1.6832 -38.16552 -1.125001 1.683201 41.50013 1.999996 13.10214 -38.17826 -2.000001 1.628352 -38.16552 -1.875001 1.6832 -37.40311 -1.875001 2.313387 -38.17929 -2.002908 2.329308 -38.94214 -1.875001 1.6832 -38.86439 -1.875001 1.585708 32.84001 -20.27501 1.349993 38.43582 -13.42374 4.783131 -38.86439 7.125001 1.585711 -38.86439 6.875001 1.585711 35.94089 -3.900006 12.34851 29.07136 5.399997 11.69365 -38.94214 -2.125001 1.6832 -38.86439 -2.125001 1.585708 -37.40311 -2.125001 2.313387 -39.39213 -2.875001 2.30596 -38.16552 -2.125001 1.6832 -38.71534 8.280001 4.622768 -38.34737 -8.232861 4.774492 -38.17826 -3.000001 1.628352 -37.34569 -2.875001 1.260381 -38.22214 -2.875001 1.593103 -38.17929 -3.002908 2.329306 -39.44213 -2.875001 2.25596 -39.44213 -2.875001 1.260381 -38.84214 -2.875001 1.5832 -29.9372 -5.620482 -2.166769 -17.54719 -28.54428 3.404483 36.91925 -0.5000018 4.938857 -38.16552 -6.875002 1.683199 -40.00001 5.000001 0.7851674 -37.00001 5.5 0.6854594 -17.585 -24.09438 2.024664 7.975104 11.93112 1.440006 18.58081 -4.036735 1.596175 -37.34569 -3.125001 1.260381 25.85001 11.88653 -1.248996 25.85001 13.15653 1.150005 -38.84214 -3.125001 1.5832 -39.39213 -3.125001 2.30596 -39.44213 -3.125001 2.25596 -39.44213 -3.125001 1.260381 -38.22214 -3.125001 1.593103 -39.44213 -3.875001 1.260381 -39.75661 -3.875001 0.9459134 -39.75661 -4.125001 0.9459133 -39.44213 -4.125001 1.260381 -14.50328 -23.34185 3.741151 -38.94214 -6.875002 1.683199 -38.94214 -7.125002 1.683199 -38.26963 -4.000001 0.9602478 -38.26552 -3.875001 1.5832 -38.24328 -3.875001 1.585707 -39.44213 -3.875002 2.255959 -38.94214 -3.875001 1.6832 -38.86439 -3.875001 1.585707 -38.84214 -3.875001 1.5832 45.42298 -13.56556 14.60244 44.36776 -25.16636 12.5645 45.44996 -13.81501 10.74904 45.45123 -24.18501 10.74691 -38.84214 -4.125001 1.5832 -38.26552 -4.125001 1.5832 -38.86439 -4.125001 1.585707 -39.39213 -6.125002 2.305958 -39.44213 -4.125002 2.255959 -38.94214 -4.125001 1.6832 -38.24328 -4.125001 1.585707 -38.17826 -5.000001 1.628352 -38.17929 -5.002909 2.329307 -38.26552 -4.875001 1.583199 -38.24328 -4.875001 1.585707 -39.39213 -4.875002 2.305959 -39.44213 -4.875002 2.255959 -38.92413 -5.000001 1.617793 -38.86439 -4.875001 1.585707 -38.84214 -4.875001 1.583199 -38.16552 6.125001 1.683203 -37.34569 6.125001 2.255963 45.77996 -12.79346 14.7 45.74698 -12.52629 14.7 -17.25769 -29.19742 3.699991 36.67874 4.250047 13.16468 41.6798 4.403977 13.43877 30.25001 25.48037 1.270009 42.44895 -15.98001 4.332855 -38.84214 -5.125002 1.583199 -38.26552 -5.125002 1.583199 -38.86439 -5.125002 1.585706 -39.44213 -5.125002 2.255959 -38.24328 -5.125002 1.585706 -38.26963 7.000001 0.9602513 37.07207 9.784275 1.279482 43.64852 -1.544757 2.178693 41.96468 -18.48001 12.62289 34.66501 -2 -1.912633 40.20378 -4.802647 1.461266 45.85282 4.416619 14.7433 -37.40311 -6.875002 2.313385 -37.34569 -6.875002 2.255958 -37.34569 -6.875002 1.26038 -38.22214 -6.875002 1.593102 -38.26963 -7.000002 0.9602467 -38.24328 -6.875002 1.585706 45.50001 -13.531 0.9233751 -37.34569 -7.125002 1.26038 -1.223346 -24.11449 1.778289 -39.19607 4.333333 5.100002 -38.24328 -7.125002 1.585706 -38.22214 -7.125002 1.593102 37.22339 -0.7261218 2.268575 -39.75661 6.125001 0.9459168 -38.22214 6.125001 1.593106 -39.44213 6.125001 2.255963 -38.94214 6.125001 1.683203 -39.44213 6.125001 1.260385 -38.92413 6.000001 1.617798 -38.86439 6.125001 1.58571 -38.86439 5.875001 1.58571 -18.04598 -25.22757 0.9486286 -14.90407 -25.14631 0.9590469 -40.54183 -1.39 -0.9436922 44.72544 -16.79235 16.11 -39.75661 5.875001 0.9459168 -39.44213 5.875 2.255963 -38.94214 5.875001 1.683203 -39.44213 5.875001 1.260384 -38.22214 5.875001 1.593106 -0.9690369 -25.09972 3.48365 -39.44213 7.125001 1.260385 -33.19476 -4.52 -1.610877 -15.27391 -23.80735 2.21288 36.1 23.722 5.82251 -39.44213 6.875001 1.260385 -40.00001 6.500002 0.8737829 -40.00001 -5.000003 0.785164 -39.56663 8.174286 5.100004 -40.00001 3.666667 0.8278334 -37.00001 7 0.9771672 -39.34319 9.099911 0.5713789 -40.00001 -2.333334 0.8278314 -39.60491 -8.370004 5.099998 -38.50001 -10.3 5.099997 -38.5 9.520003 4.750004 -39.13207 9.129844 1.905733 -39.19607 5.333333 5.100003 -39.26142 -2.500002 5.1 41.24534 5.014204 12.88428 -37.89737 -9.383336 0.7999972 7.978427 -2.896337 1.499992 44.54534 1.999829 16.20714 -37.00001 -5.000002 0.9771634 -37.00001 -4.500002 0.685456 -37.00001 6.000001 0.9771668 -37.00001 5.000001 0.9771665 -37.00001 -3.500001 0.6854568 -37.00001 6.500002 0.6854598 -37.00001 -2.5 0.6854568 -37.00001 -1.5 0.685457 -37.00001 -1.000001 0.9771645 -37.00001 0 0.9771648 -37.00001 1.500002 0.685458 -37.00001 -6.500001 0.6854553 -37.00001 4 0.9771661 -37.00001 -5.500001 0.6854556 -37.00001 3.500001 0.6854587 -37.00001 4.5 0.6854592 -16.98501 -23.43024 2.364973 45.91068 4.419083 6.211435 45.86215 -6.405902 6.252236 -37.82926 -9.179325 1.693157 41.60809 -0.5000045 12.85682 44.54535 -4.000166 16.20715 -38.31135 -8.162146 2.099998 32.19 20.77653 -1.248993 -40.00001 0.5400006 -1.115714 27.48501 12.07986 1.150005 45.75569 -12.66812 3.440002 41.96469 -18.48001 4.122887 45.51026 23.90611 6.34001 40.83699 -20.82932 2.17195 -18.39121 -25.83174 2.504633 35.6 14.45 1.650005 36.725 20.75 3.744008 -38.47161 -1.750001 2.1 -37.97214 0.3942302 2.1 -38.63809 -3.518941 2.099998 -39.00001 -3.500003 5.1 36.90039 -13.89695 6.896509 -15.76204 -26.69988 3.699992 -19.77314 -24.89907 1.770492 40.80565 -12.43149 4.217311 33.25037 11.90534 0.7147176 31.19733 11.44612 1.016194 29.70013 -25.82285 -2.746257 45.43795 25.47991 14.23231 45.43847 9.714401 14.22542 31.62694 6.717509 -1.161151 39.03416 -7.391039 14.71074 45.5072 -25.13474 7.544356 38.27532 -25.34914 4.121601 45.86716 -15.92846 16.22391 24.22269 9.712749 14.23359 38.91734 -13.25903 4.476939 41.60015 -22.92062 7.249362 39.04023 5.396595 3.618366 41.9943 -22.01914 12.63863 30.96739 -7.488062 -2.412915 33.22132 11.91591 -2.888553 36.00939 6.55759 -1.059676 44.35182 -16.45009 10.85148 44.19884 -15.48331 10.79352 41.75015 -15.09494 10.88747 41.80419 -16.9054 10.8008 41.41367 -0.6938914 15.7995 45.5104 11.08815 8.340006 33.43307 23.31011 -2.906393 25.94891 9.750137 3.700004 31.69476 9.550976 -0.109135 28.76059 2.129716 15.04889 39.03673 -7.250034 12.1401 28.80585 -7.45966 1.98214 42.17912 -22.81985 6.775497 44.35042 -25.30739 3.992336 45.18004 -25.42957 2.232887 45.59084 5.223338 11.10673 31.70526 25.64904 -0.1091285 31.6947 25.64713 2.312527 -4.813144 -22.6212 0.8265702 41.75377 -0.6651089 16.27419 44.12086 2.47144 10.90199 43.66353 2.739225 10.89111 -4.545981 -25.22757 0.9486287 -1.404072 -25.14631 0.9590474 36.94792 -4.999998 4.993766 38.76321 -4.000003 4.94 31.70536 9.553808 2.31418 36.09144 -26.17642 -1.267833 36.16159 -25.47422 -0.7523297 40.64297 -1.532711 2.288833 43.1119 2.847519 7.080887 43.11146 1.147292 6.927424 -19.41469 -29.78258 1.367371 24.36536 9.815708 1.813162 -33.31212 0.4399631 -2.213077 28.83003 5.391849 16.11714 43.11874 2.855946 11.46918 42.9179 -1.25123 2.380514 43.13116 -4.854259 11.30867 31.57713 5.74035 7.43712 42.71111 1.147305 7.500002 45.38486 -13.02014 1.872371 42.80001 10.6 1.033337 42.80001 24.60001 1.054554 -2.493111 -24.85691 0.8128913 42.1476 17.3 11.30894 42.59315 16.88 11.50358 38.30004 -13.37904 15.92447 32.90648 10.30559 0.9532361 43.6895 -4.852696 7.5 30.15876 23.25966 1.150008 28.39001 22.04669 1.150007 25.82501 22.10403 -0.6492429 38.73168 23.99 1.150008 38.56501 21.95001 1.150008 38.73168 21.45001 1.150007 30.15876 12.3357 1.150004 38.7793 13.5625 -0.2893956 -30.3899 3.369127 -2.208749 37.1 14.45 5.540006 36.05 11.478 5.702228 35.6 11.65 11.57001 35.6 18.47 8.625737 35.6 19.49 8.625737 35.60148 12.08667 8.79754 35.6 15.41 8.625736 35.6 15.86 8.395863 35.6 16.58 8.587424 35.6 18.92 8.395864 41.86875 14.24 11.57001 42.86722 14.84 11.50466 41.86875 16.28 11.57001 42.35249 18.32 11.45187 41.86875 20.36 11.57001 41.86875 18.92 11.57001 28.39001 13.15653 -1.248996 -32.66078 3.163335 -2.25 45.80732 -25.21401 3.439991 -28.016 -28.17506 2.209198 30.07001 -22.50001 -2.12871 -19.47368 -28.23783 2.17769 28.83723 -7.400006 16.11465 32.02187 4.954049 1.129677 40.08678 -15.02001 13.28 38.49164 -13.37997 13.28238 29.72378 -1.753418 16.12323 33.26401 23.31785 0.7138774 41.69365 -6.761331 14.13154 41.55521 -6.888081 12.73084 41.33843 -0.7001919 15.46402 38.81501 24.24 -1.248992 44.37158 -15.56586 10.90477 34.78749 24.78803 -2.892661 38.91426 -24.74391 4.478251 28.8127 2.408778 15.85385 34.83452 13.24054 -2.908895 34.6655 21.95948 -2.908892 45.79373 5.826843 2.764298 38.07122 5.507294 2.24108 -14.05544 -22.96198 1.512572 36.67671 -6.383965 13.07442 -2.147077 -25.3984 3.523206 -3.001676 -25.33471 3.268343 -3.988899 -24.99553 3.580842 34.73738 -1.197339 1.352548 -32.45113 3.737169 -0.9994425 -4.954382 -28.54874 3.414146 30.9102 5.699445 5.648203 16.13065 8.266305 1.795515 -30.45153 -22.97001 3.813254 38.35611 -25.30001 14.4675 41.77199 -3.360239 13.42697 -35.73214 8.384108 2.113994 -33.23666 -5.079233 -2.250002 -1.00328 -23.34185 3.741151 -1.850868 -22.25816 3.245458 -6.28184 -28.2468 2.163752 -16.00028 -23.63492 3.70397 40.33001 -12.43334 10.4 -16.50169 -25.33471 3.268342 41.81964 -1.333708 16.12052 44.34546 -12.74734 12.2425 40.6398 -1.49589 2.236459 -4.101355 -23.46035 3.185574 -18.5872 -23.43436 3.424558 -3.613144 -22.62131 0.8265979 -18.99782 -25.50689 3.484439 -5.978988 -23.20747 2.278845 -0.1228936 -29.81398 1.146419 -1.304485 -26.43985 0.8801755 40.67497 -6.781252 1.357377 -13.37388 -22.32225 2.269778 -5.168464 -22.61637 1.264249 -3.067291 -29.81152 0.8689512 0.283578 -23.20613 2.260733 -19.78124 -23.20953 2.269004 -19.479 -23.20747 2.278845 -14.79791 -28.36182 0.8757417 45.93156 -6.598659 1.726193 -32.95 -21.76501 3.796356 -4.115001 -23.26125 2.488747 -18.79821 -29.8225 0.8459435 -16.0969 -29.85669 0.7062904 -2.651473 -28.09248 0.8786044 45.80588 -19.00137 2.05456 29.22178 -14.74048 1.174995 30.07001 -15.5 -2.128709 -4.242501 -24.29976 2.459992 -4.115001 -24.29976 2.549992 38.76321 1.999999 4.940002 41.47402 1.999999 4.597 41.54965 2.999999 4.485222 36.93632 4.192307 4.960031 -6.281224 -23.20953 2.269004 -14.72335 -24.11449 1.778289 44.54536 2.000158 2.172859 -5.131415 -22.30012 3.253252 -2.548125 -28.04126 0.9257985 -16.04861 -26.40902 0.924909 -2.170535 -26.26868 1.100005 -15.66117 -28.17609 1.10001 45.59018 -6.946902 2.516749 -15.67054 -26.26868 1.100005 -2.161172 -28.17609 1.10001 -16.04814 -28.04127 0.9257981 43.51514 -7.249989 12.53195 40.72982 5.347471 7.656995 43.1396 -4.854226 11.64876 42.1776 -16.8202 6.777257 38.81501 21.70001 -1.248993 -18.63143 -22.30012 3.253257 -0.8273158 -22.29998 3.390222 -32.86192 0.2380787 -2.191225 41.50013 -0.5000045 13.10214 -0.3038436 -25.63488 3.067992 30.97001 -24.46838 0.9232103 -15.74009 -25.48959 3.354058 41.91421 -22.01821 4.428344 -17.26007 -25.46938 3.36917 -1.829893 -25.79114 1.904646 45.26675 -15.94037 2.111751 -5.091097 -24.29976 2.818992 -4.515001 -24.29976 2.549992 -5.099058 -28.3792 2.328871 -14.68104 -27.8786 2.548427 -4.416016 -24.12166 1.976112 -32.85803 -0.4739753 -2.130001 -32.86602 -0.4819666 -2.250001 -16.31314 -22.62131 0.8266046 -1.373904 -23.77949 2.19831 -13.35502 -29.82948 3.623771 36.65001 -12.57919 0.936414 45.50001 -25.40779 16.04619 45.50001 -25.62257 16.23447 -35.94489 8.509024 2.340114 -34.33885 -23.42 3.785919 -17.785 -23.43024 2.364973 43.50296 5.549997 12.52457 43.97403 5.334904 13.66058 41.77905 -3.99815 13.02201 41.7631 1.999999 4.523512 -35.61211 -22.16169 -0.1622617 38.69403 -22.02001 13.28 42.6418 -17.52 13.29188 45.87668 -1.00999 2.120334 21.18866 -3.705064 0.8571418 -17.51315 -22.62131 0.8265985 -29.65001 -21.7606 3.796356 41.57429 -0.5000016 4.349398 -18.43048 -28.30786 2.442234 -19.78185 -28.2468 2.163753 18.49063 -6.163881 1.596998 -30.08001 1.245001 -0.9862499 34.15001 -24.94869 0.531413 -17.91315 -22.62131 0.8265981 45.61747 -15.95 2.234317 -17.385 -23.43024 2.364973 41.84323 -15.98001 12.93118 -18.20433 -28.35787 0.7674912 36.83751 -24.22728 1.409992 39.32176 -1.462963 2.236226 30.91848 -7.691415 5.65755 -17.26376 -29.19773 3.399991 31.06223 2.753332 1.399824 12.83945 -7.091151 0.8333309 -18.31314 -22.62121 0.8265767 45.9395 -7.706876 11.36902 44.3736 -16.42924 7.249613 25.85001 16.96653 -1.248995 45.2486 -21.94503 2.10651 45.38115 -12.54201 6.877156 21.01088 -7.965065 1.499998 28.84956 5.419118 4.456293 45.50001 -25.43298 0.9241663 42.12255 -15.17889 11.45717 41.27173 -1.299648 15.61851 44.37358 -21.57075 10.89038 -13.52845 -26.56218 2.177351 21.18231 -6.810518 0.8354144 42.25796 -15.19064 6.713141 -27.13001 -28.44334 2.370047 31.45501 -15.225 1.349995 43.13024 -3.215246 6.80423 40.89587 5.427224 10.92819 42.31735 -22.8001 15.16121 36.99224 4.482839 15.31473 43.03619 -4.705847 15.26172 32.69001 -15.5 -2.128709 42.45003 -4.852698 10.88 45.45201 -7.261116 10.68742 43.8564 -4.682106 10.94121 41.80564 -22.9056 7.33866 42.29416 -7.416667 10.94449 41.84325 -21.12195 7.060719 42.24326 -21.18998 6.715491 39.62253 -20.48001 4.779994 40.08678 -19.52001 4.779995 43.51539 -7.54999 5.847242 36.59956 5.127301 2.118812 36.42741 -12.39427 1.760092 -18.10665 -27.87797 1.946159 -18.5911 -24.29976 2.818992 42.31949 1.147305 7.500002 42.31949 -3.154611 7.5 35.72005 -6.74475 6.700603 35.72004 4.80685 6.630107 42.44927 -4.835615 16.27321 45.87759 -21.97999 1.813417 39.29973 -7.702676 12.24096 21.14179 -4.690064 0.8298491 34.71278 -11.52895 -1.383087 34.71247 -11.31445 -1.318496 -28.26117 -23.42 3.785919 -35.92501 19.81872 1.163643 45.79312 -7.82287 15.63209 12.93815 -3.874588 0.8352931 12.83527 -3.040821 0.829411 40.48001 -13.69037 0.7609975 45.93963 -0.9899908 2.312847 31.88001 2.809988 1.405602 40.50157 -1.060138 2.080038 40.08678 -22.02001 4.779994 5.720976 10.41558 1.597147 -35.76915 20.97845 2.216473 -36.55001 -5.130001 -0.8864685 43.3231 -25.6675 7.80416 28.78887 -25.31574 1.10475 29.96501 -5 -1.922634 31.29589 -4.785672 1.404488 30.96015 -12.24507 0.9635559 -34.50796 -28.19142 2.709553 39.29541 -7.724371 3.740442 43.18521 1.125008 11.64759 43.95397 1.444664 10.89147 42.38316 -16.81237 2.766214 41.84351 -18.48001 12.93116 45.92067 -7.915806 6.985281 40.6335 -12.45621 1.552243 -35.63306 -28.49287 2.354426 37.68299 -15.911 15.84578 -35.61309 -23.17794 1.314491 -35.9091 9.276295 1.06667 38.69403 -19.00001 4.779995 19.21088 0.149223 0.8319152 -34.05001 -21.98422 0.8244838 13.01088 0.03493708 1.55 32.84001 -15.775 1.349995 44.19793 -21.48273 10.79536 42.5153 -4.852696 7.5 42.71111 -3.154611 7.5 -39.27182 -5.155839 -1.120458 -34.40797 -29.14137 2.120389 38.32738 -12.53215 12.57687 42.44896 -20.48001 12.83286 42.3815 1.167333 2.259221 41.70594 4.671006 12.75806 38.88414 -24.72055 12.87539 13.01088 -7.965065 1.599998 29.03258 -26.58157 -1.367162 44.9396 -12.46838 7.23786 32.60392 -7.397461 10.02142 42.37761 -7.454002 7.465939 42.44927 2.835608 2.106797 39.0908 -2.445041 2.37993 39.15966 -2.217554 2.080006 39.09267 3.564388 2.242888 39.0923 -2.443036 16.00004 39.09103 3.547765 16.14657 41.75384 -21.09556 10.89156 41.80605 -22.90521 10.80135 28.79901 -25.53222 16.08865 30.40741 -26.6856 -1.318529 28.7968 -25.78593 0.6999912 39.03673 -7.250031 3.640095 39.0479 -1.059246 16.14308 36.01305 -8.717509 -1.161159 37.31062 -8.557592 -1.05968 36.00574 6.883139 -1.128483 30.32575 6.883142 -1.128476 30.33308 -8.717513 -1.161152 31.63431 -8.883139 -1.128488 31.63062 -8.557592 -1.059681 43.14565 1.140324 11.3058 43.11483 -4.85271 6.927928 39.03768 5.250095 6.234744 43.09353 -3.294913 15.42003 42.98067 -4.719987 15.64015 42.17549 -22.02237 11.36564 42.12254 -21.17886 11.45698 36.93706 -6.454013 15.41674 43.10636 2.847508 6.74079 43.03619 1.294155 15.26172 43.03618 -3.293275 3.118191 43.03618 2.706727 3.118193 42.37528 5.457703 7.463553 44.70485 5.452823 8.527552 28.79872 -4.178528 15.02005 45.83303 -7.817811 2.803558 28.7948 -12.33902 0.9538559 41.16271 -7.125941 5.426499 38.92333 -24.76058 14.25785 36.90001 -24.55101 10.67554 43.19663 -7.460125 13.44095 36.65 -13.60871 0.8535305 36.08678 -11.5655 -1.351411 39.29826 -13.43622 5.984968 44.34431 -12.7482 3.942836 36.16222 -12.521 -0.7580925 40.72534 -7.350703 10.73021 44.62665 -7.438741 9.855587 29.71323 -0.2567245 16.12198 28.87606 -7.825121 7.447379 44.52064 -16.03728 16.09803 45.6514 -6.954099 15.7797 43.98611 -7.468356 13.65758 35.72 5.154348 15.97981 16.28185 8.662878 1.794666 37.31431 -8.883138 -1.128488 31.96942 -7.413413 2.559509 45.14887 1.103407 2.233202 45.14912 2.896305 2.230016 39.29362 -24.56097 5.983933 -33.68602 5.990002 -0.9894322 39.0938 -5.566897 16.14104 45.14883 2.896608 16.15 45.60623 -4.21574 16.07392 45.14307 -3.097403 16.29999 39.0955 0.4231647 16.30007 42.05241 -16.82752 6.614071 36.90001 -24.55001 4.779993 41.85463 -15.13445 6.939356 31.57826 -7.748117 7.43821 40.7266 -7.352844 7.650671 45.53476 -7.332201 8.100159 43.98609 -7.339114 4.722066 32.59768 -7.362504 11.56375 42.38151 -3.16734 16.12079 35.72001 -7.250006 10.88 35.72001 -7.154636 15.98098 41.96457 -22.84723 11.23474 38.55608 -20.65069 10.80004 37.86738 5.253079 2.46824 36.67262 5.488051 -2.412919 36.64739 -7.488062 -2.412918 45.63079 -4.172706 2.312093 42.64178 -17.52 4.791817 42.58081 -19.1546 4.789069 42.38149 2.832664 16.12079 42.44927 1.164387 16.27321 44.36277 -0.2722676 16.00005 39.08912 0.463611 2.379952 39.09209 0.442492 16.00005 42.27147 -1.437045 2.235781 45.15425 -3.11025 2.080007 41.80599 -15.09548 7.338741 39.26208 -13.41027 14.28233 45.17997 -12.5766 3.763372 36.65001 -12.41701 0.7570423 45.40155 -12.57964 0.9472119 45.50006 -25.25368 2.173868 30.91029 -7.699455 6.851687 40.68069 4.6 1.326637 42.36447 -15.18829 15.26558 45.50001 -12.38142 0.7815818 42.10751 -16.81907 11.56727 42.17533 -16.82027 11.36191 43.19367 5.408377 4.93102 36.92401 -6.550004 4.934727 44.54535 -3.999845 2.172857 42.38051 -21.17894 15.40268 30.99263 5.488049 -2.412917 41.96865 -21.09665 2.171019 42.3111 -16.81243 15.16561 42.98069 1.28002 15.64014 42.14195 -15.15713 2.667143 45.92088 -6.597105 16.6629 44.3487 -22.45307 10.85812 43.63978 -1.495891 2.234961 30.97001 -25.59894 0.77253 38.88034 -13.18617 14.23118 40.33001 -25.55001 8.999992 42.27835 -16.83249 15.48183 44.19916 -16.51619 7.344713 41.66109 -16.91041 10.94254 30.40744 -11.41845 -1.367161 29.08001 -13.13359 0.9213702 -32.30425 5.189247 -2.188908 29.03245 -11.31444 -1.318513 -33.19476 -0.1199995 -1.610876 44.35201 -15.55091 7.279299 42.44895 -15.98001 12.83286 42.95375 -25.29926 7.914994 44.26945 -25.41208 6.323386 41.8435 -15.98001 4.43116 42.64797 -22.02236 4.780534 34.15001 -24.25001 1.349992 35.4 -25.82932 -2.734289 38.55608 -17.34933 10.80004 44.35004 -12.69436 14.75304 38.30001 -12.73751 6.219997 40.50119 -12.81393 0.6615537 38.35535 -25.20004 6.169446 38.35706 -25.39999 6.164928 44.34983 -25.40621 12.30091 44.34677 -25.2638 6.49135 41.73978 -16.90609 7.25528 38.55543 -14.65059 10.80002 44.35331 -21.55317 7.287598 38.55608 -20.65069 7.33995 38.55608 -17.34933 7.339949 38.55496 -14.65052 7.339975 44.37158 -22.43417 7.235222 44.19988 -22.51571 7.346096 42.05496 -22.82847 6.611351 42.43283 -22.97998 4.372417 29.02741 -11.72996 -1.310518 29.72002 -12.17068 -2.734314 44.51875 -21.98772 2.028766 12.95122 13 1.750005 18.95122 13 1.716672 12.95122 7.000001 1.744447 18.95122 7 1.752384 16.69577 8.067669 1.7937</float_array>
          <technique_common>
            <accessor source="#Raspberry_Pi_4-Model_B-03-mesh-positions-array" count="3828" stride="3">
              <param name="X" type="float"/>
              <param name="Y" type="float"/>
              <param name="Z" type="float"/>
            </accessor>
          </technique_common>
        </source>
        <source id="Raspberry_Pi_4-Model_B-03-mesh-normals">
          <float_array id="Raspberry_Pi_4-Model_B-03-mesh-normals-array" count="24837">0.4663832 0.8643225 0.1882372 0.408674 0.8857068 0.2202478 0.2687863 -0.9129273 0.3071122 0.9784096 0.1228388 -0.166209 0.5980944 0.7157347 -0.3605649 0.2322225 0.9550795 0.1841086 0.844759 0.4874516 -0.2208465 0.1847747 -0.9744642 -0.1275851 0.915863 0 0.4014909 0 0 -1 -0.7071136 0 0.7071 -0.7071102 0 0.7071034 0.05745512 -0.04153275 -0.9974838 0.1286528 0.002677738 -0.9916861 0.7071136 0 -0.7071 0.7071102 0 -0.7071034 -0.8606466 0.5083014 0.03028559 -0.6630739 0 0.7485539 0.7066789 -0.508271 -0.4922049 0.9892467 0.008378922 -0.146016 0.5039859 0.8629904 -0.03529524 -0.2603734 -0.9320327 -0.2520338 0.1735863 0.9839317 0.04178887 -0.3302158 0 0.9439055 -0.3301778 -9.49115e-6 0.9439188 -0.6557174 -0.7520986 0.06619936 0.7070927 0 0.707121 0.7070935 0 0.7071201 0 2.96892e-7 -1 -0.532011 0 -0.8467375 -0.5320283 0 -0.8467267 -0.1721695 0 0.9850674 -1.23445e-5 0.004196882 0.9999912 0.04341161 0.02543675 0.9987334 0.8078964 0 0.5893245 0 3.43632e-7 -1 0.6959219 0.07723462 0.713952 -0.009204328 0.9032494 0.4290174 -1 0 0 -0.1427294 -2.09031e-7 0.9897618 0.04197829 -0.9952658 0.08765769 0.1839516 -0.9662609 -0.1802824 0.7071 0 0.7071135 0.6838841 0 0.7295907 0.1427297 0 0.9897617 0.09017986 -0.009102106 0.995884 0.1802566 -0.3052669 0.9350507 -0.1452243 0.01555711 -0.9892765 -0.08981513 0.1728499 -0.9808446 -0.9989075 0 -0.04673081 0.2819113 -0.9082964 -0.3090692 0.6345707 0.3645213 0.6815015 -0.9931805 0.1154249 -0.01642334 -0.0386433 0.4076228 0.9123324 0.02036809 0.9950426 -0.09734207 0.9778562 0.1335811 0.1611005 0.3223186 -0.9377494 0.1293712 -0.06126278 0.9674471 0.2455465 -0.003554999 0.001719117 -0.9999922 0.005919873 0.0246458 -0.9996787 -0.6997665 -0.7116764 0.06199735 0 -3.07377e-7 1 -0.707106 0 0.7071076 -0.707106 -5.0264e-7 0.7071076 -0.5565305 0.7977257 -0.2321798 0.97825 0 0.2074297 -0.7047406 0.02612203 0.7089841 -0.9058728 0.1141086 0.4078893 -0.9735758 -0.1675322 -0.1551873 0.1728273 -0.2285571 0.9580671 0.08559662 -0.9960627 -0.02307474 0.2093583 9.32511e-7 -0.9778391 0.6843447 -0.7286031 -0.02845799 0.9965741 6.52726e-4 -0.08270341 -0.473905 0.8805568 -0.00581479 -0.4565663 0.8893599 0.02421134 -0.8060049 -1.84421e-6 0.5919089 0.06096696 -0.9979175 0.02106082 -0.008545875 -0.9938482 0.1104212 -0.8699337 -0.2616022 -0.4180666 -0.9988104 0 0.04876238 -0.1721687 -2.31056e-7 0.9850676 0.7071087 0 0.7071049 0.7071064 -5.50252e-7 0.7071072 0.9478415 0.01702791 -0.3182867 -0.9918036 0 -0.1277726 1 0 0 0.4758293 -0.8793314 0.01905101 0.06760931 0.1439833 0.9872679 0.01113277 0.09287494 0.9956156 0.9975472 0 -0.06999856 -0.8078908 0 0.5893323 -0.99062 0 -0.1366456 0.1964725 0.01410615 0.9804079 0.1793599 -0.002505898 0.9837804 0.07419258 0.008926272 0.997204 0.06436401 8.83432e-4 0.9979261 -0.6249502 -0.2415152 0.7423663 0.9942598 0.06694155 -0.08346384 0.3794452 -0.7816523 -0.4950162 0.6263898 0 0.7795102 -0.7242755 0.004588961 0.6894955 0.3142661 0.7652139 -0.5618582 0.3549489 -0.8974921 0.2617616 0.4723036 0.8435119 -0.2557673 0.9917917 -0.1060119 0.0714901 -0.2250252 0.8524051 0.4719846 0 -2.64909e-7 -1 -0.7462741 -0.658562 -0.09680581 -0.7672744 -0.1381717 -0.6262577 0.7650057 -0.3465182 0.5428549 0.2868542 -0.9452279 -0.155753 0.4986416 -0.758001 0.4204655 0.4656569 0.8558259 0.2252237 -0.7071057 0 0.7071079 -0.7071057 -1.00528e-6 0.7071079 -0.8280506 -0.5606339 -0.004675328 -0.9782497 0 0.2074306 -0.7214902 0 0.6924248 -0.9879501 0.1536722 -0.01842552 0.6271195 -0.1177446 -0.7699725 0.5790393 0.7718072 -0.2627302 0.8539197 0.1940463 0.482874 0.3257731 -0.8315979 0.4497966 0.9693139 0.2324365 0.08002549 -0.4384137 -0.009595394 0.8987221 0.3147357 0.7535189 -0.5771923 0.4433023 0.879664 -0.172263 0.4534087 0.7935906 -0.4057517 0.694691 0.2176218 0.6855986 -0.9988105 0 0.04876232 0.9271637 -0.3315443 -0.1744881 0.9596935 -0.2700499 -0.07785564 -0.6872109 0.7212719 -0.08664959 -0.9981731 0.03897833 -0.04616582 0.6263918 0 0.7795085 0.9334818 -0.267449 -0.2389203 0 -0.9833726 0.1815995 0.9915661 0.009891569 -0.1292248 0.6978761 -0.716202 -0.004868507 0.3302689 0 0.9438869 0.3302783 0 0.9438837 -0.9978368 0.0566973 -0.03327351 0.9707741 -0.1037669 0.2164028 0.4701036 -0.7785927 0.4156876 0.7640994 0.2516537 -0.5939887 -0.9936824 0.1107332 -0.01826041 0.03976899 0.00446248 -0.999199 0.1050331 0.0434845 -0.9935176 -0.6263314 0 0.779557 -3.13638e-5 -2.00101e-6 -1 0.9789293 0.0722053 -0.1910076 -0.4732184 0 0.8809452 0.7071332 0 0.7070804 0.7071362 0 0.7070775 4.83726e-4 -4.2372e-4 -0.9999999 -5.38083e-4 -3.70752e-4 -0.9999998 -0.7332784 0.002879798 -0.6799225 0 -9.53674e-7 1 0 0 -1 0.323834 0.9422727 0.08516937 0.7443082 -0.3371534 0.5764833 0.1502264 -0.1145343 0.9819949 0.09064674 0.06846535 0.9935269 0.7071104 0 -0.7071032 0.05480688 -0.9923881 0.1102829 -0.8606446 0.5083047 0.03028589 0.9350029 0.1630887 -0.3149152 0.2593781 0.9541785 0.1492196 -0.2773075 0.9182671 -0.2826414 -0.9782503 0 0.2074283 0.7814334 0.2564041 -0.5688751 0.7328668 -0.6803377 0.006845295 -0.9228346 -0.3349817 -0.190167 0.7071065 0 -0.7071071 0.7071067 1.00528e-6 -0.707107 0.9261353 -0.3622671 0.1050525 0 4.29145e-6 -1 0 4.29134e-6 -1 0.2974703 -0.8471543 0.4402741 0.6327119 0.2083841 -0.7458229 0.7070967 0 0.7071169 0.3094839 -0.8055925 0.5052133 0.9997732 0 -0.02129846 -0.3855278 0.9181206 0.09177696 0 -1 0 -0.7071065 0 0.7071071 -0.7071067 -1.00528e-6 0.707107 -0.6877905 0.4488595 0.5704993 -0.002906441 0.9671019 -0.2543727 0 -3.16358e-7 1 0 -4.89929e-7 1 0 0.9702601 0.2420649 -0.4732207 0 0.880944 -0.6263285 -1.31683e-5 0.7795592 0 5.54211e-7 -1 0.8114438 -0.5185144 0.2696326 -0.9071249 0 -0.4208617 -0.741005 0.06254017 0.668581 -0.8267326 0.1238627 0.5487908 0.9899812 0.1412001 0 -0.7071106 0 0.707103 -0.8123703 0.3205406 0.4871429 -0.5123462 0.05368071 0.8570996 -0.001717686 -0.9991471 0.04125857 0.005854904 -0.9416581 -0.3365201 0.3342514 -0.9093993 -0.2475259 -0.9925693 0.1208374 -0.01430064 -0.03322362 -0.9697405 -0.2418668 0.2084662 -0.210516 0.9551047 0 -0.9932249 0.1162086 0.1696062 0.4317906 0.8858842 -0.1120157 0 0.9937065 0.7707098 0.5901847 -0.2401846 -0.9303896 -0.1331405 0.3415389 -0.1058785 -0.9832938 -0.1480644 -0.7488211 0.6626276 0.01384323 -0.6549223 -0.7379488 0.1628142 -0.9757848 -0.006358444 -0.2186405 0.4057545 0.897494 -0.1728234 0.5169835 0.855907 -0.01230955 0.6681034 -0.7304571 -0.1416698 0.02327316 -0.9037694 0.4273868 0.8573998 0.3364214 0.3894693 0.7151318 -0.5524526 -0.4282323 0.2483145 0.8843281 -0.3953527 -0.6263273 0 0.7795602 0.4459258 -0.8188557 0.3614217 0.1769595 0.9574303 -0.2280628 -0.09459185 -0.993045 -0.07009971 0.6612123 0.7249093 -0.1931452 0.707106 0 -0.7071076 0.707106 5.0264e-7 -0.7071076 0 3.44508e-7 -1 0 -4.03395e-7 1 1.30594e-7 -3.26829e-7 1 -0.9079021 0.3476584 -0.2341955 -2.67894e-5 -3.3553e-4 -1 0 -3.15754e-7 1 -0.2115341 0.9725189 0.09726506 0 5.47989e-7 -1 -8.42448e-4 -9.84108e-4 -0.9999992 -0.001872777 4.74191e-4 -0.9999982 -0.002818882 9.7588e-4 0.9999956 0 4.4467e-7 -1 -2.51001e-4 -1.51734e-4 1 3.7686e-6 -2.63705e-4 -1 0 -3.64413e-7 1 0.6994591 -0.5738192 0.4260147 -4.67394e-5 0.00151056 -0.9999989 -0.00137639 -0.001210451 0.9999983 0 2.72766e-7 -1 0 2.00554e-7 -1 0.9975471 0 -0.06999862 -7.1369e-4 -0.001322209 -0.9999989 -2.79268e-7 -3.55733e-7 1 0 9.12719e-7 -1 0 1.22245e-7 -1 0 1.22055e-7 -1 8.83878e-5 0.002119243 -0.9999979 0.2093595 0 -0.9778388 0 6.23717e-7 -1 0 2.96161e-7 -1 0 -4.02639e-7 1 0 2.27645e-7 -1 0 1.59682e-7 -1 -5.88254e-4 0.06165355 -0.9980975 0 8.53614e-7 -1 0 -4.19957e-7 1 0 -3.801e-7 1 -7.69696e-5 0.00462085 -0.9999894 -2.72358e-4 0.00821793 -0.9999663 1.71776e-4 0.002019166 -0.999998 9.23682e-5 0.003198206 -0.9999949 7.71568e-4 -0.001340687 -0.9999989 3.08812e-4 -0.004408359 -0.9999903 0 8.08907e-7 -1 0.6263841 -2.57563e-6 0.7795147 -3.32391e-4 -1.67876e-4 -1 0 -3.46495e-7 1 -5.33632e-7 -1.78849e-7 -1 0 1.19977e-7 -1 5.34063e-4 -0.002719938 -0.9999963 0 -3.31933e-7 1 0 -3.26759e-7 1 0 -3.42544e-7 1 0 -4.02262e-7 1 0.005547285 0.03249984 -0.9994564 0.002049744 0.003052532 -0.9999933 0 3.39462e-7 -1 0 7.44351e-7 -1 2.1961e-7 3.90264e-7 -1 -0.6537888 -0.7366678 0.1728609 0 1.28299e-6 -1 -4.07256e-5 1.3894e-4 -1 0 -4.39092e-7 1 6.79163e-4 0.002484142 -0.9999967 -3.05217e-4 0.001466274 -0.9999989 -7.99309e-4 -5.61481e-5 0.9999998 6.82278e-6 1.60783e-4 1 1.81761e-7 4.06099e-7 -1 0 3.01475e-7 -1 0 0 -1 -5.6731e-7 -3.34479e-7 1 0 -3.14929e-7 1 0 -2.76186e-7 1 0 3.38818e-7 -1 -9.41335e-5 8.90834e-4 -0.9999997 1.37987e-7 3.41346e-7 -1 0 1.81184e-7 -1 0 2.6155e-7 -1 0 -3.50583e-7 1 0 3.25464e-7 -1 0 -4.0763e-7 1 0 2.35077e-7 -1 0 9.69669e-7 -1 0.7071057 -5.50252e-7 0.7071079 0.7071079 0 0.7071057 0 3.15114e-7 -1 0 1.2143e-6 -1 4.60125e-7 3.51999e-7 -1 0 3.15748e-7 -1 0 0 -1 1.01878e-4 0.002808749 -0.9999961 -2.36999e-4 1.96809e-5 -1 0 -4.28119e-7 1 0 3.51995e-7 -1 -6.8948e-4 0.001999378 -0.9999978 0 3.56458e-7 -1 0 -3.77208e-7 1 0 -3.37487e-7 1 -1.68858e-7 -3.2675e-7 1 0 2.73205e-7 -1 -2.49197e-5 -1.08686e-4 -1 0 7.81173e-7 -1 1.2719e-5 -1.21408e-4 1 2.23927e-5 2.41165e-4 -1 -8.83256e-5 0.009124815 -0.9999583 -2.79335e-4 3.51569e-5 -1 -9.18204e-4 -0.1428912 -0.989738 6.01525e-5 0.003197073 -0.9999949 -2.26784e-5 0.001164257 -0.9999994 3.42987e-5 0.002457141 -0.9999971 0.001464366 0.03312361 -0.9994503 0 0 -1 0 0.001836299 -0.9999984 -5.27197e-5 7.96265e-4 -0.9999998 1.98282e-4 0.004752278 -0.9999887 1.42384e-4 0.003898918 -0.9999925 -6.27687e-5 9.01446e-4 -0.9999997 4.6772e-5 0.002219796 -0.9999976 -9.72558e-5 0.008415997 -0.9999646 0 0 -1 0 -3.21397e-7 1 0 -3.44691e-7 1 0 -4.17569e-7 1 2.17105e-7 -2.99652e-7 1 0 9.12942e-7 -1 0 3.34205e-7 -1 0 1.30532e-7 -1 0 -3.77911e-7 1 0 3.42655e-7 -1 0 3.05156e-7 -1 0 3.72926e-7 -1 0 -3.4405e-7 1 0 2.77837e-7 -1 0 3.36455e-7 -1 0 -5.27385e-7 1 0 3.32019e-7 -1 0 3.16147e-7 -1 0 3.29969e-7 -1 0 3.66956e-7 -1 0 2.69967e-7 -1 0 -3.19858e-7 1 0 8.06703e-7 -1 0 3.42213e-7 -1 1.21725e-7 2.49175e-7 -1 -0.007597148 0.9752055 -0.2211713 0 -3.02548e-7 1 1.98614e-7 -1.82648e-7 1 0 -4.13291e-7 1 0.7076694 0 -0.7065438 0 -2.86318e-7 1 -5.70068e-4 2.18075e-6 -1 1.67071e-7 3.89967e-7 -1 2.38223e-4 -4.21265e-4 -0.9999999 0.001481354 2.1807e-6 -0.9999989 0.001462578 2.47676e-6 -0.9999989 0 1.78758e-7 -1 0 0 -1 0 1.45252e-7 -1 0 3.81469e-6 -1 0 3.81469e-6 -1 -2.21343e-7 -2.93042e-7 1 2.30473e-7 -3.60411e-7 1 0 -2.94252e-7 1 0 -3.95098e-7 1 0 -3.44518e-7 1 0 2.92449e-7 -1 0.00636816 -0.001025497 0.9999793 0 1.2143e-6 -1 0 5.28629e-7 -1 0.9906198 0 -0.1366468 0.970227 -0.1483247 -0.1914669 0.9595435 -0.2555064 -0.1182919 -0.7316499 0.5703191 0.3733959 0.6630771 0 0.7485511 0.3238129 -0.942061 0.08755797 -0.7464516 0.398972 -0.5325706 -0.9999809 -0.003925859 0.004781782 -0.9923168 -2.63155e-4 0.1237237 0 3.62519e-7 -1 0 -4.40881e-7 1 0 3.16847e-7 -1 0 -5.9131e-7 1 -1.09451e-5 -3.30768e-4 1 0 2.97296e-7 -1 0 -4.16924e-7 1 -1.63041e-7 -4.40193e-7 1 0 1.53759e-7 -1 0.002147078 4.55405e-4 0.9999976 -0.001582443 -0.001085281 0.9999982 0 -2.34719e-7 1 -2.93127e-6 -3.3523e-4 1 0 4.63689e-7 -1 0 -8.74013e-7 1 4.97084e-5 9.09874e-4 0.9999996 7.961e-4 0.003408491 0.9999939 0 -2.858e-7 1 -2.58748e-5 1.43709e-4 -1 0 -3.66646e-7 1 0 -4.23768e-7 1 0 2.38843e-7 -1 0 2.82033e-7 -1 0.003139317 -0.01186245 0.9999247 -0.002094566 0.001867055 0.9999961 0 2.4969e-7 -1 -1.78254e-4 -0.00198996 0.9999981 0 3.60078e-7 -1 0 -6.53925e-7 1 0 -6.42607e-7 1 -0.02752089 -0.9628031 -0.2687993 0 1.65652e-7 -1 0 -2.36883e-7 1 0 5.27839e-7 -1 0 5.92244e-7 -1 0 -7.1369e-7 1 0 -5.2762e-7 1 0 -8.63335e-7 1 0 -3.28529e-7 1 1.2733e-7 -2.76189e-7 1 -0.001138567 -6.72986e-5 0.9999994 0 1.70873e-7 -1 -1.25827e-4 0.001107156 0.9999995 0.7071369 0 0.7070767 0.7071332 0 0.7070804 0 2.88874e-7 -1 0 -1.69078e-7 1 0 1.29275e-7 -1 0.002247214 9.45274e-4 -0.999997 0.001783728 5.91705e-5 0.9999985 -5.89999e-4 0.009810268 0.9999517 9.84722e-5 0.002405583 0.9999971 9.91365e-4 -0.001309633 0.9999987 2.22455e-4 0.00202459 0.9999979 0 0.003624737 0.9999935 -0.001473665 6.37105e-4 -0.9999988 0 -3.98608e-7 1 0 1.81446e-7 -1 0 2.60924e-7 -1 0 6.3763e-7 -1 2.03795e-5 0.002054274 0.9999979 0.001489698 0.001592814 0.9999977 0 6.76631e-7 -1 0 3.56274e-7 -1 -0.7075467 -1.01266e-6 -0.7066667 0 3.22576e-7 -1 0 1.65262e-7 -1 -1.71363e-4 0.00174117 -0.9999985 0 -5.28955e-7 1 -1.66993e-7 -8.99051e-7 1 0 1.79054e-7 -1 1.15591e-4 1.80963e-4 1 -5.58104e-7 -8.08767e-7 1 0 -4.12356e-7 1 0 1.5339e-7 -1 0 -4.30262e-7 1 0 -4.57866e-7 1 0 3.97622e-7 -1 -1.16238e-5 0.001804411 0.9999984 0 -4.17068e-7 1 0 2.9961e-7 -1 0 -1.80419e-7 1 0 -3.11097e-7 1 0 -2.90269e-7 1 -4.54964e-4 0.001757919 0.9999984 0 -3.98605e-7 1 0 -3.11098e-7 1 0.001111984 8.51304e-4 0.9999991 0.9740976 -2.11763e-6 0.2261286 0 3.11788e-7 -1 0 4.50841e-7 -1 0 2.2342e-7 -1 0 1.54897e-7 -1 7.24949e-5 0.002620637 0.9999967 0 -5.09736e-7 1 0 -1.95442e-7 1 0 3.25572e-7 -1 -0.231648 -0.947079 -0.222218 -2.32935e-4 -2.32997e-4 1 0 -1.13699e-6 1 0 -3.33339e-7 1 0 -3.18341e-7 1 -5.89501e-4 0.001374006 0.9999989 3.24666e-5 -2.14092e-4 -1 7.52943e-5 -6.55167e-5 -1 -4.30999e-5 -1.15961e-4 -1 0 -1.05816e-4 1 -2.39249e-6 -1.14686e-4 -1 2.30852e-6 -2.63017e-4 -1 7.56079e-5 -9.19859e-5 -1 1.37486e-7 -3.26949e-7 1 0 -5.32087e-7 1 3.22364e-4 -1.30414e-4 -1 6.66318e-7 6.79452e-5 1 2.62181e-5 -7.3341e-4 0.9999998 0 3.70958e-7 -1 -3.16758e-4 -1.54743e-4 -1 0 3.35364e-7 -1 -3.36534e-4 -6.1456e-4 0.9999998 0 3.07374e-7 -1 0 3.1644e-7 -1 -2.64402e-4 3.74956e-4 1 -2.77823e-4 2.92947e-4 1 0 0 1 -7.07164e-6 -0.015401 0.9998815 4.53243e-5 0.00318396 0.9999949 0 0.001921892 0.9999982 0 2.93489e-7 -1 0 0.001921892 0.9999982 0 0.001921951 0.9999982 -1.10087e-5 0.001673758 0.9999987 6.65611e-5 0.00323224 0.9999949 1.4358e-4 0.004693388 0.999989 -5.87064e-5 9.91773e-4 0.9999996 0 0.001822769 0.9999983 -1.13289e-5 0.001682281 0.9999987 -2.55406e-5 0.01687961 0.9998576 0 1.46071e-7 -1 -7.30797e-6 -1.23782e-4 1 0 3.11302e-7 -1 0.9918038 0 -0.127771 0 -4.3258e-7 1 2.17105e-7 -2.99652e-7 1 0 -7.28812e-7 1 1.35677e-7 5.01519e-7 -1 0 1.15578e-6 -1 0 -3.38633e-7 1 0 -8.78421e-7 1 0 3.36831e-7 -1 0 -5.77269e-7 1 0 3.3236e-7 -1 0 -3.23985e-7 1 0 1.24282e-7 -1 0 1.37286e-7 -1 0 3.38871e-7 -1 0 -3.22591e-7 1 0 3.34828e-7 -1 2.28183e-7 -4.57633e-7 1 0 -3.15771e-7 1 0 3.42134e-7 -1 2.03214e-7 -4.01466e-7 1 0 -3.32966e-7 1 0 3.12994e-7 -1 0 -5.96774e-7 1 0 -4.47975e-7 1 0 -4.6174e-7 1 3.21356e-7 3.10196e-7 -1 0 1.22773e-7 -1 0 1.27664e-7 -1 0 -5.27144e-7 1 -5.76461e-4 -1.4881e-5 0.9999999 0 -5.06888e-7 1 -4.86314e-4 -6.14229e-5 0.9999999 3.33584e-6 -3.35649e-4 1 0.003302514 3.91272e-5 0.9999946 0.03190243 7.35042e-5 0.999491 0 4.98888e-7 -1 0 2.47471e-7 -1 0 -3.76945e-7 1 0 -3.61589e-7 1 2.41228e-7 -3.03821e-7 1 0 -3.82845e-7 1 0.08942532 0.00736773 0.9959663 0 4.0995e-7 -1 -7.65049e-5 -3.14528e-4 -1 0 3.83212e-7 -1 0.001229047 -0.001837313 0.9999976 0.001577615 0.002906143 0.9999946 0.001206099 0.002667665 0.9999957 8.79841e-4 -0.003465354 0.9999937 -0.002691507 -4.73963e-4 -0.9999964 -0.002268075 -0.001756906 0.999996 -0.002327024 1.06331e-4 0.9999973 -0.003272235 -0.003354728 -0.999989 0.001378595 0.002201378 0.9999967 0.001128375 -0.001974523 -0.9999974 9.69947e-4 -0.002639651 -0.9999961 -0.005749106 0.002495467 -0.9999805 0.004673361 -7.52935e-4 -0.9999888 0.001713097 -0.00421065 -0.9999897 0.005838274 -3.19877e-4 0.999983 0.0013839 0.002421855 0.9999961 -0.005800724 -0.004172146 -0.9999745 0.7076681 -1.04612e-5 -0.7065451 0.97825 0 0.2074297 0.00129354 -0.004067659 0.9999909 0.001842319 0.003007769 0.9999938 5.99817e-4 0.002135992 0.9999976 -0.002684295 6.2792e-4 -0.9999962 -0.002799749 0.003145337 0.9999912 0.003305315 8.35392e-4 0.9999943 0.002164423 -0.005888998 0.9999803 0.001908421 -0.00332868 0.9999927 6.44172e-4 0.00302869 -0.9999952 -0.001465737 9.19665e-4 -0.9999986 -0.005050241 0.004735767 0.999976 0.004021465 -5.21735e-4 0.9999918 0.001734375 -0.001340031 0.9999976 0.002595603 0.002864837 -0.9999926 -0.003480553 0.004971027 -0.9999817 1.3469e-5 0.00547868 -0.999985 -0.004394531 -0.002572834 0.9999871 0.002641022 -0.003653705 -0.9999899 -0.002228498 -0.002870321 -0.9999934 -7.92017e-4 -0.001681804 0.9999983 0.005044698 8.77166e-4 -0.999987 6.72416e-4 0.003187179 -0.9999948 -2.37104e-5 0.002319276 -0.9999974 0.001545608 0.002559304 -0.9999955 0.002481341 -0.001585125 -0.9999958 0.002725958 -0.003324687 -0.9999908 -0.003990232 0.007299184 0.9999655 -0.001105725 0.007171452 -0.9999737 -0.001588106 -3.28327e-4 0.9999987 0.003287792 4.92099e-4 -0.9999946 0.002127647 8.35253e-4 -0.9999974 6.17069e-5 -0.002394199 -0.9999971 0.002000391 0.002355754 0.9999953 0.001888155 -0.001548588 -0.999997 -0.003957927 -0.001493692 -0.9999911 -0.00323373 -0.002736151 0.9999911 -0.01621288 -0.8680993 -0.4961259 -0.002082109 -0.003977119 -0.99999 -0.002073705 7.02926e-4 -0.9999977 0.004151761 -3.87039e-4 0.9999913 -0.003670692 0.003624856 0.9999867 -0.00182712 2.27416e-4 0.9999983 0.001985311 0.001801848 0.9999965 -0.004008293 -0.002214431 0.9999895 -0.9906195 0 -0.1366493 0.9071242 0 -0.420863 -0.9628889 0.1939616 0.1876806 0.9560847 -0.2812676 -0.08240598 -0.7071063 0 0.7071074 -0.7071061 -1.00528e-6 0.7071075 -0.9918035 0 -0.1277722 0.9997733 0 -0.02129805 -0.5376821 0.8173571 0.2069432 -0.3992575 0.8753616 0.272646 -0.4771708 0.8663794 -0.147292 -0.9935329 -0.06780284 0.0910778 -0.4562725 -0.8161211 -0.354629 -0.7786132 0.6222907 -0.08072108 -0.8842412 0.4433892 -0.1467092 -0.2342577 -0.9610882 0.1463998 -0.1276341 -0.9909291 -0.04206174 -0.4303498 0.09269994 0.8978896 0.707094 -2.38467e-7 0.7071197 0.7070925 0 0.7071211 0.3094829 -0.8055936 0.5052121 0.002222001 0.01152908 0.9999312 -0.2543266 -3.44331e-7 0.9671184 0.01152944 0.002221703 0.9999311 0 -0.2543271 0.9671183 -0.8734048 -0.3030505 0.3812149 -0.0138399 -0.5577179 0.8299154 -0.554655 -0.0140388 0.8319619 0.5506353 0.001018404 0.8347454 0.5570927 0.001951813 0.830448 0.001953244 0.5563952 0.8309155 7.77937e-4 0.5482629 0.8363057 -0.002350389 -0.01095998 -0.9999372 -0.01096582 -0.002350091 -0.9999372 0.5835812 0.7803926 -0.2245453 0.09104281 -0.4353589 -0.8956417 0.001398801 -0.007456541 0.9999713 -8.90396e-4 -0.005375683 0.9999852 -5.17299e-4 1.25959e-4 1 2.28274e-7 -5.23384e-7 1 0 0 1 1.76897e-7 0 1 0 -6.3297e-7 1 0 -5.88566e-7 1 2.12387e-7 -5.16808e-7 1 2.08646e-7 -4.30468e-7 1 2.28968e-7 0 1 -4.76005e-7 -5.09814e-7 1 -0.9978604 0.05371481 0.03727507 -0.9865462 -0.1063792 -0.1241376 0.6934453 -0.6762119 -0.2487393 -0.9653961 -0.07163751 -0.2507556 -0.973178 0.2299149 -0.007986366 0.97825 0 0.2074292 0.9556567 -0.1726226 0.2385828 0.9953851 0.0918194 -0.02788937 -0.1566302 0.05393457 -0.9861837 0.03260296 0.273864 -0.9612157 0.01795965 -0.3159704 -0.9485992 0.1119564 0 0.9937132 0.111954 0 0.9937134 -0.071289 -0.1682665 -0.9831603 -0.01604396 0.2822666 -0.9592019 -0.01988995 -0.571704 -0.820219 -0.7070967 0 -0.7071169 -0.7071 0 -0.7071135 -0.4524452 0.8916859 -0.01377856 0.6056509 -0.7135705 0.3521422 0.7071097 0 -0.7071039 0.7071157 0 -0.707098 0 -1.43421e-7 -1 0.001657068 0.6646474 -0.7471553 -0.009667932 0.8385628 -0.5447193 -0.04036056 0.9991782 0.003752946 0 0.5851426 -0.8109306 0 0.5851757 -0.8109067 0 0.5851804 -0.8109033 0 0.5851656 -0.8109139 0.02344757 0.2652255 0.9639013 -0.01836872 0.395196 -0.9184132 0.007145702 0.8310215 -0.5561946 -0.02255362 0.5583344 -0.8293094 0.2027196 -0.9734089 0.1066766 0.9906199 0 -0.1366469 -0.8867906 0.4446576 -0.1260245 -2.26486e-4 -6.57714e-4 0.9999998 2.33527e-4 9.81978e-6 1 0 0 -1 -0.898329 0.311667 0.3096266 -0.9352145 0.2400459 0.2602921 0.08217525 0.1149306 -0.9899688 -0.8568797 -0.4944715 -0.1457915 -0.9912916 -0.008529424 0.1314089 -0.4364778 -9.04544e-7 -0.8997151 -0.31075 -0.8265461 0.4693145 -0.6229739 -0.6802383 0.3862375 0.9994891 -0.003278851 -0.03179591 0.9930235 -0.09972566 0.06292152 0.996186 0.08363801 -0.02486664 0.9990482 0.03349739 0.02793908 0 3.61489e-7 -1 0.001500844 -0.9216781 -0.3879526 -0.0523526 -0.3185238 -0.9464681 -0.01431393 -0.5624815 -0.826686 0.005836963 -0.1317297 -0.9912686 0.005833148 -0.132268 -0.9911969 0 -0.4990259 -0.8665872 0 -0.4990398 -0.8665792 -0.01967537 -0.5575994 0.8298771 -0.01125049 -0.9721463 -0.2341047 0 -0.7356548 -0.6773566 2.76105e-7 -0.7356659 -0.6773446 0.01873117 -0.463724 -0.8857817 0.2069804 -0.9244028 0.3203727 -0.5327568 -0.3350954 0.7770981 0 0.9670752 0.2544912 -0.2365648 -0.6716029 0.7021301 -0.4216673 -0.02879339 0.9062933 -0.7070931 0 -0.7071205 -0.707093 6.36619e-6 -0.7071206 -6.79857e-5 -1.65911e-4 -1 -2.32458e-4 -0.001409471 -0.999999 -0.1119505 0 0.9937138 -0.1120018 -4.32517e-6 0.9937081 -0.9981735 0.03897225 -0.04615992 0.2161185 0.9683687 0.1247199 -0.9782498 0 0.2074306 0 0.9670748 0.2544925 -0.9955477 -0.08639717 -0.0376873 -0.9972136 0.01080852 -0.07381319 -0.9979883 0.02246206 -0.05928635 -8.00359e-7 0 1 5.00953e-7 4.19442e-7 1 0 -1.35966e-7 1 0 -5.15987e-7 1 0.6617581 -0.6092739 -0.4368771 1.33382e-7 -1.4463e-6 1 0 -5.32703e-7 1 0 -1.39233e-6 1 3.11668e-7 -4.59347e-7 1 -5.07802e-7 -5.9582e-7 1 9.41506e-7 1.75053e-6 1 0 -4.68225e-7 1 -0.7462543 0.134799 0.6518694 -2.00993e-7 -1.6592e-7 1 -1.91291e-7 -1.44744e-7 1 -6.2813e-7 -3.282e-7 1 0 -1.39232e-6 1 0 -1.09726e-6 1 -3.87851e-7 4.09471e-7 1 0 0 1 0 -5.74194e-7 1 0 -4.1828e-7 1 0.7983413 0.5322277 -0.2817531 0 -1.27157e-6 1 -6.58122e-7 -2.07591e-7 1 3.83746e-7 -1.23767e-6 1 0 -1.42127e-7 1 1.0102e-6 6.35007e-7 1 0 0 1 0 -1.63966e-7 1 -2.04523e-7 -2.15727e-7 1 -2.96018e-7 -1.78419e-7 1 -1.62037e-7 0 1 0.6648311 0.6825456 0.3035314 0 -5.87531e-7 1 -5.26404e-7 -1.34106e-6 1 -4.14216e-7 0 1 0 0 1 -2.54085e-7 -7.0456e-7 1 0 -1.22215e-7 1 2.19282e-7 -1.37033e-6 1 -5.8432e-7 -2.32753e-7 1 -2.6222e-7 -3.89233e-7 1 0.1501641 -0.815619 0.5587634 0 -5.69116e-7 1 0.09904366 0.9552057 -0.278877 0 -6.05497e-7 1 -4.80216e-7 0 1 -1.54814e-6 2.42173e-6 1 7.15946e-7 -4.28159e-7 1 -1.14432e-6 -1.47222e-6 1 0 -4.71336e-7 1 -3.14064e-7 -2.23773e-7 1 -2.01021e-7 -2.98391e-7 1 -2.95015e-7 -6.86403e-7 1 -0.1582993 0.1147632 -0.9806992 -0.9918037 0 -0.1277722 0 0.1067634 -0.9942845 0 0.1067626 -0.9942846 0.08023583 0.03082954 -0.996299 0 -0.5544751 -0.8322005 0 -0.5544804 -0.8321968 0.4743915 -0.7857097 0.397005 -0.002108275 -0.5082834 -0.8611873 -5.23398e-7 -0.5544589 -0.8322112 4.07912e-7 -0.5544731 -0.8322018 -5.23417e-7 -0.5544795 -0.8321974 5.00543e-7 -0.5544768 -0.8321992 0 -0.316083 -0.9487316 0 -0.3161305 -0.9487158 0 -0.3160738 -0.9487347 0 -0.3161197 -0.9487194 2.63797e-7 -0.3160948 -0.9487277 -2.75887e-7 -0.3161375 -0.9487134 0 -0.3161059 -0.948724 -3.57627e-7 -0.316105 -0.9487243 0 -0.316103 -0.9487249 0 -0.3161047 -0.9487243 0 -0.3161094 -0.9487228 0.001842677 0.195551 -0.9806919 0.1427303 2.33645e-6 0.9897616 0 0.2145658 -0.9767096 0 0.2145625 -0.9767103 0 0.1067702 -0.9942838 0 0.1067458 -0.9942864 0 0.1067626 -0.9942846 0 0.106775 -0.9942833 2.93076e-7 -0.3161112 -0.9487222 0 0.1067621 -0.9942847 0 0.106752 -0.9942857 0 0.106765 -0.9942844 0 0.1067624 -0.9942846 0 0.1067644 -0.9942844 0 0.1067607 -0.9942848 0 0.1067644 -0.9942844 0 0.1067593 -0.9942849 0 0.1067639 -0.9942844 0 0.1067627 -0.9942846 0 0.1067619 -0.9942846 -8.36091e-7 -0.9883391 0.1522693 0.3211117 -0.830875 -0.4544602 0.5864323 -0.8018369 0.1146945 -0.1721693 -4.02836e-6 0.9850674 0 3.04786e-7 -1 -0.8982799 -0.3052939 0.3160524 -0.04162424 0.941303 0.3349866 -0.1233391 -0.08951514 -0.988319 -0.1024104 -0.02331578 -0.9944691 0.43649 0 -0.8997092 -3.55822e-7 0 1 -0.04347109 0.9857174 0.1627004 -0.989981 0.1412011 0 0.0352509 -0.1397613 -0.9895576 -0.9966893 -0.08042532 -0.01193422 -0.9957076 0.004621922 -0.09243983 0 -0.9919666 0.1265011 -0.990758 0.1346967 0.01598894 0 0.3858488 -0.9225621 0 0.3858504 -0.9225614 0.413056 -0.1301467 -0.9013583 0.2224454 -0.7633616 -0.6064628 -0.2412591 -0.09193724 -0.9660961 0 -0.0904833 -0.995898 8.85895e-4 -0.1137493 -0.9935092 0 -0.09048408 -0.995898 0 -0.09048455 -0.995898 0 -0.09048318 -0.9958981 0 -0.09048289 -0.995898 -0.1160563 0.98377 0.1368491 0 -0.09048432 -0.995898 0 -0.09048306 -0.9958981 0 0.4563163 -0.8898177 1.36878e-7 -0.13067 -0.991426 -1.31881e-7 -0.1306822 -0.9914244 1.19783e-7 -0.1306754 -0.9914252 -1.46174e-7 -0.1306799 -0.9914247 2.18864e-7 -0.1306711 -0.9914259 -1.3188e-7 -0.1306815 -0.9914245 0 -0.1306751 -0.9914253 0 -0.130678 -0.9914249 8.30367e-4 0.4034135 -0.9150175 0 0.4563344 -0.8898085 0 0.4562522 -0.8898506 0 0.4563053 -0.8898233 0 0.4563154 -0.8898182 0 -0.1306766 -0.9914251 0 0.4563028 -0.8898247 0 0.4563406 -0.8898051 0 0.4563018 -0.8898252 0 0.456327 -0.8898122 0 0.4563159 -0.889818 0 0.4563151 -0.8898183 0 0.4563204 -0.8898155 0 0.3858494 -0.9225619 0 0.3858475 -0.9225626 -0.9670474 0 0.2545964 0 3.29114e-7 -1 0 3.52981e-7 -1 -0.9797559 0.04490214 -0.1950958 -0.05193835 -0.9967728 0.06120735 0.2018232 -0.3849414 0.900604 0.574258 0.3957828 -0.7166476 -0.9964867 0.01121419 0.08299666 -0.999773 0 -0.02130907 0.1427294 -8.1156e-7 0.9897618 0.7070929 0 0.7071208 0.7070932 -6.3662e-6 0.7071203 0.9579923 0.1750292 -0.2271911 -0.3751079 0.8426611 0.3862854 -0.805141 -0.3594378 -0.4717546 0.9345396 0.1868893 -0.3028337 0.1545641 0.08876585 0.9839871 0.2271121 -0.1098273 0.967656 0.9899811 -0.1412006 0 -0.02752065 -0.9628033 -0.2687984 0.7748662 0.6320564 0.009344875 -0.173445 -0.9848202 0.006794989 -0.3391395 -0.9348646 0.1049407 -0.1427284 -6.14808e-7 0.9897619 0.9995452 -0.01143217 -0.02790462 -0.9923506 -0.01293319 0.1227729 0 -3.22023e-7 1 0 -3.28588e-7 1 -0.8839212 -0.3087358 -0.3512344 0 -3.95526e-7 1 0 -4.51723e-7 1 -0.7071103 5.50256e-7 -0.7071033 -0.7071063 0 -0.7071074 -0.9131725 -0.3839977 0.1366084 0.1039752 -0.06250953 -0.9926137 -0.6985815 0.1428272 0.7011308 -0.9641521 -3.22228e-6 0.2653505 -0.7070937 0 -0.70712 -0.7070934 0 -0.7071202 -0.1427285 -4.05778e-7 0.9897619 0.1714794 0.9691362 0.1771154 -0.8910623 -0.06001538 -0.4498959 -0.3141412 0.9125313 0.2619196 -0.7004287 0.1231493 -0.7030178 -0.4629935 0.8838511 0.06666707 -0.9848457 -0.1564492 -0.07485127 0 -1 1.97621e-4 0.4121643 -0.3377873 -0.8461798 -0.05938166 -0.6163629 -0.7852201 -0.339725 -0.2893926 0.894896 0.1624298 -0.9866877 0.008010029 0.1010678 -0.9897332 -0.1010622 0.07141315 -0.9795475 -0.1881147 -0.02217561 -0.9801889 -0.1968201 -0.06939029 -0.9776803 -0.1983086 0.06438428 -0.5417855 -0.8380473 -0.2155719 -0.9759709 0.03177547 -0.2609281 -0.9294207 -0.260948 -0.165705 -0.9755082 0.1446573 -0.5792808 -0.4417835 -0.6850265 0.44604 -0.4166264 0.7921307 -0.07248604 -0.9890272 -0.1287294 0.02460223 -0.9755545 -0.2183761 0 -0.9804584 -0.1967268 -0.08427512 -0.9928726 -0.08427256 0.6936249 0.1448741 -0.7056176 0.8795925 0.05923104 -0.4720262 -0.9641513 0 0.2653532 -0.9918036 0 -0.1277725 0.1119552 0 0.9937133 -0.8273616 0.3999441 0.3943572 -0.9609648 -0.2766555 -0.002932488 0 0.2751154 -0.9614112 -0.9906199 0 -0.1366468 0 0.9804556 -0.1967409 0.02460205 0.9755664 -0.2183232 -0.2155781 0.9759696 0.03177541 -0.16571 0.9755067 0.1446614 0 1 0 -0.2609435 0.9294357 -0.2608789 0.1551927 0.9878377 0.009595394 0.06438684 0.5417902 -0.8380441 0.1010707 0.9897316 -0.1010743 -0.5792796 0.4417691 -0.6850368 0.4460408 0.4166143 0.7921364 -0.07248824 0.9890266 -0.1287327 -0.08427751 0.9928709 -0.08428877 0.07141512 0.9795448 -0.1881273 -0.3397155 0.2893754 0.8949052 0.412164 0.3377766 -0.8461843 -0.05938351 0.6163629 -0.78522 -0.06939035 0.9776794 -0.1983132 -0.02217584 0.9801842 -0.1968433 0.1268493 0.9751617 0.1815737 0.1566091 0.9751656 -0.1566064 0.9897522 0.1180826 -0.08029311 -0.03489768 0.9377478 -0.3455594 0.1559054 -0.9695966 0.1886155 0.420069 -0.4001052 -0.8145292 -0.05938166 -0.6163819 -0.7852053 -0.3308328 -0.3619957 0.8714981 0.1624249 -0.9866885 0.00800836 0.1010647 -0.9897335 -0.1010624 0.07141101 -0.9795475 -0.1881148 -0.02217346 -0.9801881 -0.1968242 -0.06938821 -0.9776822 -0.1983 0.06438404 -0.5417999 -0.838038 -0.2155663 -0.9759722 0.03177314 -0.2609188 -0.929423 -0.2609487 -0.1657004 -0.9755095 0.144653 -0.5792694 -0.4417911 -0.6850311 0.4460335 -0.4166296 0.7921326 -0.07248389 -0.9890282 -0.1287227 0.02460002 -0.9755606 -0.2183493 0 -0.9804574 -0.1967318 -0.08427256 -0.9928721 -0.08428078 0.154865 -0.9694494 -0.1902232 -0.70711 0 0.7071036 -0.7071059 0 0.7071078 0.3744864 -0.8074722 -0.4557946 -0.9989076 0 -0.04673045 0.6263913 0 0.7795088 0.9740983 0 0.2261254 0.6644177 -0.7264258 -0.1756556 0.8203507 0.0669521 -0.567928 0.5198388 -0.07958275 -0.8505495 -0.9918036 0 -0.1277722 0.01144427 -0.9926384 0.1205739 0.7071273 0 0.7070862 0.3302693 0 0.9438868 0.02393633 -0.9310396 -0.3641325 -1 -1.91588e-6 0 0.2096058 0.9777836 0.00214225 0.2121224 0.7545496 0.6210145 0.5924882 -0.8032445 -0.06128793 -0.2093563 0 -0.9778394 -0.2292911 0.971019 -0.06743794 -0.7979804 0.1100359 0.5925533 -0.4355015 -0.3956706 0.8085688 0 0.9804573 -0.1967321 -0.2155719 0.9759708 0.03177666 -0.1657053 0.9755081 0.1446572 -0.2609251 0.9294216 -0.2609475 0.1551878 0.9878385 0.009597897 0.06438595 0.5418 -0.8380378 0.1010677 0.989733 -0.1010645 -0.5792821 0.4417883 -0.6850222 0.4460455 0.4166321 0.7921245 -0.07248598 0.9890276 -0.1287262 -0.08427506 0.9928719 -0.08428049 0.07141298 0.9795473 -0.1881148 -0.330841 0.3619946 0.8714954 -0.05938208 0.616368 -0.7852161 -0.0221759 0.9801874 -0.1968271 0.1268504 0.975161 0.1815771 0.1566097 0.975165 -0.1566097 0.4200789 0.4001032 -0.8145253 -0.7071118 0 0.7071017 -0.172169 0 0.9850674 0.9702221 0.2274042 0.08340483 0.5552504 0.1576032 0.816614 0.2312378 0.05727571 0.9712099 0.1559078 -0.9695954 0.1886203 -6.69218e-6 -1 -1.40209e-5 -1.09937e-5 -1 0 -9.90828e-6 -1 0 -0.05938196 -0.6163682 -0.7852159 -8.92823e-6 -1 1.88359e-4 -7.93327e-6 -1 -2.00398e-4 -6.78287e-6 -1 2.27748e-4 0.1624285 -0.9866877 0.008031368 0.1010677 -0.9897325 -0.1010693 0.07140791 -0.9795442 -0.1881334 -0.02217763 -0.9801847 -0.1968404 -0.06939709 -0.9776762 -0.1983267 0.0643841 -0.5417864 -0.8380467 -0.2155741 -0.9759704 0.03177469 -0.2609358 -0.9294394 -0.2608736 -0.1657069 -0.9755079 0.1446565 1.0973e-5 -1 -1.14949e-5 -0.5792807 -0.4417634 -0.6850395 0.4460552 -0.4166061 0.7921326 -0.07248067 -0.9890245 -0.1287527 0.02460455 -0.9755545 -0.2183761 0 -0.9804544 -0.1967466 -0.08427512 -0.9928726 -0.08427244 -0.9826609 -0.1640845 -0.08633661 -0.06810933 0.9682561 0.2405019 -0.1641236 0.9860898 -0.02627426 0.8227004 -0.4720513 -0.3167518 -0.993698 0 0.1120913 -0.9936981 0 0.1120907 -0.999773 0 -0.02130907 0.1412008 0.989981 3.22564e-7 0.7563597 0.1369593 -0.6396579 -0.09118574 -0.05752933 -0.9941708 -0.7071156 0 0.707098 -0.7071127 0 0.7071009 0.08594757 0.9713706 0.2214777 -0.1966611 0.9576451 -0.2103341 0.7071063 0 0.7071074 0.7071103 0 0.7071033 0.4674872 0.8821238 -0.05756402 1.2657e-4 0.00395143 0.9999923 0 -2.73763e-7 1 0 -3.12269e-7 1 0.4691633 -0.8670167 0.1678324 0.9514286 -0.09577071 -0.2925947 -0.6290584 0.7771016 -0.01996833 -0.3302149 0 0.9439058 0 0.9804561 -0.1967379 -0.215574 0.9759705 0.03177648 -0.1657032 0.9755063 0.1446723 8.10042e-6 1 7.66327e-6 -0.2609352 0.9294397 -0.260873 0.1551914 0.9878377 0.00961548 0.06438642 0.5417915 -0.8380433 0.1010706 0.9897317 -0.1010742 -0.5792853 0.4417682 -0.6850324 0.4460465 0.416607 0.7921371 -0.07248812 0.9890266 -0.1287325 -0.08427762 0.9928724 -0.08427238 0 1 -2.00398e-4 0 1 1.88359e-4 0.07141512 0.9795461 -0.1881207 -0.06939256 0.9776792 -0.1983131 -0.05938267 0.6163591 -0.7852231 0 1 -1.87514e-4 -0.0221759 0.9801858 -0.1968352 0.1268495 0.9751617 0.1815738 0.1566076 0.9751655 -0.156609 -4.94025e-6 1 7.01046e-6 0.1559055 -0.969596 0.188619 -6.69217e-6 -1 -1.16841e-5 0.4200873 -0.400094 -0.8145254 -0.05938106 -0.6163588 -0.7852234 -0.3308534 -0.3619892 0.871493 0.1624289 -0.9866877 0.008011698 0.1010677 -0.9897323 -0.1010719 0.07140803 -0.9795453 -0.1881273 -0.02217972 -0.9801847 -0.1968404 -0.06939482 -0.9776763 -0.1983267 0.06438297 -0.5417769 -0.8380529 -0.2155745 -0.9759703 0.0317741 -0.2609346 -0.92944 -0.2608724 -0.1657071 -0.9755079 0.1446568 1.0973e-5 -1 -1.14949e-5 -0.5792891 -0.4417649 -0.6850315 0.4460593 -0.4166183 0.792124 -0.07248073 -0.9890249 -0.1287493 0.02460688 -0.9755544 -0.2183761 -0.08427506 -0.9928719 -0.08428061 -0.111954 0 0.9937134 0.8353956 -0.5446581 0.07390522 0.07252442 0.9969333 -0.02940088 -1 -4.52493e-6 0 -0.001022875 0.6574414 -0.7535051 -0.4426138 -0.3024632 0.8441619 0.0902661 0.007359266 0.9958905 0.4731768 0 0.8809675 0.1721663 -7.05721e-7 0.985068 -0.9899812 -0.1412001 0 -2.33164e-7 -2.32913e-7 1 -0.9999585 -0.009115517 -5.7398e-5 -0.9999341 -5.72276e-5 -0.01148653 0 0.9804569 -0.1967341 0.0246036 0.9755344 -0.2184658 0.041709 0.005501925 0.9991148 -0.2155742 0.9759703 0.03177648 -0.1657033 0.9755062 0.1446726 8.10043e-6 1 7.66327e-6 0.1551918 0.9878377 0.009595334 0.06438696 0.5417965 -0.8380399 0.1010707 0.9897326 -0.1010646 -0.5792813 0.4417601 -0.6850411 0.4460394 0.4166089 0.7921401 -0.07248818 0.9890269 -0.1287292 -0.08427757 0.9928717 -0.08428061 0.07141524 0.9795473 -0.1881145 -0.3308423 0.3619745 0.8715033 -0.05938357 0.6163687 -0.7852154 -0.02217799 0.9801867 -0.1968311 0.1559054 -0.9695968 0.1886152 0.4200803 0.4000774 -0.8145371 -4.94026e-6 1 7.01046e-6 0.9689279 -9.45279e-4 -0.2473417 0.9406343 0.002059936 -0.3394159 0.1559082 -0.9695952 0.1886206 -6.69219e-6 -1 -1.16841e-5 0.4200803 -0.4000925 -0.8145298 -0.0593819 -0.6163683 -0.785216 -0.3308528 -0.3619844 0.8714951 0.162429 -0.9866878 0.00800997 0.1010677 -0.9897333 -0.1010619 0.07140779 -0.9795447 -0.1881305 -0.02217555 -0.9801849 -0.1968404 0.06438404 -0.5417866 -0.8380466 -0.2155744 -0.9759703 0.0317741 -0.1657071 -0.9755079 0.1446567 1.0973e-5 -1 -1.14949e-5 -0.5792805 -0.4417635 -0.6850396 0.446053 -0.4166104 0.7921316 -0.07248055 -0.9890248 -0.1287495 -0.08427506 -0.9928719 -0.08428049 -0.3043035 -0.855049 -0.41987 -0.7640516 0.4226027 0.4874753 0 0.9312669 -0.3643379 0.4685649 0.7301328 0.4973461 -0.01148015 0.01178276 -0.9998648 0.1399083 0.3268308 -0.9346697 -0.01406967 -0.9998778 -0.006827652 -0.02362906 0.01344341 0.9996305 0 0.9804567 -0.1967354 0.02459973 0.9755664 -0.2183232 -0.2155742 0.9759703 0.03177648 -0.1657034 0.9755062 0.1446724 8.10041e-6 1 7.66327e-6 0.1551919 0.9878377 0.009595334 0.06438583 0.5417872 -0.838046 0.1010707 0.9897327 -0.1010643 -0.5792851 0.4417682 -0.6850326 0.4460443 0.4166114 0.7921361 -0.072488 0.989027 -0.1287293 -0.08427757 0.9928717 -0.08428043 0.071415 0.9795461 -0.188121 -0.3308373 0.361965 0.871509 -0.05938267 0.6163594 -0.7852228 -0.02217382 0.9801867 -0.1968311 0.1559067 -0.9695962 0.1886167 0.4200732 0.4000758 -0.8145414 -4.94024e-6 1 7.01046e-6 0.1910029 -0.1962311 0.9617751 0.114615 0.1108537 0.9872056 0.0239377 -0.9310396 -0.3641321 0.8960961 -0.376147 0.2356378 0.201824 -0.3849437 0.9006028 0.5742583 0.3957816 -0.716648 -0.3621335 -0.9006531 0.2401732 0 -2.74147e-7 1 0 -3.61596e-7 1 -8.20699e-7 -0.9701437 0.2425311 0.4559603 -0.7079572 -0.5393487 0.1559077 -0.9695954 0.1886205 0.4200856 -0.4000989 -0.8145239 -0.05938106 -0.6163589 -0.7852233 -0.3308534 -0.3619827 0.8714957 0.1624289 -0.9866877 0.008010804 0.1010676 -0.9897319 -0.1010742 0.07140785 -0.9795448 -0.1881306 -0.02218824 -0.9801843 -0.196841 -0.06938546 -0.9776772 -0.1983253 0.06438517 -0.5417963 -0.8380402 -0.2155743 -0.9759703 0.03177469 -0.2609375 -0.9294391 -0.2608729 -0.165707 -0.975508 0.1446567 -0.5792801 -0.4417712 -0.6850349 0.4460585 -0.4165993 0.7921344 0.02461767 -0.9755513 -0.2183887 0 -0.9804553 -0.1967418 -0.08427506 -0.9928719 -0.08428055 -0.3301778 0 0.9439188 -0.9988105 0 0.0487622 -0.5951267 0 0.803632 0.435848 -0.06443321 0.897711 0.5911877 0.04748433 0.805135 0 0.9804574 -0.1967316 0.02460122 0.9755344 -0.2184658 -0.2155742 0.9759703 0.03177648 -0.1657032 0.9755062 0.1446726 -0.2609375 0.9294391 -0.2608729 0.1551917 0.9878377 0.009595334 0.06438583 0.5417875 -0.838046 0.1010707 0.9897326 -0.1010645 -0.5792797 0.4417778 -0.6850309 0.4460461 0.4165968 0.7921428 -0.07248818 0.9890266 -0.1287326 0.07141512 0.9795467 -0.1881176 -0.3308398 0.3619565 0.8715116 -0.05938351 0.6163688 -0.7852153 -0.0221759 0.9801867 -0.1968311 0.1268504 0.9751609 0.1815773 0.1566108 0.9751653 -0.1566068 0.4200783 0.4000869 -0.8145334 -0.9660625 0.2548176 -0.04232335 -0.9827741 0.1705188 -0.07126325 0.4200829 -0.4000978 -0.8145257 -0.05938214 -0.6163628 -0.7852202 -0.3308435 -0.3619975 0.8714932 0.1624308 -0.9866875 0.008009195 0.1010684 -0.9897322 -0.1010719 0.07141363 -0.9795473 -0.1881147 -0.02217483 -0.9801886 -0.1968217 -0.06939047 -0.977678 -0.1983199 0.06438535 -0.54179 -0.8380442 -0.2155739 -0.9759704 0.03177541 -0.2609267 -0.9294005 -0.2610213 -0.1657063 -0.9755079 0.1446574 -0.5792845 -0.4417785 -0.6850265 0.4460429 -0.4166316 0.7921262 -0.07248663 -0.9890275 -0.1287259 0.02460235 -0.9755605 -0.2183493 -0.08427578 -0.9928725 -0.08427256 0.1559099 -0.9695944 0.188624 6.84823e-7 -1 -1.19251e-5 0.8060042 0 0.5919098 0.9641196 0 0.2654686 -0.1655222 0.5909025 -0.7895802 0.1073243 0.02442038 0.9939242 0.08692938 0.06753617 0.9939226 0.9784321 -0.1481579 0.1439443 0.9885588 -0.121958 0.08875709 -0.09117674 -0.9640566 -0.2495636 -0.0512489 -0.02354568 -0.9984083 -0.2984824 -0.6902388 -0.6591501 -0.7544764 0.4189957 0.5051812 0.4966401 -0.8225458 0.2770689 0.5497245 0.7916414 -0.2666591 -1 4.8139e-6 6.24545e-6 0.4488159 0.8906174 0.07324546 0 0.9804561 -0.1967382 -0.2155765 0.9759698 0.03177779 -0.1657087 0.9755075 0.1446573 -0.2609321 0.9294198 -0.2609471 0.1551914 0.9878378 0.009597063 0.06438577 0.5417858 -0.838047 0.1010699 0.9897318 -0.1010743 -0.5792828 0.4417702 -0.6850333 0.4460399 0.4166221 0.7921329 -0.07248759 0.9890266 -0.1287326 -0.08427703 0.9928724 -0.08427256 0.07141464 0.9795455 -0.1881242 -0.3308394 0.3619873 0.871499 -0.069395 0.9776777 -0.1983201 -0.05938255 0.6163586 -0.7852234 -0.02217513 0.9801872 -0.1968287 0.1268476 0.9751583 0.1815926 0.1566119 0.9751653 -0.1566065 0.420078 0.4000868 -0.8145337 0.978287 0 0.2072552 -0.2028689 0.9741188 -0.09968358 0.9731706 0 0.2300848 0.1559067 -0.9695963 0.1886169 0.4200758 -0.4000978 -0.8145294 -0.05938208 -0.6163629 -0.7852201 -0.3308388 -0.3619879 0.8714991 0.162431 -0.9866875 0.00800836 0.1010685 -0.9897327 -0.1010669 0.07141345 -0.9795467 -0.1881179 -0.02217555 -0.9801872 -0.1968282 -0.06938803 -0.9776796 -0.1983129 0.06438529 -0.5417904 -0.8380441 -0.2155739 -0.9759705 0.03177481 -0.2609298 -0.9294205 -0.2609472 -0.1657065 -0.9755086 0.1446528 -0.579284 -0.441784 -0.6850234 0.4460445 -0.4166298 0.7921262 -0.07248657 -0.9890275 -0.1287262 0 -0.9804564 -0.1967368 -0.08427578 -0.9928725 -0.08427238 0.9997732 0 -0.02129846 0.473166 0 0.8809734 -0.2724841 -0.9548859 0.1180908 0.7341489 -0.4432609 -0.5143395 0.9456766 0.3080995 -0.1037821 0.7785177 -0.5947858 0.2003498 0.9479682 0.08393299 -0.3071021 0.973154 -0.1230552 0.194496 0.9923937 0.03652423 0.1175613 0.8950458 -0.4186669 0.1536594 0 0.9804568 -0.1967344 0.0828889 0.1008365 -0.9914441 -1.06877e-6 0.2021336 -0.979358 -0.2155764 0.9759698 0.0317772 -0.1657088 0.9755072 0.1446593 -0.2609298 0.9294205 -0.2609472 0.1551914 0.9878378 0.009597063 0.06438571 0.5417855 -0.8380471 0.1010699 0.9897318 -0.1010742 -0.5792824 0.4417757 -0.6850301 0.4460411 0.4166198 0.7921334 -0.07248759 0.989027 -0.1287295 -0.08427697 0.9928718 -0.08428049 0.07141453 0.9795461 -0.1881211 -0.330839 0.3619825 0.8715012 -0.05938249 0.6163582 -0.7852237 0.1268503 0.975161 0.181577 0.1566076 0.9751525 -0.1566902 0.4200761 0.4000918 -0.8145322 0.003374278 -0.6756855 0.7371823 -0.99062 0 -0.1366455 -0.03009414 0.005413115 -0.9995325 -0.05938261 -0.6163675 -0.7852165 -0.3308403 -0.3619828 0.8715006 0.162431 -0.9866875 0.008009195 0.1010684 -0.9897325 -0.1010693 0.07141363 -0.9795468 -0.188118 -0.02218401 -0.9801871 -0.1968281 -0.06938809 -0.9776804 -0.1983086 0.06438803 -0.5418177 -0.8380261 -0.2155736 -0.9759706 0.03177481 -0.2609277 -0.9294104 -0.2609849 -0.1657062 -0.975508 0.144657 -0.5792837 -0.4417846 -0.6850233 0.4460435 -0.4166191 0.7921324 -0.07248663 -0.9890273 -0.1287276 0.02461206 -0.9755596 -0.2183526 0 -0.9804568 -0.1967346 -0.08427572 -0.9928719 -0.08428061 0.1566085 0.9751657 -0.1566072 0.1268486 0.9751627 0.1815689 0.420081 -0.4001027 -0.8145243 5.53878e-5 9.93068e-4 0.9999996 0.7071068 0 0.7071068 0.7071174 0 0.7070961 0.7076681 0 -0.7065451 -0.4402827 0.895726 -0.06185621 0.7076681 -2.09223e-5 -0.7065451 0.8469296 0.5316631 -0.006688058 0.9989077 0 -0.04672944 -0.7071121 0 -0.7071015 -0.7071121 0 -0.7071015 0.9988102 0 0.04876697 -0.9936824 0.1107329 -0.01826 -0.001332223 4.62223e-4 0.9999991 0.6700902 0.6082451 -0.4254611 -2.76659e-7 0 1 4.0824e-7 -1.77701e-7 1 0.4731598 0 0.8809767 0.07784163 -0.02858936 -0.9965558 0 0.9804559 -0.1967388 0.02460116 0.9755682 -0.2183152 -0.2155762 0.9759699 0.03177773 -0.1657086 0.9755076 0.1446571 0.1551914 0.9878378 0.009597063 0.06438845 0.541813 -0.8380292 0.1010699 0.9897317 -0.1010742 -0.5792816 0.4417806 -0.6850276 0.4460437 0.4166126 0.7921357 -0.07248765 0.9890268 -0.128731 -0.08427697 0.9928718 -0.08428055 0.0714147 0.9795461 -0.1881211 -0.3308406 0.3619774 0.8715027 -0.05938261 0.6163581 -0.7852238 0.1268468 0.9751626 0.181571 0.1566056 0.9751595 -0.1566482 0.4200758 0.400098 -0.8145294 -0.5646573 -0.7550761 -0.3332001 0 -4.29152e-6 1 0 -4.29157e-6 1 -0.01212817 0.003749847 -0.9999195 0.01214027 -0.009890258 -0.9998774 -0.05938172 -0.6163579 -0.7852241 -0.3308438 -0.3619958 0.8714938 0.1624305 -0.9866874 0.008029282 0.1010684 -0.9897323 -0.1010707 0.06438452 -0.5417826 -0.8380491 -0.215574 -0.9759705 0.03177428 -0.2609327 -0.9294194 -0.2609477 -0.1657062 -0.9755083 0.1446551 -0.579285 -0.4417841 -0.6850225 0.4460423 -0.4166245 0.7921303 -0.07248663 -0.9890273 -0.1287277 0.02460193 -0.9755446 -0.2184206 -0.08427572 -0.9928722 -0.08427661 0.1268476 0.9751584 0.1815925 0.1566098 0.9751588 -0.1566485 0.4200773 -0.4000959 -0.8145295 -0.9917952 0.08246928 -0.09767889 0.003639221 0 -0.9999935 0.9899817 0.141196 0 0.9899802 -0.1412061 0 0.3302841 0 0.9438817 0.3302684 0 0.9438871 -0.7070899 3.87142e-6 -0.7071236 0.00832647 0.9742827 0.2251754 0 0.275117 -0.9614109 -0.7070894 0 0.7071242 -0.7070891 0 0.7071245 0.6720198 0.6319937 0.3859707 0.06760966 0.143983 0.9872679 0.01113432 0.09287524 0.9956155 0 0.9804558 -0.1967394 -0.2155765 0.9759697 0.03177779 -0.1657089 0.9755072 0.1446594 -0.2609335 0.9294176 -0.2609534 0.1551911 0.9878377 0.009616374 0.06438654 0.5417927 -0.8380424 0.10107 0.9897322 -0.1010695 -0.5792833 0.4417758 -0.6850293 0.4460425 0.416618 0.7921336 -0.07248765 0.9890264 -0.1287344 -0.08427703 0.9928724 -0.08427256 0.0714147 0.9795461 -0.188121 -0.3308396 0.3619856 0.8714996 -0.05938297 0.6163631 -0.7852199 0.1268495 0.9751616 0.1815739 0.1566088 0.9751659 -0.1566061 0.4200776 0.4000899 -0.8145323 0.6648949 0.6824774 0.3035448 -0.02570337 0.9983547 0.05125731 0.1559078 -0.9695954 0.1886202 0.4200811 -0.4001027 -0.8145242 -0.05938166 -0.6163578 -0.7852241 -0.3308387 -0.3619895 0.8714984 0.1624309 -0.9866875 0.008010864 0.1010684 -0.9897327 -0.1010669 0.07141357 -0.9795474 -0.1881149 -0.02217346 -0.9801873 -0.1968283 -0.06939029 -0.9776798 -0.1983107 0.06438422 -0.5417805 -0.8380505 -0.2155736 -0.9759705 0.03177601 -0.2609303 -0.9294209 -0.2609453 -0.1657064 -0.9755082 0.1446551 -0.5792837 -0.441785 -0.685023 0.4460409 -0.4166263 0.7921301 -0.07248651 -0.989027 -0.1287295 0.02459961 -0.9755446 -0.2184206 -0.08427572 -0.9928725 -0.08427238 -0.6263191 0 0.7795669 -0.8060045 0 0.5919095 6.52251e-4 0.957699 0.2877715 -0.3413919 0.3132596 -0.8861828 0.469721 0.8827972 -0.005593419 0.4665409 0.8844245 -0.01154059 -0.01681429 0.01356714 0.9997666 -0.9740487 0 0.2263386 0.9955432 0.01240772 0.09348702 0.7070934 0 0.7071203 0.7071034 0 0.7071102 -0.1427284 0 0.9897619 -0.9937134 0 -0.111954 -0.2155767 0.9759697 0.0317766 -0.1657087 0.9755072 0.1446593 -0.2609309 0.9294205 -0.2609459 0.1551914 0.9878378 0.009596228 0.0643866 0.5417928 -0.8380423 0.1010699 0.9897317 -0.1010742 -0.579282 0.4417768 -0.6850297 -0.07248759 0.9890265 -0.1287329 -0.08427691 0.9928721 -0.08427643 0.07141458 0.9795454 -0.1881243 -0.3308346 0.3619793 0.8715041 -0.06939482 0.9776791 -0.1983131 -0.05938303 0.616363 -0.7852199 -0.02217376 0.9801859 -0.1968352 0.1268478 0.975159 0.1815894 0.1566109 0.9751653 -0.1566069 0.4200763 0.4000917 -0.8145321 0.9280102 0.1358948 0.346886 0.1552524 0.9169926 -0.3674525 0.1119778 0 0.9937108 0.04352974 -0.930665 -0.3632741 0.1427295 0 0.9897618 -0.1439872 -0.9693123 0.1992524 0.2676606 -0.9377105 0.221488 -0.9740486 0 0.2263395 -0.9899802 0.1412061 0 0.1559026 -0.9695975 0.1886138 0.4200759 -0.4000993 -0.8145287 -0.0593819 -0.6163607 -0.7852219 -0.3308407 -0.3619828 0.8715004 0.1624305 -0.9866874 0.008030593 0.1010685 -0.9897325 -0.1010682 0.07141357 -0.9795468 -0.1881178 -0.02217566 -0.9801875 -0.196827 -0.06939047 -0.9776785 -0.1983177 0.06438446 -0.541783 -0.8380489 -0.2155733 -0.9759706 0.03177601 -0.1657065 -0.9755082 0.144655 -0.5792841 -0.4417916 -0.6850184 0.4460459 -0.4166168 0.7921323 0.02460211 -0.9755448 -0.2184199 0 -0.9804575 -0.1967316 -0.670659 0.3028607 0.6771203 -0.5104111 0.1021848 0.8538377 -0.9812145 -0.05908149 -0.1836504 0.6263826 0 0.7795158 -0.8059968 0 0.59192 0.9899812 0.1411995 0 0.3878673 0.8848438 -0.2580903 0.1120201 0 0.993706 0.1120198 0 0.9937061 -0.004996836 -0.02049452 -0.9997775 0 0.9804559 -0.1967392 0.02460294 0.9755646 -0.2183312 -0.2155765 0.9759699 0.03177654 0.1551911 0.9878377 0.009613871 0.0643866 0.5417927 -0.8380424 0.1010699 0.9897323 -0.1010694 -0.5792824 0.4417833 -0.6850252 0.4460467 0.4166108 0.7921351 -0.07248759 0.9890264 -0.1287342 -0.08427697 0.9928724 -0.08427244 0.07141464 0.9795461 -0.1881209 -0.3308366 0.3619726 0.8715062 -0.05938303 0.6163633 -0.7852197 -0.02217584 0.980185 -0.1968392 0.1559078 -0.9695954 0.1886205 0.4200709 0.4000883 -0.8145365 4.94026e-7 -1 -1.16841e-6 0.4200804 -0.4000939 -0.8145291 -0.05938196 -0.6163556 -0.7852259 -0.3308439 -0.3619948 0.8714942 0.1624335 -0.9866871 0.008010447 0.1010692 -0.9897325 -0.1010671 0.07141423 -0.9795467 -0.1881179 -0.02217775 -0.9801871 -0.196829 -0.06939023 -0.9776794 -0.1983129 0.06438446 -0.5417781 -0.838052 -0.2248248 -0.9738985 0.03123462 -0.2706438 -0.9238477 -0.2706611 -0.172542 -0.9734175 0.1506244 -0.5792841 -0.4417786 -0.6850268 0.4460417 -0.4166229 0.7921315 -8.10044e-7 -1 -1.91582e-6 -0.07248711 -0.9890266 -0.1287327 0.02460485 -0.9755591 -0.2183552 0 -0.9804568 -0.1967343 -0.08427643 -0.9928721 -0.08427661 0.5361865 0.1175475 0.8358748 0.3131234 0.05591249 0.9480652 0.9899802 -0.141206 0 0.9954707 0.09240102 -0.02236753 -6.96931e-7 -2.0099e-7 1 -0.3302162 0 0.9439054 -0.09117782 -0.9640564 -0.2495636 0.9906198 0 -0.1366469 0 2.87501e-7 -1 0.07300937 0.1053341 0.9917532 0.1414015 -0.1071205 0.9841396 0.8900821 0.4537794 -0.04287421 0.3966681 -0.08053547 -0.9144225 0.9936981 0 -0.1120907 0.993698 0 -0.1120919 0 2.83413e-7 -1 1 3.89896e-6 6.09209e-7 0.2841479 4.57168e-7 -0.9587805 -0.9864508 -0.1640565 -5.69931e-4 -1.0973e-6 1 1.91582e-6 -0.1588312 0.9775212 0.1386542 -0.2510435 0.9348492 -0.251066 0 0.9804564 -0.1967368 -0.02217799 0.9801861 -0.1968337 -0.06939029 0.9776789 -0.1983153 0.1268493 0.9751617 0.1815738 0.1566067 0.9751594 -0.1566479 6.69218e-7 1 2.33682e-6 -0.2062689 0.9779615 0.0323171 -0.3308407 0.3619915 0.8714969 0.4200784 0.4000923 -0.8145308 0.07141524 0.9795469 -0.1881163 0.1010699 0.9897317 -0.1010743 -0.05938303 0.6163627 -0.7852202 -0.08427709 0.9928724 -0.08427256 0.1551904 0.987838 0.009596228 -0.07248824 0.989027 -0.1287293 0.0643866 0.5417923 -0.8380426 0.4460415 0.416623 0.7921316 0.02460485 0.9755486 -0.2184025 -0.5792847 0.4417793 -0.6850258 -0.3573917 -0.9105502 -0.2077734 -0.1427463 0 0.9897593 0.1039754 -0.06250941 -0.9926136 0.106235 0.1025182 0.9890421 0.1097345 0.09609788 0.9893047 -0.9931809 0.1154212 -0.01642286 1.18984e-6 1.7629e-7 1 0.8234063 0.3560676 -0.4418348 0.4200903 -0.4001068 -0.8145176 -0.05938166 -0.6163626 -0.7852204 -0.3308404 -0.3619995 0.8714936 0.1624296 -0.9866877 0.008010029 0.1010677 -0.9897323 -0.1010718 0.07141298 -0.9795475 -0.1881148 -0.02217561 -0.9801896 -0.196816 -0.06938368 -0.9776794 -0.1983152 0.06438422 -0.541785 -0.8380476 -0.2155719 -0.9759708 0.0317766 -0.2609251 -0.9294216 -0.2609475 -0.1657053 -0.9755088 0.1446527 -0.5792802 -0.4417957 -0.685019 0.4460469 -0.4166153 0.7921326 -0.07248604 -0.9890275 -0.1287259 0.02460217 -0.9755536 -0.2183805 -0.08427506 -0.9928719 -0.08428061 0.1559078 -0.9695954 0.1886203 0.3645846 0.8057197 -0.4667911 -0.07314574 -0.01207232 -0.9972482 7.20462e-7 -2.39895e-7 1 0 0.2751148 -0.9614114 0.03572273 0.1111013 0.9931669 -0.1555103 -0.09756207 -0.9830048 -0.1505083 -0.08426195 -0.9850113 -0.473231 0 0.8809385 0.70711 0 0.7071036 0.6213566 0.3570306 -0.6974562 -0.903063 0.1910783 0.3846639 -3.41671e-6 -0.01766234 -0.999844 0.02377355 0.99968 -0.008648693 0 0.9804558 -0.1967394 -0.2155781 0.9759696 0.03177535 -0.1657099 0.9755065 0.1446634 -0.2609344 0.9294192 -0.2609469 0.1551925 0.9878376 0.009595394 0.06438738 0.541795 -0.8380408 0.1010707 0.9897317 -0.1010742 0.4460394 0.4165954 0.7921472 -0.5792707 0.4417749 -0.6850405 -0.08427757 0.9928717 -0.08428055 0.07141506 0.9795461 -0.1881211 -0.3308405 0.3619888 0.8714981 -0.06938385 0.9776784 -0.1983202 -0.05938351 0.6163631 -0.7852199 0.155907 -0.9695962 0.1886171 0.4200801 0.4000849 -0.8145335 0.8060033 0 0.5919112 0.1268494 0.9751617 0.1815737 0.1566067 0.9751594 -0.156648 0 -0.9804584 -0.1967266 0.02460205 -0.9755664 -0.2183232 -0.2155718 -0.9759709 0.03177541 -0.1657053 -0.9755081 0.1446572 0.06438374 -0.5417805 -0.8380505 0.1010677 -0.989733 -0.1010644 0.1624298 -0.9866877 0.008010029 -0.07248592 -0.9890267 -0.1287329 -0.5792791 -0.441785 -0.6850268 0.446039 -0.4166253 0.7921318 -0.08427506 -0.9928726 -0.08427232 0.07141304 -0.9795473 -0.1881149 -0.3397249 -0.2893891 0.8948972 -0.06939035 -0.9776794 -0.1983132 0.4121739 -0.3378016 -0.8461695 -0.05938166 -0.6163629 -0.7852202 -0.0221759 -0.9801874 -0.1968271 0.8094862 -0.4892051 -0.3246698 -0.9925909 0.1167753 -0.03356856 -0.2843044 -0.8572273 -0.4293395 -0.7479923 -0.6636811 0.005916297 0.9895045 -0.05801868 -0.1323432 -0.09221011 0.9761424 -0.1965797 -0.9964867 0.01121324 0.08299696 0 -0.9883397 0.1522657 -0.7070886 0 0.7071251 -0.7070886 5.21915e-7 0.7071251 -0.4732469 0 0.88093 0.4433035 0.8796628 -0.1722662 0 0.9804551 -0.1967434 -0.2155781 0.9759694 0.03177654 -0.2609398 0.9294385 -0.2608727 0.1551926 0.9878376 0.009595394 0.06438678 0.5417906 -0.8380438 0.1010708 0.9897327 -0.1010645 -0.5792779 0.4417706 -0.6850371 0.4460398 0.4166133 0.7921376 -0.07248812 0.9890261 -0.1287362 -0.08427757 0.9928717 -0.08428049 0.071415 0.9795448 -0.1881275 -0.3397249 0.28938 0.8949001 -0.05938351 0.6163632 -0.7852198 0.4121626 0.3377819 -0.8461829 0 1 1.97621e-4 0.1268493 0.9751616 0.1815739 0.156606 0.9751594 -0.1566486 0.9932562 0.02732145 0.1126757 0.99461 0.004080653 0.103607 0.9946663 0.003298819 0.1030933 0.9952833 -0.003103315 0.09696161 0.9948944 8.88359e-7 0.1009224 -1 2.11364e-7 0 0.9948944 0 0.1009225 0.9948943 -8.88358e-7 0.1009228 0.9957509 1.25033e-7 0.09208834 0.9957509 -7.64091e-7 0.09208828 0.9957509 7.0852e-7 0.09208834 0.9957509 1.25033e-7 0.09208846 0.9954181 -0.00483793 0.09549653 0.9942682 -0.02537971 0.1038596 0.9953417 -0.002302706 0.09638226 0.9957509 1.52818e-7 0.09208846 0.8842759 -0.1911723 0.4260392 0.8833859 0.1918606 0.4275732 -0.009328961 -0.04124319 -0.9991056 0.02867203 -0.01217973 -0.9995147 -0.1568125 0.9740015 0.1634964 0.01619291 0.9494326 -0.313553 0.5413231 0.8408148 0 0.8182321 -0.5748881 0 0.06644797 -0.9674921 -0.2440159 -0.8355995 0.5493392 0 -0.2305936 0.9577539 -0.171855 -0.7071056 -1.00528e-6 0.707108 -0.4061847 -0.9035993 -0.1360965 -0.06990498 -0.9530568 0.2946118 -1.02943e-5 -9.53679e-7 1 2.57355e-6 0 1 -1.02943e-5 -1.90735e-6 1 4.66527e-6 -9.53675e-7 1 2.91797e-6 2.02895e-7 1 5.51396e-6 -2.92635e-7 1 3.12464e-6 0 1 -9.37374e-6 -4.76825e-7 1 -1.24985e-5 -7.15258e-7 1 7.66199e-6 -1.25186e-7 1 -0.1121639 0.9619736 0.2490504 0.3736611 -0.9273402 -0.02043503 0.6037074 0.7972061 2.89632e-6 -0.3372505 0.8640112 -0.3738272 -0.6037117 -0.7972028 0 0.6155923 -0.6654961 -0.4220914 0.2848393 -0.9399065 0.1882615 -0.1693096 -0.9747217 0.1457803 0.622538 0.1857712 -0.7602207 0.009328842 0.04124397 -0.9991056 -0.02867215 0.01218026 -0.9995146 -0.6333535 0.2690529 -0.7255853 0.1427295 -8.11563e-7 0.9897617 0.04950124 0.1675464 0.9846208 0.1078332 -0.02254116 0.9939134 0.9465967 0.309871 -0.08907681 0 0.9670755 0.2544897 -1 4.08662e-7 0 -0.8764579 0.1971123 0.4392815 -0.4924831 -0.8687053 -0.05302345 -0.9971883 -0.0181908 0.07269614 -0.9977644 -5.82863e-7 0.06682974 -0.9977644 4.26483e-7 0.06682962 -1 -4.08661e-7 0 -0.9977644 0 0.0668298 -1 4.08661e-7 0 -0.9977644 0 0.06682962 -0.9977644 4.54915e-7 0.06682974 -1 -4.08661e-7 0 -1 1.7941e-7 0 -0.9977644 0 0.06682986 -0.998195 -6.60555e-7 0.06005752 -0.9981949 1.2649e-7 0.06005799 -1 -4.08662e-7 0 -0.8833858 -0.1918601 0.4275736 -0.9981949 4.21636e-7 0.06005787 -0.9981949 -5.48127e-7 0.06005787 -0.9976174 0.01933658 0.06622606 -1 -4.08661e-7 0 -0.9979852 0.001711666 0.0634247 -0.9981949 0 0.06005781 -0.9981949 0 0.06005793 -0.9981949 4.91909e-7 0.06005787 0.02646446 0.2486698 -0.9682267 0 0.2491381 -0.9684681 0.05815798 0.1742483 -0.9829828 -0.8299409 0.2666627 -0.4899889 0.9807369 0.07996815 -0.1782144 -0.9672107 0.2061055 -0.1484053 -0.9746729 0.09155547 -0.2040357 -0.9670479 0 0.2545946 0.3584221 -0.2457855 -0.9006237 0.03362488 -0.1222214 -0.9919332 0.9747578 -0.09140276 -0.2036979 0.8923065 -0.4500897 -0.03476369 -0.3425914 0.93562 0.08512616 0.04387861 0.2224257 0.9739617 0 0.9588624 0.2838714 0.03937613 0.9420429 0.3331739 -0.9745857 -0.09171062 -0.2043821 -0.8739308 -0.4860322 0.004215836 0.8044124 -0.3251427 -0.497195 0 -0.7071113 -0.7071023 -0.059493 -0.1348593 0.9890772 -0.526978 0.68494 -0.5031416 0.9641203 0 0.2654659 0 0.1455906 -0.989345 0.1721664 -3.52861e-7 0.985068 0.163823 -0.9606177 0.2244452 0.3384857 -0.9251785 0.1716749 -0.9625093 -0.2516185 -0.1013123 -0.1544483 0.9758572 -0.15443 -0.2085014 0.9609367 0.1820106 0 1 1.06559e-5 0 1 -1.02468e-5 0 1 1.01435e-4 0 1 -3.14063e-4 0 1 -4.39266e-6 0 1 2.03185e-5 -0.2904106 0.773678 0.5631021 0.1265207 0.9838644 -0.1265046 0.144174 0.9895524 0 0.4511221 -0.8566685 -0.250216 -0.1684296 -0.7446428 0.6458627 -0.02556103 -0.9993227 -0.02647185 -0.1016069 -0.949213 0.2977768 -0.7696155 0.6374573 -0.03660935 -0.7134006 0.6496958 0.2625929 0.5836168 -0.7899825 0.1879342 -0.9680095 -0.2277542 -0.1052882 -0.1379734 -0.9837853 0.1145859 -5.21875e-7 -1 -1.41128e-4 -1.59739e-6 -1 -2.53983e-6 -2.51975e-7 -1 0 0.7318734 -0.6814407 0 0.5616971 -0.6074519 -0.5616927 -0.4399062 -0.2809318 0.8529713 -0.7552773 -0.1501823 0.6379669 2.75225e-7 -1 1.37217e-5 0 -1 -1.02468e-5 1.11698e-6 -1 0 0.4709295 -0.7459564 0.4709295 0.5796231 -0.6387567 -0.5059912 0 3.36642e-7 -1 -0.9947719 0.08966863 -0.04887121 -0.7121284 -0.6975589 -0.07927644 -5.37654e-7 -0.0223335 -0.9997507 1.85686e-7 -5.06113e-7 1 0.4404425 -0.8960164 -0.05626112 -0.9899802 -0.141206 0 0.4652273 -0.714974 0.5218964 -0.1412006 -0.9899811 0 -0.1061153 0.9792068 -0.1728979 0.06852996 0.9973315 -0.02517259 0.9371652 -0.002022504 -0.3488804 0 0.9670748 0.2544921 0.5616135 -5.94898e-7 0.8273999 0.5629093 -5.82591e-4 0.8265186 -0.987528 -0.09421086 0.1261456 0.9782501 0 0.2074291 0.6900935 0.1952522 -0.6968842 0.3725667 0.9274698 0.03152483 0.3192372 0.9476669 0.003883361 0.9988102 0 0.04876697 0.9906198 0 -0.1366468 -0.7071108 0 0.7071028 -0.7071065 0 0.7071071 0.221502 0.945051 -0.2404491 -0.4918571 -0.865676 0.093176 0.559668 -0.8287169 0 0.4295307 -0.7943605 -0.4295285 -0.3106305 -0.7353483 0.6023052 -0.838884 -0.5249969 0.1437079 0 -1 -2.05823e-5 0.3859681 -0.8587775 -0.336942 0.3011783 -0.9047375 0.3012338 -0.9948713 0.0841633 -0.05610388 -0.9999892 0.004642128 3.76474e-4 0.9973244 -0.002640545 0.07305479 0.9999628 0.00864011 2.00583e-4 -0.9740489 3.38727e-5 0.226338 0.5271405 -0.8485186 0.04625159 0.5734909 -0.7957834 0.1945177 -0.9966886 -0.05583256 -0.05911594 -0.109624 0.9879099 -0.1096209 -0.1469368 0.9807934 0.128273 0 1 3.55198e-6 0 1 1.02468e-5 0 1 1.01436e-4 0 1 -2.13563e-4 0 1 2.03186e-5 -0.2187771 0.8787407 0.4242067 0.0965991 0.9906237 -0.09661036 0.1103434 0.9938935 0 0.2024064 0.002614974 0.9792982 0.1233799 -8.57798e-7 0.9923596 0.1234151 0 0.9923552 0.1234017 -5.93208e-7 0.9923569 0.1234017 -2.57398e-7 0.9923568 0.1233214 -8.55462e-6 0.9923669 -0.8826927 0.08178049 -0.4627804 -0.2935478 0.7690393 0.56781 -0.4918478 -0.8656811 0.09317713 0.2648845 -0.9330675 -0.2433545 0 -1 5.07964e-6 0 -1 -4.02e-4 0.5012205 -0.8653196 0 0.4129725 -0.8117284 -0.4129777 -0.4322401 -0.3327682 0.8381133 -0.7793832 -0.03404241 0.6256222 0 -1 -2.19633e-6 0 -1 -2.74439e-5 0 -1 1.02468e-5 0.4358862 -0.815604 -0.3805173 0.3413845 -0.8757224 0.3414193 0.5755282 -0.7959732 0.1876009 -0.9625096 -0.2516168 -0.1013126 -0.3284534 0.8855698 -0.3284578 -0.4351669 0.8162807 0.3798891 0 1 -3.55199e-6 0 1 -4.39691e-5 0 1 -6.17436e-5 0 1 1.09816e-6 0 1 1.01593e-5 -0.420775 0.3965926 0.8158816 0.232201 0.9445468 -0.2321942 0.2656043 0.9640823 1.42912e-6 0.3077481 0.9183983 0.2486676 0.973967 -0.09265971 0.2068875 0.3570487 0.8118327 -0.4620001 0.7070934 0 0.7071202 0.7555774 -0.3300967 -0.5658084 0 -0.5704494 -0.8213328 -0.4786188 -0.02808201 -0.8775737 0.06548738 -0.1978927 -0.9780337 0.75557 0.3301138 -0.5658082 0 0.5704686 -0.8213195 0.01294672 0.5044775 -0.8633278 0.7555724 -0.3300969 -0.5658147 0 -0.5704433 -0.821337 0.06102079 -0.2265913 -0.9720766 0.7555683 0.3301064 -0.5658149 0 0.5704559 -0.8213284 0.05488431 0.265153 -0.962643 0.6535378 -0.742127 0.1487818 0.629849 0.770042 0.1016151 0.4866442 0.7255104 0.4866334 0.5936147 0.6156975 -0.5182068 0 1 -3.55199e-6 0 1 7.49743e-5 0 1 2.19633e-6 -0.2658905 0.8145534 0.515563 0.3597277 0.8609262 -0.3597254 0.4626526 0.8865397 0 0.7071059 1.59416e-6 0.7071078 0.005013525 -0.7243872 0.6893752 0.6267363 -0.7628886 0.1587538 -0.4351676 0.8948078 0.09974062 0.4866416 0.7255007 0.4866506 0.5936154 0.6156961 -0.5182074 0 1 -3.55198e-6 0 1 7.27692e-5 0 1 -1.03642e-4 0 1 1.01593e-5 -0.2458029 0.8440531 0.4766081 0.3297552 0.8845981 -0.3297693 0.4220744 0.9065612 0 0.5050001 0.8399527 0.1986312 -0.9625089 0.2516196 -0.1013132 0.6147774 0.765708 0.1890506 -0.3194457 0.8921255 -0.3194789 -0.4249689 0.8256939 0.3709867 0 1 5.12342e-6 0 1 -6.83589e-5 0 1 5.02501e-5 0 1 1.01593e-5 -0.4183824 0.4084615 0.8112432 0.2250007 0.948023 -0.2250048 0.2570395 0.966401 0 0.03282082 0.9253382 -0.3777194 -0.160685 0.9791976 0.1239053 0.4914731 0.7189525 0.4914892 0.5978416 0.6084489 -0.5218961 0 1 -5.1234e-6 0 1 -6.61538e-5 -0.2658885 0.8145588 0.5155553 0.3597277 0.8609346 -0.3597049 0.4626473 0.8865424 0 0.4069423 -0.8276607 -0.3864919 -0.1199214 0.9906237 0.06545078 0 1 1.09766e-4 -0.1096222 0.9879121 -0.1096023 -0.1469358 0.9807938 0.1282709 0 1 -5.0245e-5 -0.2187733 0.8787393 0.4242116 0.0965988 0.9906237 -0.09661 0.1103426 0.9938936 0 0.3077492 0.9183986 0.2486659 -0.4348576 0.8997563 0.0365746 -0.1096218 0.9879085 -0.1096354 -0.1469359 0.9807938 0.128271 0 1 3.55197e-6 0 1 -1.005e-4 -0.2187739 0.8787385 0.4242131 0.1103426 0.9938936 0 0.4673433 0.8784476 -0.09960043 0.3304162 -0.9219824 0.2019252 -0.997547 0 -0.07000023 -0.3194504 0.8921348 -0.3194482 -0.4249681 0.8256947 0.3709855 0 1 -7.10396e-6 0 1 2.19633e-6 0 1 -1.01593e-5 -0.4183827 0.4084587 0.8112444 0.2250013 0.9480227 -0.2250054 0.2570388 0.9664012 0 0.511447 0.857886 0.04953497 0.3384808 -0.9251801 0.171676 -0.9625087 -0.2516202 -0.1013126 -2.7527e-6 1 0 0.4914749 0.7189465 0.4914963 0.5978445 0.6084423 -0.5219003 -1.11698e-5 1 -7.10396e-6 0 1 2.04937e-5 5.21869e-6 1 1.01443e-4 2.52002e-6 1 -1.63293e-4 0 1 1.09816e-5 1.59738e-5 1 -1.01593e-5 -0.2457917 0.8440542 0.476612 0.3297523 0.8846117 -0.3297359 0.422066 0.9065651 5.54476e-6 0.06839311 0.9715672 -0.2266709 0.6298478 0.7700427 0.1016166 -2.75167e-6 1 0 -0.1096183 0.9879104 -0.1096214 -0.1469293 0.9807959 0.1282624 -1.11698e-5 1 -1.77599e-5 0 1 4.09873e-5 5.21907e-6 1 -3.96918e-5 2.51918e-6 1 -1.25625e-5 0 1 1.09816e-5 1.59739e-5 1 0 -0.2187533 0.8787597 0.4241797 0.09659391 0.9906242 -0.09660995 0.1103376 0.9938942 1.35292e-5 0.1041474 0.9675141 -0.230369 -0.1606911 0.9791965 0.1239058 -2.75202e-6 1 0 -0.1469291 0.9807955 0.1282663 -1.11698e-5 1 -1.42079e-5 0 1 3.07404e-5 5.21903e-6 1 1.01436e-4 2.51956e-6 1 1.38188e-4 0 1 1.3178e-5 1.59739e-5 1 -2.03186e-5 -0.2187529 0.8787531 0.4241937 0.1103376 0.9938942 1.01469e-5 -0.434857 0.8997566 0.03657329 -0.3284486 0.8855627 -0.3284816 -0.4351672 0.816281 0.3798882 -1.11698e-5 1 -1.06559e-5 0 1 4.09872e-5 2.51956e-6 1 -1.13063e-4 0 1 1.09816e-5 1.59738e-5 1 0 -0.4207654 0.3965955 0.8158851 0.232201 0.9445567 -0.2321537 0.2656039 0.9640823 8.57468e-6 0.6674424 -0.6567209 -0.3510532 0.6034836 -0.7968312 0.02946037 -0.9625087 0.25162 -0.1013131 -0.1577737 0.9813774 0.1095717 0 -1 -2.82277e-4 0 -1 -1.52389e-5 0 -1 4.02e-4 0.4853364 -0.8743276 0 0.4013934 -0.8232763 -0.4013721 -0.430131 -0.3455424 0.8340191 -0.8060077 0 0.5919051 0 -1 2.19633e-6 0.2829688 -0.9164379 0.2829668 0.3647487 -0.8749683 -0.3184164 -0.08619493 0.9925419 -0.08620387 -0.1158517 0.9881048 0.1011306 0 1 -7.10396e-6 0 1 1.01443e-4 0 1 -6.28127e-5 -0.1793141 0.9203027 0.3476916 0.07587438 0.9942253 -0.0758897 0.08656048 0.9962466 0 0.9625102 -0.2516158 -0.1013103 -0.6147779 -0.7657082 0.1890482 0.03281402 0.9253388 -0.3777188 0.511627 -0.8577809 0.04949432 -0.4872579 -0.8630517 0.1331224 -0.9975471 2.06972e-7 -0.06999999 0 -1 2.53982e-6 0.2915647 -0.9565512 0 0.2538547 -0.9333354 -0.2538561 -0.4269661 -0.3637372 0.8278861 -0.7626659 0.5428522 0.3516422 0 -1 -8.57605e-5 -0.3549152 -0.8649027 -0.3549345 -0.4644119 -0.7873743 0.4054178 0.7555509 0.330111 -0.5658354 0 0.5704472 -0.8213343 -0.1617705 0.8826143 0.4413867 0.755572 0.3300995 -0.565814 0 0.5704466 -0.8213347 0.05922847 0.2379554 -0.9694685 -0.3485781 0.0474264 -0.9360792 0.755573 0.3300957 -0.5658147 0 0.5704464 -0.8213348 0.0592283 0.2379547 -0.9694687 -0.4364796 4.40644e-7 -0.8997142 0.7555721 0.3300963 -0.5658157 0.05922859 0.2379559 -0.9694684 -0.4364799 8.81288e-7 -0.8997141 0.7555711 0.3301001 -0.5658149 0 0.5704452 -0.8213358 0.05922836 0.2379549 -0.9694687 -0.4364801 4.40644e-7 -0.8997139 0 0.5704467 -0.8213347 0 0.5704446 -0.821336 0.0592283 0.2379553 -0.9694686 -0.4364793 0 -0.8997143 0.7555674 0.3301004 -0.5658197 0 0.5704455 -0.8213355 0.05922806 0.2379531 -0.9694691 -0.4364789 4.40644e-7 -0.8997145 -0.8060003 0 0.5919153 0.7555666 0.3300957 -0.5658234 0 0.5704412 -0.8213385 0.05922824 0.237954 -0.9694689 -0.4364781 4.40644e-7 -0.899715 0.7555693 0.330096 -0.5658195 0 0.5704425 -0.8213376 0.05922824 0.2379539 -0.9694689 0.7555731 0.3300924 -0.5658165 0 0.5704448 -0.821336 0.06548762 0.1978939 -0.9780335 -0.4786159 0.02808284 -0.8775752 0.7555732 -0.3300933 -0.565816 0 -0.570445 -0.8213359 -0.3691285 -0.03657394 -0.9286584 0.05922842 -0.2379545 -0.9694688 0.7555702 0.3301105 -0.5658099 0 0.5704668 -0.8213207 0.06102198 0.2265975 -0.9720751 0.7555679 -0.3301113 -0.5658124 0 -0.5704639 -0.8213227 0.07476437 -0.1365048 -0.9878142 0.1379743 0.9837849 0.1145874 -0.2591609 0.8987385 0.3537019 0.2915666 -0.9565505 0 0.2538573 -0.9333428 -0.2538265 -0.42697 -0.3637328 0.8278859 -0.7655674 0.5251291 0.37168 0 -1 -2.05829e-5 -0.3549175 -0.8649071 -0.3549218 -0.4644164 -0.7873715 0.4054176 0.3463618 -0.927492 0.1406843 0.2263813 -0.8927675 -0.3895099 0 -1 5.07963e-6 0.5904622 -0.8070653 0 0.4510996 -0.7700804 -0.4510935 -0.3238503 -0.7076782 0.627943 -0.8291593 -0.5248415 0.1924483 0 -1 -8.91925e-5 0 -1 5.12342e-6 0 -1 -1.42079e-5 0.5747311 -0.6464967 -0.5017233 0.4655277 -0.7526863 0.4655613 -0.9625094 0.251618 -0.1013122 0.6147716 0.7657127 0.1890502 0.4511221 -0.856669 -0.2502141 0 -1 -1.41128e-4 0 -1 -2.53983e-6 0.2998682 -0.9539807 0 0.2607257 -0.9295428 -0.2607151 -0.4286659 -0.3541162 0.8311722 -0.7708055 0.5221014 0.3650605 0 -1 2.19633e-6 0 -1 -8.91901e-5 0 -1 5.1234e-6 -0.473251 -0.7780459 0.4131323 -0.3631194 -0.858079 -0.3631045 0.5238407 -0.8296698 0.1929742 0.3463574 -0.9274935 0.140686 0 -1 1.01593e-5 0.5596654 -0.8287188 0 0.4295271 -0.7943576 -0.4295376 -0.3106286 -0.7353488 0.6023056 -0.8388838 -0.524999 0.1437014 0 -1 2.05823e-5 0 -1 -5.1234e-6 0.3011854 -0.9047551 0.3011739 0.3859679 -0.8587799 -0.3369364 0.2903184 -0.9535662 -0.08016669 0.5440235 -0.7810481 0.3065982 -0.9719464 0.2332899 -0.02993494 0 -1 5.07964e-6 0.4853371 -0.8743271 0 0.4013951 -0.8232721 -0.4013791 -0.4301319 -0.3455422 0.8340188 -0.806006 -9.22107e-7 0.5919076 0 -1 2.05829e-5 0 -1 -1.42079e-5 0.3011826 -0.9047467 0.3012018 0.3859679 -0.8587794 -0.3369376 -0.950281 -0.2217513 -0.2186152 0.2903205 -0.9535657 -0.08016598 -0.4872534 -0.8630541 0.1331235 -0.997547 2.06972e-7 -0.07000029 0 -1 -5.07966e-6 0.485337 -0.8743273 0 0.4013944 -0.8232675 -0.4013891 -0.4301326 -0.3455401 0.8340193 -0.7253258 -0.09908324 0.6812379 0.465529 -0.7526847 0.4655626 0.5747305 -0.6464975 -0.5017229 0.9071248 0 -0.4208621 -0.14816 0.9869424 0.06319344 0.5973497 -0.7940415 -0.1125673 0.2998737 -0.9539789 -1.13131e-5 0.260731 -0.9295395 -0.2607216 -0.4286627 -0.3541118 0.8311758 -0.7680488 0.539577 0.3449027 0 -1 2.74431e-5 -0.4732592 -0.7780461 0.4131222 -0.3631213 -0.8580683 -0.3631277 0.3861094 -0.9001534 0.2016022 -0.9798799 -0.1972404 -0.030523 0.1842608 0.9029679 -0.3881971 0 -1 1.41126e-4 0 -1 -5.07963e-6 0 -1 -2.01e-4 0.590462 -0.8070655 -4.9362e-6 0.4511005 -0.7700734 -0.4511046 -0.3238501 -0.7076794 0.627942 -0.8459698 -0.5070353 0.1650772 0 -1 2.19633e-6 0 -1 2.74439e-5 0.3859639 -0.8587749 -0.3369535 0.3011847 -0.9047549 0.3011752 0.1045592 0.9928262 -0.05799639 0.3063503 -0.9302733 0.2018446 -0.997547 4.13943e-7 -0.07000041 0 -1 -2.82257e-4 0 -1 5.07965e-6 0.4853383 -0.8743265 -1.19016e-5 0.4014011 -0.823274 -0.401369 -0.4301307 -0.3455364 0.8340218 -0.806001 0 0.5919144 0 -1 1.02468e-5 0.3859632 -0.8587739 -0.3369569 0.1138912 0.986455 0.1180484 -0.9625092 0.2516187 -0.101312 -0.1577801 0.9813763 0.1095728 0 -1 -1.01593e-5 0.4853383 -0.8743265 -8.92622e-6 0.4013959 -0.8232635 -0.4013959 -0.4301317 -0.3455397 0.8340198 -0.7261303 -0.09819859 0.6805086 0 -1 1.42079e-5 0.4709246 -0.7459508 0.4709431 0.579619 -0.6387498 -0.5060045 0.9936981 0 -0.1120901 0.7555642 -0.3301053 -0.5658211 0 -0.570447 -0.8213346 -0.1617729 -0.8826246 0.4413653 0.7555696 -0.3301091 -0.5658117 0 -0.5704659 -0.8213213 0.01294642 -0.5044721 -0.863331 0.7555704 -0.3301085 -0.5658107 0 -0.5704644 -0.8213223 0.01294654 -0.5044764 -0.8633285 0.7555692 -0.3301109 -0.565811 0.01294636 -0.5044721 -0.863331 0.7555691 -0.330111 -0.5658113 0.01294648 -0.5044764 -0.8633285 0.7555705 -0.3301068 -0.5658116 0 -0.5704661 -0.8213213 0.01294654 -0.5044721 -0.863331 0.7555669 -0.3301124 -0.5658131 0 -0.5704642 -0.8213225 0.01294708 -0.5044755 -0.8633291 0.7555655 -0.3301132 -0.5658145 0 -0.570465 -0.821322 0.01294642 -0.5044748 -0.8633294 0.7555689 -0.3301132 -0.5658102 0 -0.5704693 -0.821319 0.0129466 -0.5044707 -0.8633319 0.7555657 -0.3301099 -0.5658162 0 -0.5704647 -0.8213221 0.01294654 -0.5044791 -0.8633269 0.06463056 0.2278954 -0.9715383 -0.2936169 -0.06703561 -0.9535698 0.3790003 0.01623922 -0.9252541 -0.0646305 -0.2278945 -0.9715385 0.2936159 0.06703561 -0.9535701 0.3795713 0.01695817 -0.9250071 0.5349932 -0.00658971 -0.8448307 0.4951642 0.08442795 -0.8646874 0.5753028 -0.05704289 -0.815949 -0.2970822 -0.91214 -0.282388 -0.005622029 -0.9742135 -0.2255585 0.00562191 0.9742137 -0.2255575 0.008647143 -0.02638548 0.9996145 -0.06131643 -0.01774752 0.9979606 0.05163687 0.03667944 0.9979922 -0.2528501 0.1424802 0.9569568 -2.76819e-4 -0.01965069 0.999807 -0.06904405 -0.009372711 0.9975697 0.01815557 0.007798552 0.9998048 0.7250629 -0.6691461 -0.1628719 -0.3989366 0.9071195 0.1341041 -0.003553092 -0.01468396 -0.9998859 0.003411054 -0.001028358 -0.9999937 0.9890387 0.1475245 0.006252348 0.9934507 0.1088031 -0.03489524 0.9768537 0.213907 7.68165e-4 -0.9969065 0.00153011 -0.07858246 -0.9970945 0.003609538 -0.07608902 0.8153659 -0.5655673 -0.1237421 -0.9754897 -0.2036284 -0.08339864 0.9639502 -0.1965132 0.1793954 0.9993966 0.03388077 0.007653295 -0.837638 -0.5169125 0.1765339 -0.9935232 0.1134237 -0.006839156 -0.9806734 0.1925963 0.03444653 -0.9898002 0.1411976 0.0189436 0.6901702 0.195168 -0.6968319 0.01968997 0.934989 0.3541299 -0.6010227 0.2205063 -0.7682114 0.3243857 -0.6858268 -0.6514719 -0.05651915 -0.5740792 -0.8168469 0.02759557 0.03691053 0.9989376 -5.57449e-4 -0.01321041 0.9999126 -0.9833919 0.1622911 0.0812537 -0.9860396 -0.001013576 -0.1665083 0.6655655 0.6262421 0.4060091 -0.06914466 0.0014472 0.9976057 0.05097496 -0.07674735 -0.9957467 -0.07054996 0.09378129 -0.99309 -0.04342901 4.70746e-4 0.9990564 0.8047944 -0.5434768 0.2386192 0.9761297 -0.1505532 0.1565396 -0.8428007 -0.2020962 -0.4988427 -0.9862903 0.009745895 -0.164732 -0.942604 0.3128825 0.1166291 -0.9577781 0.271419 0.09483093 0.4187675 -0.6784226 0.6036362 0.9921779 0.1139523 -0.05097091 0.8263521 -0.453242 0.3342366 -0.9487082 -0.273091 -0.1592926 -0.9757181 0.2051936 0.07661563 -0.2389086 0.5806555 0.7783071 -0.07242918 0.6887829 0.7213405 0.9999831 0.001037001 -0.005732834 0.9882516 -0.08518803 -0.1268935 0.9981131 0.05332493 -0.03044164 0.9830335 -0.1792111 -0.0390948 0.9999715 0.003140687 -0.006883203 0.9873047 0.1578353 0.01782274 -0.04444438 0.2600761 0.9645648 -0.005980551 0.2721907 0.9622249 -0.1630612 0.9866154 0.001122057 -0.01621234 -0.8681019 -0.4961211 0.9951534 -0.08943504 0.04087924 0.04155379 -0.9470726 0.3183187 -0.04320639 -0.05780255 0.9973927 0.027767 0.0546506 0.9981194 -0.9896782 0.1403425 0.02900266 -0.9998306 0.01453065 -0.01131343 0.9914567 -0.1270521 0.0295192 0.8771898 0.4344645 0.2043983 0.9997649 -0.01948839 -0.009511113 0.9700549 0.2403921 -0.0347175 0.9819976 -0.1801758 0.0567246 0.993229 0.06145733 -0.09858608 -0.9845849 -0.1638615 -0.0611732 -0.9658129 -0.2588179 -0.01479512 -0.9752457 -0.03825128 -0.2177907 -0.9678419 0.2513126 0.01114451 -0.9991618 0.02379649 -0.03330671 0.9740981 0 0.226126 0.9933843 -0.06546324 -0.09435242 0.6648293 0.6825481 0.3035297 0.008538663 -0.6700882 -0.7422324 -0.6198403 0.7844405 0.02124238 -0.3024249 -0.05336248 0.9516783 -0.01224178 -0.0922017 0.9956652 -0.8903521 0.3342024 -0.3091635 0.5590803 -0.8289054 -0.01858049 0.6153169 -0.7860481 -0.05927538 0.9948128 0.0572862 -0.08405828 0.9999658 -0.002737581 0.007803201 0.9920607 -0.1230611 0.02591794 0.9227207 0.09736555 -0.3729698 0.9966797 -0.05472981 0.06028622 -0.9930002 -0.08286708 -0.08416599 -0.9999468 -0.006306767 -0.00816524 -0.9827679 -0.1747073 0.06037044 -0.9863476 0.164074 -0.01408612 -0.9914099 0.08047795 -0.1031004 -0.8801769 0.4343704 0.1913407 -0.9924659 -0.1218509 0.01280468 -0.9147865 0.3994284 0.06018745 0.9992283 0.03545963 -0.0169 0.9730677 0.2296028 0.02053976 0.9839639 -0.1685728 -0.05829584 0.9988505 -0.003613591 -0.04779797 0.9251368 -0.3769234 0.04528373 0.9778488 -0.05361193 -0.2023302 0.3453581 0.9361521 -0.06593245 0.9997732 0 -0.02129876 0.004999756 -1.51972e-4 0.9999875 0.7076681 6.73979e-7 -0.7065451 0.3344738 -0.05698245 0.9406808 -0.9999396 0.002358675 0.0107485 -0.9999741 -0.001448988 -0.00706166 -0.9860154 -0.1576435 0.05405712 -0.03966385 0.9991973 -0.005638539 -0.02734714 0.9987116 -0.04274791 -0.065297 -0.09159469 -0.9936533 0.7750865 0.63174 0.01206517 0.7350342 0.6773156 -0.03111839 0.9762887 0.1545513 -0.1515724 0.1071261 -0.9910333 -0.07985675 0.1327118 -0.9899737 -0.04837119 -0.02322518 0.9704033 -0.2403707 -0.001145958 0.01552695 -0.9998788 -0.01609295 -8.66971e-5 -0.9998706 0.9536986 -0.2008718 0.2238514 0.121602 0.6487413 -0.751231 -0.08873587 -0.9744229 0.2064608 0.2052217 -0.002444684 0.9787125 -0.09910839 -0.9900067 0.1003214 0.06786173 -0.9944187 -0.08078479 -0.5065348 -0.8621544 -0.01060116 -0.2452113 -0.8182356 -0.5199635 -0.002579867 0.00316286 0.9999917 0.9926778 -0.1148895 0.03730213 0.9960055 -0.08867877 0.01044732 0.1287511 -0.09053516 -0.9875356 0.2992569 -0.9193628 -0.2553771 -0.9975471 0 -0.06999975 -0.004433631 0.003755569 -0.9999832 -0.9641511 0 0.265354 0.2831956 0.9240733 0.2566884 0.999773 0 -0.02130419 0.1412008 -0.989981 -1.61282e-7 0.9955432 0.01240724 0.09348756 -0.9672911 0.1618833 -0.1952996 -0.1110999 0.05817568 -0.9921051 -0.9925915 -0.1167708 -0.03356891 -0.4364775 0 -0.8997152 0.02148419 -0.9991194 0.03604316 0.01428371 -0.998794 -0.04697483 -0.06516432 -0.9977636 -0.01487976 0.008564352 -0.9982748 -0.05808746 -0.03695738 0.9992058 0.01489812 -0.1256254 -0.9855981 0.1132016 0.070436 -0.9963853 0.0474891 0.01732796 -0.9984735 0.05244457 -0.05645698 -0.9983668 -0.008741319 0.2365199 -0.9654807 -0.1091118 0.09973943 -0.9716632 -0.214296 -0.01532596 -0.9998171 0.01144033 0.09787297 -0.8000962 -0.5918336 0.006036758 0.9999736 -0.004063844 0.01197206 0.999924 -0.002966165 0.00162208 0.999824 -0.01869529 -0.8302398 0.5358188 0.1536231 0 1 -2.16448e-6 -0.1069689 0.9578605 0.2665727 -0.00303477 0.9999923 -0.002476572 0.8003973 0.5487654 -0.2412897 -0.004979848 0.2216153 -0.9751215 -0.03741228 -0.02014172 -0.999097 -0.01997792 0 -0.9998005 -0.8799996 -0.4725642 -0.04779183 -0.2518786 0.002032518 0.9677567 -0.02661728 0.04900974 0.9984437 -0.7940104 -0.1904072 0.5773152 0.1131656 -0.1829091 0.9765951 -0.003472685 -0.1654616 0.9862102 0.9911547 0.1137205 0.06841087 0.8987254 -0.01931035 -0.4380867 0.263978 0.008548498 0.9644908 0.939857 -0.337074 -0.05522626 0.1096924 -0.00352472 0.9939594 -0.9972674 -0.06763499 -0.02971923 0 -9.78771e-7 1 -0.3012291 0.01614528 0.9534151 -0.9940077 0.09736776 0.04968422 -0.9035333 -0.03198909 -0.4273223 -0.9369342 -0.3476914 -0.03556704 -8.36668e-5 -0.00396794 0.9999921 0.9604008 -0.2752288 -0.04335367 0.9999663 0.002560675 0.007803201 0.9850076 -0.141519 0.09865307 -0.07221567 -0.997363 -0.007209897 -0.06774842 -0.9976866 -0.005620181 0.9728804 -0.1994947 -0.1170709 -0.9994583 0.02982181 -0.01392728 -0.9416054 -0.3060874 -0.14032 -0.9904783 -0.1141532 0.07695341 -0.00272715 0.996542 0.08304667 0.6949972 0.5366461 -0.4785289 0.07273936 -0.5096047 -0.8573285 -0.4262856 0.2663049 -0.8645012 0.110996 -5.91293e-4 -0.9938207 0.114583 1.42252e-4 -0.9934138 0 3.52778e-7 -1 0.7999064 0.4439922 -0.4037582 0.8599134 0.18778 -0.4746449 0.09015482 -0.1344922 -0.986805 0.6654093 0.6850885 -0.296453 0.7245017 0.4090062 -0.5548073 -0.4126865 0.3265941 -0.8503096 -0.04447507 0.04919379 -0.9977986 0.5574243 -0.275022 -0.7833525 -0.4211392 0.2055451 -0.8833985 0.05364423 -0.1093675 -0.9925528 0.5106623 0.2392048 -0.8258361 0.07675957 -0.6256467 -0.7763209 -0.99693 0.043814 -0.064893 -0.9999762 -0.00380361 -0.005763351 -0.9836412 0.1786041 -0.02346503 -0.8548274 -0.5188894 -0.004917263 -0.005292356 0.09215235 0.9957309 0 -3.96629e-7 1 0 -3.59525e-7 1 -0.7070934 0 -0.7071202 -0.9899802 0.141206 0 -0.9970697 -0.02105373 -0.07354581 -0.9993892 0.03205329 -0.01392626 0.9966645 0.04661971 -0.06698048 0.9999827 -0.005347549 -0.002447247 -0.1450752 -0.169949 -0.9747156 -0.08985841 -0.005167007 -0.9959412 0.9866784 0.0577985 0.1520698 -0.997547 0 -0.07000005 -0.3848842 0.5080803 0.7705315 -0.1517606 0.9859675 -0.06954723 0.1921422 0.934904 -0.2983889 0.01945751 0.9872349 -0.1580786 -0.03658759 0.9953055 0.08960092 0.001131594 0.9775773 0.2105737 -0.1095474 0.9901852 -0.08679038 0.3262985 0.9092259 0.2585297 -4.01236e-7 1 1.98708e-6 0.3062532 0.9408383 -0.1450255 -0.09413361 0.967495 -0.2347177 0.04816699 -0.9908872 -0.1257882 -0.1172695 0.9917947 0.05090242 -0.2549223 0.9592978 -0.1215008 -0.1466679 -0.8497878 -0.5063096 0.1854731 -0.8487201 -0.4952513 0.2037974 -0.9149252 -0.3483943 0.6324736 -0.3345385 -0.6986138 -0.9687994 -0.09458863 0.2290869 -0.4106826 0.03557169 -0.9110843 -0.02404975 -0.9996461 -0.011379 -0.0509442 -0.9978105 -0.04217976 0.8730221 -0.1649199 0.4589487 0.6450142 -0.341261 0.6837381 0.905142 -0.4247486 0.01751476 0 -0.07661014 -0.9970612 0.9250087 -0.3798474 -0.008662164 -0.07310032 -0.3685323 -0.9267364 0.158283 -0.05182224 -0.986033 0.1803485 0.04001486 -0.9827885 -0.5319189 0 0.8467954 -0.807891 0 0.5893321 -0.3273423 0.9312027 0.1603389 -0.9466374 0.2152773 0.239861 -0.02740478 0.02833789 -0.9992228 0.08174997 0.100295 -0.9915936 -0.06825155 0.993943 -0.08613401 2.19084e-4 3.96915e-4 1 0.4116011 0.7982557 0.4397415 -0.09904813 -0.959774 0.2627234 0.006163239 5.65477e-4 -0.9999809 0.8920028 0.1913375 0.4095376 -0.1020986 0.9282581 -0.357649 0.00603348 -0.2836859 -0.9588983 -0.02351063 -0.2745202 -0.9612939 0.8328776 0.5533065 -0.01291531 -0.9735055 -0.1009562 0.2051703 0.9398365 0.01502561 0.341294 -0.6263391 0 0.7795507 0.9899826 0.1411894 1.20961e-7 0.9906199 0 -0.1366467 -0.1559103 0.9695945 0.1886228 -3.34612e-7 1 1.16842e-6 -5.49591e-7 1 0 -0.4121502 0.3379441 -0.8461241 0.05938261 0.6163651 -0.7852184 0.3397402 0.28924 0.8949396 -0.162431 0.9866874 0.008010566 -0.1010684 0.989732 -0.101073 -0.07141506 0.979546 -0.1881213 0.02219617 0.9801718 -0.1969025 0.06935346 0.9776963 -0.1982424 -0.06438553 0.5417881 -0.8380455 0.2155791 0.9759693 0.0317772 0.2609333 0.9294262 -0.2609233 0.1657108 0.9755072 0.1446568 5.48662e-7 1 9.57928e-7 0.5792683 0.4418498 -0.6849942 -0.446066 0.4165403 0.7921612 0.07248866 0.9890267 -0.1287308 -0.0246039 0.9755624 -0.2183408 0 0.9804576 -0.196731 0.08427596 0.9928719 -0.08428031 -0.7482813 -0.06709635 0.6599797 -0.6580459 -0.743661 -0.1180848 0.9641186 0 0.2654722 0.5903115 -0.2892188 -0.7535814 0.8567059 0.07868051 -0.509769 -0.7469484 0.4979628 0.4405692 -0.7689738 0.4818655 0.4201013 0.9159217 0.3753582 0.1421048 0.7070894 -5.21914e-7 -0.7071242 0.7070891 0 -0.7071245 0.7648952 0.4774619 -0.4323953 5.44959e-7 -0.0176627 -0.9998441 -0.1388154 -0.5365586 0.8323673 -0.6426772 0.491841 0.5874168 -0.1175501 -0.03647786 -0.9923968 -0.1813153 -0.3099088 -0.9333175 -0.07366007 -0.8199404 0.5676901 -0.1555345 0.9803729 -0.1211531 0 -0.9804573 -0.1967323 -0.02460563 -0.9755591 -0.2183551 0.2155795 -0.9759691 0.03177684 0.165711 -0.9755076 0.1446548 8.1006e-7 -1 -9.57928e-7 0.2609406 -0.9294213 -0.2609331 -0.1551904 -0.987838 0.009595513 -0.06438565 -0.5417892 -0.8380448 -0.1010683 -0.9897322 -0.101071 0.57927 -0.4418495 -0.6849931 -0.4460664 -0.4165391 0.7921616 0.07248842 -0.9890267 -0.1287308 0.08427596 -0.9928719 -0.08428031 -0.07141488 -0.9795467 -0.1881181 0.3397413 -0.2892399 0.8949392 0.0693438 -0.9777029 -0.1982136 0.05938273 -0.616366 -0.7852178 -0.4121513 -0.3379439 -0.8461237 0.02219396 -0.9801751 -0.196886 -0.1268507 -0.9751622 0.1815701 -0.1566046 -0.9751684 -0.1565939 -4.9403e-7 -1 -5.8421e-7 -0.141927 -0.9554424 0.2588177 -0.7071097 0 0.7071039 -0.7071157 0 0.707098 -0.420058 0.4002174 -0.8144799 0.05938196 0.6163637 -0.7852195 0.3308569 0.3618819 0.8715362 -0.1624311 0.9866874 0.008010327 -0.1010668 0.9897323 -0.1010719 -0.07141411 0.979547 -0.1881166 0.02220386 0.9801728 -0.1968968 0.06935125 0.9776969 -0.1982403 -0.06438487 0.5417892 -0.8380448 0.2155771 0.9759697 0.03177672 0.260948 0.9294165 -0.260943 0.1657119 0.9755069 0.1446575 0.5792716 0.4418413 -0.6849969 -0.4460688 0.4165309 0.7921645 0.07248765 0.9890271 -0.1287291 -0.0246163 0.9755563 -0.2183668 0 0.9804578 -0.1967298 0.08427506 0.9928721 -0.08427828 -0.1268497 -0.9751627 0.181568 -0.1566067 -0.975168 -0.1565948 -0.7071086 5.50254e-7 -0.7071051 -0.7071065 0 -0.7071071 -0.08701622 0.9716005 0.2200474 -0.07541525 -0.2792171 0.957262 0.1265505 0.5145905 -0.8480457 0.7491843 0.2786682 -0.6008884 0.8655076 0.03803241 -0.49945 0.9167547 0.07585328 -0.3921826 0.6630043 -0.748498 -0.0132755 0.6981999 0.1315804 -0.703707 0.1388022 0.7798289 0.6104103 0.6648302 0.6825473 0.3035293 0.7076684 -2.09223e-5 -0.7065448 0.2938923 0.9512053 0.0939995 0.9975472 0 -0.06999874 0.4364889 8.58003e-7 -0.8997097 -0.9641516 0 0.2653523 -0.9740492 0 0.2263367 0.7070941 -6.36621e-6 0.7071196 0 -0.980457 -0.1967335 -0.02461498 -0.9755589 -0.2183551 0.2155769 -0.9759697 0.0317763 0.1657115 -0.9755071 0.144657 0.260948 -0.9294165 -0.260943 -0.1551896 -0.9878382 0.009595513 -0.06438606 -0.5417861 -0.8380467 -0.1010694 -0.9897321 -0.101071 0.579272 -0.4418424 -0.684996 -0.4460699 -0.4165328 0.792163 0.07248914 -0.9890266 -0.1287316 0.08427685 -0.9928716 -0.08428227 -0.07141548 -0.9795458 -0.188122 0.3308573 -0.3618832 0.8715354 0.06934374 -0.977702 -0.1982179 0.05938315 -0.6163632 -0.7852197 0.02220243 -0.9801748 -0.196887 -0.1559115 0.9695938 0.1886251 6.84828e-7 1 5.9626e-6 -0.4200587 -0.4002188 -0.8144789 0.7071063 0 -0.7071074 0.1427297 -8.11563e-7 0.9897617 0.9997732 0 -0.02129882 -0.1566061 -0.9751697 -0.1565848 -0.1268504 -0.9751628 0.1815672 0.05938267 0.6163662 -0.7852175 -0.1624317 0.9866871 0.008030295 -0.1010684 0.989732 -0.1010727 -0.07141435 0.9795466 -0.1881183 0.02219033 0.980182 -0.1968525 0.06936109 0.9776914 -0.1982641 -0.06438553 0.5417886 -0.8380451 0.2155787 0.9759694 0.03177732 0.2609383 0.929422 -0.2609333 0.1657114 0.975507 0.1446575 0.5792719 0.4418423 -0.684996 -0.4460687 0.4165303 0.792165 0.07248765 0.989027 -0.1287295 -0.02461111 0.9755479 -0.2184045 0 0.980457 -0.1967337 -0.9899809 0.141201 0 0.807895 0 0.5893265 -0.00475502 0.006843984 -0.9999654 -5.09319e-7 0 -1 -0.9899802 0.141206 0 0.4364889 8.58002e-7 -0.8997097 -0.6263319 0 0.7795565 -0.1005914 -0.9932681 -0.05744487 0 -0.9804568 -0.1967349 -0.02461284 -0.9755446 -0.2184189 0.2155789 -0.9759694 0.03177618 0.1657121 -0.9755069 0.1446577 0.2609383 -0.929422 -0.2609333 -0.15519 -0.9878379 0.009613156 -0.06438565 -0.5417886 -0.8380451 -0.1010685 -0.9897321 -0.101072 0.5792713 -0.4418403 -0.6849979 -0.4460679 -0.4165278 0.7921668 0.07248783 -0.9890268 -0.1287303 0.08427631 -0.9928719 -0.08428031 -0.07141453 -0.9795464 -0.1881199 0.06936311 -0.9776893 -0.1982734 0.05938285 -0.6163657 -0.7852178 0.02218812 -0.9801856 -0.1968349 6.84828e-7 1 0 -0.1559103 0.9695942 0.188624 -0.9980554 0 0.06233412 -0.3415183 -0.9059749 0.2501496 -0.1268504 -0.9751623 0.1815701 -0.1566048 -0.9751679 -0.1565968 -0.4200556 0.4002301 -0.8144749 0.05938261 0.6163671 -0.7852168 0.3308581 0.3618688 0.8715412 -0.1624311 0.9866874 0.008010566 -0.1010687 0.989732 -0.1010729 -0.07141458 0.9795464 -0.1881191 0.02219408 0.9801713 -0.1969056 0.06934386 0.9777037 -0.1982097 -0.06438559 0.5417898 -0.8380444 0.2155767 0.9759697 0.03177684 0.260936 0.9294226 -0.2609335 0.1657097 0.9755076 0.1446563 0.5792691 0.4418496 -0.6849936 -0.4460661 0.4165397 0.7921614 0.07248812 0.9890268 -0.1287303 -0.02460157 0.9755628 -0.2183397 0 0.9804568 -0.1967343 0.08427572 0.9928719 -0.08428031 0.663078 0 0.7485503 -0.9899809 -0.1412016 0 0.1721665 -3.52871e-7 0.9850679 -0.1412008 0.989981 1.61282e-7 -0.3044956 -0.07313251 0.9497022 0.02958083 -0.9497302 0.3116694 0.1328237 -0.9911246 0.00545895 -0.7631382 0 0.6462354 -0.7276514 0.6855458 0.02346497 0.1119973 -3.95653e-6 0.9937086 0.8843321 0.04280781 0.4648919 -0.4390843 -0.8968234 -0.05397266 0 -0.9804568 -0.1967343 -0.0246033 -0.9755592 -0.2183551 0.215578 -0.9759696 0.03177624 0.1657103 -0.9755074 0.1446564 0.260936 -0.9294226 -0.2609335 -0.155189 -0.9878383 0.009595036 -0.06438553 -0.5417886 -0.8380451 -0.1010689 -0.989732 -0.1010727 0.5792695 -0.4418488 -0.6849938 -0.446067 -0.4165394 0.7921611 0.072488 -0.9890269 -0.1287299 0.08427602 -0.9928719 -0.08428031 -0.07141476 -0.9795463 -0.1881195 0.3308584 -0.3618681 0.8715413 0.06934601 -0.9777023 -0.1982157 0.05938261 -0.6163659 -0.7852177 0.02219188 -0.9801751 -0.1968865 -0.1601463 0.9740188 -0.1601264 -0.1297161 0.9740121 0.1856727 -0.4200558 -0.4002293 -0.8144752 -0.7899844 0.613097 -0.006067752 0.8462755 0.5303044 0.05094188 0 -3.00021e-7 1 -1.97717e-7 -3.22009e-7 1 -0.002991795 0.9507179 0.3100429 0.9740986 0 0.2261238 -0.1268512 -0.9751625 0.1815684 -0.1566047 -0.9751685 -0.1565927 -0.4200564 0.4002299 -0.8144745 0.05938261 0.616365 -0.7852185 -0.1624321 0.9866873 0.008010447 -0.1010686 0.989732 -0.1010724 -0.07141464 0.9795464 -0.1881191 0.02219617 0.9801712 -0.1969056 0.06934165 0.9777038 -0.1982097 -0.06438565 0.5417892 -0.8380448 0.215578 0.9759695 0.03177696 0.1657112 0.9755071 0.1446571 0.5792647 0.4418661 -0.6849868 -0.4460715 0.41652 0.7921687 0.07248818 0.9890268 -0.1287303 -0.0246039 0.9755626 -0.2183396 0.08427572 0.9928719 -0.08427995 -0.993698 0 0.1120919 -0.3132688 -0.9445601 -0.09833091 -0.6488749 -0.7311486 0.210673 -0.6269715 -0.746111 -0.2241098 -0.1120163 0 0.9937064 -2.15507e-4 0.04556262 0.9989615 -0.7070888 0 0.7071248 -0.7070885 5.21915e-7 0.7071252 0.9705508 -0.2367621 -0.04443854 -2.31035e-7 -5.21565e-7 1 1.48928e-7 -1.00527e-6 1 -0.1305893 0.9831817 0.1276726 -0.4732317 0 0.8809381 0.08550769 0.9663913 0.2424386 0.02506738 0.9850522 0.1704227 0.00190854 0.9999977 -0.00109589 0.215578 -0.9759694 0.03177642 0.1657103 -0.9755074 0.1446559 0 -1 -2.39482e-7 0.2609363 -0.9294238 -0.2609289 -0.1551883 -0.9878384 0.009595096 -0.06438565 -0.5417886 -0.8380451 -0.1010687 -0.989732 -0.1010724 0.5792648 -0.4418617 -0.6849895 -0.4460715 -0.4165197 0.792169 0.072488 -0.9890269 -0.1287301 0.08427578 -0.9928719 -0.08427995 -0.07141453 -0.9795464 -0.1881195 0.3308557 -0.3618814 0.8715369 0.06933706 -0.9777029 -0.1982159 0.05938261 -0.6163647 -0.7852187 0.02220243 -0.9801749 -0.1968865 -0.126851 -0.9751624 0.1815688 -0.1566051 -0.9751665 -0.1566051 -0.4200578 -0.4002171 -0.8144801 0 -1 -2.92105e-7 -0.01102018 0.004720509 -0.9999282 -0.02551138 -0.01321583 -0.9995872 -0.7071273 0 -0.7070862 0.8676216 -0.4602881 -0.1880628 -0.4200577 0.4002177 -0.8144797 0.05938267 0.6163659 -0.7852177 0.3308559 0.3618821 0.8715364 -0.1624312 0.9866874 0.008010566 -0.101068 0.9897323 -0.1010715 -0.07141447 0.9795465 -0.1881187 0.02219033 0.9801819 -0.1968531 0.06936103 0.9776913 -0.1982648 -0.06438559 0.5417888 -0.838045 0.215579 0.9759692 0.0317772 0.260936 0.9294226 -0.2609332 0.1657114 0.975507 0.1446574 0 1 4.19093e-7 0.5792673 0.4418542 -0.6849921 -0.4460676 0.4165312 0.7921652 0.07248777 0.989027 -0.1287295 -0.02461111 0.9755483 -0.2184029 0 0.980457 -0.1967339 0.08427602 0.9928719 -0.08427995 -0.1559106 0.9695943 0.1886231 1.28406e-7 1 0 0 1 4.19901e-7 -0.08318102 -0.9726035 -0.2170793 -0.07844829 0.06527256 -0.9947791 -0.1729798 -0.7750769 0.6077286 -0.7070887 5.21913e-7 0.7071249 -0.9874925 0.1329321 -0.08477967 0.5677286 0.8023409 -0.1842101 -0.0628156 0.9919468 0.1099817 -0.9720585 0 0.2347388 -0.3509815 0.9252358 0.144052 -0.7070937 0 -0.70712 -0.7070938 1.27324e-5 -0.7071198 -0.9843392 0.09200239 0.1503732 0.2774348 -0.6885182 0.6700543 0.7073599 0.5253251 -0.4729437 -0.2111245 0.0907526 0.9732372 0 -0.9804568 -0.1967347 -0.02461284 -0.9755446 -0.2184194 0.2155786 -0.9759694 0.03177648 0.1657119 -0.975507 0.1446571 1.33123e-7 -1 -4.19093e-7 0.2609359 -0.9294224 -0.2609338 -0.1551896 -0.9878382 0.009595036 -0.06438571 -0.5417866 -0.8380464 -0.1010687 -0.989732 -0.1010727 0.5792677 -0.4418538 -0.6849921 -0.4460681 -0.4165311 0.7921649 0.07248783 -0.9890269 -0.1287303 0.08427584 -0.9928719 -0.08428031 -0.07141447 -0.9795464 -0.1881195 0.3308563 -0.361882 0.8715364 0.06936317 -0.9776897 -0.1982716 0.05938279 -0.6163648 -0.7852185 0.02218812 -0.9801857 -0.1968343 -0.1559118 0.969594 0.1886243 1.4445e-7 1 1.86322e-7 -0.4200581 -0.4002174 -0.8144798 0 -1 -4.19901e-7 0.4743918 -0.7857094 0.3970053 0.06318843 0.06507927 0.9958775 0.08532416 -0.9812918 0.1725865 -0.4200587 0.4002173 -0.8144796 0.05938249 0.6163684 -0.7852157 0.3308569 0.3618816 0.8715363 -0.1624323 0.9866873 0.008010745 -0.1010677 0.9897323 -0.1010716 -0.07141429 0.9795466 -0.1881181 0.02219617 0.9801714 -0.1969045 -0.06438547 0.5417892 -0.8380448 0.215579 0.9759692 0.03177726 0.1657111 0.9755071 0.1446572 0 1 3.59223e-7 0.5792617 0.4418748 -0.6849837 -0.4460695 0.4165286 0.7921654 0.07248806 0.9890269 -0.1287301 -0.0246039 0.9755632 -0.2183371 0 0.9804576 -0.1967313 0.08427536 0.992872 -0.08427894 -0.1268494 -0.9751627 0.181568 -0.1566064 -0.9751685 -0.1565917 0 1 2.92105e-7 0.822696 -0.4720559 -0.3167566 -0.1721698 -4.62114e-7 0.9850673 -0.0902661 -0.00736165 -0.9958905 -0.09026604 -0.007360875 -0.9958906 -0.0472176 -0.8940317 -0.4455085 0.04348087 -0.9832893 0.1767815 0.9918037 0 -0.1277714 -0.3506179 0.7833953 -0.513185 -0.8060076 0 0.5919054 0 -0.9883395 0.152267 0.9521787 -0.2180733 0.2140087 0 -0.980457 -0.1967335 0.2155786 -0.9759694 0.03177642 0.1657116 -0.975507 0.1446574 -0.1551897 -0.9878382 0.009594976 -0.06438595 -0.5417883 -0.8380453 -0.101069 -0.989732 -0.1010729 0.5792616 -0.4418745 -0.684984 -0.4460696 -0.4165287 0.7921653 0.0724889 -0.9890266 -0.1287316 0.08427619 -0.9928718 -0.08428043 -0.07141506 -0.9795462 -0.1881205 0.3308571 -0.3618819 0.8715361 0.06936317 -0.9776895 -0.1982728 0.05938279 -0.616363 -0.78522 0.02219396 -0.9801749 -0.1968873 -0.1559112 0.9695941 0.188624 -0.4200589 -0.4002172 -0.8144794 -0.9918036 0 -0.1277726 0.0902661 0.00736165 0.9958905 -6.8839e-6 0.004200994 0.9999912 -0.3647407 -0.8434486 -0.3944092 -0.6392489 0.5571792 0.5300117 -1 1.94949e-6 -6.09214e-7 -0.1268502 -0.9751623 0.1815701 -0.1566068 -0.9751682 -0.1565935 0.05938267 0.6163652 -0.7852183 0.3308587 0.3618687 0.8715409 -0.1624313 0.9866874 0.008010625 -0.1010686 0.989732 -0.1010727 0.02219241 0.9801818 -0.1968535 0.06935882 0.9776913 -0.1982652 -0.06438559 0.5417886 -0.8380451 0.2155791 0.9759692 0.03177732 0.2609279 0.9294249 -0.2609329 0.5792689 0.44185 -0.6849937 -0.4460684 0.4165356 0.7921623 -0.02460628 0.9755634 -0.2183363 0.08427613 0.9928719 -0.08428031 -0.7071186 0 0.707095 -0.7071136 -1.1639e-5 0.7071 -0.7071049 0 0.7071087 -0.7071069 0 0.7071067 -0.7070928 -1.07888e-5 -0.7071209 -0.999773 0 -0.02130895 -0.2196408 0.9181076 -0.3299036 -0.1146602 -0.4264998 0.8971907 0.9925919 0.1167674 -0.03356784 -0.4304233 0.09272307 0.8978521 -0.1558615 -0.07114768 -0.9852133 -0.1673524 -0.08978849 -0.9818001 0.2419777 0.09355992 0.9657605 0.4731523 0 0.8809806 0.05956619 -0.9749974 0.2140838 0.9937134 0 0.1119544 0.9937135 0 0.1119533 -0.5579789 -0.8148239 0.157231 0.2120438 -0.9763487 0.04219913 -0.9641524 -5.20782e-7 0.2653491 0 -0.9804568 -0.1967343 -0.02461731 -0.9755589 -0.2183551 0.1657119 -0.975507 0.1446574 0.215579 -0.9759693 0.03177642 0.2609293 -0.9294297 -0.2609144 -0.1551888 -0.9878383 0.009594917 -0.06438577 -0.5417867 -0.8380463 -0.1010684 -0.9897322 -0.1010722 0.5792685 -0.4418497 -0.6849941 -0.4460674 -0.4165348 0.7921633 0.08427613 -0.9928719 -0.08428031 -0.07141441 -0.9795464 -0.1881191 0.330856 -0.361882 0.8715364 0.06935203 -0.9776905 -0.1982713 0.05938273 -0.6163648 -0.7852186 0.02220451 -0.9801749 -0.196886 -0.1559118 0.969594 0.1886247 -0.420058 -0.4002174 -0.8144799 -0.01316565 -0.9702942 -0.24157 0.05938267 0.6163663 -0.7852174 0.3308578 0.3618832 0.8715353 -0.1624314 0.9866874 0.008010447 -0.1010683 0.9897322 -0.1010721 -0.07141488 0.9795463 -0.1881197 0.06935346 0.977696 -0.198244 -0.06438809 0.541818 -0.8380259 0.2155776 0.9759696 0.03177702 0.2609376 0.9294195 -0.2609426 0.1657114 0.9755071 0.1446568 0.579267 0.441858 -0.68499 -0.4460698 0.4165292 0.792165 0.07248842 0.9890267 -0.1287308 -0.0246039 0.9755634 -0.2183363 0.0842759 0.9928719 -0.08428031 0 1 -2.9813e-6 -0.1559112 0.9695942 0.1886236 -0.420056 0.4002301 -0.8144747 0.1119779 0 0.9937107 0.6648297 0.6825477 0.3035295 -0.4732496 0 0.8809285 -0.1256069 0.01707071 -0.9919333 -0.09101647 0.1318283 -0.9870852 0.8060036 0 0.5919107 -0.7342373 0.6784886 0.02342838 0.2155772 -0.9759697 0.03177618 0.1657114 -0.975507 0.1446574 0.260939 -0.9294244 -0.2609241 -0.1551888 -0.9878383 0.009595036 -0.06438821 -0.5418161 -0.8380271 -0.1010689 -0.989732 -0.1010729 0.5792667 -0.4418577 -0.6849904 -0.4460689 -0.4165283 0.7921659 0.0842759 -0.9928719 -0.08428031 -0.07141488 -0.9795463 -0.1881197 0.3308556 -0.3618807 0.8715371 0.06936317 -0.9776898 -0.1982712 0.05938273 -0.6163662 -0.7852175 -0.1566034 -0.9751688 -0.1565927 -0.420056 -0.4002301 -0.8144747 0.9704156 -0.2373922 -0.0440284 0.8400691 -0.5268273 0.1293718 -0.7070887 5.21914e-7 0.7071249 0.9641207 0 0.2654641 0.989979 0.1412146 1.4112e-7 0.9790894 -2.47472e-6 0.2034305 -0.9988105 0 0.04876232 0.05938279 0.6163659 -0.7852177 -0.1624326 0.986687 0.008030593 -0.1010684 0.9897322 -0.1010705 -0.07141494 0.9795463 -0.1881197 0.06935566 0.977696 -0.1982434 -0.06438577 0.5417874 -0.838046 0.2155792 0.9759692 0.03177762 0.2609346 0.9294177 -0.2609521 0.1657108 0.975507 0.1446583 -8.1006e-7 1 9.57928e-7 0.5792697 0.4418496 -0.6849932 -0.4460664 0.4165391 0.7921616 0 0.9804573 -0.1967323 0.08427596 0.9928719 -0.08428031 -0.1559108 0.9695942 0.1886234 4.9403e-7 1 1.16842e-6 -0.9899798 -0.1412096 -2.01601e-7 -0.1412008 -0.989981 -3.22564e-7 -0.1721699 -2.31057e-7 0.9850673 0.9671875 -0.04401993 -0.2502213 -0.7482795 -0.06709712 0.6599817 -0.001620948 -0.02026396 -0.9997934 -0.01154834 0.007777512 -0.9999032 0.9993654 -2.1199e-4 -0.03561955 0.9993264 1.3142e-4 -0.03670191 0 -0.9804573 -0.1967322 0 -3.03385e-7 1 0.2155786 -0.9759694 0.03177589 0.165712 -0.9755071 0.144656 0.2609373 -0.9294274 -0.2609149 -0.1551904 -0.9878379 0.009613215 -0.06438559 -0.5417862 -0.8380467 -0.1010684 -0.989732 -0.1010736 0.5792694 -0.4418493 -0.6849935 -0.4460673 -0.41654 0.7921606 0.08427566 -0.9928719 -0.08427995 -0.07141494 -0.9795463 -0.1881197 0.05938267 -0.6163644 -0.785219 0.02219396 -0.980175 -0.1968871 -0.1268506 -0.9751622 0.1815701 -0.1566056 -0.9751696 -0.1565856 -4.9403e-7 -1 -1.16842e-6 -0.2473338 -0.9572106 -0.1502463 0.1119657 0 0.9937121 -0.4200631 0.4002056 -0.8144829 0.05938249 0.6163614 -0.7852212 0.3308573 0.3618819 0.871536 -0.1010689 0.9897322 -0.1010718 -0.07141476 0.9795467 -0.1881175 0.02219587 0.9801829 -0.1968477 0.06935679 0.9776903 -0.1982711 -0.06438547 0.5417826 -0.838049 0.2155792 0.9759692 0.0317772 0.2609369 0.9294171 -0.2609519 0.1657106 0.9755071 0.144658 -8.10058e-7 1 9.57928e-7 0.5792746 0.4418366 -0.6849974 -0.4460697 0.4165302 0.7921645 0.07248848 0.9890268 -0.1287303 -0.02461397 0.9755572 -0.2183634 0.08427637 0.9928719 -0.08428031 -0.15591 0.9695943 0.188624 4.94029e-7 1 1.16842e-6 -0.4984731 -0.8623006 0.08923125 0.9844456 0.1715159 -0.03807044 0.9861241 0.1623584 -0.03462648 0.8176062 -0.08264058 -0.5698164 0.2918313 -0.956125 -0.02568197 -0.7071074 -2.71369e-6 0.7071063 -0.7071044 5.69582e-7 0.7071092 -0.04169285 -0.9974694 0.05758994 0.9695388 0.1197103 0.2136917 0.7071076 -1.34738e-6 0.707106 0.7071084 -9.92793e-7 0.7071052 -0.8699655 -0.1797184 -0.4591963 0.8317117 -0.3594421 -0.4231513 -0.04066103 -0.001710712 -0.9991715 0.001909196 0.9999976 -0.001078724 0.05690211 -0.07612967 -0.995473 -4.81697e-5 -4.44907e-4 -1 0 -2.89281e-7 1 -0.09676396 0.9287993 -0.3577269 0.9899805 0.1412045 2.01601e-7 -0.9849153 -0.1493642 -0.08736324 0 -0.9804568 -0.1967343 -0.02461051 -0.9755448 -0.2184189 0.2155797 -0.9759691 0.03177666 0.1657117 -0.975507 0.1446572 0.2609397 -0.9294267 -0.2609148 -0.1551896 -0.9878381 0.009595036 -0.06438577 -0.541785 -0.8380475 -0.1010689 -0.9897322 -0.1010712 0.5792741 -0.4418362 -0.684998 -0.4460677 -0.4165321 0.7921645 0.08427637 -0.9928719 -0.08428031 -0.0714147 -0.9795462 -0.1881207 0.3308573 -0.3618819 0.871536 0.06936538 -0.9776896 -0.1982712 0.05938273 -0.6163638 -0.7852194 0.02218598 -0.9801854 -0.1968359 -0.1559112 0.9695941 0.1886242 -0.4200618 -0.4002044 -0.8144842 -0.6614611 0 0.7499795 -0.09026628 -0.007360816 -0.9958905 0.1427302 0 0.9897617 -0.99062 0 -0.1366462 0.9899808 0.141202 0 0.7071186 1.16389e-5 -0.707095 0.9899802 -0.1412062 0 -0.420061 0.4002047 -0.8144847 0.05938267 0.6163599 -0.7852225 0.3308557 0.3618821 0.8715366 -0.1624316 0.9866871 0.008030295 -0.1010689 0.9897319 -0.1010737 -0.07141548 0.9795467 -0.1881175 0.02219033 0.9801822 -0.1968514 0.06936103 0.977691 -0.1982663 -0.06438565 0.5417845 -0.8380479 0.2155791 0.9759693 0.0317772 0.1657115 0.975507 0.1446571 1.09733e-6 1 9.57928e-7 0.5792722 0.4418415 -0.6849964 -0.4460671 0.4165282 0.792167 0.07248884 0.9890268 -0.1287299 -0.02461111 0.9755497 -0.2183968 0.08427679 0.992872 -0.08427822 -0.1268495 -0.9751625 0.1815693 -0.156606 -0.9751688 -0.15659 -6.69225e-7 1 1.16842e-6 0.6263908 0 0.7795092 0.9617777 0.05141079 0.2689621 -0.9899808 -0.1412026 0 -0.2064489 0.06475955 -0.976312 -0.04653084 0.4680301 -0.8824867 -0.905815 0.4156432 -0.08209747 0.9997732 0 -0.0212984 -0.9626601 0.1199585 0.2426841 -0.929215 -0.1637516 -0.331278 0.1119483 0 0.993714 0.1119588 0 0.9937129 0.95687 0.2479924 0.1513263 -0.7070931 2.38467e-7 -0.7071205 -0.7070938 0 -0.7071198 -0.1119576 0 0.9937131 -0.1119471 0 0.9937142 -0.5407003 0.8389545 -0.06163388 -0.9782881 0 0.2072495 0.2155782 -0.9759694 0.03177642 0.1657119 -0.975507 0.1446572 0.2609423 -0.9294232 -0.2609249 -0.1551902 -0.9878379 0.009612977 -0.06438577 -0.5417892 -0.8380448 -0.1010685 -0.9897322 -0.1010713 0.5792721 -0.4418407 -0.6849969 -0.4460687 -0.4165278 0.7921662 0.07248795 -0.9890269 -0.1287299 -0.07141464 -0.9795462 -0.1881207 0.3308567 -0.361882 0.8715363 0.05938267 -0.6163646 -0.7852187 0.02218812 -0.9801854 -0.1968359 -0.1559113 0.9695944 0.1886227 -0.4200587 -0.4002172 -0.8144795 -0.9899817 -0.141196 0 -0.1412008 -0.989981 -1.61282e-7 0.9899805 0.1412045 0 -0.4200562 0.40023 -0.8144745 0.05938279 0.6163676 -0.7852163 -0.1624316 0.9866874 0.008011162 -0.1010684 0.9897323 -0.1010699 -0.07141488 0.9795467 -0.1881181 0.02219831 0.9801716 -0.1969036 0.06933939 0.977704 -0.1982098 -0.06438559 0.5417911 -0.8380436 0.2248297 0.9738973 0.03123605 0.2706508 0.9238494 -0.2706483 0.1725468 0.9734168 0.1506239 0.5792728 0.4418412 -0.684996 -0.4460705 0.4165295 0.7921643 0.0724883 0.9890271 -0.1287286 -0.02460628 0.9755641 -0.218333 0 0.9804567 -0.1967356 -0.1268505 -0.9751624 0.1815692 0.04916572 -0.01993155 0.9985918 0.09480333 -0.1729603 0.9803556 -0.9875941 -0.006651043 -0.1568872 0.9788367 -0.1454666 0.1439388 0.9060207 -0.216134 0.3638854 -0.1119529 0 0.9937136 0.7070929 -6.3662e-6 0.7071208 0.964119 0 0.2654704 0.1721663 0 0.985068 0.9720584 0 0.2347394 -0.2841393 0 -0.9587831 0.576408 0.7972977 0.1790825 8.1006e-7 -1 -9.57928e-7 0.1588346 -0.9775207 0.1386544 0.251051 -0.9348493 -0.2510585 0 -0.9804574 -0.1967318 0.02219611 -0.9801749 -0.196887 0.06934154 -0.9777026 -0.1982158 -4.94034e-7 -1 -1.16843e-6 0.2062727 -0.9779608 0.03231722 0.3308569 -0.3618763 0.8715385 -0.420058 -0.400228 -0.8144747 -0.07141506 -0.979546 -0.1881214 -0.1010684 -0.989732 -0.1010736 0.05938255 -0.6163634 -0.7852197 0.08427596 -0.9928718 -0.08428031 -0.1551897 -0.9878381 0.009595215 0.07248824 -0.9890267 -0.1287311 -0.06438535 -0.5417871 -0.8380462 -0.44607 -0.4165369 0.7921607 -0.02460795 -0.9755591 -0.2183551 0.5792711 -0.4418451 -0.6849948 -0.1953054 0.9407807 0.2771056 0.05938285 0.6163697 -0.7852147 0.3308546 0.3618823 0.8715369 -0.1624315 0.9866874 0.008010387 -0.1010682 0.989732 -0.101073 -0.07141417 0.9795462 -0.1881207 0.02219408 0.9801717 -0.1969036 0.06935572 0.9776964 -0.1982413 -0.06438583 0.5417928 -0.8380424 0.2155783 0.9759694 0.0317766 0.260924 0.9294286 -0.260924 0.5792644 0.4418587 -0.6849918 -0.4460667 0.4165319 0.7921652 0.07248771 0.9890269 -0.1287304 -0.02460873 0.9755477 -0.2184057 0.08427542 0.9928717 -0.08428198 -0.1559118 0.969594 0.1886245 -0.4200538 0.4002153 -0.8144831 0.7070927 -1.17606e-5 0.707121 0.004926502 0.004765331 -0.9999765 0.003393828 0.001554787 -0.999993 0.9899802 0.1412061 0 -0.08942544 -0.00736773 -0.9959663 -0.9917948 0.08247041 -0.09768122 0.05049419 -0.7906261 -0.6102137 -0.7337492 -0.6374021 0.2352248 -0.619293 -0.7302912 -0.2883593 0.1657132 -0.9755069 0.1446569 0.2155805 -0.9759688 0.03177714 4.0503e-7 -1 0 0.2609263 -0.929428 -0.2609238 -0.1551911 -0.9878379 0.009595274 -0.06438535 -0.5417845 -0.8380479 -0.1010687 -0.9897322 -0.1010712 -0.4460697 -0.4165302 0.7921645 0.5792688 -0.4418573 -0.684989 0.07248824 -0.9890269 -0.1287299 0.08427649 -0.9928719 -0.08427858 -0.07141518 -0.9795466 -0.1881181 0.3308582 -0.3618817 0.8715358 0.05938237 -0.6163603 -0.7852222 0.02219188 -0.9801748 -0.1968881 -0.1268492 -0.9751626 0.1815686 -0.1566067 -0.9751683 -0.1565921 -0.4200601 -0.4002321 -0.8144714 -2.47015e-7 -1 0 0.2841492 9.14335e-7 -0.9587801 0 0.9804576 -0.196731 -0.02461284 0.9755446 -0.2184189 0.2155788 0.9759694 0.03177666 0.1657115 0.9755071 0.144657 0.260935 0.929428 -0.2609151 -0.06438583 0.5417958 -0.8380404 -0.1010678 0.9897321 -0.1010733 -0.1588126 0.9872695 0.008802592 0.07248771 0.9890268 -0.1287307 0.5792646 0.4418586 -0.6849917 -0.4460694 0.4165251 0.7921672 0.08427572 0.9928719 -0.08428031 -0.07141441 0.9795461 -0.1881213 0.3397409 0.2892259 0.894944 -0.4121471 0.3379582 -0.8461201 0.06933486 0.977703 -0.1982159 0.05938279 0.6163699 -0.7852146 0.02219396 0.9801756 -0.196884 -0.1297177 -0.9740119 0.1856726 -0.1601464 -0.9740161 -0.1601437 -0.05176818 -0.9935088 0.1012939 -0.7075574 0 -0.7066559 0.4731796 0 0.880966 -0.142729 0 0.9897619 0.1119883 -5.32466e-6 0.9937096 -0.1543639 -0.984448 0.08386862 0.8078958 0 0.5893254 0.9150338 -0.2673664 0.3020408 -0.0246126 -0.9755367 -0.2184545 0.2155812 -0.9759687 0.03177726 0.1657133 -0.9755066 0.144658 4.05029e-7 -1 0 0.2609346 -0.9294177 -0.2609521 -0.1588144 -0.9872693 0.008802175 -0.06438523 -0.5417863 -0.8380467 -0.1010687 -0.989732 -0.1010733 0.5792679 -0.4418576 -0.6849895 -0.4460712 -0.4165236 0.792167 0.07248824 -0.9890269 -0.1287291 0.08427643 -0.9928718 -0.08428025 -0.07141494 -0.9795467 -0.1881181 0.339743 -0.2892256 0.8949431 0.06933486 -0.977703 -0.1982159 0.05938231 -0.6163604 -0.7852219 -0.4121495 -0.3379577 -0.846119 0.02219396 -0.9801748 -0.1968881 -2.47015e-7 -1 0 -0.1559116 0.9695941 0.1886237 -0.9932562 -0.0273211 0.1126759 -0.9945136 -0.006168842 0.1044251 -0.9952152 0.003125548 0.09765821 -0.9948943 -7.10688e-6 0.1009228 -0.9948943 0 0.100923 -0.9948943 7.10686e-6 0.100923 -0.9948943 -7.10687e-6 0.1009228 -0.9957509 4.44561e-7 0.09208834 -0.9952316 0.003836095 0.09746432 -0.9961782 -0.005147755 0.08719372 -0.9953486 0.006387114 0.0961281 -0.9942681 0.02537721 0.1038597 -0.9953417 0.002303063 0.09638249 -0.9957509 -4.44562e-6 0.0920884 -0.8842751 0.1911759 0.4260392 -0.8833861 -0.1918576 0.427574 0.009064495 -0.9954937 0.09439378 -0.2848398 0.9399062 0.1882625 0.1693113 0.9747212 0.1457816 -0.01619291 -0.9494334 -0.3135508 -0.5413162 -0.8408192 -3.05468e-6 0.06990706 0.9530558 0.2946144 1.02942e-5 -4.76827e-7 1 -2.57355e-6 -9.53674e-7 1 1.02942e-5 4.76846e-7 1 6.99783e-6 -1.43051e-6 1 -0.8989224 -0.1787449 0.399986 1.45898e-6 -4.41273e-7 1 -4.82465e-6 -3.7152e-7 1 2.81215e-5 0 1 -1.5623e-5 -9.53674e-7 1 -3.38647e-6 -5.25925e-7 1 2.3162e-5 1.4305e-6 1 0.1121633 -0.9619739 0.2490498 0.3501135 0.1258193 -0.9282189 0.9903348 0.127983 0.05345493 0.8356166 -0.5493131 4.96774e-6 0.2305945 -0.9577537 -0.1718547 -0.2646341 -0.9457388 0.1885392 -0.8181979 0.5749368 -3.71541e-6 -0.06645572 0.9674918 -0.244015 -0.6225386 -0.1857702 -0.7602205 -0.03181892 0.9970099 -0.07041937 0.6333562 -0.2690511 -0.7255836 0.006812691 -0.004043936 -0.9999687 -0.009876728 0.008794844 -0.9999126 0.4925162 0.868688 -0.05300152 0.9971883 0.01819318 0.0726962 0.9977644 2.18928e-6 0.06682968 0.9977645 -7.19335e-6 0.06682974 1 -6.53858e-6 0 0.9977644 0 0.06682968 0.9977644 0 0.06682968 -0.8097934 0.1382561 -0.5701928 0.9977644 7.27864e-6 0.06682974 0.9977645 0 0.06682968 1 -6.53857e-6 0 1 -6.53857e-6 0 0.9981949 -8.15163e-6 0.06005805 0.9981949 0 0.06005805 0.9981949 5.20018e-6 0.06005811 0.9981949 -9.55708e-7 0.06005811 0.9976173 -0.01933634 0.06622624 0.8833864 0.1918587 0.427573 0.9979852 -0.001711845 0.06342482 0.9981949 -1.99575e-6 0.06005811 0.9981949 1.12437e-6 0.06005805 0.9981949 3.12011e-6 0.06005805 0.8764602 -0.1971105 0.4392778 -0.02648544 -0.2487248 -0.9682121 0 -0.2491347 -0.9684689 -0.05815792 -0.1742464 -0.9829832 0.8299492 -0.2666653 -0.4899736 -0.9824101 -0.07644647 -0.1703714 0.9672082 -0.2061175 -0.1484047 0.9746724 -0.0915547 -0.2040381 -0.4135184 0.480449 -0.7734153 -0.3301322 0.9131416 0.2391343 -0.9747578 0.09139692 -0.2037003 -0.8923075 0.4500876 -0.03476327 0.809279 0.587379 0.007317304 0.9745857 0.09170967 -0.204382 0.8739135 0.4860632 0.004217863 0.8222813 -0.1320838 -0.5535408 -0.8044818 0.3251245 -0.4970949 0 0.7071059 -0.7071078 0.05949282 0.1348563 0.9890776 -0.3775366 0.9051016 0.1955947 0.8608396 0.4779102 0.1748059 0.1019295 0.9642651 0.2445473 -0.1658516 -0.9467813 0.2758594 0.1481586 -0.9869427 0.06319272 -0.08860892 -0.9921173 0.0886107 -0.1250506 -0.9861269 -0.1091614 0 -1 1.77601e-6 0 -1 -5.12321e-6 0 -1 1.09816e-6 0 -1 2.20506e-6 0 -1 3.14181e-6 -0.2145095 -0.8837329 -0.4159352 0.06187802 -0.9961633 0.0618875 0.0696097 -0.9975743 0 0.3698797 0.9256903 -0.07928812 0.2933962 0.9041954 0.3104023 -0.2786365 0.8447185 0.45696 0.7696129 -0.6374605 -0.03660929 0.7133981 -0.6496991 0.2625913 -0.6182859 -0.779372 0.1014984 -0.2771803 -0.9575931 -0.07865464 0 1 2.53995e-6 -0.7318766 0.6814371 6.75965e-7 -0.561706 0.6074636 -0.5616711 0.4399098 0.2809294 0.8529703 0.8391231 0.09709393 0.535206 0 1 1.02943e-5 0 1 -5.12321e-6 0 1 -1.09816e-6 0 1 7.10409e-6 -0.3647491 0.8749723 -0.3184047 -0.2829738 0.9164403 0.2829544 -0.9988105 0 0.04876232 0.9083371 0.2096623 -0.3618918 -0.1119645 0 0.9937123 -0.9357033 -0.3338412 -0.1140589 -0.1623417 -0.9442811 0.286319 0.5163031 -0.7059428 -0.4848462 3.45275e-6 0.004199922 0.9999912 0.9899805 0.1412045 1.41121e-7 0.5030044 0.7638518 -0.4043721 -0.9989076 0 -0.04673039 0.6614615 0 0.7499791 0.1427476 -1.98003e-6 0.9897592 -0.7425212 0.6696815 0.01375025 0.229899 0.973212 -0.002248764 0.3302309 0 0.9439002 0.989982 0.1411944 0 -0.1071314 0.9311697 0.3484911 -0.7337119 0.6790552 0.02347201 0.999977 0.001936137 0.006514072 0.9135795 -0.2655171 0.3080147 -0.621773 -0.7826562 -0.02911847 0 4.97259e-7 -1 0 7.9473e-7 -1 -0.4511243 0.8566676 -0.2502149 0.4230491 -0.9053173 0.03781771 0 1 -3.80989e-6 -0.4853396 0.8743258 1.48772e-6 -0.4014014 0.8232699 -0.4013773 0.4301357 0.3455379 0.8340185 0.8060039 3.68842e-6 0.5919103 0 1 5.49079e-7 0 1 -5.14716e-6 -0.3859686 0.8587824 -0.336929 -0.3011879 0.9047489 0.3011898 -0.01695603 -0.2019419 0.9792507 0.08942544 0.00736773 0.9959663 -0.9899811 -0.1412002 0 -0.7071059 0 -0.7071078 -0.70711 0 -0.7071036 -0.3371389 -0.9084379 -0.2471398 -0.6299562 -0.7652992 0.1321841 -1.37655e-7 -1 0 0.1096236 -0.9879092 -0.1096268 0.1469354 -0.9807944 0.1282674 -5.58505e-7 -1 -8.88017e-7 0 -1 -2.56161e-6 2.60936e-7 -1 1.10253e-6 1.26023e-7 -1 1.5709e-6 0 -1 -5.49079e-7 7.98724e-7 -1 5.07986e-6 0.2187771 -0.8787451 0.4241979 -0.09659999 -0.9906247 -0.09659838 -0.1103427 -0.9938936 0 -0.1234169 0 0.9923549 -0.1234022 -4.1185e-7 0.9923568 -0.1234084 -4.1185e-7 0.9923561 0.9630869 -0.2520217 0.09459859 -0.1234093 -2.57406e-7 0.992356 -0.123413 -2.57406e-7 0.9923554 -0.1232855 1.5259e-5 0.9923713 -0.2024086 -0.002615571 0.9792976 -0.01325589 -0.936351 0.3508149 -0.2648852 0.9330678 -0.2433521 0 1 2.53993e-6 -0.5012231 0.8653181 0 -0.4129856 0.8117376 -0.4129468 0.4322443 0.3327683 0.8381112 0.7017754 0.1194677 0.7023096 0 1 -3.43144e-6 0 1 5.12321e-6 -0.2221488 0.9555334 -0.1939224 -0.1595199 0.9742215 0.1595175 -0.7051941 0.6670093 -0.2404162 0.9625114 -0.251611 -0.1013104 0.1577809 -0.9813762 0.1095716 0 -1 -5.49089e-5 0.08619552 -0.9925423 -0.0861997 0.1158496 -0.9881051 0.10113 0 -1 -5.3281e-6 0 -1 5.12321e-6 0 -1 -9.42543e-6 0 -1 -6.61495e-6 0.1793131 -0.9203061 0.3476832 -0.07587438 -0.9942272 -0.07586473 -0.08655989 -0.9962467 0 -0.7556631 0.3300694 -0.5657097 0 0.5704553 -0.8213288 0.1617726 0.8826153 0.4413841 -0.7556636 -0.3300636 -0.5657124 0 -0.5704585 -0.8213265 0.1617718 -0.8826141 0.4413868 -0.7556486 0.3301171 -0.5657014 0 0.5704567 -0.8213278 -0.06102144 0.2265934 -0.9720761 -0.7556651 -0.3300613 -0.5657119 0 -0.5704548 -0.821329 -0.05488491 -0.2651493 -0.962644 -0.2817603 -0.9550451 0.09219497 -0.5755332 0.7959691 0.1876025 0.9625113 0.2516119 -0.1013102 0.1096253 -0.9879095 -0.1096232 0.1469362 -0.9807941 0.1282674 0.2187746 -0.8787448 0.4241998 -0.09659922 -0.9906248 -0.09659838 -0.1103423 -0.9938936 0 -0.9978483 -0.06556606 8.94983e-5 -0.3245606 0.9420441 0.0849322 0.4351732 -0.8948053 0.09973883 -2.7531e-7 -1 5.49089e-5 0.3194608 -0.8921284 -0.3194553 0.4249725 -0.8256962 0.3709776 -1.117e-6 -1 8.88011e-7 5.21857e-7 -1 -5.51246e-6 2.52046e-7 -1 -9.42543e-6 0 -1 -2.19632e-6 1.59745e-6 -1 0 0.4183874 -0.4084649 0.811239 -0.2249985 -0.9480282 -0.224985 -0.2570403 -0.9664008 -7.16281e-7 -0.5109203 0.7722862 -0.3775377 0.4977594 0.8573226 0.1312774 0.9966887 0.05583018 -0.05911457 -0.4914871 -0.7189462 0.4914844 -0.5978477 -0.6084473 -0.5218909 0 -1 8.88017e-7 0 -1 -3.30759e-6 0 -1 -4.71247e-6 0 -1 5.49079e-7 0 -1 -5.07986e-6 0.2458029 -0.8440551 0.4766048 -0.3297627 -0.8846057 -0.3297415 -0.4220765 -0.9065603 -1.38621e-6 -0.4723707 -0.8795238 0.05747908 -0.3063506 0.9302731 0.2018447 0.9975472 -2.99762e-6 -0.06999868 0.3284636 -0.8855643 -0.3284626 0.4351727 -0.8162811 0.3798815 0 -1 8.88011e-7 0 -1 -3.30758e-6 0 -1 -4.71271e-6 0.4207795 -0.3965932 0.815879 -0.2322031 -0.9445487 -0.2321842 -0.2656069 -0.9640815 -1.42912e-6 0.1072533 -0.9730011 -0.2043663 0.1199205 -0.9906238 0.06544977 -0.4866543 -0.725493 0.4866493 -0.5936222 -0.6156962 -0.5181997 0 -1 -4.44009e-7 0 -1 -2.75631e-6 0.2658906 -0.8145596 0.5155529 -0.35973 -0.8609327 -0.3597072 -0.4626525 -0.8865398 0 -0.3448042 -0.8541876 -0.3891962 -0.2521131 0.890909 0.3777835 0.9719455 -0.2332936 -0.02993321 0.1096216 -0.9879105 -0.1096179 0.1469363 -0.9807941 0.1282674 0 -1 -2.75623e-6 0 -1 -2.74539e-7 0 -1 1.26998e-6 0.2187778 -0.8787423 0.4242032 -0.09659928 -0.9906257 -0.0965889 -0.110342 -0.9938937 0 0.319461 -0.8921288 -0.319454 0.4249722 -0.8256961 0.3709781 2.15e-7 -1 -1.33202e-6 0 -1 -2.20498e-6 0 -1 -3.53453e-6 0 -1 -1.3727e-7 -3.07477e-7 -1 -1.26996e-6 0.418388 -0.4084605 0.8112407 -0.2250025 -0.9480277 -0.2249835 -0.2570404 -0.9664007 -3.58141e-7 -0.2215029 -0.9450506 -0.2404496 0.1481593 -0.9869425 0.06319314 0 -1 -1.7159e-6 -0.4914886 -0.7189484 0.4914798 -0.5978482 -0.608448 -0.5218896 0 -1 -2.49755e-7 0 -1 -4.00251e-7 0 -1 -4.47887e-7 0 -1 -7.85452e-7 0 -1 -3.26016e-7 0 -1 -2.38116e-7 0.2318814 -0.8626011 0.4496113 -0.3094038 -0.8991956 -0.3093812 -0.394847 -0.9187469 -3.51212e-7 -0.230172 -0.9428188 -0.2410676 0.9625115 -0.2516107 -0.1013103 0.4393168 -0.8964152 0.05865675 0.1096215 -0.9879102 -0.1096205 0.146937 -0.980794 0.1282684 0.2187796 -0.87874 0.4242069 -0.09659928 -0.9906255 -0.09659206 -0.1103419 -0.9938937 0 -0.1138898 -0.9864553 0.1180475 -0.5943607 0.7806826 0.1930546 0.9975472 -3.54508e-6 -0.06999868 0.3419324 -0.8753107 -0.3419259 0.45019 -0.8018019 0.3929923 0.4240771 -0.379513 0.8222704 -0.2431285 -0.9390351 -0.2431084 -0.2786635 -0.9603889 0 -0.4789583 -0.7356685 0.4789478 -0.5868204 -0.6270799 -0.5122624 0 -1 -1.33203e-6 0 -1 1.10249e-6 0 -1 1.5709e-6 0.2658891 -0.8145615 0.5155508 -0.3597227 -0.8609408 -0.3596953 -0.4626499 -0.8865411 0 -0.573497 0.7957788 0.194518 0.9975472 3.54508e-6 -0.06999868 -0.1138895 -0.9864555 0.1180459 0.4255657 0.899908 -0.09518188 0.4526113 -0.8910333 0.03467893 -0.4853399 0.8743256 0 -0.4013977 0.8232784 -0.4013637 0.4301352 0.345541 0.8340175 0.8060039 -3.79145e-6 0.5919103 0 1 -5.49079e-7 -0.3647495 0.8749717 -0.3184062 -0.2829725 0.9164362 0.2829686 0.08619606 -0.9925426 -0.08619451 0.1158503 -0.9881049 0.1011309 0 -1 -8.88017e-7 0 -1 2.20474e-6 0 -1 5.07986e-6 0.1793137 -0.9203073 0.3476796 -0.07587552 -0.9942261 -0.07587748 -0.08655965 -0.9962467 0 -0.6224762 -0.7713167 0.1326421 -0.5114519 -0.8578832 0.04953271 0.1481587 -0.9869427 0.06319338 -0.06839221 -0.9715666 -0.2266734 0 1 1.26998e-6 -0.5012243 0.8653175 0 -0.4129756 0.8117387 -0.4129546 0.432246 0.3327684 0.8381101 0.7239574 0.09673589 0.6830285 -0.4655495 0.7526801 0.4655495 -0.5747346 0.6465024 -0.5017121 -0.7556656 -0.3300616 -0.5657112 0 -0.5704553 -0.8213288 -0.06548821 -0.1978938 -0.9780334 0.478628 -0.02808117 -0.8775687 -0.7556483 -0.3301232 -0.5656982 0 -0.570456 -0.8213282 -0.06548833 -0.1978939 -0.9780334 0.3877888 -0.0610941 -0.9197215 0.9641193 0 0.2654695 -0.7556678 -0.3300607 -0.5657085 0 -0.5704584 -0.8213265 0.1617722 -0.8826114 0.4413921 0.9918038 0 -0.1277711 -0.7556645 -0.3300621 -0.565712 -0.06102138 -0.2265911 -0.9720766 -0.7556632 -0.3300624 -0.5657137 0 -0.5704545 -0.8213292 -0.05922901 -0.2379568 -0.9694682 0.3691366 -0.0365746 -0.9286552 0.9975471 0 -0.06999891 -0.755665 -0.3300613 -0.565712 0 -0.5704556 -0.8213285 -0.05922901 -0.2379554 -0.9694685 0.4364886 0 -0.8997098 -0.1119505 0 -0.9937138 -0.1119517 0 -0.9937137 -0.7556662 -0.3300609 -0.5657106 0 -0.5704554 -0.8213286 -0.05922907 -0.2379557 -0.9694684 0.4364898 0 -0.8997093 0.960337 0.1634879 0.2258864 -0.7556655 -0.3300615 -0.5657112 0 -0.5704562 -0.8213281 -0.05922907 -0.2379557 -0.9694684 0.4364892 0 -0.8997095 -0.7556646 -0.3300611 -0.5657126 0 -0.570455 -0.8213288 -0.05922901 -0.2379552 -0.9694685 0.436489 0 -0.8997097 -0.7556649 -0.3300612 -0.5657122 -0.05922901 -0.2379552 -0.9694686 0.4364892 0 -0.8997096 -0.755666 -0.3300608 -0.5657109 0 -0.5704563 -0.8213281 -0.05922901 -0.2379556 -0.9694685 0.4364898 0 -0.8997092 -0.7556548 0.3300926 -0.5657073 0 0.5704549 -0.8213291 0.4083011 0.0538333 -0.9112586 -0.06548827 0.1978942 -0.9780334 -0.7556459 -0.330124 -0.5657008 0 -0.5704539 -0.8213297 -0.06102144 -0.2265919 -0.9720764 -0.7556707 0.3300461 -0.5657131 0 0.5704578 -0.821327 -0.07476401 0.1365047 -0.9878143 -0.6034905 0.7968257 0.02946108 -0.3304173 0.9219818 0.2019258 0.9975472 5.47457e-7 -0.06999874 0 1 1.26996e-6 -0.5596708 0.8287152 0 -0.4295309 0.7943737 -0.429504 0.3106305 0.7353491 0.6023043 0.8388804 0.5250032 0.1437057 0 1 -1.71566e-6 -0.3859685 0.8587822 -0.3369298 -0.3011927 0.9047482 0.301187 0.4918565 0.8656761 0.09317815 -0.06839269 -0.9715667 -0.2266729 -0.2998707 0.9539799 0 -0.2607248 0.9295475 -0.2606995 0.4286667 0.3541169 0.8311715 0.7680444 -0.5395849 0.3449 0.4732533 0.7780481 0.4131254 0.3631274 0.8580678 -0.3631231 -0.3384882 0.9251772 0.1716765 0.9680109 0.2277495 -0.1052854 -0.5271398 0.848519 0.04625046 0 1 3.80993e-6 -0.5904679 0.8070611 1.23407e-6 -0.4511117 0.7700816 -0.4510795 0.323855 0.7076751 0.6279442 0.8328526 0.5210896 0.1866074 0 1 -5.49078e-7 0 1 5.14716e-6 -0.5796307 0.6387537 -0.5059863 -0.4709409 0.7459467 0.4709334 -0.4870833 0.8674197 -0.1016516 0.4706929 0.8717563 0.1359761 0.9975472 0 -0.06999874 0 1 6.34988e-7 -0.2915679 0.9565503 0 -0.2538564 0.9333392 -0.2538404 0.4269725 0.3637335 0.8278844 0.7655635 -0.5251309 0.3716856 0 1 -2.74539e-7 0.4644181 0.7873737 0.4054115 0.3549271 0.8649026 -0.3549228 -0.3202829 0.9148411 0.2459368 0.119921 -0.9906237 0.06544971 0 1 -6.34988e-7 -0.4295377 0.79437 -0.4295042 0.3106317 0.7353481 0.6023049 0.8388824 0.524999 0.1437094 0 1 2.74539e-7 0 1 5.14683e-6 -0.3859708 0.8587803 -0.3369318 -0.301183 0.9047554 0.3011754 -0.5155144 0.8195438 -0.2501862 -0.3304179 0.9219812 0.2019273 0.9975472 2.99762e-6 -0.06999868 -0.4853396 0.8743258 0 -0.4013971 0.8232772 -0.4013665 0.4301359 0.3455356 0.8340194 0.7253232 0.09908187 0.6812409 0 1 -9.00753e-6 0 1 6.40402e-7 -0.5747362 0.6464986 -0.5017149 -0.4655475 0.7526885 0.4655382 -0.598335 0.7899591 0.1340147 -0.527143 0.8485172 0.04625064 0 1 0 0 1 3.17494e-7 0 1 0 -0.2998707 0.9539799 3.9773e-7 -0.2607259 0.9295459 -0.2607042 0.4286674 0.3541123 0.8311732 0.7658822 -0.5511096 0.3312141 0 1 3.26016e-7 0 1 8.57859e-7 0 1 4.00251e-7 0 1 2.22003e-7 0.4732533 0.7780481 0.4131253 0.3631275 0.8580681 -0.3631221 0.9901387 -0.1217355 0.06932544 0.9986736 -0.04672592 0.02162563 -0.1482239 0.9688823 0.1982339 0.9798799 0.1972411 -0.03052085 -0.6322833 0.7744036 0.02273583 0 1 0 0 1 3.17491e-7 0 1 0 -0.6088181 0.7933098 2.27445e-7 -0.4638142 0.7548412 -0.4637793 0.3315083 0.6906002 0.6427859 0.8498916 0.4960352 0.1778576 0 1 4.11809e-7 0 1 1.71566e-6 0 1 -8.88011e-7 -0.3859712 0.8587801 -0.3369319 -0.3011809 0.9047548 0.301179 0.3439475 -0.8535852 0.3912706 -0.4511237 0.8566681 -0.2502145 0.4734712 0.8792985 0.05156743 0.9625115 0.2516108 -0.1013103 0 1 6.34982e-7 -0.4013986 0.823275 -0.4013695 0.4301362 0.3455327 0.8340204 0.7273373 0.09687578 0.6794083 0 1 -8.57859e-7 -0.5868173 0.6270837 -0.5122613 -0.478962 0.7356615 0.4789547 -0.2564694 0.9355527 -0.2428264 -0.346365 0.9274906 0.1406864 0 1 -6.34982e-7 -0.2786633 0.9603889 0 -0.2431274 0.9390357 -0.2431074 0.4240748 0.3795171 0.8222697 0.7572624 -0.5297743 0.3819596 0 1 -1.71572e-6 0.4501933 0.8017989 0.3929945 0.3419259 0.8753159 -0.3419194 -0.7556564 0.3300931 -0.5657048 0 0.5704571 -0.8213276 -0.01294678 0.50446 -0.863338 -0.7556514 0.3301084 -0.5657026 0 0.5704563 -0.8213279 0.161772 0.8826155 0.4413841 -0.7556658 0.330054 -0.5657151 0 0.5704549 -0.8213289 0.4083004 0.0538333 -0.9112589 -0.06548827 0.1978938 -0.9780334 -0.7556558 0.330093 -0.5657058 -0.06102138 0.226593 -0.9720762 -0.7556665 0.330055 -0.5657136 -0.0129466 0.5044618 -0.8633369 -0.7556636 0.3300696 -0.5657089 0 0.5704574 -0.8213272 -0.01294672 0.5044614 -0.8633373 -0.755662 0.3300698 -0.565711 -0.01294666 0.5044614 -0.8633373 -0.7556569 0.3300926 -0.5657045 0 0.5704567 -0.8213278 -0.01294678 0.5044614 -0.8633373 -0.7556498 0.3301169 -0.5656998 0 0.5704567 -0.8213277 -0.01294666 0.5044653 -0.8633349 -0.7556675 0.3300545 -0.5657127 -0.01294666 0.5044635 -0.863336 -0.379001 -0.01624011 -0.9252538 0.3885613 0.3889576 -0.8353037 0.05121666 0.1323834 -0.9898746 -0.3795719 -0.0169574 -0.9250069 -0.5349932 0.006590187 -0.8448307 -0.4951639 -0.08442687 -0.8646877 -0.5753035 0.05704361 -0.8159485 0.2970848 0.9121385 -0.2823898 -0.9782503 0 0.2074282 0.01138138 -0.9826684 -0.1850225 0.7071127 0 -0.7071009 0.06635338 -0.02687931 0.9974341 0.06131649 0.0177468 0.9979606 2.76819e-4 0.01964992 0.9998069 0.06904315 0.009371995 0.9975697 -0.01815468 -0.007799208 0.9998049 -0.7250607 0.669149 -0.1628704 0.1702682 -0.9480319 0.2687836 -0.1702691 0.9480313 0.2687846 -0.4782708 0.8495302 -0.2226113 -0.7374416 -0.02769589 -0.6748428 0 -3.35657e-7 1 0 -3.48353e-7 1 -0.8369326 -0.2172703 -0.502332 -0.4847717 0.1473014 -0.8621478 -0.3100255 -0.9279409 -0.2069052 0 3.36075e-7 -1 0 3.37436e-7 -1 -0.7071064 0 0.7071072 -0.3302252 0 0.9439022 0.3558475 0.1002315 -0.9291535 0.3558359 0.8282859 0.4328084 -0.7270704 0.6863753 -0.01605087 0.04893666 0.06748652 0.9965193 -0.01126414 -0.04815113 0.9987766 0.9888671 -0.1467429 0.02466964 0.9496685 -0.1954496 -0.2448042 0.9304915 -0.1118254 -0.3488276 0.999542 -0.02901977 0.00858438 0.9903886 0.1378771 0.01097363 0.6666452 0.7446711 -0.03239399 0.9877603 0.1487931 0.04680186 0.9834424 -0.1787695 -0.02970534 0.6554095 0.7538446 0.04644328 0.9980452 -0.06248319 0.001257479 -6.83671e-5 0.002477109 0.999997 0.7354277 -0.09848827 -0.6704075 0.8503378 -0.01177155 -0.5261057 -0.03108847 -0.9994793 -0.008642256 -0.03637063 -0.9992933 -0.009507238 8.30057e-5 -0.9999104 0.01338559 0.03721851 -0.9988733 -0.02944415 0.05951124 -0.9972644 -0.04384207 -0.1305099 -0.9914456 0.001729726 0.1752394 -0.9845258 3.84205e-4 -0.006159543 -0.9995439 -0.02956616 -0.243951 -0.9592372 -0.14266 0.3733553 -0.9179459 -0.1340942 0.0900675 -0.9933193 -0.07214343 -0.01942068 -0.9497904 -0.3122837 -0.06460547 -0.9896476 -0.1281552 -0.654622 0.069687 0.7527376 -0.09964185 -0.9947782 0.02209049 0.05956053 0.9972925 -0.04313105 -0.05439132 0.9949981 -0.08378815 3.1628e-4 0.9999066 0.01366263 -0.03659635 0.9992852 -0.00948435 -0.004324376 0.9999819 -0.004195868 0.171781 0.985134 0.001524925 -0.1148701 0.9933806 2.82896e-4 -0.007687568 0.99997 -0.001057922 0.377953 0.9156684 -0.1367584 -0.2445598 0.9593675 -0.1407294 0.08759123 0.9936966 -0.06996369 -0.0176981 0.9530338 -0.3023467 0.03661233 0.9989317 -0.02820003 0.7071366 0 0.7070771 0.1083006 -0.9915548 -0.07134419 0.1427302 0 0.9897617 -0.1442879 0.988582 0.04343646 -0.1805263 0.7910078 -0.5845656 -0.9899805 -0.1412045 0 0.1191852 0.9928411 0.007846176 -0.707094 0 -0.7071197 -0.9129372 0.2738434 -0.3025816 0.08730185 0.02427363 0.9958862 0.1293166 -0.1823417 0.9746942 0.2124069 0.9751306 0.06327474 -0.7434339 0.3260183 0.5839676 -0.9899808 -0.141202 -1.20961e-7 1.2987e-7 0.004386126 0.9999904 -0.09598118 0.03182041 -0.9948745 -0.413521 0.4804422 -0.7734182 0.03397524 -0.1432301 -0.9891061 0.1130005 -0.1026098 -0.9882825 -0.9972267 0.07388937 -0.008906185 0.1352666 -0.2117987 0.9679071 -0.4330614 -0.08997029 -0.896863 0.003393948 -0.001022458 -0.9999938 -0.00355488 -0.01464438 -0.9998865 0.7071144 0 -0.7070992 0.8184319 -0.0518648 0.5722583 0.5331918 0.08187484 0.8420231 0 -3.42751e-7 1 -2.96912e-7 -4.3921e-7 1 0.1369086 0.9905833 9.42089e-4 -0.4769368 -0.7965657 0.3715029 0.01833003 0.001850605 -0.9998303 0.01952797 0.00151515 -0.9998083 0.5905115 -0.6401285 -0.4914587 0.9995964 0.01265931 0.02543067 0.9538061 -0.02094227 -0.2996924 -0.06870049 0.9952363 0.06917387 -0.08798569 -0.9408081 0.3273207 -0.06362527 -0.4407681 -0.8953633 0.00665766 -0.9998928 0.01304239 -0.003647685 0.002473831 0.9999904 -0.06756603 0.4145111 -0.9075326 0 3.91279e-7 -1 0 3.53964e-7 -1 -0.7040331 0.06450223 0.7072318 -0.4967995 -0.07756292 0.8643925 -0.01897072 -0.003150165 0.9998152 0.01070886 -0.0272783 0.9995706 -0.4364771 -9.04545e-7 -0.8997154 -0.2120772 0.08280098 0.9737389 -0.01798826 0.1599261 -0.9869651 -0.01386904 -0.1983379 -0.9800356 0.1168053 0.2209206 -0.968272 -0.5031756 -0.008718073 -0.8641403 0.1819345 0.6246435 -0.7594212 0 3.5354e-7 -1 -0.00910896 -0.2297056 -0.9732176 0 2.21396e-7 -1 -0.2592436 0.06273245 -0.9637725 -0.005234777 0.2020357 -0.9793642 1.9822e-7 3.2409e-7 -1 -0.03664737 0.09713995 -0.9945958 -0.07871401 0.1231473 -0.9892618 0.09344452 -0.2414755 -0.9658974 -0.4430928 -0.001924514 -0.8964737 -0.3952063 3.92162e-7 -0.9185925 0.8087207 0.5484621 -0.2125094 -0.9332261 -0.295188 -0.2048246 -0.2392599 0.04026055 -0.9701206 0.007402122 0.4671677 -0.8841378 0.011936 -0.263573 -0.9645657 -0.07733678 -0.1806262 -0.9805067 -0.03615152 0.001514494 -0.9993453 0.1085288 -0.03352522 -0.9935278 -0.2197494 -0.02793937 -0.9751562 0.009409844 -0.8494917 -0.5275182 0.02333056 -0.8308145 -0.5560603 0.002748429 -0.1480449 -0.9889768 -0.04365819 0.2302526 -0.9721511 -0.6262241 -0.003094136 -0.7796371 -0.04660427 -0.1807739 -0.9824199 -0.1850426 -0.06857264 -0.9803352 0.1655991 0.2257843 -0.9599992 -0.09954679 -0.2764025 -0.9558724 0.008845686 -0.09244972 -0.9956781 -0.1380382 -0.1167736 -0.983519 -0.02748012 -0.8422007 -0.5384634 -0.3281604 0.003753423 -0.9446147 -2.4126e-7 0 -1 -0.01019072 0.2144959 -0.9766718 -0.01423603 0.1876761 -0.9821279 0.09377986 0.2111337 -0.972948 -2.76414e-7 8.82456e-7 -1 -0.3332833 -0.03888243 -0.9420247 0.1100941 0.2050812 -0.9725333 0 5.1626e-7 -1 -0.7066427 0.09512454 -0.7011473 1.85109e-7 3.87495e-7 -1 -0.2233041 -0.04785102 -0.9735737 -0.01491624 0.02175116 -0.9996522 9.75611e-7 5.04447e-7 1 -3.6324e-7 -2.55539e-7 1 -0.9899809 0.141201 0 0.6263852 0 0.7795137 0.983385 -0.1650511 -0.0755788 -0.03506159 0.9992938 0.01351958 0.186209 0.9057701 0.3806663 0.1491174 0.8991954 0.4113536 0.98519 -0.1242392 0.1181747 1 1.57439e-6 0 1 5.08091e-7 0 0.9999469 -0.007170081 0.007403671 0.9999996 6.8697e-4 6.40959e-4 0.9996867 -0.01138114 -0.02229398 0.9973401 0.01873552 -0.07043933 1 4.62281e-6 0 0.4433479 -0.8621878 -0.2451019 0.9996747 -0.004298746 -0.02514082 1 -4.13699e-6 0 0.9993174 -0.001000285 -0.03693193 0.9997516 0.00637412 -0.02135461 0.9948074 -0.04629367 -0.09063822 0.9996813 0.00944072 -0.02341306 -0.05210834 0.9984393 0.02009356 -0.02800387 -0.9900569 0.1378521 0.9918037 0 -0.1277711 0.1246995 8.0258e-5 -0.9921946 -0.0429399 0.1039298 -0.9936574 0.02126473 0.06142985 -0.9978849 0.1046029 0.0120036 -0.9944416 0.01872277 -0.100943 -0.9947161 0.2191846 -0.08582192 -0.9719016 -0.08642345 0.206127 -0.9747013 0.1347612 -0.3261702 -0.9356562 0.1266393 -7.62988e-4 -0.9919486 0.1275089 -0.001014351 -0.9918369 0.1248738 0 -0.9921727 -0.03771585 0.06549233 -0.9971401 0.4735116 -0.822242 -0.3157611 0.1247121 -0.002426505 -0.9921901 -0.04163074 0.05636531 -0.9975419 0.1721872 0.03328233 -0.9845019 0.4669347 -0.6322013 -0.618299 0.09408539 -0.01912146 -0.9953805 -0.05561208 0.06170326 -0.9965441 0.1978735 0.03983741 -0.9794178 -3.04263e-6 0 -1 0.1078324 -0.007833898 -0.9941383 -0.1222941 -0.1356875 -0.9831751 -0.03722071 -0.04686611 -0.9982075 0.3075664 0.4164229 -0.855567 -0.110303 -0.1493427 -0.982614 -0.7729344 -0.6086844 -0.1790971 -0.8886196 -0.4567366 -0.04179722 0.02889174 0.07431131 -0.9968165 0.3734416 0.733843 -0.5674644 -0.02996724 -0.05888932 -0.9978147 0.2227271 0.6434302 -0.7323867 0.3771812 0.06834089 -0.9236146 -0.7862051 -0.5517548 -0.278295 -0.8957678 -0.4191775 -0.1479535 -0.1120262 -3.28743e-6 0.9937053 -0.1120578 0 0.9937017 0 0.9660158 0.2584835 -0.7070891 0 0.7071245 -0.2364891 -0.8907606 -0.388096 -0.6656112 0.1824617 0.7236501 0.7814333 0.2564047 -0.568875 0.8303613 -0.5427729 -0.1260864 0.002354204 0.9989442 0.04588073 0.3560032 -0.4251084 -0.8321927 0.3746808 0.8363269 0.4002144 0.1000546 0.9815363 -0.1630203 0.02991431 0.9408849 0.3374029 0.02161079 0.9995 0.02308553 -0.1500166 0.8764529 0.4575212 0.28692 -0.5250926 -0.8012208 0.07175344 0.9971539 0.02314203 0.02059489 -0.996176 -0.08490705 -0.9918036 0 -0.1277724 -0.9988105 0 0.0487625 0.4051984 -0.4555399 -0.7926524 0.2741108 -0.7945195 -0.5418508 0.05571937 -0.9983279 0.0153948 0.2539919 -0.8574133 -0.447583 0.1085606 -0.9823219 -0.1525071 0.07260447 -0.9969835 -0.02743208 0.4110583 -0.4146996 -0.8118223 0.1052152 -0.9724975 -0.2077942 0.692098 -0.3143984 0.649734 -0.2365568 -0.6716191 0.7021173 -0.4251211 0 0.9051365 0.9425547 -0.0341826 0.3322986 0.1412008 0.989981 3.22564e-7 0.03057438 0.07070356 -0.9970288 0.2991983 -0.7931823 0.530417 0.7324501 -0.4744256 0.4883003 0.05806964 0.9982512 0.01107424 0.1003481 0.9828284 0.1548508 -0.1266641 -0.2039465 -0.9707534 0.2282833 -0.9735789 -0.005564093 0.004376888 0.4428313 -0.8965942 -0.9834321 0.01645857 -0.1805288 0.993698 0 -0.1120909 0 0.857492 0.5144973 -0.7846753 0.3533878 -0.5093151 -0.09491258 -0.4996814 -0.8609938 0.9899802 -0.141206 0 -0.05124884 -0.02346014 -0.9984104 -2.1423e-7 -2.57357e-7 1 -0.7330753 0.672743 -0.1000874 -0.005243062 -0.008733034 -0.9999482 -0.0156483 -0.9998756 -0.002050876 -0.009896278 0.06540125 0.9978101 0.009829759 0.005313932 -0.9999376 -0.8424121 -0.5374786 -0.03819203 0.5164079 0.8560981 -0.02046799 0.6376839 -0.7702808 0.005176186 -0.4933128 0.8637781 0.1026159 0.7162989 -0.692996 -0.08168542 -0.1028443 -0.9939122 0.03951829 0.7374402 0.02769613 -0.6748445 0.7293146 -0.6805124 -0.07073324 0.7252529 0.6833776 0.08368569 -0.7071356 0 -0.707078 -0.7071354 0 -0.7070782 -0.2626994 -0.0527994 -0.9634321 1.4844e-5 0.09426701 -0.995547 0.2904331 -0.05891102 -0.9550802 -0.09299135 0.4721266 -0.8766123 -0.1147255 -0.05906879 -0.9916396 -0.7071347 0 -0.7070789 -0.7071332 0 -0.7070804 -3.11448e-4 -0.1580772 0.9874268 0.01126879 -0.1505011 0.9885457 -0.2042025 -0.02685713 -0.9785602 -0.137843 -0.0556221 -0.9888911 0.1088229 -0.007648468 -0.9940318 0.1084974 -0.007251858 -0.9940704 0.017286 0.01036632 -0.9997969 1.45106e-4 0.04252046 -0.9990956 -0.01124721 0.3102344 -0.9505937 0.07776683 0.6504066 -0.755595 -3.34344e-5 -0.05649727 0.9984028 0.09296905 -4.43098e-4 0.995669 -3.45839e-5 0.1055586 -0.9944131 -2.17519e-4 -0.1583403 0.9873847 0.01127022 -0.150949 0.9884774 0.140762 -8.2821e-5 -0.9900435 0.03441208 -0.07555264 -0.9965479 -0.02399855 0.01216804 -0.999638 -0.03776592 0.009538471 -0.9992411 -0.2868855 0.04657518 -0.9568321 -0.1669735 -0.04155522 0.9850854 -0.1482864 -0.4611924 0.8748216 -0.8951485 0.3591911 -0.2639907 -0.5041417 -0.8556925 0.1167548 0.06422775 0.1701783 -0.9833179 0.9641196 0 0.2654682 0 -3.81469e-6 1 0 -3.81469e-6 1 -1.43732e-4 1.83521e-4 -1 6.01221e-7 0 -1 -0.05412971 -0.08443462 0.9949577 -0.06090348 -0.006068468 -0.9981252 0.8485245 0.5289911 -0.01322281 -0.417653 -0.002048075 0.9086043 -0.4115697 -1.0244e-4 0.9113784 4.54575e-7 -3.1731e-7 1 0.989981 -0.1412011 0 0.4731721 0 0.88097 0 0.9805976 0.1960318 0.1120196 0 0.9937061 0.1119776 -2.66233e-6 0.9937108 -0.9942665 0.1049425 -0.02052438 0.7538624 -0.400309 -0.5210032 0.1427298 0 0.9897617 0.003795862 0.008207082 -0.9999591 -0.05333799 -0.09039956 -0.9944763 6.20089e-5 -1.81022e-6 1 3.85396e-4 -4.36794e-4 0.9999998 -0.8760942 0.01517856 0.481901 -0.4195536 -0.1704408 0.8915856 0.7071104 -5.50255e-7 0.7071031 0.1119771 -5.32464e-6 0.9937108 0.1120195 0 0.993706 -0.8459156 -0.5268968 -0.08250206 -0.7697717 0.5737752 0.2797029 -0.02413743 0.9940364 -0.106344 -0.2407031 0.8841941 0.4003286 -0.8203248 -0.1703907 -0.5459252 -0.7071034 -1.16392e-5 0.7071102 -0.3647412 -0.8434486 -0.3944087 -0.6699913 0.5279579 0.5218929 -0.8550723 -0.3376795 -0.3934767 0.9053915 0.42335 -0.03226977 0.707106 -1.34733e-6 0.7071076 0.7071081 0 0.7071055 -0.999773 0 -0.02130907 -0.04264581 -0.7342334 -0.6775563 3.29184e-4 0.00838983 -0.9999648 0.3600453 0.02064329 -0.9327064 -0.09606933 0.350924 0.931463 0.3081272 0.37014 0.8763869 0.08408874 0.4096662 0.9083517 -0.1341537 -0.06134504 0.98906 -0.2142713 0.01098042 0.9767125 -0.001444637 -0.1285067 0.9917076 0.01170557 0.1453293 0.9893141 9.10638e-4 -0.1736379 0.9848092 -0.00468719 0.8342514 -0.5513645 -2.11639e-4 -0.1445386 0.9894992 -1.02622e-4 -0.1721952 0.9850629 0.2161725 0.02217459 0.9761034 0.1082656 0.00469768 0.994111 -0.09606707 0.3509263 0.9314622 0.2425119 0.002385497 0.9701455 -0.1698992 0.01961219 0.9852663 0.09898865 -0.05470633 0.9935836 -0.09181481 0.2168737 0.9718723 -2.16991e-4 -0.1583407 0.9873845 0.01127016 -0.1509505 0.9884771 0.283127 -0.7618781 0.5825641 0.2399686 0.8792449 -0.4115138 0.2841475 0 -0.9587806 0.02281522 -0.01860529 0.9995666 0.01875531 -0.01283133 0.9997419 -1.29686e-4 0.06734508 -0.9977298 0.04953604 -0.01594531 -0.9986451 0.09965598 0.977737 0.1846591 -0.9438181 0 0.3304657 -0.9438169 0 0.330469 -0.993698 0 0.1120909 -0.0300942 0.005415022 -0.9995324 -0.1979783 0.008747458 -0.9801675 -0.01573407 -0.2630606 0.9646511 0.1447345 -0.2303865 0.9622755 0.6690704 -0.7315132 -0.1312758 0.978461 -0.08154457 0.1896438 0.991371 0.01338869 -0.1304008 0.9930521 0.09268867 0.07250106 0.9993528 0.03565931 0.00473994 0.999677 0.01652204 -0.01931405 0.9987722 0.02403289 -0.04332071 -0.4816551 0.074184 -0.8732154 -0.9968466 -0.07497113 -0.02600616 -0.3059933 0.9438116 0.1248518 -0.1574093 0.1005982 -0.9823963 -0.3186818 0.9436696 -0.08904778 -0.9980074 0.03461277 0.05275624 -0.9990767 -0.002511262 -0.0428881 -0.9985436 0.05043685 0.01915413 -0.9992942 0.02498418 -0.02805376 -0.9996815 0.02078181 -0.01432514 -0.999773 0 -0.02130901 0.001479446 -7.04933e-4 0.9999987 -0.2065114 0.8891496 0.4083702 0.05489486 -0.9627075 0.2649166 0.7076668 6.7398e-7 -0.7065464 0.2773134 -0.9586321 -0.06420361 0.7070942 -2.38466e-7 0.7071194 0.7070927 0 0.7071209 0.7071118 0 -0.7071017 -0.7071 0 -0.7071136 -0.3302261 0 0.9439019 0.6614615 0 0.7499792 0 -3.43075e-7 1 0.06610387 -0.08007228 0.9945948 -0.001410782 -0.04665213 -0.9989103 -0.004861652 -0.0417782 -0.9991151 0.2462536 0.001210987 0.9692047 0.2511667 -0.00137335 0.9679428 -0.250397 0.3317561 -0.909527 0.01058018 -0.05776137 -0.9982745 0.07160764 0.01102757 -0.997372 0.06649011 -0.01637417 -0.9976527 0.06627678 -5.24196e-4 -0.9978012 0.07213193 0.007452011 -0.9973673 -0.1427293 -6.14812e-7 0.9897618 -0.7567629 -0.6521825 -0.04436248 0.06435549 0.9911231 -0.1163325 -0.707106 0 0.7071076 -0.7822195 0 0.6230029 -0.9641523 0 0.2653496 0.6964404 0.5484621 -0.4627745 0.7876668 -0.525806 0.3211061 0.1248902 0.1008812 0.9870287 0.1265301 0.09641945 0.9872657 -0.9811643 -0.191065 -0.02847611 -0.9781052 -0.1774042 -0.1088026 0.995616 0.001396894 0.09352487 -0.9958766 0.02125138 -0.08819437 0.9844756 0.1752849 0.009106636 0.9656212 -0.119354 0.2309337 0.994356 0.006951093 0.1058678 0.9773992 0.09587401 -0.1884123 -0.9846602 0.1739237 0.01395636 0.995746 0.05523854 -0.07374715 -0.9793158 -0.06156265 0.1927448 -7.60316e-4 -0.04394954 -0.9990335 -0.9796524 0.08764868 0.1805518 -0.9999725 0.007156908 -0.00197196 -0.9848201 -0.04483914 0.1676873 -0.7362924 0.12871 0.6643096 0.02363383 -0.9928635 -0.1168917 0.6614607 0 0.7499799 0.292111 -0.920812 -0.2584112 0.9918337 0.1224887 -0.03553068 0.7366885 0.1291915 0.6637768 0.7071103 -1.34734e-6 0.7071033 -0.3983211 0.8454455 -0.3557558 -0.8933784 -0.4194447 0.1610623 -0.03257775 0.9886249 0.1468317 0.08930045 -0.05811893 0.9943076 -0.7865095 0.5856171 -0.196101 0.1721391 -0.02419275 0.9847756 0.07398533 0.06677734 0.9950211 0.3070323 -0.03213042 0.9511566 0.1158834 5.74756e-4 0.9932627 -0.7977522 -0.6010642 -0.04809844 -0.001527428 0.002952933 -0.9999946 -0.002498328 0.002298951 -0.9999943 0.2847127 0.2530914 0.9245991 -0.4237094 -0.1010431 0.9001448 -0.431173 0.08417707 0.898334 0.9899809 0.1412014 0 -0.2219756 0.8067036 0.5476825 0.06729465 0.9827244 0.1724076 0.5903156 -0.2892162 -0.7535792 0.8567059 0.07867991 -0.5097693 -0.997547 0 -0.07000011 -0.4732387 0 0.8809342 -0.07297539 -0.9815161 0.1769202 -0.9203062 -0.3610894 0.150503 0.9906199 0 -0.136647 0.7071057 0 -0.7071079 -0.7075628 -6.75644e-7 -0.7066505 0.1197442 -0.9324821 -0.3407913 0.01784956 -0.9997997 0.009050369 -0.02199018 -0.0115602 0.9996913 0.06729459 0.9827226 0.1724177 0.8103619 -0.5850102 -0.03281474 -0.4209843 0.9000959 -0.1122487 -0.4500974 0.6716227 0.5885026 -0.9321824 0.1007516 0.3476853 0.9472312 -0.2907018 0.1350763 -0.6785642 0.1296552 0.7230078 -3.34052e-6 -1.54786e-4 1 1.27865e-4 3.8709e-5 1 0.004068374 -0.9966968 0.08111196 0.7123435 -0.1946365 0.6743022 0.4139593 0.7991608 -0.4358667 0.5938299 0.01548409 0.8044417 -0.9988105 0 0.04876232 -0.3113902 -0.7200894 -0.6200867 -0.6957302 0.5696064 0.4376165 0.1288608 0.05665218 0.9900432 -0.2691775 0.04572772 0.9620044 -0.1370646 -0.9127579 -0.3848199 -0.1965821 -0.8985025 -0.3924905 -0.475492 -0.8794104 0.02334165 -0.04260504 -0.9109188 0.41038 -0.133242 -0.91604 -0.3783088 -0.1993958 -0.898793 -0.3904005 0.04271858 -0.9401233 0.3381469 -0.0115469 -0.9209324 0.3895515 -0.008505463 -0.9245377 0.3809961 -0.915781 0 0.4016779 -0.3162975 0.8383996 -0.4438942 -0.02598845 -0.8684993 0.4950088 3.02652e-4 -0.9326074 0.3608924 -0.5651273 0.734659 -0.3753764 -0.07167118 0.996799 -0.03542667 0.08229106 -0.5455195 0.8340484 -0.527543 0.084625 -0.8453029 -0.4392253 0.1215724 -0.8901132 -0.3694586 -0.05042189 0.9278782 0.7733594 0.6324006 -0.04454988 -2.58993e-7 -4.10068e-7 1 0.5892151 0.6676982 0.4549779 -0.762969 0.5580843 -0.3262216 0.6708821 0.6780396 -0.3002994 0.9988102 0 0.04876714 -0.4887332 0.747242 0.450299 0 0.7585961 -0.6515612 0 0.7098467 -0.7043563 0.07184767 0.943978 0.3220922 -0.7932514 0.3179642 -0.5192793 0.1926418 0.9731309 0.1261167 0 1 -8.89027e-5 0 1 1.65453e-4 -0.09584611 0.5306327 0.8421654 0.0528829 0.09025019 -0.9945142 -0.03893351 0.9596002 -0.2786605 0.3492532 0.5644198 0.7479657 -0.5517024 -0.187267 0.8127456 0 1 3.90384e-6 0.01568782 -0.4508578 -0.892458 -0.8499835 -0.1276212 0.5111175 -0.1035642 0.9155288 -0.388692 0.06897783 0.5962148 -0.7998561 0.01198863 0.9963845 0.08410918 0 0.7203761 -0.6935837 0.01294034 0.908518 0.4176454 0.9918036 0 -0.1277725 -0.01311874 0.9975019 -0.06941151 0.07554787 0.5768546 -0.8133458 0.2189667 0.7554404 -0.6175463 0.00486207 0.9383833 -0.3455621 -0.7070883 -8.3165e-6 0.7071253 -0.7070883 0 0.7071253 -0.9947719 0.08966809 -0.04887223 0.4358705 -0.06442475 0.8977006 0.5911952 0.04748165 0.8051297 -0.2319627 -0.8483385 0.4759361 0.02099019 0.2432504 0.9697365 -0.1073874 0.9920816 0.06513196 0 -6.06732e-7 1 -1.47475e-7 -4.65103e-7 1 0 -3.11119e-7 1 0.0468719 0.03361856 0.9983351 0.0591802 0.02431142 0.9979513 0.183558 -0.9187535 -0.3495689 -0.9937133 0 -0.1119552 0.5746647 0.8179829 0.02577978 0.7076681 1.34796e-6 -0.7065451 0.8227006 -0.4720509 -0.3167518 0.1759696 0.2122971 -0.9612308 -0.06619638 0.4638589 -0.8834325 -0.1015174 0.5644211 -0.8192211 -0.161047 0.4543372 -0.8761517 0.06366252 0.1015409 0.9927924 0.06366389 0.1015409 0.9927922 0.923547 0.3830705 -0.01783102 0.3887536 -0.7191637 -0.5759117 0.7070967 -3.87139e-6 0.7071169 0.8060043 0 0.5919097 0 -0.9731423 -0.2302045 -0.6263371 0 0.7795524 -0.9899805 -0.1412045 -2.01601e-7 -0.09498095 0.05216026 -0.9941117 -0.1813033 -0.309844 -0.9333412 0 0.2751157 -0.9614111 0.7143114 0.6704681 0.200579 0.97825 0 0.2074295 -0.003555715 0.001717269 -0.9999923 0.001571178 0.01412075 -0.9998992 -0.7071144 0 0.7070992 0.5361883 0.1175494 0.8358734 0.3131225 0.05591136 0.9480656 -0.586755 0.695559 0.414628 0.1427297 2.33644e-6 0.9897617 -0.03933113 0.9396143 -0.3399679 -1.31682e-6 0 -1 0.02189302 -0.8713592 -0.4901571 -0.9989075 0 -0.04673075 0.08742481 0.9880652 0.1268231 -0.8627744 -0.4688963 0.1890943 0.6648272 0.68255 0.3035299 -0.01128947 0.8507027 -0.5255261 3.71387e-7 5.01063e-7 1 0.7492188 0.541588 -0.3812527 0.9091134 0.3670131 0.1970138 0.9998079 0.01732283 -0.00917083 0.5005068 -0.6933045 -0.5184804 -0.4364786 -9.04544e-7 -0.8997147 0 3.14376e-7 -1 0.8438355 0.5364415 -0.01312685 -0.01729542 0.8872154 0.4610312 -0.888141 0.4397894 -0.1333826 0.4041907 -0.8083868 -0.4279494 0.008518636 -0.01861971 -0.9997904 -0.01102018 -0.00463736 -0.9999285 -0.007911086 -9.73402e-4 -0.9999683 0.01823371 -0.1317481 -0.9911155 -8.65232e-7 -0.9588632 0.2838689 0.5392915 -0.4806534 -0.6914745 -0.989981 -0.1412011 0 0.9350736 0.1834229 0.3033043 0.3302158 0 -0.9439055 0.3302153 0 -0.9439057 -0.1427285 -6.14808e-7 0.9897619 0.9899798 0.1412096 2.01601e-7 -0.09026598 -0.007361233 -0.9958906 0.1721664 -2.31065e-7 0.985068 -0.8695031 0.4904932 -0.05814534 -0.9263789 0.2924633 -0.2372501 0.9780894 0.06282436 -0.1984801 0.784532 0.5513539 0.283758 -0.2237413 -0.9049417 -0.3619671 0.9999639 -0.008498609 5.0318e-5 -0.1119493 0 0.9937139 -0.001185238 0.003175199 0.9999943 0.001319885 8.44011e-4 0.9999988 -0.999773 0 -0.02130895 -0.9782502 -2.48921e-7 0.2074286 0 0.9346422 0.3555898 0.2818318 0.7009359 0.6551793 0.112003 -4.2846e-6 0.993708 0.1119517 0 0.9937137 0.3302366 0 0.9438983 0.3302684 -3.5063e-6 0.9438871 0.6279348 -0.7765859 0.05110961 0.9982604 0.0371536 -0.04577851 0.982254 9.72618e-4 0.1875532 0.8602448 0.1292324 0.4932322 -0.8925182 0.2139717 -0.3970232 0.1545603 0.08876788 0.9839875 0.2271063 -0.1098247 0.9676576 0.6648306 0.682546 0.3035312 0 0.9670748 0.2544926 8.77044e-7 -0.9486851 0.3162224 -0.3702377 -0.8366774 0.4036026 0.1375864 0.775529 0.6161372 -0.9641526 0 0.2653484 -0.964568 0.2182165 -0.1482909 -0.7714014 -0.5907169 -0.2366294 0.8059998 0 0.5919157 0.6896686 0.6533074 0.3123248 -0.004737555 -0.003626108 -0.9999823 -0.161405 -0.946129 -0.2806925 0.9906199 0 -0.1366468 -0.3477335 -0.8041326 -0.4821331 -0.796553 -0.01811748 0.6042973 -0.8694133 0.4939699 -0.01070016 0.005174934 -0.9994957 0.03133392 -0.7070896 0 0.7071239 -0.0902661 -0.007359266 -0.9958905 -0.999772 -0.005948781 -0.02051401 0.02553975 0.9922147 0.1218925 0.9918692 -0.05431461 0.1150889 -0.1409462 -0.2974637 0.9442719 0.08429908 -0.3814889 -0.9205215 0.9975472 0 -0.06999909 -0.2215746 0.9644072 0.1443033 -0.04721528 -0.8940312 -0.4455097 0.7071042 2.71367e-6 -0.7071095 0.7071076 -5.69586e-7 -0.707106 -0.1412022 -0.9899808 0 0.9899811 0.1412002 0 0.9015001 -0.3936361 -0.1798563 0.9997732 0 -0.02129805 0.8067849 0.1211718 0.578287 0.08741784 0.9740696 -0.2086781 0.4742106 0.8788637 0.05218178 0.9093389 0.273452 -0.313571 0.05400717 -0.94714 0.3162423 0.9997733 0 -0.02129733 -0.3302174 0 0.943905 0.2841488 0 -0.9587802 0.8227012 -0.4720506 -0.316751 -0.7075588 0 -0.7066546 0.9319384 0.3335775 -0.1421866 -0.9975471 0 -0.07000005 0 -0.9919666 0.1265007 -0.1427296 -2.09038e-7 0.9897617 0.8227006 -0.47205 -0.3167531 -0.9641498 0 0.2653588 -0.7070899 0 0.7071236 -0.6262919 -0.6197159 -0.4729806 -0.9906199 0 -0.1366469 -0.04431569 0.9305828 -0.3633893 0 -2.28349e-7 1 -2.04077e-7 -3.43693e-7 1 -0.8078896 0 0.5893339 0.9899808 0.141202 1.20961e-7 0 -0.9919666 0.1265004 0.5968818 0.09870547 -0.7962346 0.002826333 8.7099e-4 -0.9999957 -0.1721695 -2.31057e-7 0.9850674 0.6982054 -0.4623733 0.546553 -0.989979 -0.1412146 -1.4112e-7 0.1668792 0.2066137 -0.9640862 0.9997732 0 -0.02130383 -0.04314035 0.1801403 0.9826945 4.17662e-5 0.02654546 0.9996476 -0.498023 -0.8618733 -0.09564405 0.06477087 -0.7653535 0.6403428 0.001556217 -0.4131236 0.9106737 -6.72052e-6 -0.4054923 0.9140986 3.36057e-6 -0.4055247 0.9140841 -0.001422941 -0.4023948 0.9154651 0.978287 0 0.2072552 0.9872466 0.1545708 0.03810399 -0.05637848 -0.556927 -0.8286457 0.005512535 -0.1328479 -0.9911211 -2.60033e-6 -0.1623861 -0.9867273 2.59985e-6 -0.1623613 -0.9867315 -0.06149739 0.9712071 0.230163 -0.7141902 0.08076983 -0.6952759 -0.4340081 0.5495545 -0.7138816 0.5578804 -0.006441056 -0.8298965 -0.846836 0.4137045 -0.3342416 -0.8440482 -0.160787 0.5115957 -0.9064776 -0.1444937 0.3967621 0.7219116 0.04796868 -0.6903207 0.3660932 -0.0511437 0.9291718 0.8363505 0.02245825 -0.5477349 0.2967342 -0.1526151 -0.9426863 -0.2626994 -0.05279904 -0.9634321 1.44609e-5 0.0942673 -0.995547 0.2904317 -0.05891054 -0.9550806 -0.09299194 0.4721198 -0.8766158 -0.114727 -0.05906933 -0.9916394 -0.01064705 -6.49752e-4 -0.9999431 -1.35509e-6 -0.007654309 -0.9999708 -0.2041961 -0.02686047 -0.9785615 -0.1378432 -0.05562245 -0.988891 0.1088209 -0.007653415 -0.9940319 0.1084904 -0.007251322 -0.9940711 0.01728326 0.01036602 -0.9997969 1.44755e-4 0.04251873 -0.9990957 -0.01124793 0.3102391 -0.9505921 0.07776695 0.6504074 -0.7555942 -3.42575e-5 -0.05649727 0.9984028 0.09296905 -4.43035e-4 0.995669 -3.4584e-5 0.1055591 -0.994413 -0.01064717 -6.9349e-4 -0.9999431 2.45155e-6 -0.007653713 -0.9999707 0.1407613 -8.34319e-5 -0.9900436 0.03441411 -0.07555139 -0.9965479 -0.02400016 0.01216787 -0.9996379 -0.03776782 0.009538412 -0.9992411 3.10832e-5 0.09426569 -0.9955471 -0.008286833 0.1043896 -0.994502 0.1972152 0.9271988 0.3184473 -0.6630731 0 0.7485548 -0.2868792 0.04656893 -0.9568342 -0.5242049 0.8394487 0.143301 0.986683 -0.1583149 -0.0373249 0.9838365 -0.1763481 -0.03109681 0 3.94387e-7 -1 0 3.72853e-7 -1 0.7071102 0 0.7071034 0.7071057 0 0.7071079 -0.7075588 6.73918e-7 -0.7066546 -0.4263706 0.8767727 0.2224364 0.1119783 0 0.9937106 -0.9628778 -0.03591519 -0.2675378 -0.1120575 0 0.9937018 -0.1120151 -4.95453e-6 0.9937066 0.9906199 0 -0.1366467 -0.9899805 -0.1412045 -1.41121e-7 -0.02686983 -0.7950626 -0.605932 -0.9823532 0.1653017 -0.08750802 3.64806e-6 0 1 0.4731605 0 0.8809762 0.4892681 -0.4885181 -0.7224727 0 -4.20441e-7 1 0.1146025 0.4359699 -0.8926346 -0.7022896 0.06425803 0.7089855 -0.4947731 -0.07799166 0.8655155 -0.1120581 0 0.9937017 0.9988102 0 0.04876661 -7.45719e-7 0.9958962 -0.0905025 -0.5951302 0 0.8036294 0 -0.002221822 -0.9999976 -0.00222218 3.33785e-7 -0.9999976 0.9784318 0.1918982 -0.07646137 0.984339 -0.09200346 0.1503733 -0.2181876 -0.08063191 0.9725701 0.9937134 0 0.111954 -0.8368468 -0.5197055 -0.1720278 -0.8468141 0 0.5318889 -0.8468173 0 0.5318841 -0.9743712 -0.2240535 -0.02002495 0.8097929 -0.1382583 -0.5701933 0.2010579 -0.2797312 0.9387898 0.5014178 0.8385392 -0.2131487 -0.1709835 9.45083e-4 0.9852734 0.3182876 0.3764104 0.8700623 0.08408778 0.4096621 0.9083536 -0.1341511 -0.06134474 0.9890604 -0.214816 0.01087427 0.9765941 -0.001444399 -0.128507 0.9917076 0.01170545 0.1453296 0.9893141 8.52216e-4 -0.2711101 0.962548 -0.003198802 0.8307859 -0.556583 -2.11465e-4 -0.144518 0.9895021 -1.03464e-4 -0.1721311 0.9850741 0.2161757 0.02217483 0.9761027 0.1082656 0.00469774 0.994111 0.1157502 0.0015257 0.9932773 0.2425146 0.002388954 0.9701449 -0.01064735 -6.93275e-4 -0.9999431 2.45163e-6 -0.007653415 -0.9999707 0.1616162 0.9833024 0.08364605 -0.1698994 0.01961225 0.9852663 0.09898835 -0.05470615 0.9935837 2.0368e-7 3.81684e-7 -1 -0.09181481 0.2168742 0.9718722 -0.01064699 -6.49712e-4 -0.9999432 -1.42275e-6 -0.007654011 -0.9999707 0.3471838 0.8450742 -0.4065872 0.5716668 0.8081519 -0.1417309 0.7071059 1.00528e-6 -0.7071078 0.7224041 0.6111204 -0.3235185 0.02363479 -0.9928632 -0.1168932 1.34701e-4 7.45892e-5 1 8.42213e-5 -4.26593e-5 1 -0.2172031 0.5214446 -0.8251779 0.1145975 0.4359414 -0.8926492 -0.696941 -0.2352178 0.6774554 -0.9925259 0.07750225 -0.09426516 0.9913697 0.01338648 -0.1304108 0.9930527 0.09268772 0.07249528 0.9993523 0.03567218 0.004748761 0.9996768 0.01652491 -0.01931893 0.9987724 0.02403271 -0.04331707 0.3743619 -0.8074925 -0.4558609 -0.9958768 0.02124577 -0.08819407 0.9784606 -0.08154088 0.1896473 0.9938353 -0.1019007 -0.04367679 -0.9980075 0.03461325 0.05275279 -0.9990767 -0.002512574 -0.04289191 -0.9985433 0.05044245 0.01915729 -0.9992941 0.02498459 -0.02805691 -0.9996815 0.02078092 -0.0143249 -0.8694133 0.4939697 -0.01070171 0 0.8976671 -0.4406744 0.4267691 0.8931021 -0.1422563 0.3062908 -0.457038 -0.8350463 0 0.7862212 -0.6179453 0.07514035 -0.9675253 -0.241348 0.6170333 -0.7855932 -0.04597347 0.007184088 -0.006148099 -0.9999553 -0.473237 0 0.8809351 -0.2859688 -0.8622432 0.4180414 0.04686367 -0.9891182 -0.1394603 0.2214197 0.9612645 -0.1641459 0.005715191 -0.003506124 -0.9999775 -0.9965391 0.02264857 -0.07998132 0.6982029 0.1315827 -0.7037037 0.7076694 0 -0.7065437 0.1725697 0.101046 -0.9798007 -0.04554945 -0.2185473 -0.9747627 -0.001411974 -0.04664981 -0.9989103 -0.004860937 -0.04177826 -0.9991151 0.2462536 0.001211524 0.9692047 0.2511695 -0.001373529 0.9679422 -0.1441679 0.1446229 0.9789279 0.001419663 -0.2301164 -0.9731621 -0.2503992 0.3317557 -0.9095265 0.01057881 -0.05776166 -0.9982745 0.07160723 0.01102828 -0.997372 0.06648957 -0.01637542 -0.9976528 0.06627631 -5.24156e-4 -0.9978012 -0.7959758 0.1056334 -0.5960406 -0.1267902 0.01287013 -0.9918461 0.9965741 6.53316e-4 -0.08270335 -0.1442136 -0.9762194 0.1618584 -0.03010243 0.9978094 -0.05890816 -0.3594805 0.9279032 -0.09884095 0 0.8976686 -0.4406715 0.5663815 0.7069464 0.4236023 0.3009908 0.6646071 -0.6838874 0.3538972 0.349812 -0.8674033 -0.7071138 0 0.7070999 0.3600453 0.0206443 -0.9327064 0.06434535 0.9911249 -0.1163234 0.7070937 0 0.70712 0.7070938 -1.27324e-5 0.7071198 -0.9899812 -0.1411994 -1.41121e-7 -0.9392706 0.3428159 0.0157566 -0.978102 -0.1774173 -0.1088097 0.9956159 0.001396059 0.09352642 0.9957456 0.05524414 -0.07374835 0.9844756 0.1752853 0.009106695 0.9656214 -0.1193519 0.2309344 0.9943559 0.006951332 0.1058685 0.9773999 0.09587121 -0.18841 -0.9846591 0.17393 0.01396077 -0.9968466 -0.07497131 -0.02600616 -0.9793134 -0.0615701 0.1927547 0.9778244 -0.1801124 -0.1068602 -0.9796513 0.08764898 0.1805576 -0.9999725 0.007157385 -0.001966774 -0.9848199 -0.04483681 0.1676886 -0.826083 -0.5328345 -0.1835057 -0.7362968 0.1287078 0.6643052 0.3860482 -0.9161157 0.1081609 0.4099779 -0.9117226 0.02608162 -0.0516051 -0.203315 0.9777526 -0.09208571 -0.2019567 0.9750558 0.7366915 0.1291869 0.6637743 -0.6539855 -0.7536705 -0.06545192 -0.3983199 0.8454463 -0.3557554 -0.8933814 -0.4194369 0.1610668 -0.4932734 -0.8517351 -0.1767165 0.08930069 -0.05812001 0.9943076 -4.56218e-5 -1.22648e-4 1 -0.7865141 0.5856215 -0.1960691 0.172135 -0.02419596 0.9847762 0.07398492 0.06677848 0.9950211 0.3070346 -0.03212809 0.951156 0.115885 5.74941e-4 0.9932625 -0.7977483 -0.6010711 -0.04807657 -0.01951754 -0.1038424 0.9944022 -0.02917003 -0.1157504 0.99285 0.2847164 0.2531012 0.9245952 0.1873238 -0.2698339 0.9445103 -0.4237011 -0.1010289 0.9001503 -0.4311666 0.08416289 0.8983384 -0.2183361 -0.9693088 -0.1130041 -0.3302248 0 0.9439024 0 0.9660152 0.2584854 -0.7425211 0.6696815 0.01375395 -0.9641528 0 0.265348 0.1427298 -1.62313e-6 0.9897617 0.4743929 -0.7857083 0.3970062 0.9054171 -0.410121 0.1096398 2.26958e-4 -5.13737e-5 1 0.6571657 0.04623955 0.7523265 -0.02413713 0.9940382 -0.1063274 0.1545614 0.08876389 0.9839878 0.2271068 -0.1098275 0.9676572 0.7071129 0 -0.7071007 0.7071096 0 -0.7071041 0.1119505 0 0.9937138 0.8975555 -0.3795264 0.2243965 0.8180682 0.108026 -0.564885 -0.6785702 0.1296528 0.7230026 0.00385487 -0.001645743 -0.9999913 -0.3302153 0 0.9439057 0.6648308 0.6825462 0.3035305 0.004067659 -0.9966964 0.08111536 0.09026628 0.007360816 0.9958905 0.4139603 0.7991599 -0.4358673 0.7067641 0.08909875 0.7018163 -0.8091886 -0.5809288 0.08795249 0.9939588 -0.1004593 0.04420298 0.4483787 0.7508954 -0.4848844 0.567583 0.8134546 -0.1270475 0.1288608 0.05665129 0.9900433 -0.2378221 0.004708409 0.9712973 -0.4510419 -0.8923481 0.01661348 0.009406805 -0.8494979 -0.5275081 0.02333068 -0.8308179 -0.5560553 0.1854727 -0.8487209 -0.4952504 0.2188307 -0.9629332 -0.1577112 0.3646667 -0.9307074 0.02831935 -0.01983124 -0.9044159 0.4261911 -0.008275687 -0.9183288 0.3957322 -0.9918035 0 -0.1277723 0.6454514 0.7629989 -0.03500437 -0.9864504 -0.1640587 -5.72136e-4 -0.9466277 -0.3155487 -0.06576514 0.01710367 0.8528791 -0.5218283 0.8278411 -0.5518921 0.1004703 -0.8475435 0.02679848 -0.5300489 -0.4605625 0.1735345 -0.8704988 -0.5517059 -0.1872662 0.8127436 0.01324462 0.9024652 0.430559 0.6708835 0.6780387 -0.3002981 -0.4403914 0.7549389 0.4859246 0 0.7203746 -0.6935853 -0.7004307 0.1231565 -0.7030146 -0.004653453 0.004046559 -0.999981 -0.009406626 0.9606817 0.2774928 0.7685781 -0.6393224 -0.02355206 0.07184767 0.9439781 0.3220922 0 0.7495482 -0.6619498 -0.7932547 0.3179991 -0.5192531 0.1926549 0.973128 0.1261199 0 1 -8.89077e-5 0 1 8.27233e-5 0 0.6876822 -0.7260118 -0.03594523 0.8960878 -0.4424191 -0.04016131 0.9202647 -0.3892301 0.3492526 0.5644228 0.7479637 0.01568782 -0.4508576 -0.892458 -0.1035639 0.9155259 -0.3886989 0.02210152 0.5635132 -0.8258113 0.01198863 0.9963806 0.08415579 0.2189671 0.7554394 -0.6175475 -0.01453661 0.9032792 0.428807 0.1819883 0.8446944 0.5033605 0.1820007 -0.01063138 0.983241 0.1779107 0.006886065 0.9840226 0.7654808 0.6434345 -0.005597949 1.26541e-7 -3.81807e-7 1 2.63186e-7 -2.9362e-7 1 0.01792895 0.9925538 0.1204806 -0.03919351 0.8111178 -0.5835682 0.1202515 4.00174e-7 -0.9927435 0.1273805 -0.006052851 -0.9918355 -0.7070887 0 0.7071249 -0.7070889 0 0.7071248 0.8596229 0.02300763 0.5104107 -0.7071097 -3.4432e-6 0.7071039 -0.7071156 -2.64016e-6 0.707098 -0.9019907 0.2107201 0.3768422 0.2129272 -0.9770681 2.73877e-4 -0.5395156 0.8191529 0.1947088 -0.1967263 -0.6268805 -0.7538699 -0.06500524 0.9719264 -0.2261273 0.2382011 -0.07732433 -0.9681328 -0.8302251 0.5369883 -0.1495659 -0.999949 -0.008603453 -0.005280792 0 -7.15256e-7 1 0.3743775 -0.8074862 -0.4558591 -0.7070895 0 0.7071241 -0.7070889 6.38837e-6 0.7071248 0.1759692 0.2123003 -0.9612302 -0.06619685 0.4638593 -0.8834322 -0.1015179 0.5644239 -0.8192191 -0.1610471 0.4543356 -0.8761524 -0.9936825 0.110732 -0.01826 -0.1427284 -4.18059e-7 0.9897619 -0.7071087 -7.97107e-7 -0.7071049 -0.7071074 3.13728e-6 -0.7071063 0.9918038 0 -0.127771 -0.07151639 0.1451402 0.9868232 0.172167 0 0.9850678 0.8978545 0.3724041 -0.2348887 0.7776524 -0.3588445 -0.5162243 -0.009506762 -0.7116381 0.7024819 -0.8504688 0.1505216 -0.5040298 -0.7074748 0.07367587 0.7028878 -0.4352984 -0.2906468 0.8520796 0 0.9859421 0.1670875 0.1369585 0.9219949 0.3621711 -0.3987544 -0.7912653 -0.4635668 -0.974756 -0.2024677 -0.09411561 0.290369 -0.9559971 -0.0418998 -0.09416896 0.955798 0.2785365 -0.7070927 0 -0.707121 -0.7070927 1.17606e-5 -0.707121 0.3368313 -0.8767754 0.3432341 0.008083999 0.9765372 0.215197 0.5823996 0.333019 -0.7415586 0.7567657 0.1258114 0.6414651 -0.999773 0 -0.02130907 0.3577756 -0.1335207 -0.9242126 0.3820478 0.2376087 -0.8930743 0.3962343 0.916291 -0.05838954 -0.298482 -0.6902379 -0.6591511 -0.7544759 0.4189953 0.5051821 0 0.8976678 -0.4406731 0.6203733 0.5156303 0.5909843 0.9050601 0.2969793 -0.3044167 0.9401959 0.2178676 -0.2618502 0.7070895 -5.21914e-7 -0.7071241 0.7070894 0 -0.7071242 0 2.63356e-7 1 0.3558027 -0.8935582 -0.2737852 0.8438276 0.5364537 -0.01312899 -0.1910712 -0.9601548 0.2039479 -0.9988105 0 0.04876232 0 0.9958962 -0.09050256 0.66481 0.6825641 0.3035359 0.09026604 0.007360875 0.9958906 0.9869005 -0.1518262 -0.05455636 0.9991654 0.009473204 -0.03973436 0.1120157 0 -0.9937065 -0.2691532 0.9585892 0.093077 0.01386326 -0.9736505 -0.2276239 0.8377033 0.5459709 -0.01300662 0.9998937 0 -0.01458775 -0.1721696 0 0.9850673 -0.9599373 4.88147e-6 0.2802148 0 0.9378655 0.346999 0.8485278 0.5289858 -0.01322287 -0.01061302 -0.9726215 -0.2321527 -0.3147192 0.836767 0.4480769 3.64806e-6 -4.76835e-7 1 -0.707095 2.31044e-6 -0.7071186 -0.7071034 3.20932e-6 -0.7071102 0.7071071 0 0.7071065 0.7071069 0 0.7071067 0.9053907 0.4233514 -0.03226822 0.9988102 0 0.04876673 -0.997547 0 -0.07000088 0.006374776 -0.006267905 -0.9999601 0 -7.22509e-7 1 0.707114 0 -0.7070997 0.06423175 0.1701766 -0.983318 -8.71163e-7 -2.30547e-7 1 0.9980553 0 0.06233561 7.08786e-5 0.04551768 0.9989635 0.6608247 0.1846594 -0.7274693 -0.4552136 -0.8759452 -0.1596894 -8.71164e-7 -2.30547e-7 1 0.9869025 -0.1613168 7.61818e-4 0.5466192 -0.8170037 0.1836094 0.9899809 0.1412017 0 -0.9740481 0 0.2263415 -0.1669961 -0.9784578 0.1213783 0.026753 0.02641576 -0.999293 -0.8695012 0.4904964 -0.0581451 -0.9263789 0.2924612 -0.2372525 0.9780901 0.06283193 -0.1984745 0.7845297 0.5513567 0.2837587 0.8883249 -0.4421117 0.1241627 0.8275584 0.06357359 -0.5577685 0.5307505 -0.08125209 -0.8436245 -0.7548305 0.4733737 0.4540356 -0.97825 0 0.2074294 -0.01306056 0.9636129 -0.2669828 0.4185302 0.9081429 0.01044166 -0.02667695 -0.9973801 -0.06724107 -0.9686599 0.01462286 0.2479604 0.8950446 -0.4186687 0.153661 0.8723786 -0.4140105 0.2599056 -0.6275617 -0.6434897 -0.4382779 0.6720364 0.6319904 0.3859471 0.2324714 -0.1144587 -0.9658448 -0.1195569 -0.2541311 -0.9597519 -0.06205064 -0.01809656 -0.997909 -0.1119778 0 -0.9937108 -0.1119783 0 -0.9937106 0.9839295 0.1453396 -0.1037272 0.97825 0 0.2074293 -0.9988105 0 0.0487622 0 -0.9833729 0.1815977 -0.6630774 0 0.7485509 -0.02857971 -0.1022363 -0.9943495 -0.9178594 0.3109486 0.2466681 0.006089389 -0.01715594 -0.9998344 0.9988102 0 0.04876691 0.3966692 -0.08053767 -0.9144219 0.357981 -0.1156474 -0.9265395 0.3088258 0.7032908 -0.6403192 -7.30307e-4 -0.9534607 0.3015165 -0.02023804 -0.03133404 -0.9993041 0.7567636 0.1258122 0.6414673 0.4269284 0.7895619 -0.4408224 0.5042032 -0.8350691 0.2200883 0.8303631 -0.5427702 -0.126087 -0.924848 0.3799895 0.0162518 -0.006510794 -0.006502866 -0.9999577 0.2553122 0.9522702 -0.1673238 0 3.8147e-6 -1 0 3.8147e-6 -1 -0.2170826 -0.9637284 -0.1552504 0 4.29152e-6 -1 0 4.29157e-6 -1 0.344142 -0.8745672 -0.3416117 -0.7075574 -6.75649e-7 -0.7066559 -0.5914816 -0.7054985 -0.3904121 0.00389105 0.007053494 -0.9999676 2.66753e-4 0.9999536 -0.009638905 -0.01352465 0.6232097 -0.7819378 -0.03985041 0.6708925 -0.7404831 0.009576261 0.005900025 0.9999368 -0.003570258 -0.7915175 -0.6111361 0.8632491 -0.5045594 0.01485973 -0.06222873 0.9827311 -0.1742622 -0.9906201 0 -0.1366457 2.34573e-7 -1.13256e-6 1 -0.80789 0 0.5893333 0.1395506 0.9394419 0.3130092 -0.1559073 -0.0669099 -0.9855029 -0.171011 -0.09066194 -0.9810891 0.004522442 0.002427637 -0.9999869 0.6263892 0 0.7795106 0.002374827 -0.001830995 -0.9999956 0 1 7.90446e-7 -0.9875946 -0.006676852 -0.1568836 0 0.9670754 0.2544904 0.6648748 0.6824938 0.3035522 0.7071347 0 0.7070789 0 0.9660158 0.2584834 -0.6263267 3.77716e-6 0.7795606 0.6936346 0.1448793 -0.7056069 0.9011953 0.01610302 -0.4331142 -0.989982 -0.1411944 0 -0.3808445 0.9242793 -0.02579391 -0.0831198 -0.1888337 -0.9784851 -0.1201743 -0.9645192 -0.2350769 0.9891245 0.1049605 -0.1030347 0.8636962 -0.007928013 0.5039506 0.1265431 0.5145925 -0.8480457 0.7491928 0.2786586 -0.6008824 7.14652e-7 0.9516957 -0.3070428 -0.001305282 6.02093e-4 -0.9999991 -0.131002 -0.02289855 0.9911176 0.09088206 0.06705611 0.9936016 -0.1721694 -2.31057e-7 0.9850674 -0.6630727 0 0.7485551 -0.304221 0.9386286 0.1625609 -0.2737982 -0.5921204 0.7579104 -0.4251211 -2.16e-7 0.9051366 0 0.8976683 -0.4406719 0.6322832 0.284955 0.7204295 -0.2797506 -0.6469231 -0.7093872 -0.7399458 0.4636743 0.4873259 0.3898717 0.6511504 0.6511554 -0.8467272 0 -0.5320273 -0.8467321 0 -0.5320197 -0.3695104 0.6202164 0.6919493 -0.3860809 0 0.9224649 0.4743924 -0.7857088 0.3970057 0.8607378 0.1734454 -0.478589 0.9566337 0.1418192 -0.2544394 -0.05973505 0.03969883 -0.9974246 -0.2095344 -0.9003283 -0.3814503 -0.7446042 -0.3498852 0.5684585 0.006893873 -0.7732903 0.6340146 0.07654094 -0.7344666 0.6743147 5.7886e-5 -0.2436864 0.9698541 5.9665e-5 -0.2437019 0.9698502 -1.79694e-5 -0.2433589 0.9699364 4.13283e-5 -0.2435373 0.9698915 -0.007703304 0.01002323 0.9999201 -0.02053147 -8.08378e-4 0.9997889 0.3399897 -0.09626889 -0.9354888 0.4062534 0.5644207 -0.7186011 -0.0851742 -0.6685248 -0.7387963 -8.3592e-5 -0.1628273 -0.9866546 2.59332e-5 -0.1623401 -0.9867349 5.09248e-5 -0.1622603 -0.9867481 -0.001836895 -0.7551186 -0.6555856 0.5324946 -0.8312786 -0.1594533 -0.7141911 0.08077126 -0.6952749 -0.4340075 0.5495561 -0.7138807 -0.1175086 -0.1216887 -0.985588 -0.2590346 -0.3382382 -0.9047077 -0.8438569 -0.1608487 0.5118917 -0.906477 -0.1444967 0.396762 0.7219129 0.04796987 -0.6903193 0.3660933 -0.0511434 0.9291718 0.8363474 0.0224595 -0.5477397 0.2967308 -0.1526222 -0.9426862 -4.14626e-7 0 -1 -0.176185 0.1999406 -0.9638375 0.01448595 5.23421e-4 0.999895 -0.0134418 0.002248704 0.9999071 -0.1986196 -0.9392699 0.2798615 0.01350903 0.005017101 0.9998962 -0.2200902 0.0440495 0.9744845 0.2691406 0.05264776 0.9616608 0.1632192 0.1304557 0.9779268 -0.9165406 0.3534672 -0.1871215 -0.9715383 -0.04243505 0.233051 0.3031481 -0.9094391 -0.2846432 -0.3955602 -0.7849273 -0.4768873 -0.9565426 -0.2845415 -0.06373822 -0.9925698 0.1208336 -0.01430201 0.7837524 0.6171951 -0.06929963 -0.9936831 0.1107261 -0.01826959 -0.3619725 -0.9142202 -0.182147 -0.9975609 0 0.06980198 0.6617557 -0.6092755 -0.4368786 6.54686e-4 0.9576854 0.2878163 -0.3413922 0.3131822 -0.8862102 0.1229622 0.001589655 -0.9924102 -0.7764834 -0.2640863 -0.5721294 -0.9975609 0 0.06980204 0.6614614 0 0.7499793 0.5013049 -0.8062702 -0.3140411 0.6263923 0 0.779508 0.008974492 0.007167637 -0.9999341 0.1909947 -0.1958985 0.9618445 0.1146629 0.1108979 0.9871951 0 -0.9883395 0.152267 0.9289464 0.09137719 -0.3587604 -0.6263294 0 0.7795587 0.03286951 -0.08927375 0.9954647 0.03283637 0.09942251 0.9945034 -0.03285831 -0.09258544 0.9951625 -0.0328477 0.09596753 0.9948424 -0.9654621 0.2574512 -0.04002285 -0.005443334 0.9856598 -0.1686565 -0.004032969 0.9914795 -0.1302008 0.1322742 0.9028151 -0.4091804 -0.001323997 0.9934906 -0.1139072 -0.1824034 -0.06566506 -0.9810286 0.2024586 0.5020958 0.8407797 0 0.9866289 -0.1629828 0.002098619 0.9878039 -0.1556895 0 0.9868784 -0.1614655 0 0.9868797 -0.1614575 0.9969334 0.0255658 0.07396143 0.9924004 0.04154765 0.1158241 0.9964697 0.02414065 0.08040773 -0.9921143 0.103556 0.0706095 0.3503841 0.2011038 0.9147614 0.05302995 -0.1855694 0.9811993 0.6213532 0.3570241 -0.6974626 -0.3490256 -0.3459633 0.8709138 0.07956123 0.1517085 0.9852181 -0.002703905 0.07781523 0.9969642 -0.208667 0.6295592 0.7484073 -0.2093558 -4.91548e-7 -0.9778395 -0.551092 1.2153e-6 -0.8344445 -0.008463025 0.007291615 -0.9999376 0.1601871 -0.04665613 -0.9859834 -0.3550898 -0.1304243 -0.9256894 0.4372045 0.5146627 -0.7375463 -0.08473634 0.1348179 -0.9872406 4.22173e-4 -0.1061059 -0.9943548 -0.06444442 0.09014427 -0.9938416 0.08795517 0.009522616 -0.996079 -0.9839847 0.04179275 0.1732842 -0.9922947 0.06679248 0.1043553 -0.9967038 -0.08031105 -0.01147484 -0.9880453 0.1466973 0.04739552 -0.001336395 0.9996817 -0.02519601 -0.002150475 0.999738 -0.02278983 0.04392808 0.9986363 0.02821511 -0.02927553 0.9995181 0.01032775 -0.9692579 -0.2052778 -0.135648 0.2220373 0.8363299 -0.5012502 0.6453226 -0.415978 0.6407192 0 -3.19039e-7 1 0 -4.68775e-7 1 0.5510982 7.95759e-7 -0.8344405 -9.51742e-4 0.001866936 -0.9999979 0.8078939 0 0.5893281 -0.002977907 -0.001646399 -0.9999942 -0.7295475 -0.5765526 -0.3678963 -0.4364771 8.58027e-7 -0.8997154 -0.9899808 -0.141202 0 -0.2758923 0.9597959 -0.05172365 0.6279404 -0.776581 0.05111664 0.309484 -0.8055935 0.5052117 -0.005806088 0.003203749 -0.999978 0.3870772 0.01731598 -0.9218847 0.004927039 0.004768371 -0.9999766 0.003411948 0.001590311 -0.9999929 0.3744878 -0.8074718 -0.4557941 0.6372376 0.1067932 -0.7632324 0.4364885 8.58003e-7 -0.8997098 0.04040408 -0.115765 -0.9924545 0.0121352 -0.9988978 -0.04534244 0.06008905 -0.9835491 0.1703542 0.8873211 0.3198935 -0.3321588 0.352041 -0.06284856 0.9338722 -0.005162835 -0.006481528 -0.9999657 0 4.02273e-7 -1 -0.1631329 -0.1665948 -0.9724372 0.5540811 0.2028869 -0.8073606 0.1253899 0.1320394 -0.9832818 -0.3598475 -0.1278087 -0.9242157 0.7910006 0.6085186 -0.06342959 0.462032 0.1641765 0.8715346 0.4130649 0.8290254 -0.376954 0.2430225 -0.072106 -0.9673371 0.6648305 0.6825467 0.3035302 0.02624011 0.08241975 -0.9962522 -0.7368774 0.6737074 0.055947 0.9731705 2.4744e-7 0.2300852 -0.996276 0.08452445 -0.01702535 0.9621391 -0.2697193 -0.03924351 -0.6169552 0.6246299 -0.4787524 -0.8640958 -0.1000481 -0.4932839 -0.1721696 -2.31057e-7 0.9850673 -0.9887294 0.132313 0.07005304 -0.9204003 -0.3505138 0.1732156 -0.9940103 -0.1053088 -0.02922028 0.9451907 -0.08009088 -0.3165439 0.9941782 -0.005272746 -0.1076186 0.3069944 0.005934834 -0.9516929 0.5136626 0.348681 -0.7839466 -0.01049506 -0.007221996 -0.9999188 -0.9918038 0 -0.127771 0 -0.002506017 -0.999997 -0.002348124 -0.06025308 -0.9981804 0.003947377 -0.07660984 -0.9970534 0 -0.002506017 -0.9999969 0.04853314 -0.04017239 -0.9980134 0.01573461 -0.004586815 -0.9998657 0.007228791 0.005148231 0.9999607 0.08072394 -0.1637973 -0.9831858 -3.15088e-4 -0.005990207 -0.9999821 -0.1504632 -0.09876596 -0.9836697 0 0.003315985 -0.9999945 -0.7070883 -1.07665e-5 0.7071253 0.2849555 0.3216999 -0.902945 0.01979553 -0.131215 -0.9911563 0 -0.2068312 -0.9783766 -0.00601238 -0.525151 -0.8509878 -0.001704633 -0.4015372 -0.9158412 0 -0.3619078 -0.9322139 -0.066895 -0.1033101 0.9923971 -0.03251302 -0.2100846 0.9771425 -0.58713 0.4585584 -0.6670851 0 2.97214e-7 -1 -0.9937134 0 -0.1119544 -0.9937135 0 -0.1119533 0.9999822 -0.004642605 0.003734409 0.9947244 -0.08663082 -0.05494081 0.3580917 -0.2437611 -0.9013051 -0.5542142 0.09615182 -0.8268018 -1 1.25206e-6 -7.95059e-7 -0.9782877 0 0.207252 0.08037525 -0.144838 -0.9861856 0.368467 0.9278632 0.05746269 -0.4176505 -0.002048313 0.9086054 -0.4115646 -1.02694e-4 0.9113807 0 -3.56954e-7 1 0 -3.17323e-7 1 0.5320187 0 0.8467326 0.5320207 0 0.8467315 -0.7071129 0 0.7071007 -0.7071096 0 0.7071041 -0.8927925 -0.3503066 0.2832083 0.8060011 0 0.5919141 -0.5620278 0.8222658 0.08946335 0.824392 -0.3734296 0.4253568 0.3580752 -0.2437611 -0.9013116 -0.5542138 0.09615957 -0.8268013 0 0.9660158 0.2584832 -0.2910929 -0.8976189 0.3309765 -0.964149 0 0.2653617 0.9975472 0 -0.06999874 -0.9899818 -0.1411949 0 0.964808 0.1285035 0.2294176 0 0 -1 -2.39149e-7 -2.8081e-7 -1 0.5319189 0 -0.8467954 0.5952418 0 0.8035466 -0.07475131 0.8879224 0.4538791 -0.9872975 -0.1106731 -0.113996 1.84039e-4 -2.86807e-4 1 -0.9851886 -0.1641992 -0.04941809 -0.2841424 9.14357e-7 -0.9587822 -0.9525113 -0.02781444 -0.3032306 -0.9906196 0 -0.1366491 0.7837519 0.6171959 -0.06929838 -0.2862989 -0.8632421 0.4157477 0 -0.9976146 -0.06902951 0.001710593 -0.05138868 0.9986774 -0.9731708 0 0.2300843 0.04353034 -0.9306641 -0.3632761 0.3976864 -0.658657 0.6387616 0.7614543 0.2817631 -0.5837782 0.4875239 -0.8522844 0.1895564 0.03759795 -0.00120759 0.9992923 0.1455339 -0.9885303 0.04034459 -0.2836456 -0.6066822 0.7426183 -0.4045634 -0.1864206 0.8953077 -0.9641947 0.1942303 0.1805637 -0.9844586 -0.1523736 -0.0873146 0.3417514 0.865393 -0.3664712 0.9740495 0.05734509 -0.2189502 0.02186077 0.7387066 -0.6736726 -0.02571994 0.9995104 -0.01782184 0.04318696 0.9976299 0.05356794 -0.2981932 -0.7862157 -0.5412446 0.5399047 -0.1202024 -0.8330993 -0.2070979 -0.9782438 0.0122261 -0.1963047 -0.980543 1.06967e-4 0.01249563 -0.02326786 0.9996513 -0.01513659 0.9939277 0.1089895 0.1480967 0.06745618 0.9866697 -0.9899827 -0.1411894 -1.20961e-7 -0.9938373 -0.03347426 -0.1056739 0.9999163 -0.01143747 -0.006054043 -0.9494669 -0.2524365 -0.1865164 -0.9749842 0.1436002 -0.1696611 -0.02579325 -0.08067584 -0.9964067 -0.03614592 -0.1118045 -0.9930727 -0.02867901 -0.08810544 -0.9956983 -0.04369533 -0.1063846 -0.9933646 0.05992841 -0.9809212 0.1849386 0.9641197 0 0.2654684 -0.982661 -0.1640843 -0.08633631 -0.997793 2.65752e-4 0.06640195 -0.9899805 -0.1412045 -1.41121e-7 8.07079e-5 3.83263e-4 1 0.05162996 -0.9744837 0.2184399 -0.003847837 -0.9262048 -0.3770013 -1.82417e-6 -0.9600757 -0.2797402 0.006988823 -0.9110677 0.4121975 -1.84311e-6 -0.9698847 0.2435644 -0.3893144 0.9206623 -0.02855676 0.9731703 -2.062e-7 0.2300865 -0.04398649 -0.9868126 -0.155776 -0.425296 -0.09566587 -0.8999842 0.9850822 0.1662306 -0.04450559 0.4825677 0.5645493 -0.6696361 0.5183084 -0.7557957 -0.4001618 -0.1268506 -0.9751623 0.1815697 -0.1566051 -0.9751685 -0.1565923 0 2.85905e-7 -1 -0.9899809 -0.1412014 0 -0.1314149 0.9894042 0.06172215 0.01136153 0.9817413 0.1898813 -0.99062 2.59568e-6 -0.1366457 0.2121706 0.9772326 -1.10606e-4 -0.03548449 -0.1866406 0.9817873 -0.1041928 -0.9925299 -0.06346946 -0.0726372 -0.2264317 0.9713149 -0.0106129 -0.972622 -0.2321503 -0.45456 0.8669875 0.2042251 -0.1427302 -6.14815e-7 0.9897617 -0.7070934 -1.07888e-5 -0.7071202 0 -3.04717e-7 1 0 -3.2853e-7 1 0.8467272 0 0.5320273 0.8467321 0 0.5320197 0.1831706 -0.3393785 0.9226434 -0.06350803 -2.84711e-7 0.9979814 -0.9999997 4.28061e-4 6.51429e-4 -1 -1.50769e-4 1.46516e-4 -0.9750277 0.1308765 -0.1794221 0.8406017 -0.02357316 0.5411407 0.9815446 0.189836 -0.02308219 0.177286 0.7988193 -0.5748544 0.9775392 -0.05845439 -0.2024851 -0.8002818 -0.594848 -0.07553207 0.1476005 0.9890465 -0.001040101 -0.2242987 0.9610038 -0.1617465 2.77242e-4 0.9999921 0.003979742 -0.1205806 0.9887825 0.08814555 0.01713848 0.9993675 -0.03116124 0.181544 0.9785054 -0.09782183 -0.1585738 -0.9856812 -0.05733102 -0.03194183 0.9774527 -0.2087247 -0.5698906 0.7463834 -0.34371 0.1873222 -0.2698396 0.9445089 0.04024732 0.9890773 -0.1417967 -0.01782023 0.9987026 -0.04770439 0.09389811 0.9850867 0.1441788 -0.07120269 0.9967501 -0.03767657 -0.1198205 0.9228659 0.3660078 -0.03220784 0.9859951 -0.1636353 0.5885655 0.8077511 0.03359657 0.9909303 -0.1343771 3.17429e-4 -0.03061628 0.975425 -0.2181944 -0.04878818 0.992273 0.1140789 -0.04541724 0.9892225 0.139198 0.143679 0.984781 0.09779024 -0.2496153 0.9402031 0.231755 -0.05824369 0.9983025 -3.05292e-5 -0.01110082 0.9986101 -0.05152529 -0.09666889 0.1417038 -0.9851778 0.5739768 -0.7351188 -0.3607647 0.3290505 -0.9428353 0.05279541 0.003127515 0.9995324 0.03042095 0.9869079 -0.1143579 0.1137332 0.3354086 0.8456802 0.4151216 0.887299 -0.1475943 -0.4369398 -0.1299016 0.9913538 0.01852786 -0.2546751 0.8385842 -0.4815778 0.005602717 0.9988619 -0.04736739 0.3197945 0.93557 -0.1498018 0.2067688 0.9773126 0.04590052 -0.07592821 0.9967372 -0.02738732 -0.01243644 -0.9988234 -0.04687547 -0.6732616 -0.2270743 -0.7036734 0.9641199 0 0.2654677 0.9740988 0 0.2261228 0.7071063 -5.50252e-7 0.7071074 0.9997732 0 -0.02130377 0.9918038 0 -0.1277711 0 -4.29133e-6 1 0 -4.29145e-6 1 0.4731603 -1.19396e-6 0.8809764 -0.999773 0 -0.02130901 0.831314 -0.4604122 -0.3113481 0.0411852 0.003581225 0.9991452 0.04396134 0.006096661 0.9990147 -6.96932e-7 -2.0099e-7 1 -2.07952e-7 3.81684e-7 -1 0 -0.9901261 0.1401798 0.04019308 -0.9950186 0.09122854 -0.4364761 -4.52273e-7 -0.8997159 0.7070984 -1.52348e-6 0.7071152 0.7071 -3.99628e-6 0.7071135 0.5556686 0.7686048 0.3169847 -0.1269547 -0.9286671 0.3485111 -0.0124073 -0.9179494 0.3965036 -0.1991714 -0.9798846 0.01252627 -0.1525083 -0.9873401 -0.04359745 -0.1608228 0.9863682 0.03484171 0.6309241 -0.1710715 -0.7567493 0.4321026 -0.8916399 -0.1351506 0.1081264 0.01464247 0.9940294 -0.05634409 -0.08197879 0.9950402 0.05188512 0.8825411 0.467364 0.9321871 0.3255938 -0.158164 0.154374 -0.9805804 -0.1209582 0.116287 -0.9930275 0.01933372 6.26047e-5 -1.20213e-4 1 0.9994776 -0.003957569 0.03207653 0.9376425 0.06230604 0.3419715 -0.8020107 0.596053 -0.03872728 -0.9988105 0 0.04876214 -3.10717e-4 -0.1580777 0.9874267 0.01126897 -0.1505025 0.9885455 -0.9735026 0.1305518 0.1877468 -0.9843468 -0.1740732 0.0275709 -0.9953644 0.0923351 0.0269072 0.9778231 -0.1801165 -0.1068647 -0.9999185 -0.008812665 0.009240567 -0.9995605 -0.01952874 -0.02230393 -0.8507829 0.5252513 -0.0167244 0.9992892 2.15786e-4 -0.03769767 0.9992523 4.96048e-5 -0.03866434 -0.9979132 9.97576e-5 0.06457042 0.8514554 0.5243819 -0.006881177 0.9943469 0.01306718 -0.1053729 0.216968 0.9725528 -0.08405995 -0.657815 -0.3988439 -0.6389077 0.7071156 0 -0.707098 -0.04419517 -0.988919 -0.1417255 0.3502687 -0.8303534 0.4333879 0.006802916 -0.9998011 -0.01875174 0.09574502 -0.993755 0.05730652 0.2834911 -0.9312499 -0.2289243 0.04356616 -0.9956203 -0.08271908 0.005837678 -0.9991691 -0.04033565 -0.02327227 -0.9670277 -0.2536056 -0.07076668 -0.9974922 -0.001225411 0.2047429 0.9706022 0.1265377 -0.001180469 -0.9999941 0.003254473 -0.5766074 0.7251487 0.3764086 -0.1420109 0.9895645 0.02439486 -0.191503 0.9536513 0.232112 0.002799093 0.998495 0.05477279 -0.02098351 -0.02943414 -0.9993466 0.1741282 -0.9831923 -0.05488318 -0.6996572 0.5874351 0.4066938 0.1079599 0.9811303 -0.1603994 -0.02726602 -0.9968931 0.07389718 -0.2700225 -0.9606389 -0.06527566 0.1228326 -0.9893254 -0.07840549 0.005252242 -0.9980571 0.06208509 0.08761477 -0.9782924 0.187797 -0.04064393 -0.9855518 0.1644261 -0.03290319 -0.9769421 0.2109541 0.04601258 0.9907186 -0.1279042 0.9749977 -0.2211876 -0.02134501 0.9940721 0.03316807 -0.1035404 -0.04689747 -0.08987647 -0.9948482 -0.002845048 0.04906094 0.9987918 0.02780699 0.09206873 0.9953643 -0.1437626 0.1017127 -0.9843713 0.08838915 0.04554325 -0.9950444 0.06616389 0.03385674 -0.9972342 0.01728409 0.1756511 -0.9843008 -0.8676198 0.2672867 -0.4192778 0.02207553 0.02333772 -0.999484 0.04631489 -0.02879756 -0.9985118 1.84692e-5 0.02056884 -0.9997885 0.01535487 -0.4002392 -0.9162821 0.01760917 -0.536352 0.8438107 -0.5514134 -0.001407682 -0.834231 -0.4788034 -0.02386158 -0.8775979 -0.09630429 -0.1018435 -0.990128 0.9873508 -0.1538833 -0.03818982 0.9997527 -0.006972491 -0.0211156 -0.8310776 0.2309313 0.5059455 -0.0139386 -0.1048563 0.9943897 0.001314461 0.001061558 0.9999986 -0.01217079 0.1108384 0.9937639 -0.001214683 -0.001328289 0.9999985 -0.009038507 -0.1050179 0.9944294 -0.02976179 -0.2718307 0.9618849 -0.15484 0.6445498 0.748719 0.03506237 -0.1197147 0.9921891 -0.9743618 -0.07640463 0.2116166 0.01171892 0.111544 0.9936904 0.01769018 0.1292285 0.9914571 0.02634698 0.1623449 0.9863824 -0.006744682 -1.98521e-4 0.9999773 -0.01434999 7.33568e-4 0.9998968 0.02437096 -0.1505853 0.9882966 -0.3318761 -0.07783162 0.9401068 -0.1358014 -0.03184634 0.9902241 0.6440485 -0.257341 -0.7204008 0.8696749 0.4497352 -0.2034795 0.002415955 0.04713338 -0.9988858 -0.1411011 0.2426716 -0.9597922 0.1725665 0.1010386 -0.9798021 -0.04554796 -0.2185516 -0.9747619 -0.4193503 9.37755e-4 0.907824 -0.8230352 -0.2364767 -0.5164222 0.02673625 -0.04505884 -0.9986265 -0.1734334 0.2295453 -0.9577212 0.7071318 0 0.7070819 -0.05064684 0.1442364 -0.9882463 -0.009129106 8.79397e-4 -0.999958 -0.01777631 0.008083105 -0.9998093 -0.1699516 -0.9822403 0.07950252 0.1257265 -0.9041184 -0.4083661 0.857845 -0.2117589 -0.4682524 0.2177723 -0.9749209 0.04587447 0.1081559 -0.9810814 0.1605665 -0.6917793 -0.5998219 -0.4020636 -0.02467906 -0.9990449 -0.03606009 -0.6975325 -0.716519 -0.006998479 0.1532498 -0.9881595 -0.007442533 0.7150601 -0.2282829 -0.660739 -0.01337081 -0.9986687 0.04982268 0.01710748 -0.4970484 0.8675541 0.150108 -0.9833495 -0.102428 0.02153307 -0.9995961 -0.01854741 0.02616053 -0.3762701 -0.9261406 -0.04456418 -0.9895833 -0.1368908 -0.02862733 -0.9906736 -0.1332159 0.08923131 0.9958795 0.01617872 -0.02097272 -0.9899491 0.139861 -0.0107243 -0.9909906 -0.133501 0.09233838 -0.9854838 -0.1424621 -0.04307645 -0.9990412 0.007830023 0.009762406 -0.9922877 0.1235712 -0.05918568 -0.9980921 0.01758426 -0.5571327 -0.8299265 -0.02873015 -0.0308026 -0.9727175 -0.2299391 -0.04265058 -0.9788691 -0.1999911 0.02401089 -0.9642999 0.2637221 0.1431611 -0.9851838 -0.09443354 -0.1588817 0.9867414 0.03313761 0.3461213 0.9328911 -0.09957128 0.6323813 0.6481417 0.4242714 0.017587 -0.999395 -0.03000843 -0.01997691 -0.9997383 -0.01115244 0.09363448 -0.9952665 0.02602535 -0.1266375 -0.9903239 0.05675846 -0.1805208 -0.9835295 -0.009057223 0.005133986 -0.9995092 0.03090584 0.3199328 -0.7893739 0.523958 -0.1483719 -0.9886912 0.02180814 0.009721875 -0.9984131 -0.05546957 -0.01357364 0.9999073 0.001101255 -0.291048 -0.9560037 0.03671473 -0.8078907 0 0.5893325 -0.7070893 0 0.7071242 -0.7070895 1.04383e-6 0.7071241 0.5510982 0 -0.8344405 -0.3043036 -0.8550484 -0.419871 -0.3992829 0.7270901 0.558492 -0.5105277 0.6860828 0.5183163 -0.9599506 0.2770021 -0.04200774 0.1296284 -0.0806868 -0.9882743 0.02587479 0.9935499 -0.1104052 -0.06869578 0.9946959 0.07655841 -0.080666 0.9942296 0.07071495 0.02047371 0.9957764 0.08949995 2.02764e-4 0.9986324 0.05228 -0.9909487 -0.1027648 -0.08637243 -0.9908586 0.1330664 0.02219855 -0.1269742 -0.9290193 0.3475641 -0.0646519 -0.9249736 0.3744917 0.00933355 -0.9524917 -0.3044217 -0.2663866 0.7125497 -0.6490849 0.3165569 0.4861636 -0.8145163 0.06628292 0.8845611 -0.4616908 -0.008178591 -0.008917152 0.9999268 0.193243 0.02303159 0.9808806 -0.04430139 0.006781876 0.9989953 -0.006431639 0.0350551 0.9993647 -0.01061147 3.75106e-4 0.9999436 -0.007536351 -4.58031e-4 0.9999715 -0.1186088 -0.0105164 0.9928854 -0.05118376 -0.04688072 0.9975883 0.03177404 -0.03390407 0.99892 0.005178868 3.96425e-4 0.9999866 -0.4213173 -0.7519136 0.507068 -0.001718163 0.007649242 0.9999693 -0.01022762 0.04734271 0.9988264 0.06356191 -0.1034062 0.9926062 0.07368588 -0.004761517 0.9972702 -0.02111101 -0.04531377 0.9987497 0.02980273 -0.005447447 0.999541 0.6529961 -0.7572289 0.01415729 0.9901657 -0.003983318 -0.1398431 0.9930983 0.004119217 -0.1172123 0.8878333 0.1343847 -0.4401055 0.7064455 0.707643 0.01327276 0.9927058 0.005793094 -0.1204237 -0.001360058 0.1921071 0.981373 0.2285235 0.04182225 -0.9726397 -0.03372102 0.06091934 0.9975729 0.05595636 0.1008819 -0.9933236 0.1254263 -0.009629607 -0.9920562 0.178359 0.183436 -0.9667158 0.6795023 0.1723859 -0.7131338 -0.3656349 -0.4669877 -0.8051297 0.2884345 -0.0208612 -0.9572724 0.3594717 -0.007603824 -0.933125 0.07956546 -0.1165851 -0.9899886 0.1629846 -0.17512 -0.970963 0.1132377 0.01305818 -0.9934821 0.9662682 0.2520729 -0.05277365 -1 1.91582e-6 0 -0.1313382 0.9201322 -0.368927 -0.08296376 0.9185045 -0.3866091 0.1970528 -0.8988742 -0.3914019 -0.3131246 -0.8272564 -0.466476 -0.03834146 0.4796745 -0.8766084 -0.9206888 -0.09058952 -0.379639 -0.1279864 -0.9743394 -0.1851543 0.133343 -0.965461 0.2238412 -0.6441017 0.6726318 -0.3642795 -0.4258338 0.01436334 0.9046874 6.20799e-4 3.17856e-7 -0.9999999 0.7119531 0.6225495 -0.3248922 -0.9728783 -0.201155 0.1142135 -0.8751836 0.01764678 0.4834691 -0.9761368 0.1677559 -0.137895 -0.9983085 -0.01028949 -0.05722147 -0.9999595 0.002470612 -0.008670628 3.18699e-5 0.09426516 -0.9955472 -0.008287191 0.1043896 -0.994502 0.02460885 0.999633 0.01132702 -0.3789741 0.7820734 0.4947119 0.004826843 0.999953 -0.008422374 -0.02285337 0.9994177 0.02533978 0.09997189 -0.9949525 -0.008668363 0 -1 1.34998e-6 0.9951713 0.0893898 0.04054158 -0.9973918 -5.74855e-4 0.07217615 -0.981748 0.002601861 0.1901692 -0.01682156 -0.9997791 -0.01260614 -0.03178828 -0.999408 0.01315647 -0.007788956 0.002050876 -0.9999676 0.4372709 -0.7242183 0.5331999 0.6819135 0.5885167 -0.4343296 -0.8802489 0.4533808 0.1400277 0.3878549 0.77582 0.4976664 -0.5092356 -0.8282197 0.2339473 -0.9942664 0.1049432 -0.02052432 0.8085138 0.001182258 -0.5884761 0.03172487 0.9994917 0.003154814 -0.372641 -0.9201713 0.1200978 0.154737 -0.7983132 -0.5820246 0.9158644 0 0.4014879 -2.85639e-6 -1.17968e-4 1 0.01438915 0.9135099 0.4065621 0.131626 0.9267451 0.3518781 -0.2441854 -0.9338373 -0.2613837 0.6007654 0.7924497 0.1053789 0.09104007 -0.9425766 -0.3213426 -0.4537086 -0.7422537 -0.4931614 0.06797587 0.2151207 -0.9742189 0.005678296 0.9527014 -0.3038552 5.64778e-5 -1.24475e-4 1 0.0162791 -0.9964791 0.08224636 -0.08064383 0.9967164 0.007273733 -0.05593359 0.9984325 -0.001976668 0.04449617 -0.9897832 0.1354601 0.3359228 -0.9418457 0.009091138 0.03339034 -0.9921707 -0.120343 0.02793556 -0.993474 -0.1105854 -0.8670176 -0.001015245 -0.4982765 -0.8759318 2.2281e-4 -0.4824349 0.951031 0.3036655 -0.05768221 -0.9940847 0.1006423 0.04082643 -0.3108071 -0.7187412 -0.6219406 -0.7996404 0.1564962 0.5797277 -0.0636487 -0.2853803 -0.9562986 -0.2496781 -0.9683279 0.001401424 0.02332949 0.09190237 -0.9954947 -0.02099794 0.07498449 -0.9969636 8.49238e-4 0.005639433 -0.9999838 0.1107831 -0.05543369 -0.9922975 -0.01607233 0.02466171 -0.9995667 -0.002576887 -3.97358e-4 -0.9999966 -7.86064e-5 -0.01256054 -0.9999212 0.1141322 0.03704392 -0.9927747 8.09845e-4 0.006301939 -0.9999799 0.05111014 0.1348675 -0.9895446 0.01898485 0.151169 -0.9883256 -0.00720179 0.002277731 -0.9999715 -0.01658862 -0.00135082 -0.9998616 0.03626978 0.03769516 -0.998631 6.09282e-5 -0.003016114 -0.9999955 0.2637382 -0.01498472 -0.964478 -0.05040287 -0.005796015 -0.9987122 -0.01352465 0.6232095 -0.7819381 -0.03985035 0.6708928 -0.7404829 -0.01511704 -0.05812078 -0.9981952 0.05003088 0.9985865 0.01794338 0.02352476 0.9997219 -0.001685678 -1.98828e-4 3.84268e-5 -1 -0.007058501 -0.9999743 0.001356244 -0.004811704 -0.9999788 0.004411518 -0.108208 0.4747231 -0.8734582 1.58958e-7 -0.114686 -0.9934019 0.10056 -0.1627403 -0.9815311 -2.0472e-4 9.60954e-4 -0.9999995 0.201398 0.17788 -0.9632225 0.03282159 -0.02475005 -0.9991548 -0.001850187 0.1052096 -0.9944484 -0.005912363 -0.1003881 -0.9949309 0.0114091 -0.06291007 -0.9979541 0.1671596 0.002915024 -0.9859256 0.08911335 -0.006274878 -0.9960018 0.6978785 0.116314 -0.7067083 -0.01422995 0.3463748 -0.9379884 0.009789109 -0.381059 -0.924499 0.08565163 -0.9406504 -0.3283913 -0.01609408 -0.9922181 0.1234678 0.7000135 0.522136 -0.487191 0 0.9999841 -0.005644142 -0.999773 0 -0.02130901 0.0316295 0.9992012 -0.02442681 -0.732611 -0.6682524 -0.1293063 -0.01094263 4.69312e-4 -0.99994 -0.7211661 0.06138843 -0.690037 0.01869946 -0.9987236 -0.04692035 -0.7211509 0.05445438 -0.6906346 0 3.33519e-7 -1 -0.04620712 0.9974421 -0.05453741 -0.1130016 0.9934425 -0.017394 0.01862382 0.9986252 -0.04899889 0.005633831 0.9979016 -0.06450372 0.0621584 0.9865176 -0.1513916 -0.02452683 0.9693639 -0.2444016 0.2268552 -0.9694916 0.09285897 -0.03006553 0.9765762 -0.2130614 0.8941879 -0.3000164 -0.3322923 0.845216 -0.4922103 -0.2081801 0.3961901 0.9048635 -0.1557413 0.03836196 0.8685052 0.4941933 0.1492764 -0.8048799 -0.574356 0.4697777 -0.8792865 -0.07851201 0.0301122 -0.9411994 0.3365072 0.955226 7.063e-5 0.2958772 0.006006598 3.08762e-6 -0.999982 -0.1723361 -0.2299242 0.9578284 0.02719187 0.04411262 0.9986565 -0.7202925 0.05968433 -0.6910981 0.0870769 0.9861523 -0.1411433 0.8866585 0.4572519 0.06897544 0.005786597 -9.52147e-5 -0.9999833 0.06843644 -0.04494929 -0.9966424 -0.02303731 0.1486135 -0.9886271 -0.03228485 0.1062477 -0.9938155 0.03957325 0.103996 -0.9937901 0.002093315 0.02625352 -0.9996532 0.01028543 -0.09511023 -0.9954136 -0.02936732 0.0167002 -0.9994292 -0.01384907 -0.1340476 -0.9908782 -0.117814 0.9921873 0.04104268 0.1610472 -0.09185695 -0.9826629 -0.2359039 0.04873973 -0.9705534 -0.3168721 -0.1066422 -0.9424541 -0.09377837 -0.02201294 -0.9953498 -0.101653 -0.02268743 -0.9945612 -0.01416796 -0.1326039 -0.9910678 -0.04212027 -0.2277414 0.9728103 0.01305103 -0.09628379 0.9952684 0.07170563 0.04703563 -0.9963162 0.5578845 -0.006441771 -0.8298937 -0.8468377 0.4137031 -0.3342389 -0.9935812 -0.004245162 -0.1130428 0.5440863 -0.7879744 -0.2882125 0.4708201 -0.6753506 0.5676531 -0.06356424 0.2812258 -0.9575343 -0.4314671 -0.9021005 0.007146596 -0.04781043 -0.8652005 -0.4991416 -0.7039653 -0.679054 -0.208131 -0.827511 -0.545044 0.1347315 -0.01777321 0.986544 0.1625275 -0.01956093 0.9997847 0.006922125 -0.05648547 0.996562 -0.06061077 -0.2857873 0.9497379 -0.1277639 0.3417736 0.8656499 -0.3658428 0.06124204 0.9981231 5.26962e-5 0.02922701 0.99888 0.03721266 0.07016867 0.9940964 0.08275711 -0.1583285 -0.9868585 -0.03228771 0.6323706 -0.6029792 -0.4863368 0.4042106 -0.9140372 -0.03391027 0.1371243 0.9863381 -0.09129166 0.001461386 0.7361887 -0.6767747 -0.06499081 0.9202278 -0.3859496 0.5731668 0.8107386 0.119092 0.7135089 0.6752114 0.1870689 0.04807209 0.9579604 0.2828444 -0.01448541 0.7761322 0.6304039 -0.1489575 -0.2887361 0.9457501 0.9391565 -0.00847131 0.3433853 -0.02048557 -0.9921476 -0.1233838 0.07890897 -0.9953097 -0.05596607 0.04259157 -0.9726442 0.2283623 0 -1 2.31964e-5 0.08810353 -0.9207778 -0.3800079 2.3531e-5 1 -3.66756e-5 0 -1 2.33919e-5 -0.9754107 -0.1595506 0.1520447 0.1187958 0.9711686 -0.2066863 -2.55596e-5 1 -3.34489e-5 0.7042283 -0.06007403 -0.7074276 -0.002391934 -0.9999971 1.57551e-4 0 0.9516957 -0.3070427 -0.009622037 0.02597713 -0.9996163 0.9565758 -9.48824e-4 -0.2914825 0.9199341 0.0075531 -0.3920003 -0.04385423 -0.07958829 0.9958627 -0.01122432 -0.07573819 0.9970646 0.01847803 0.044981 0.998817 -0.4042071 0.1708028 0.8985785 -0.08752411 0.04409044 0.9951862 -0.002103805 0.004014909 -0.9999898 0.1190896 -0.04594635 0.9918199 -0.0224725 -0.1482448 0.9886953 -0.01699823 -0.1730687 0.9847632 0.02681326 -0.02474254 0.9993343 -0.05399113 0.1132239 0.9921015 -0.5974293 0.001504123 0.8019202 -0.2534137 -0.05898797 0.9655579 0.9872968 -0.03495335 -0.1549951 0.142654 -0.7413166 0.6558198 -0.9371288 -0.3154659 -0.1492347 -0.687357 0.108519 -0.7181671 0.1232404 0.9694729 -0.211977 -0.02425736 0.9996992 -0.00361216 0.3750683 0.04466861 -0.9259204 0.1624569 -0.04062491 0.985879 0.216887 -0.1490465 0.9647514 0.04159039 -0.9907096 0.1294792 0.4043837 0.9039196 -0.1392952 0.9599369 -2.92889e-6 0.2802165 -0.2515271 -0.7406631 -0.6230188 0.3348358 -0.5125951 -0.7906525 0.02815455 -0.9351591 -0.3531075 0.1136393 -0.9933171 0.020181 -0.7944248 -0.2338687 0.5605309 -0.1432317 0.06822532 -0.9873348 0.04632359 -0.1735696 -0.9837316 -0.08155775 0.001821577 -0.996667 -0.1829465 -0.04126137 -0.9822567 0.01743501 0.002388536 -0.9998452 0.0287193 0.2162631 -0.9759126 0.02438962 0.1637787 -0.9861956 -0.003539025 0.08665138 -0.9962325 0.003659248 0.09894609 -0.9950861 -0.01339697 0.2331726 -0.9723432 -0.141224 -0.6491193 -0.7474624 0.03664535 -1.69504e-5 0.9993283 -0.1408721 -0.2426798 0.9598237 0.1684313 0.7446413 0.6458641 -0.005247175 -0.008966267 -0.9999461 -0.999773 0 -0.02130901 -0.9206812 -0.09055346 -0.379666 -0.07029336 -0.6936342 -0.7168895 -0.05684638 -0.9983167 -0.01150387 0.003638088 0 -0.9999935 0 3.58199e-7 -1 -0.5327546 -0.3350917 0.7771013 -0.9782503 0 0.2074282 0.9899808 0.141202 0 0.9159215 0.3753581 0.1421064 0 0.09489959 -0.9954869 2.10898e-4 6.49031e-5 -1 -0.003554999 -0.007322907 -0.9999669 0.5299761 0.09177297 0.8430321 0.5205889 0.1072974 0.8470387 0.04965656 -0.9987664 1.11113e-4 0.08620113 -0.9960729 0.02020645 0.7215678 -0.1242546 0.6811026 0.947755 0.01832002 0.3184728 0.4794209 0.8303009 0.2841764 0.9614987 -0.2743476 -0.01592445 0.290215 0.2233886 -0.9305229 0.290479 -0.1824856 -0.9393195 0.5598172 0.4484993 -0.6967447 0.2414667 -0.09597265 -0.9656516 -0.006934463 0.005955219 -0.9999583 -0.003430902 -0.001067757 -0.9999936 0.0615701 -0.6468587 -0.7601204 0.001248121 0.9318532 -0.3628335 0.06525951 0.1742768 -0.9825319 0.5104038 -0.1861888 -0.8395367 -0.1013435 0.3169047 -0.9430275 0.3427344 -5.02923e-4 -0.9394323 0.09498357 0.3052897 -0.9475107 -0.99062 0 -0.136646 0.4127907 -0.1787096 -0.8931219 0.5936332 0.74076 -0.3144429 0.5422965 0.6835004 0.488612 0.7194328 0.01015973 -0.6944878 0.695214 0.005968868 -0.718778 0.7905631 0.007769584 -0.6123314 0.7668172 0.00530225 -0.6418437 0.8624335 -0.007465422 -0.5061154 0.2900451 -0.157458 -0.9439708 0.3037179 -0.3250268 -0.8956077 0.2881136 0.1642827 -0.9433991 0.5202895 -0.3478492 -0.7799357 0.285305 0.01253771 -0.9583548 0.005785524 -0.0641576 -0.997923 -0.01464653 3.16003e-4 -0.9998927 -0.670652 0.302565 0.6772595 -0.5106091 0.1021846 0.8537193 0.1199887 0.03593879 -0.9921246 0.5461373 0.2147783 -0.809694 -0.1293064 -0.4374898 -0.8898779 0.3077928 -0.004965841 -0.9514405 0.349886 -0.04690897 -0.9356171 0.9941471 -0.1080059 -0.002489864 0.9301295 0.2519606 0.267161 0.9765519 0.001300454 -0.2152785 0.9481468 -0.03286749 -0.316129 -0.8897651 0.4081259 0.2043316 0.5397157 0.6885718 -0.4843304 0.5458772 0.7088736 0.4466727 0.459398 0.2663212 -0.8473644 -0.03261291 0.0276044 0.9990869 -0.1354402 -0.8674948 0.4786532 0.9207066 0.09067326 -0.379576 0.06778895 0.6931167 -0.7176308 -0.09485524 0.730781 0.6759895 0.009089708 -0.01684015 0.999817 0.1660896 0.001953542 0.9861088 0.2477432 0.03928273 0.968029 -0.3844257 0.8486021 -0.3634439 -0.05471259 0.8123288 -0.5806277 0.9207031 0.09066331 -0.3795868 0.07029259 0.6936323 -0.7168914 0.1862217 0.9058119 0.3805604 -0.7432144 0.05535519 0.6667596 -0.6008108 -0.0459932 0.798067 0 0.8976679 -0.4406727 0.4440077 0.01009809 0.8959661 0.7070931 0 0.7071205 0.707093 -6.36619e-6 0.7071206 -0.1426525 0.74132 0.6558163 -0.6837274 0.7150312 -0.1457647 -0.07028877 -0.693634 -0.7168902 -0.1426536 0.7413195 0.6558167 1.79014e-7 6.34827e-7 -1 -1 -5.43085e-7 0 -0.5577417 0.2541871 0.7901349 -0.005954623 0.1312333 -0.9913337 -0.9918036 0 -0.1277724 -0.999773 0 -0.02130907 -2.26561e-4 -8.06615e-4 0.9999997 3.38939e-4 1.43958e-5 1 -0.1948531 0.978199 -0.07182699 -0.8550723 -0.3376839 -0.3934732 -0.01114678 -0.1473347 -0.989024 0.9091346 0.407295 -0.08709353 0.06604158 0.05200922 -0.9964605 -0.1388172 -0.5365539 0.8323701 -0.6426646 0.4918626 0.5874125 0.5552523 0.1576034 0.8166126 0.2312391 0.05727624 0.9712095 0.6072008 0.7932536 0.04534292 -0.002996742 -7.15455e-4 0.9999953 -0.3656556 0.04368436 0.9297246 0.1128253 0.993614 0.001253128 0.1786429 -0.9833694 0.03273171 -0.9131073 0.328222 -0.2418787 -0.6162095 0.7580873 0.2135174 0.9027694 -0.4300588 0.007541477 0.9993203 -0.03682011 -0.001813888 0.1764857 -0.2748568 0.945149 0.1564316 0.9876818 -0.003719747 0.01204526 0.7850811 -0.6192759 -0.6139595 -0.1309981 0.7783915 0.762063 -0.1465488 -0.6307008 0.1374512 -0.4169317 0.8984849 -0.4577499 -0.8659588 -0.2014461 -0.5992964 -0.7558334 -0.2637417 -0.3991453 0.9079544 -0.1276795 0.7068129 -0.09278601 -0.7012891 0.7617759 -0.03954058 -0.6466329 0.7068122 0.0927931 0.7012888 0.7617587 0.03955322 0.6466524 -0.5043757 -0.1624338 -0.8480688 -0.1721698 0 0.9850673 -1.38338e-6 -1 0 -0.2242796 -0.4139158 -0.8822542 2.80059e-7 -1 -5.58971e-7 -0.9491326 -0.2240468 0.2212471 0.1377885 -0.8290061 0.5419995 -0.09013056 -0.04675734 -0.9948318 0.1347016 -0.2012847 0.9702268 -0.8909173 -0.2169361 -0.3990052 0.1902675 -0.9787043 0.07704681 -0.1138874 -0.4220643 -0.899384 -0.2311083 -0.346619 -0.9090898 -0.1185989 0.219799 -0.9683093 0.1289058 0.1920165 0.972889 0.04709649 0.07371735 0.9961665 -0.2032654 0.07499718 0.9762472 -0.02085405 8.55343e-4 0.9997822 -0.4041979 -0.170814 -0.8985803 -0.0248335 0.08749186 0.9958556 -0.0820387 4.73784e-5 0.9966291 -0.04566657 0.01533949 0.998839 0.03497505 0.09332621 0.9950211 -5.65483e-4 0.02719014 0.9996302 0.00189805 0.03021317 0.9995418 -0.005008578 0.07364344 0.9972721 0.9884601 -0.002910733 -0.1514538 -0.6545522 -0.001030564 0.7560161 0.6553686 0 0.7553093 0.8754823 0.001352965 -0.4832484 0.9329769 -6.87145e-4 -0.3599357 -0.1304176 -0.04642093 -0.9903719 -0.3805949 0.9014053 -0.2064363 0.7068125 -0.09278833 -0.7012892 0.7617779 -0.03953415 -0.646631 -0.4041964 -0.1708149 -0.8985809 -0.008431196 -0.0927931 -0.9956498 0.1172822 -0.3848999 -0.9154763 0.3773093 0.8961023 -0.233749 -0.02831244 0.05596792 -0.9980311 0.06693899 -0.09347903 -0.9933685 0.1446439 -0.7405824 0.6562134 0.7068173 0.09278309 0.701285 0.7617633 0.03956079 0.6466464 0.9208321 -0.01842933 0.3895236 0.1122493 0.9428942 0.3136093 -0.2699144 0.9438001 -0.1907552 0.237393 -0.8642449 0.4435372 0.8018875 0.3960279 -0.4473686 0 0.2751129 -0.961412 -2.0365e-5 0.01531684 0.9998828 9.2929e-4 0.0133543 0.9999104 0.9993585 0.02267229 -0.02772343 0.9989077 0 -0.04672938 -0.7425282 0.6696738 0.01374942 0.9720585 0 0.234739 -0.4000406 -0.09052467 -0.9120159 0.9899818 0.1411949 0 0.08681929 0.9758554 -0.2004212 0.06318438 -0.06507897 -0.9958778 0.9991511 0.04054886 -0.007277429 -0.1724184 -0.5501627 0.8170637 -0.4228449 0.06713503 0.9037119 0.5210793 -0.8101169 -0.2686768 0.3716045 -0.02343523 -0.9280954 -0.2521846 -0.9606646 -0.1163035 -0.008378982 -0.9904287 0.1377716 0.4097217 0.9117988 -0.02740818 0.004068732 0.005562603 -0.9999763 0.4099867 -0.9117186 0.02607923 -0.2586901 0.9651365 0.03988832 0.1716117 0.7130012 0.6798373 0.1713462 -0.9823209 0.07540631 0.01192909 -0.7897904 -0.613261 0.5035175 -0.07599103 0.8606367 0.2598735 0.02578997 -0.9652983 0.2670601 0.03910958 -0.962886 -0.8132556 0.01676803 0.581665 -0.6653133 -0.2288672 0.7106181 -0.9371346 -0.3154276 -0.1492791 -0.687362 0.1085131 -0.7181633 0.5035564 0.07608968 -0.8606052 -0.02817422 -0.05116122 0.998293 0.07415235 0.09372448 0.992833 0.4097149 0.9118016 -0.02741408 0.5035172 -0.07599604 0.8606365 -7.61208e-4 2.37034e-4 0.9999997 -0.0107305 -0.001981794 0.9999405 -0.005329132 0.003770947 0.9999788 8.98543e-4 -6.96905e-4 0.9999994 -0.003602504 7.71405e-4 0.9999933 -0.999867 -0.00986576 0.01299309 -0.9999484 -0.0060817 0.008136749 0.6983856 0.7155097 0.0174244 1.20442e-4 5.39796e-4 0.9999998 -0.002178549 2.21249e-4 0.9999976 -0.007220983 9.5037e-4 0.9999735 9.0856e-4 6.47043e-4 0.9999995 -7.93507e-4 -1.56532e-4 0.9999998 0.06793648 0.1036425 0.9922918 -0.4672857 -0.6539389 -0.5949858 -0.02339416 -0.006679654 0.999704 -0.01451539 0.2780877 0.9604461 -0.02043026 -0.008831858 0.9997523 9.99384e-5 1.07791e-5 1 8.02818e-4 -7.57674e-4 0.9999994 0.005789935 -0.01001214 0.9999331 -0.006808638 -0.02165341 0.9997424 -1.77727e-4 -2.95235e-4 1 -4.80843e-4 4.7916e-4 0.9999998 5.54027e-5 9.20808e-4 0.9999997 0.06683212 0.004051506 0.9977561 0.01478731 -0.004789829 0.9998793 -0.009164452 -0.001090049 0.9999575 0.02962827 0.001339316 0.9995601 0.009760081 0.1533219 0.9881281 -0.001782953 1.18902e-4 0.9999984 0.03807508 0.04686677 0.9981753 0.06221938 0.1563479 0.9857404 -1.34668e-4 4.49536e-4 1 0.03863477 0.05748176 0.9975987 2.95513e-4 5.60444e-4 0.9999999 7.27571e-5 3.47381e-4 1 -0.3715552 0.9017305 0.2209722 -0.0131784 -0.1747235 0.9845294 0.9945707 -0.06558704 0.0807932 -0.707176 0 0.7070376 -0.7071707 0 0.7070429 0.989982 0.1411944 1.41121e-7 -0.2336212 -0.1360011 -0.9627694 -0.9975142 0.07024741 0.005549788 -0.5867553 0.6955587 0.4146279 -5.63751e-5 -5.05058e-4 -0.9999999 -0.7070938 -1.07888e-5 -0.7071198 -0.8155565 0.2135951 -0.5378149 0.7076694 6.73977e-7 -0.7065438 -8.36089e-7 -0.9883391 0.152269 0.4408881 -0.5406878 -0.7164318 0.0164895 0.3630967 -0.9316056 -0.4645526 0.8814689 0.08487331 -0.9045324 -0.3015111 0.3015167 -0.7332018 0.4749124 0.4866965 0.7638579 -0.2371063 0.6002516 0.09436154 0.9933913 0.06534254 -0.707093 0 -0.7071206 -0.4088329 -0.7867121 0.4625364 0.9833847 -0.1650535 -0.07557636 -0.999773 0 -0.02130901 -0.8950394 0.4405344 0.06952702 -0.8999866 0.4317015 0.0604825 0 0.8976686 -0.4406713 0.5860853 0.2641338 0.7659879 0.9964722 -0.05532312 -0.0631088 -0.1833256 -0.6363872 -0.7492684 -0.7627127 0.6459618 -0.03166943 0.3293375 0.8262515 -0.456996 -0.3548769 0.6084024 0.7098655 -0.3793043 0.1443916 0.9139362 0.01479703 0.9998894 0.001511335 0 4.25675e-7 -1 0 4.10157e-7 -1 -4.63594e-5 -0.01767426 -0.9998438 -0.9071245 0 -0.4208624 0.5922129 0.791951 -0.1486528 0.1241064 0.01232635 0.9921925 0.1412006 0.9899811 0 -0.7270041 0.4846715 0.4863729 -0.7859194 0.4364575 0.4379906 0.1966623 0.0511195 0.9791378 0.4616384 0.8863346 -0.03606849 -0.1721689 0 0.9850675 0.7071068 0 -0.7071068 0.7071102 1.16391e-5 -0.7071034 -0.9000642 -0.161477 0.4047342 -0.03333365 0.5394341 0.8413678 0.8364664 0.5480173 0.001004934 0 0.8976681 -0.4406723 0.6334776 0.3359871 0.697007 0.04878932 -0.959973 -0.2758108 -0.03298455 -0.9993968 -0.010872 1.67972e-4 0.01234281 0.9999239 0.9937133 0 0.1119552 8.84876e-4 -0.8220355 -0.5694356 7.57967e-5 -0.8121998 -0.5833795 -0.2062171 -0.7562427 -0.6209441 -0.03392094 -0.2277851 -0.9731204 0.3553251 -0.9100553 -0.2134091 0.02456706 -0.9987514 0.04349982 8.09149e-5 1.16207e-4 1 -1.05645e-4 -0.001486361 0.999999 1.43725e-4 -8.89307e-4 0.9999997 -0.003840863 -0.01289784 -0.9999095 -0.9535827 0.01880264 -0.300544 0.9574159 -0.2685921 -0.1058924 0.9965028 -0.05818247 0.05997568 0.9982185 0.03309154 -0.04964727 0.7076687 6.73977e-7 -0.7065444 0.1412007 0.9899811 1.61282e-7 0.8695916 -0.3010412 0.391388 -0.7071039 -2.75459e-6 0.7071098 -0.7135922 0.5234935 0.4655543 0.01615041 -0.6706884 -0.7415634 -0.6177044 0.240571 -0.7487102 -0.6379693 0.2191441 -0.7382217 -0.9891256 -0.146694 -0.01056522 -0.9975067 -0.0695461 0.0119912 0.1119776 0 0.9937108 0.9323868 -0.1786602 0.3142219 0.9433209 -0.07139706 0.3241114 0.0196889 -0.2414177 0.9702216 -0.002424061 -8.29132e-4 0.9999968 -0.02340954 0.02743327 -0.9993495 2.36517e-4 0.001022398 0.9999995 -0.992526 0.07750123 -0.09426468 2.87585e-4 0.001045703 0.9999994 -0.002352952 0.08973336 -0.9959631 -0.0615229 -0.1313687 -0.9894227 0.9091114 0.367017 0.1970154 0.5626705 -0.7415359 0.365413 -0.4732362 0 0.8809356 -0.9782498 0 0.2074306 7.44546e-4 -0.009935081 -0.9999504 -0.006953299 0.005131602 -0.9999627 0.7070937 0 0.70712 0.7070934 0 0.7071202 0 -0.9864083 0.164313 0.04002499 -0.9908712 0.1287332 -6.431e-4 -2.74686e-4 0.9999998 -0.4048613 0.6041296 0.686378 -0.8903046 -0.2196446 0.3988911 0 0.2751151 -0.9614113 -0.06222712 0.9827322 -0.1742562 -0.7070927 2.38468e-7 -0.707121 -0.7070938 0 -0.7071198 0.9696847 0.23906 -0.0506165 -0.003554999 0.00172019 -0.9999922 0.001568853 0.01412057 -0.9998992 -0.9011951 -0.01610237 -0.4331147 -0.3890011 -0.9181744 -0.0750609 -0.8592806 -0.2946088 0.4181418 0.9950684 -0.002025783 0.09917098 0.9983834 -0.006552457 0.05646204 0.9963566 0.00264877 0.08524429 0.991886 0.008083462 0.1268734 0.9984881 -0.007274568 0.05448657 -0.9876319 -0.002106428 -0.1567766 0.9599366 -4.88148e-7 0.2802174 -0.9918361 0.0102508 -0.1271063 -0.9863298 -3.07862e-4 -0.1647834 -0.9783582 -0.003974914 -0.2068804 -0.9886239 0.004480838 -0.1503425 0.9740993 0 0.2261207 -0.9996928 0.007344543 -0.0236721 -0.9990682 -7.96067e-4 -0.04315263 -0.9914027 0.01526027 0.1299531 -0.9792413 -0.0192691 -0.2017804 -0.9999095 0.005655109 -0.01220607 0.9873656 0.01082426 -0.1580886 -0.02557104 0.9927578 -0.1173804 0.9849678 -0.007237017 -0.1725868 0.9924911 0.009850144 -0.1219205 0.9913858 0.00397855 -0.1309139 0.9796716 -0.003371119 -0.2005797 -0.1412007 -0.9899811 -1.61282e-7 -8.90747e-4 0.00514841 0.9999864 9.29463e-4 0.001715779 0.9999981 0.03409707 0.99932 0.0140317 0.0964033 0.9791912 -0.1785806 -0.5081281 -0.03390449 -0.860614 -0.08885502 -0.0616061 0.9941376 -0.009934782 0.02306878 0.9996846 -0.03210771 0.9853189 0.1676781 -0.4227514 -0.7977095 -0.4300476 0.1120156 0 -0.9937065 0.1120575 2.62681e-6 -0.9937018 -0.3302156 0 0.9439056 -0.3301774 -9.49114e-6 0.9439189 -0.7070894 0 0.7071242 -0.7070891 5.21914e-7 0.7071245 0.8975278 -0.4409188 0.005884826 0.9686466 0.196357 0.1522098 0.9998092 -0.002313196 -0.01939433 -0.9142549 0.2819939 -0.2908909 0.987515 -0.02352303 -0.1557595 0.9999603 0.0038625 -0.00804311 -0.9581264 -0.03198224 -0.284554 0.9561094 0.09824687 0.276048 0.03131526 -0.9026569 -0.4292201 -0.9831399 0 0.1828554 -0.4364789 0 -0.8997145 -2.59069e-7 -7.39641e-7 1 0.9898493 -0.0351547 -0.1377043 0.3784963 0.2066237 0.9022457 -0.989023 0.01217263 0.1472598 -0.971118 -0.004980325 0.238548 -0.02700579 0.01156789 0.9995684 0.01809889 -0.05582606 -0.9982765 0.04957425 0.002442598 -0.9987676 0.08693838 0.06207716 -0.9942778 -0.009928107 -2.0658e-4 -0.9999508 -0.00270766 -0.05669981 0.9983876 -0.009519279 -0.002894282 -0.9999506 -0.007637977 0.0308755 -0.9994941 0.00682199 -0.111234 -0.9937708 0.04468595 0.1137613 -0.9925028 0.8191562 -0.1165049 -0.5616136 0.01246154 -0.07734149 -0.9969269 -0.002706885 -0.02221703 0.9997496 -0.001667261 -0.07236593 0.9973769 0.06456369 0.03820359 -0.9971821 -0.5345863 -0.575706 0.6186923 0.02146756 0.03583729 -0.9991271 0 3.37774e-7 -1 0.1490604 0.02710187 -0.9884567 -0.08022123 0.08154952 -0.9934356 0.02410584 -0.004485845 -0.9996994 -0.02703636 -0.01930409 -0.9994481 0.0370379 0.05454182 0.9978244 -0.02588361 -0.02189105 -0.9994252 0.1348379 0 -0.9908677 -0.0633881 -0.1291722 0.9895941 0.001649916 0.01353973 0.9999071 -0.01386916 0.00271207 0.9999002 -0.009631693 -0.003526806 -0.9999474 0.02760356 -0.04652708 -0.9985356 0.2841784 0.001530706 -0.9587703 0.02552103 0.00184834 -0.9996727 0.2946783 0.003641009 -0.9555897 0.002689659 0.04348737 -0.9990504 -0.03277921 -0.08953589 0.9954441 -0.04240721 -0.0718289 0.996515 -0.1128932 0.1082251 0.9876956 0.05238395 -0.004149973 0.9986185 0.165585 5.98073e-4 -0.9861954 -0.01287764 0.02136945 -0.9996888 -0.01087319 0.001139283 0.9999403 -0.2652781 0.8503394 -0.4544784 0.04872238 -0.15618 0.9865263 -0.05362296 -0.05148351 -0.9972332 0.01769024 -0.0320068 -0.9993311 -0.8145287 0.4180043 -0.402263 -0.01098638 0 -0.9999396 -0.003676116 0.03739833 -0.9992937 -0.1139964 -0.05247348 -0.9920944 0.06745755 -0.02124881 -0.997496 -0.0200001 0.005336821 -0.9997858 0.07119101 -0.06032675 -0.9956368 -0.018166 -0.3424457 -0.9393621 -0.01542651 -0.1338375 -0.9908833 -0.05316156 0.2287102 -0.9720419 0.1448274 -0.8216034 -0.5513556 -0.03336572 -0.1691346 0.9850281 0.1514141 0.04605114 -0.9873972 0.01059401 0.03263622 -0.9994112 -0.009261071 0.04624271 -0.9988874 -0.9973891 -0.07221627 -3.50157e-7 -0.1135918 -0.05030399 -0.9922533 0.8078893 -9.927e-7 0.5893344 0.3592013 0.8117363 0.4604983 -0.001736104 0.9684783 -0.2490917 0.00612694 0.9900752 0.1404048 -0.3892331 0.9141607 -0.1131724 0.7071085 0 -0.7071052 -0.6557149 -0.7521011 0.0661962 0.7071064 0 0.7071072 0.7071108 0 0.7071028 -0.01548194 -0.9744039 0.2242711 -0.05518662 -0.8246195 0.5629894 -0.9989076 0 -0.04673045 -0.910206 0.3660295 -0.1937718 -0.1258931 -0.9895541 -0.07023978 0.3575087 -0.1233443 -0.9257287 0.08669054 0.9960349 -0.01998549 0 0.9937556 -0.111579 0.5191047 0.7336234 0.4385511 -0.02140867 0.1631913 0.9863622 -0.3721209 0.9235039 -0.09309494 0.2890421 0.872633 0.3936576 0.7070937 1.07888e-5 0.70712 0.3368304 -0.8767762 0.3432328 0.9741008 0 0.2261145 0.9918038 2.63065e-7 -0.1277709 0.999773 0 -0.02130419 -0.9731711 0 0.2300831 -0.8706575 -0.0113551 0.4917588 0.7230315 -0.4820211 0.4948546 0.9989077 0 -0.04672938 0.03820264 -0.17825 0.9832434 0.9950665 0.0176953 -0.09762054 0.7230324 -0.4820216 0.4948529 -0.9739949 0.09167033 0.2071967 0.3745039 -0.8074643 -0.4557942 0.7753382 0.3818608 0.5030239 0.09451615 -0.75468 0.6492495 0.822701 -0.4720493 -0.3167532 6.92979e-7 -7.30693e-7 1 -0.2004757 -0.861418 0.4666568 0.03155988 -0.9685071 0.2469778 0.9188569 -0.1637648 0.359003 -0.2154226 -0.9753106 -0.04860442 -0.2547761 0.8409012 -0.4774665 -0.2364889 -0.8907604 -0.3880965 -0.645415 0.2207029 0.7312522 -0.6614637 0 0.7499772 0.3147985 -0.819428 0.4789986 -0.008373439 0.9899093 -0.1414552 7.10334e-7 -7.48992e-7 1 0.9999787 0.006514191 4.51831e-4 0.9659928 -0.2537781 0.04954546 0.9740979 0 0.2261269 5.52854e-7 0 1 0.9969062 0.03199923 0.07179337 0.996904 0.03157991 0.07200849 -0.6282239 0.7321851 0.2631344 0.04999876 -0.8921837 0.4488968 0.01090866 -0.9549399 -0.2965992 -0.6609241 -0.7447209 0.09257519 4.39205e-4 -4.18444e-5 1 -0.9982916 -0.002470374 -0.05837804 0.9869012 -0.151821 -0.05455631 -0.08890736 0.009426176 0.9959953 -0.04311347 -0.1834305 0.9820868 0.03447031 0.9768885 0.2109519 4.07202e-7 0 1 -0.001593828 0.01106631 0.9999375 -0.6890831 -0.2261105 -0.6885046 -0.6421086 -0.2913746 -0.7090821 -0.999773 0 -0.02130895 0.3496243 0.8513036 -0.3912099 -0.08942532 -0.00736773 -0.9959663 0.0704779 0.994679 -0.07514351 0.1333397 -0.7922937 0.5953917 -0.5577394 0.2541903 0.7901355 -9.7568e-7 -0.9883389 0.1522705 0.3287633 -0.8506721 -0.4102095 0.5175263 -0.09970873 -0.8498381 -0.9069756 0.1619153 0.3888172 0.9906198 0 -0.1366467 0.04905211 0.2401109 -0.9695054 -0.1038087 -0.09192091 -0.9903406 -0.7131581 -0.6719647 -0.1996721 0 0.9702597 0.2420663 -0.03951704 0.978317 0.2033081 0.01648688 0.3630944 -0.9316065 -0.9782878 0 0.2072509 0.592375 -0.805466 -0.01779168 0.6630806 -3.00277e-6 0.7485481 3.25668e-5 -0.1483879 0.9889293 -0.02204751 -0.01246172 0.9996793 4.41199e-7 4.94666e-7 -1 -0.1605829 -0.2360649 -0.9583771 0.01017093 0.0338574 0.9993749 -0.06031984 0.9887878 0.1366024 0.01965093 0.06417292 0.9977454 0.1162144 -0.1559686 0.9809017 1.86669e-4 -3.39468e-5 1 -0.04545974 0.1103376 0.992854 -0.06220072 -0.08155179 0.9947263 -0.09323465 0.08478748 0.9920275 -0.1391924 -0.01624745 0.990132 0.05623179 0.06617003 0.9962227 0.6866209 0.07877701 0.7227351 -0.4169969 0.07581704 0.9057403 -0.04812806 -0.2249329 0.973185 -0.45088 -0.1173396 0.8848383 0.001990675 2.61455e-5 -0.9999981 0.001556515 -0.001266777 0.999998 -0.1531897 -0.1201891 0.9808607 -0.0125007 -0.6492905 0.7604379 -0.03542304 -0.09648412 0.994704 0.006550192 -0.3845322 0.9230884 0.004864335 -0.376066 0.9265802 0.2800964 -0.003658473 0.959965 0.1477928 -0.02890485 0.9885959 0.04957431 -0.002443194 0.9987675 -0.005021929 -0.00940293 0.9999432 -0.002620458 -0.04607313 0.9989346 -0.08504885 0.0815277 0.9930357 0.326048 -0.3125529 0.8921902 -0.02331417 -4.14166e-4 0.9997282 -0.025994 -0.01854467 0.9994901 0.0202586 0.02419906 -0.999502 0.009545087 -0.003929615 -0.9999468 0.04476279 0.03193306 0.9984872 -0.4523479 0.5906154 0.6682476 -0.02925902 0.08988779 0.995522 -0.003739714 0.1408225 -0.9900279 0.1152457 0.004216492 0.993328 0.005665957 0.001891672 -0.9999822 -0.002689123 0.03011995 0.9995427 0.0408715 0.02523559 0.9988458 0.003497838 0.01259219 0.9999146 -0.008334994 -0.02111738 0.9997423 1.92347e-7 -3.48942e-7 1 0.1215755 0.002250969 0.9925796 0.01109951 0.1181664 0.9929318 0.06941711 0.02384746 0.9973027 -0.009094059 -0.003124535 0.9999539 0.08184349 0.01852107 0.9964731 0.03454327 0.02404922 -0.9991138 -0.2826574 -0.1967881 -0.938818 -0.01100659 -2.04084e-4 0.9999394 0.01905882 -6.06508e-4 0.9998182 0.1045328 -0.04663115 -0.9934277 -0.9903065 -0.1054064 -0.09045803 -0.3504139 0.1118159 -0.9298965 -0.2040646 0.8349599 -0.5110769 0.01748913 0.9997661 -0.01273131 0.03402316 0.9945189 -0.09886771 0.01844274 0.9997118 -0.01536911 -0.02522379 0.9468773 -0.3206045 0.01106667 0.9734743 -0.2285285 0.2116791 0.9669869 0.1418744 0.02209687 -0.9984603 0.05088132 -0.7255512 -0.5917034 0.3513724 -0.9025741 -0.08081573 0.4228817 0.111954 0 -0.9937134 0.9071251 0 -0.4208613 0.1412008 0.989981 1.61282e-7 -0.4712718 -0.8811966 -0.03735554 -0.4967917 -0.8678505 0.005797326 0 1.23854e-6 -1 -0.97825 -2.4893e-7 0.2074294 -0.7070942 0 -0.7071194 -0.7070928 6.36621e-6 -0.7071209 -0.1492109 0.9166564 -0.3707794 0.7168938 -0.06345534 0.6942887 0.6881695 -0.07935523 0.7211973 0.7070891 0 -0.7071245 0.7070894 0 -0.7071242 -0.7071064 0 0.7071072 0.02618622 0.940267 0.3394295 0.002085328 -0.9996466 0.02650475 0.004808127 -0.9999487 0.008919775 0.009581744 -0.9982063 0.05909872 -0.01181066 0.9998741 0.01059728 -0.01863098 -0.989191 0.1454449 -0.0166223 -0.9901183 0.1392457 -1.81072e-5 0.004388689 0.9999905 0.6264016 0 0.7795006 -0.9918036 0 -0.1277723 -0.9529418 -0.2647328 -0.1477109 1.50848e-7 2.0402e-7 -1 -0.7071098 -2.64029e-6 0.7071039 -0.09016031 -2.0186e-4 -0.9959273 -0.1183245 -0.06319868 -0.9909618 -0.990903 -0.001453399 0.134571 0.06846147 -0.9897761 0.1251257 0.09689599 0.7691324 -0.6317013 0.9740962 0 0.226134 -0.5578613 0.8294573 0.02813273 -0.9899811 0.1412006 0 -0.8989447 0.00246948 -0.4380555 -0.2553356 0.9668472 -0.003230333 -0.3012148 0.9532377 -0.02464967 0.9975472 0 -0.06999874 0.8078969 0 0.5893239 0.4328536 0.8986902 -0.07066714 -0.1010206 -0.992005 0.07563775 -0.9988105 0 0.04876226 -0.1349212 0.6962206 -0.7050342 0.9071249 0 -0.4208615 0.03016334 -0.9899907 -0.1378719 -0.02285403 0.08314454 -0.9962754 0.9740971 0 0.2261306 -0.5835477 0.09806162 0.8061366 0.5014184 0.8385494 -0.2131066 -0.1709835 9.45005e-4 0.9852734 0.4331312 -0.8811486 -0.1896702 0.6533011 -0.6896739 0.3123264 0.178003 0.9590784 -0.2201898 0.4418891 0.3485094 -0.8266047 -0.08976793 -0.3148942 0.9448723 -0.01636838 -0.08036845 0.9966309 -0.0397669 0 -0.999209 0.2073905 0.3472728 -0.9145441 0.8412827 -0.03763878 0.5392836 -0.9843395 0.09200018 0.1503719 0.06793063 0.08792072 0.9938086 -0.009381473 0.006249308 0.9999365 -0.2241286 -0.963037 -0.1494197 -0.8038863 -0.1845675 0.5654218 -0.4732466 0 0.88093 0.5677277 0.8023416 -0.1842098 -0.5499229 0.7547055 0.3577771 0.707093 1.07888e-5 0.7071206 -0.9899808 -0.141202 0 0.182496 -0.5374253 0.8233282 0.01506894 -0.1078493 0.9940531 -0.9899802 0.1412062 0 0.9782869 0 0.2072551 -0.9918036 0 -0.1277725 -0.4619786 -0.865587 -0.1932224 -0.9981731 0.03898018 -0.04616242 -0.1120156 0 0.9937065 -0.2626143 -0.7918272 -0.5514014 -0.9487376 -0.2162214 0.2305324 -0.3647407 -0.8434486 -0.3944093 -0.8471019 0.2994678 0.4390187 0.59524 0 0.803548 -0.04325294 0.04230022 0.9981683 -0.0108571 0.1097799 0.9938967 0.8313134 -0.4604116 -0.3113508 0.8331625 0.04895776 -0.5508571 0.06887811 -0.9791854 0.1909239 -0.9978534 0.06547927 -0.001080214 -0.7208724 0.04361158 0.6916943 -0.4405001 -0.1337178 0.8877382 0.982101 -7.15325e-4 0.1883538 -0.5852999 0.04493862 -0.8095706 -0.7544405 -0.07385605 -0.6522 0 -0.9883397 0.152265 -0.9296015 0.004841327 -0.3685345 -0.7120347 0.5995994 0.3653591 0.4784587 -0.09439468 -0.8730219 0.7106299 0.1300479 -0.6914425 0 0.9591944 -0.2827475 -0.3018447 -0.5989721 -0.7417023 -0.9341784 0.3443388 0.09349769 0.7796142 -0.3763628 -0.5005526 0 0 1 0.1272445 -0.9579998 0.2569929 -0.9989075 0 -0.04673075 -0.6177051 0.2405673 -0.7487109 -0.6379702 0.2191435 -0.738221 0.9989077 0 -0.04672944 0.8078944 0 0.5893274 -0.6614614 0 0.7499792 -0.01292496 -0.9491562 0.3145401 0.0192362 0.1707152 -0.9851327 -0.01333022 -0.9650759 0.2616312 0.01737928 0.06048846 0.9980176 -0.001804828 6.69298e-4 0.9999982 -0.08576077 0.01216775 0.9962415 0.4024425 0.01477175 0.9153262 0.7243437 -0.005057573 0.6894206 0.6801409 -0.006903469 0.7330489 0.03160166 0.2325237 0.9720772 -0.07314527 0.9232711 0.3771212 -0.002529561 0.14559 -0.9893419 0.154546 0.08905905 0.9839635 0.2272352 -0.1098892 0.9676201 0.006012439 -0.1075921 0.994177 0.03203266 -0.2678634 0.9629243 -0.9591018 -0.003368079 0.2830414 -0.9788409 0.001842558 0.2046146 -0.8078907 0 0.5893324 0.05393481 -0.05840939 0.9968347 -0.008920192 -2.09026e-4 0.9999603 -0.003774225 0.001702487 0.9999915 -0.03148835 -0.02466946 0.9991996 -0.1538806 0.9856908 -0.06880879 -0.974048 0 0.2263413 -0.03435397 0.03676819 -0.9987332 -0.01911979 -0.1406519 -0.9898745 -0.04268872 0.004716455 -0.9990774 0.00140661 -0.1199154 -0.9927831 -0.02836006 0.02667921 -0.9992417 -0.04611694 -5.94323e-4 -0.9989359 -0.04652947 -9.7238e-4 -0.9989165 -0.04828423 0.002048611 -0.9988316 0.002627491 -0.00971049 0.9999494 0.895044 -0.4405254 0.06952363 0.941511 -0.3352512 -0.0341137 -0.4368911 0.8888318 -0.1382182 -0.7899844 0.6130971 -0.006066322 -0.2891286 -0.9568167 -0.03010821 -0.7691504 -0.2944713 0.567181 0.998378 -0.04660278 -0.03270506 0.9256269 0.01841336 0.3779895 0.9899809 -0.141201 0 0.5628146 0.088306 0.8218526 0.947891 0.04111409 0.3159307 0.276039 0.004157483 0.9611375 0.04403543 -0.9424311 0.3314884 -0.02819871 -0.9993309 0.02329331 -0.9157837 0 0.4016721 0.4286075 0.8978646 -0.1006711 0.002545356 -0.9790431 0.2036377 0.007782995 -0.9731202 0.2301666 -0.4926201 -0.6265076 -0.6039981 0.009118795 -0.9851409 0.1715065 -0.0349726 -0.9515272 0.3055699 -0.7972558 -0.09417062 0.596251 -0.8697868 0.1043453 -0.4822688 0.9844457 0.1690533 -0.04783117 -0.8772412 -0.03848952 0.4785044 -0.9862263 0.001033604 0.1653989 0.9558665 0.06385803 0.2867777 -0.9277015 -0.03412926 0.3717594 -0.994562 0.07008951 0.07703328 -0.03972828 0.001710891 0.9992091 -0.9647761 0.03898692 0.2601677 -0.00731343 0.9131706 0.4075119 -0.9740498 0 0.2263339 0.01426321 -0.999813 -0.01306724 -0.9819267 -0.1739557 -0.07456254 0.003317236 0.9762709 0.2165275 0.03393876 0.9964431 -0.0771324 -0.004849195 0.9837647 0.1793976 0.0433945 0.9518013 0.3036301 -0.6048418 0.2110423 -0.7678722 -0.02070897 0.9997765 0.004271447 -0.0549978 0.9975425 0.04340976 -0.2073632 -0.9700573 0.1264492 -0.002440154 -7.94669e-4 0.9999968 -5.63005e-4 0.001038849 0.9999994 0.3097591 -0.9497576 0.04483085 -0.989982 -0.1411944 -1.41121e-7 -0.01535236 0.01190304 -0.9998113 -0.001270651 0.001684606 0.9999978 -0.9981735 0.03897446 -0.04616093 0.9899807 0.1412026 0 0.111306 -0.02988505 0.9933367 0.05103683 0.1615621 0.985542 0.6263902 0 0.7795097 0.6072093 0.7932484 0.04532217 -0.6630755 -2.19676e-5 0.7485526 -0.2059105 0.9782134 0.02644652 -0.1839509 0.9816036 0.05115199 -2.30781e-4 -1.14379e-4 1 0 -3.35396e-7 1 -0.0233469 0.9633785 -0.2671272 0.9999787 0.006513833 4.50158e-4 0.9438785 0 0.3302931 0.9438824 0 0.3302817 -0.4364806 8.58032e-7 -0.8997137 -0.1555118 -0.09756213 -0.9830045 -0.1505024 -0.08424758 -0.9850135 9.06937e-7 0.004386365 0.9999905 -5.31203e-4 0.004047989 0.9999917 -0.8032136 -0.5901191 -0.08128517 -0.6282259 0.7321821 0.2631381 -0.7418617 -0.03830164 0.6694582 -0.7082283 0.1495435 -0.6899634 -0.3140355 -0.9399579 -0.1336445 -0.7572981 0.1186892 -0.6421935 -0.01896506 0.1039366 -0.9944031 0.06402266 0.9977741 -0.0186547 -0.02078771 0.9982844 0.05473721 -0.001528382 0.002952992 -0.9999946 -0.002499163 0.002298951 -0.9999943 0.6033579 -0.6342394 0.483425 -0.05713838 0.2020848 -0.9776998 -0.1187244 0.01566421 -0.9928038 0 0.9874919 0.1576707 -0.9982916 -0.002470672 -0.0583772 0.4418913 0.348514 -0.8266015 0.7071064 0 -0.7071072 0.9319546 -0.2365179 -0.2748091 2.72052e-4 5.94816e-4 0.9999998 0.2269811 0.003485023 -0.973893 0.66483 0.6825472 0.30353 -0.9780133 -0.1322631 0.1612345 -0.04797279 0.9173157 0.3952601 0.1274574 0.9373027 0.3243736 -0.7071067 5.50252e-7 -0.707107 -0.7071108 0 -0.7071028 -0.7425285 0.6696734 0.01374816 -0.01407498 0.9998777 0.006828784 0.1663485 0.4093356 -0.8970912 0.09692752 -0.4376304 -0.8939154 -0.05691379 0.1268326 -0.9902901 -0.07954037 0.06834799 -0.9944857 -0.6345245 0.7728675 0.007383227 0.1453854 0.9886921 -0.03675848 0.6921005 -0.3143944 0.6497331 0.03279179 -0.9994503 -0.004884004 0.3628926 0.8062443 -0.4672034 -0.3611294 -0.8350991 -0.4149643 -0.9017328 -0.4237185 0.08567893 0.7071065 0 0.7071071 0.707111 -5.50255e-7 0.7071027 0 -0.9486851 0.3162225 0.6586579 -0.3976805 -0.6387645 -1 -2.94344e-6 0 0.8782787 -0.3132625 0.3612384 -0.959937 0 0.2802161 -0.1119961 -3.99264e-6 0.9937087 -0.1412011 -0.9899809 -1.61282e-7 0.965016 0.1289518 0.2282885 0.9906199 0 -0.1366469 0.6608266 0.184659 -0.7274677 0 4.43376e-7 -1 0 4.43368e-7 -1 -0.6730403 -0.6892023 0.2683598 -0.6730273 0.1102493 -0.7313545 -0.7779248 -0.6039004 -0.1736011 -0.9999734 0.007271528 -6.90355e-4 -0.9997844 0.00475949 0.02021491 -0.2064472 0.06475859 -0.9763125 -0.04647499 0.4681497 -0.8824263 0.001757264 -0.004140377 0.99999 -1.16057e-4 -0.001055896 0.9999995 -7.03722e-7 -4.29587e-7 1 0.2967086 -0.8901241 0.3458946 -0.9999734 0.007271528 -6.87969e-4 -0.9997844 0.004760801 0.02021247 0.1308263 0.9560113 0.2625397 -0.9844582 -0.1523748 -0.08731532 0.7845026 -0.4919993 0.3774818 0.9740993 0 0.2261207 -0.9918036 0 -0.1277725 0.8873208 0.3198944 -0.3321586 0.8344379 -0.4106988 0.3674778 0.7777858 0.469153 -0.418264 0.7071354 0 0.7070782 0.7071356 0 0.707078 0.2148479 -0.9744674 -0.06522071 0.2103773 -0.9776183 -0.001971185 0.07785344 -0.0285871 -0.9965549 -0.9906195 0 -0.136649 0.4731761 0 0.8809679 -0.8328636 -0.4943193 0.2489709 -0.09893816 0.3418864 -0.9345186 0.00315082 0.8802362 -0.4745253 0.9906198 0 -0.1366471 -0.3302651 0 -0.9438883 -0.3302873 0 -0.9438804 0.4069075 0.008362412 -0.9134312 0.3858709 -0.1555317 -0.9093479 0.3009919 0.6646054 -0.6838886 0.3595151 0.2669358 -0.8941445 -0.4384046 -0.009595394 0.8987266 0.01544004 -0.9995935 0.02396643 0.07770925 -0.9962688 -0.03754639 -0.04935103 -0.997245 0.05538165 0.02327847 0.9994964 0.02156901 -0.008200705 0.9999648 0.001799464 -0.01436138 -0.9998938 -0.002524137 -8.62847e-4 0.99991 0.01339232 -0.008988022 0.999957 0.002291738 -0.02490878 -0.9992338 0.03019213 -0.004720449 0.9281852 -0.3720888 0.1025263 0.9947303 2.015e-4 0.06575441 -0.9940733 -0.0865727 0.007309794 -0.9998717 0.01425474 0.0316472 -0.9983853 -0.04717296 -0.006369948 0.9998348 0.01702737 -0.0210368 0.9997779 0.001300275 -0.001770555 -0.999609 -0.02790564 0.03598541 -0.9993138 -0.0087682 0.01950544 -0.9990617 -0.03867042 0.01206171 -0.9999057 -0.006585001 0.01828128 -0.9998294 -0.00266844 0.08540648 -0.981279 0.1726191 -0.02731645 -0.9991825 0.02980059 -0.0305857 -0.999305 -0.02131116 -0.009408175 -0.8234066 0.567374 0.01149296 -0.9977567 -0.06595152 0.00944209 -0.9967046 -0.08056569 0 0.9937556 -0.1115789 0.5191042 0.7336226 0.4385532 0 0.8976693 -0.4406701 0.615673 0.5427758 0.571263 1.40672e-6 -0.8921612 -0.4517173 -0.7688391 -0.5106813 0.3848262 -0.003194928 0.02853858 -0.9995876 0.6648306 0.6825464 0.3035305 0.08942526 0.007368087 0.9959664 -0.9988105 0 0.04876226 -0.9740486 0 0.2263393 -0.08077722 0.3756803 0.9232224 0.4364886 1.71601e-6 -0.8997098 0 0.9516957 -0.3070428 0.7070887 -5.21914e-7 -0.7071249 0.7070888 0 -0.7071248 0 0.8976685 -0.4406716 0.6328974 0.3794315 0.6748872 0 -0.9883396 0.1522665 0.9641191 0 0.2654703 -0.1019297 -0.9642666 0.2445411 -0.994081 0.07366126 -0.07985752 0.7522636 -0.1358506 -0.6447048 0.99727 0.06993007 -0.02371394 -0.9979879 0.003801167 0.06329137 0.4364893 8.58003e-7 -0.8997096 -0.9906201 0 -0.1366456 -0.4797955 -0.8707809 -0.1074104 -0.2413284 -0.9621669 0.126473 -9.16588e-7 -0.9284785 0.3713862 -0.6732631 -0.2270725 -0.7036725 -0.113694 0.9691319 -0.2187628 0.9902006 0.09950524 -0.097988 -0.9918038 0 -0.1277704 -0.007248401 0.00171566 0.9999724 -0.9782503 0 0.2074281 0.7070938 1.07888e-5 0.7071198 0.5627922 0.1358447 0.8153596 0 5.3901e-7 -1 0 4.4337e-7 -1 -0.1427302 -6.14815e-7 0.9897617 0.9871519 0.1029922 -0.122163 0.9879902 -0.1018486 -0.1161993 -0.06121933 0.00340563 0.9981186 0.9177906 -0.03432863 0.395578 -0.2999395 0.03221732 0.9534142 -0.009990751 -0.7095124 0.7046222 4.0509e-4 -0.9230746 0.3846212 0.2038914 0.9778505 0.04729562 0.03249561 0.9994294 0.00922513 -0.09513264 0.8205483 -0.5636046 0.1160917 0.9931893 0.009893536 0.01906257 0.9991194 -0.03737646 0.8160406 0.5698198 0.09686762 1.1128e-4 0.9963716 -0.08510977 -0.01725488 0.9995507 -0.02451533 -0.01601523 0.9993775 0.03143733 0.07748281 0.967157 0.2420827 0.1643313 0.9856882 0.03760504 0.05437213 0.9961126 -0.06930625 -0.01266247 0.9994677 -0.0300647 0.09293913 0.9952635 0.0285139 0.07135409 0.9401907 0.333092 0.2328512 -0.8361448 -0.4966309 0.4155325 -0.9093852 -0.01875036 -0.002140939 0.9994282 0.03374439 0.5449985 0.8350868 -0.07487863 0.02515894 0.9995614 0.01562207 0.02222871 -0.9982832 0.054192 -0.01869487 -0.9998131 0.004919171 -0.0305038 0.9993031 -0.02151834 0.1794114 0.006980717 0.9837495 -0.9321473 0.02892643 0.3609221 -0.1070529 0.9929915 0.05007791 -0.08126801 -0.9965567 0.01644158 -0.3134132 -0.9496169 -3.47003e-4 0.01715636 -0.9998493 -0.00266838 0.0366854 -0.9993269 -3.6708e-4 -0.1817861 -0.9621292 0.2031286 -0.04774957 -0.8647738 -0.4998865 -0.0931372 0.573675 -0.8137705 -0.117677 0.595281 -0.7948539 0.1097933 0.2168077 -0.9700206 0.0201621 0.1001245 -0.9947707 0.01482754 0.00371325 -0.9998832 0.01757413 -0.002507507 -0.9998425 0.1271923 -0.03725194 -0.9911783 0.03506368 0.2878845 -0.9570231 -0.02265745 0.2073364 -0.9780073 0.1941809 0.3134575 -0.9295365 0.1083419 -0.9341707 0.3399811 -0.5175162 -0.8423319 -0.1505125 0.06257742 -0.05721998 -0.9963985 0.01396697 -0.1305843 -0.9913389 -0.02559047 -0.05463904 -0.9981783 0.1041064 -0.006449401 -0.9945453 -0.008578598 -0.002388834 -0.9999604 0.07163262 0.03675955 -0.9967535 0.06230503 -0.08080458 -0.9947808 0.01480853 0.05082309 -0.9985979 0.8094862 -0.4892033 -0.3246728 0.9147967 -0.293994 0.2769736 0.2672679 -0.9625539 -0.04536527 0.33622 -0.9405997 -0.0472058 0.03331786 -0.5816668 0.8127446 0.01331138 -0.9946717 -0.1022313 0.1878333 0.9817571 0.02952635 -0.05630928 0.9983651 -0.00981909 -0.08625823 0.9957772 -0.03142261 -0.03084385 0.9993799 0.01698869 0.01674169 0.9998599 1.13876e-4 -0.4426146 -0.3024694 0.8441591 -0.02263402 0.9997414 -0.002230286 0.04312056 -0.9857387 0.162665 0.03748953 0.9990557 -0.02196276 0.02405601 0.9996592 -0.01014131 0.0022583 0.9999532 -0.009418845 0.05289256 -0.9983651 0.02167278 -0.01028949 0.9999043 0.009245872 -0.003558337 0.8011642 0.5984342 0.01688903 0.9990966 -0.03899657 -0.01654595 0.9617448 -0.273447 0.02008426 0.9997915 -0.003708422 -0.05014276 0.9987107 0.007920026 -0.02822613 0.9994133 0.01939731 0.05964046 0.9958001 -0.0694642 -0.07902324 -0.001546084 0.9968717 -0.004802525 6.60891e-4 0.9999883 -0.007920026 -0.01507091 0.9998551 0.01631206 -0.03541475 0.9992396 -0.1389716 0.006653666 0.990274 0.08633512 -0.0274049 0.9958892 0.01434081 0.04406964 0.9989256 -0.003585278 0.03588563 0.9993495 0.007919728 0.05581122 0.9984099 -0.2018609 0.003341853 0.9794085 -0.07429099 -0.005011558 0.9972241 -0.9936829 0.1107289 -0.01826083 0.8755768 -0.2247417 0.4276171 0.1200769 -0.4932366 -0.8615679 6.15778e-4 -0.8842157 -0.4670785 -0.02471202 -0.9642153 -0.2639663 0.2307479 -0.03163701 -0.9724991 0.003467977 -0.9495328 -0.3136488 0.03069937 -0.9933465 0.1109971 -0.09711509 0.4922508 -0.8650191 -0.7075574 3.3696e-7 -0.7066559 -0.2709817 0.7717247 0.5753349 -0.7124109 -0.15942 -0.6834149 0.09026598 0.007361233 0.9958906 0.7071061 1.00528e-6 -0.7071075 0.530738 0.001416862 0.8475349 -0.004071056 0.9866724 0.1626687 -0.6549221 -0.737949 0.1628142 -0.6873762 -0.1084048 0.7181661 -0.937177 0.3154567 0.1489515 0.6560312 -0.0183773 -0.75451 0.4872689 -0.08744615 0.8688626 1 1.07316e-4 -7.27277e-6 1 -1.02741e-4 6.93131e-6 0.9513889 -0.1312463 -0.2786283 0.9702954 -0.2193328 -0.1020777 1 1.35837e-4 -2.98301e-5 1 7.75062e-6 -2.0115e-6 -5.22696e-6 -0.0223304 -0.9997507 0.9974468 -0.0712496 -0.00483185 0.999808 0.0173242 -0.009170472 -0.02554893 0.02195453 0.9994326 -2.33368e-4 0 1 0.109542 0.3365353 -0.9352778 0.5063007 0.8575623 -0.09081161 -0.002765476 -0.9999483 -0.009787499 0.01261717 -0.9996625 0.02270889 0.5876091 0.6964126 0.4119769 0.5229526 0.8426634 0.1282154 -0.9631831 0.1955832 -0.184461 -0.7075614 0 -0.7066518 0.04319113 0.986097 -0.1604592 0.9999851 -0.003521025 -0.004192352 0.457305 -0.8743693 0.1623284 -0.1519142 -0.6391055 -0.7539671 0.9258711 -0.1190333 -0.3585997 0.9824454 0.1864938 -0.004614531 0.9931282 0.09227067 0.07198923 0.04186332 -0.3067418 0.9508717 0.05388122 0.02301377 -0.9982822 0.1412022 0.9899808 0 0.04848819 -0.4599757 -0.8866067 0.4731823 0 0.8809646 -0.05163693 -0.03667962 0.9979921 0.2528515 -0.14248 0.9569565 0.2605312 -0.1150599 -0.9585848 -0.9516483 -0.2278558 -0.2060276 0.7071108 1.59417e-6 0.7071028 0 -5.24433e-7 1 0.4849233 0.8022887 -0.3481125 -0.005001664 -0.02001595 -0.9997872 -0.7565007 -0.6508846 0.06368654 0.9263221 -0.3092849 -0.2151057 -0.6213076 -0.7210462 -0.3067073 0.5525978 -0.5807982 -0.5977534 0.9384573 0.1240943 -0.3223332 0.9977257 0.03392279 0.05824619 -0.5349967 0.8442415 0.03216892 -0.002284288 0.1064919 -0.994311 0.01486986 -0.006468832 -0.9998686 0.9469354 0.1006986 -0.3052431 0.4233295 0.9059754 -8.71684e-4 0.8723931 -0.4139847 0.2598977 -0.6181586 -0.4259877 0.6606167 -0.1490134 0.9874524 0.05227673 -0.1136919 0.9829934 0.1442156 0.02178037 -0.990755 -0.1339034 -0.08449029 0.9858962 -0.1444652 -0.1631154 0.9844546 -0.06513619 0.03017818 -0.9988667 -0.03680545 0.2157918 -0.9612982 -0.1712889 -0.06834036 -0.9974375 0.0211696 -0.0682044 -0.9973657 0.02469736 0.02611804 -0.9996589 8.62313e-6 -1.24111e-4 -0.9970867 -0.07627707 -0.1280082 -0.9915804 -0.01955562 0.1291469 -0.9902544 0.05212914 0.004674077 -0.9999892 4.0945e-6 0.001687467 -0.9978253 -0.06589245 0.0295099 -0.9913482 -0.1278992 -0.1131207 -0.9462139 0.3031222 -0.003073632 -0.998972 -0.04522711 0.008411169 -0.9972807 0.07321572 0.4387429 -0.8716223 -0.2185848 0.2217506 0.9718633 -0.07942616 -0.06939524 0.9974852 -0.01440995 -0.07055723 0.9973542 -0.01750278 -3.07043e-5 -0.001101374 0.9999994 -0.09414076 0.9894308 0.1102921 0.02873271 0.9995872 -9.14916e-6 0.3121879 0.9486894 0.05027312 0.07306283 0.9970328 -0.02423942 0.2212002 0.9752285 -5.97612e-5 -0.08749854 0.9958348 -0.02563214 -0.07063561 0.9965181 -0.04429847 0.02040022 0.9168535 -0.3987025 0.05082768 -0.0233758 -0.9984338 0.1086717 0.9940757 -0.002023637 0.04191213 0.981114 -0.188835 -0.005688786 0.9985673 -0.05320733 0.008834004 0.9993988 0.03352928 0.07017236 0.9892063 -0.128634 -0.006326496 0.9996542 0.02552276 0.008152604 0.9968339 0.07909321 -0.05792117 -0.8788532 0.4735633 -0.999773 0 -0.02130901 0.9405841 0.02357149 -0.3387419 0.108355 0.4789532 0.8711274 -0.001128256 -3.99108e-4 0.9999994 -0.2873664 0.8928245 0.3468212 0.1518566 0.9736876 -0.1699179 -0.02462142 -0.9644278 -0.2631974 0.02918374 0.04496234 -0.9985623 -0.03440463 -0.06214702 -0.9974738 -0.008716642 0.1323938 0.991159 -0.4739542 0.004673242 0.8805371 -0.009395539 0.1379495 0.9903947 -0.02508485 0 0.9996854 0.03803962 -0.001885354 0.9992745 0.07409209 0.007889509 0.9972202 -0.3989724 0.3220955 0.8585311 0.1315135 -1.87241e-4 0.9913144 0.0415222 -0.0376746 0.9984271 -0.00977385 -0.07026702 0.9974804 0.006170272 -0.3283484 0.9445366 0.3184726 0.9172568 -0.2391967 0.243301 -0.06376624 0.9678525 -0.01799643 -0.01059794 0.9997819 0.04265892 0.02112263 0.9988664 -0.1154906 0.01733636 0.9931573 -0.1562385 0.01370686 0.9876243 -0.07495176 -5.16682e-6 0.9971871 -0.08464056 -1.26435e-7 -0.9964116 -0.03285562 0.0452708 -0.9984344 -0.3964486 -0.330062 -0.8566725 0.3546875 0.06281262 -0.9328727 0.1418996 0.03692132 -0.9891923 0.2381123 5.788e-4 -0.9712375 0.1717783 -0.007983148 -0.9851034 0.02822452 -0.1544882 -0.9875915 0.07737565 -0.07276415 -0.9943432 -0.03283792 0.05941909 0.997693 0.03155159 -0.04885095 0.9983077 0.01428365 -0.0686863 -0.9975361 -0.02281564 -1.89894e-7 -0.9997397 0.09241765 0.01411759 -0.9956203 0.02889078 0.04678881 -0.998487 -0.00227952 0.1168792 -0.9931436 0.2605852 0.004002213 -0.9654425 0.05040407 0.1072205 -0.9929568 0.2820119 5.63305e-5 -0.9594109 0.07344776 0.03413808 -0.9967146 0.2671089 0.6382377 -0.7220149 0.01087635 0.08223205 -0.9965539 0.07013165 -0.387058 -0.9193844 -0.4768754 -0.00462687 -0.8789588 0.3600077 -0.5238269 0.7720103 0.1180338 -0.07475227 0.9901921 -0.05712646 -0.1947997 0.9791781 0.04007244 0.1943632 0.9801108 0.01167798 0.02375119 0.9996497 0.07454991 5.25525e-4 0.9972172 2.21821e-5 -0.06343311 0.9979861 0.1172873 -0.2392539 0.9638472 0.0422908 0.01502937 0.9989923 -0.01488018 -0.02150833 -0.9996579 2.25432e-4 0.01507216 -0.9998864 -0.02296429 0.3662471 -0.9302343 -0.001599609 4.83249e-4 -0.9999987 -0.001562595 4.90065e-4 -0.9999988 0.005920767 0.008087873 -0.9999498 -0.5145183 -0.2568319 -0.8181127 0.1518638 5.2074e-4 -0.9884014 0.500169 0.236925 -0.832885 0.315858 0.3110487 -0.8963719 -0.4632091 -0.8858887 -0.02527028 -0.2694882 -0.3003524 -0.914967 0.006598591 -0.03230589 -0.9994564 0.005932927 0.008119106 -0.9999495 -0.2776084 0.4620451 -0.8422874 0.377726 -0.2207002 -0.89923 -0.8479015 0.5114585 -0.1395469 -0.001520574 4.91986e-4 -0.9999988 2.30534e-6 -2.14052e-6 -1 -2.44271e-7 4.45921e-7 -1 0.002564072 -0.001817703 -0.9999951 -0.2338545 -0.200456 0.9513829 0.02775591 -0.005310475 0.9996007 0.03860986 -0.2983586 0.9536727 -0.1267406 0.08613157 0.9881893 -0.008604705 -0.02019482 0.9997591 -0.3308042 -0.07583898 0.9406473 -0.326339 0.09033066 0.9409269 0.01245391 0.02806103 0.9995287 -0.337704 0.08048373 0.9378052 0.0184102 0.01415789 0.9997303 0.01245355 0.03033256 0.9994623 0.02067947 0.02192062 0.9995459 0.005867123 0.01615893 0.9998522 0.002938747 0.01255255 0.999917 0.008070409 0.001503884 0.9999664 -0.3621201 -0.008546173 0.9320923 2.10898e-4 6.35504e-5 -1 -0.003554999 -0.007323503 -0.9999669 -0.006172418 -4.23546e-4 -0.9999809 2.24656e-4 0.01506471 -0.9998865 -0.001244544 3.74623e-4 -0.9999992 -0.001209199 3.79781e-4 -0.9999992 0.005892455 0.007182061 -0.9999569 -0.04752635 0.2663868 -0.9626939 -0.8428664 -0.1898478 -0.5035218 0.3389623 0.1327871 -0.931382 0.2345589 0.3360508 -0.9121689 -0.7510762 -0.6589521 -0.04082632 0.4763548 0.2434261 -0.8448845 -0.7489064 -0.2720341 -0.6042653 0.1789382 0.4462844 -0.876819 0.2190226 0.3867545 -0.8957958 0.5972191 -0.1595145 -0.7860564 -0.742843 0.6122157 -0.2708808 -0.04377633 -0.001153409 -0.9990407 -0.1055217 0.06362169 -0.9923798 -0.01745724 -0.01095312 -0.9997876 0.2010689 -0.2797227 0.93879 -0.2060074 -0.8111532 -0.5473496 0.1228522 -0.9741281 0.1896884 -0.1277026 -0.9906051 -0.04892545 0.008078813 -0.9997711 0.01981085 0.006024837 -0.9910711 0.1331989 -0.06470131 -0.9978586 0.009599745 -0.009272396 -0.9980787 0.06126248 0.04156088 -0.9989261 0.02048003 0 0.9962241 -0.08682018 -0.2260039 0.9492202 -0.2188683 -0.1282094 0.1013695 0.9865529 0.005363881 -0.9997459 -0.02189618 0.003611445 0.01981383 -0.9997972 -0.1905328 -0.9556094 0.2247399 -0.0101456 -0.9994258 0.03232938 0.08753103 -0.9882211 -0.1255288 -2.59439e-4 -0.8627653 -0.5056047 -0.03715318 -0.9989763 -0.02580654 0.003593385 -0.9973312 0.07292199 0.1839129 -0.8792053 -0.4395158 -0.4610126 -0.6221104 0.632808 -0.03547543 -0.9620551 0.2705395 0.376942 0.7684603 0.5170913 0.1368489 0.574322 -0.8071101 -7.90598e-4 -3.89741e-6 -0.9999997 0.06878119 0.9938817 -0.08642077 0.2094284 0.9770487 0.03893291 -0.01233029 -0.999924 2.64042e-4 -0.09934973 0.9900009 -0.1001402 -0.06179153 0.9720014 0.2267047 0.03366142 0.9992132 0.02097737 0.09628987 -0.5999999 -0.7941841 0.008809626 -0.9247413 0.3804944 0.06981307 -0.9975385 0.006570458 0.09201318 -0.5559896 -0.8260806 -0.003250241 0.006427466 -0.9999741 3.56974e-4 0.001201152 -0.9999993 -0.02473646 0.9653367 0.259833 -0.5599474 0.8152388 -0.1477992 -0.2029978 0.9770225 0.06495457 0.09695219 -0.5769692 -0.8109914 0.06535547 -0.5482946 -0.8337277 0.6959229 0.07723259 0.7139514 0.03043794 -0.9995334 -0.002540051 -0.1938489 0.9809967 0.0082466 -0.3117116 0.9501768 -3.45617e-4 0.001114785 0.9999979 -0.001730799 0.01263892 0.9999201 -3.64169e-4 0.4423303 0.05662894 0.8950626 0.5110926 1.05624e-4 0.8595257 0.2354015 0.4372771 -0.8679717 -9.4141e-4 0.6769814 -0.7359995 -0.005015969 0.7145434 -0.6995732 -0.04247254 0.911791 -0.4084524 0.005265891 0.7891807 -0.6141387 -0.9989076 0 -0.04673081 0.06958448 -0.6282309 -0.7749091 0.03911286 -0.1898728 0.9810293 0.03963136 0.06180238 -0.9973013 -0.017075 -0.9998437 -0.004611968 -0.01803541 -0.9998217 -0.00559473 -0.5824312 -0.1766214 -0.7934601 -0.3302158 0 0.9439055 0.04709786 0.0346027 -0.9982908 0.3542377 -0.04167371 -0.9342264 0.180864 -0.004389464 -0.9834983 -0.02884626 -0.1583237 -0.9869658 -0.969242 0.1971954 -0.1472545 8.93848e-4 0.1717113 -0.9851469 -0.005479931 0.004437625 -0.9999752 -0.006285727 9.67295e-4 -0.9999798 -0.006926178 -8.13633e-4 -0.9999757 0.02283328 -0.06656402 -0.9975209 0.01093363 -0.1640347 -0.986394 0.4113684 -0.01078575 -0.9114053 0.2945045 -0.005708217 -0.9556331 0.1159462 -0.7610525 -0.6382442 -0.01880639 -0.1737548 -0.9846094 0.01968443 -0.2581381 -0.9659075 0.01082801 0.02726715 -0.9995695 0.01396161 -0.002147197 -0.9999003 0.01348209 -2.0693e-7 -0.9999092 -0.6614646 0 0.7499765 0.04558342 -0.04784286 -0.9978143 0.449549 0.05288887 -0.8916887 0.02189427 -0.8713603 -0.4901551 -0.3175385 -0.9481449 0.01380509 -0.2798809 -0.9600266 -0.003967165 -0.004984974 0.9376882 -0.347442 0.008099794 -1.50505e-4 -0.9999672 0.07349997 -0.09370177 -0.9928836 0.1346961 -0.9857152 0.1011068 -0.1850597 0.2000022 -0.9621601 0.02025735 -0.6253903 0.7800492 0.02256757 0.6251113 0.7802093 0.1351395 0.9875997 -0.07990133 -0.2838606 0.1095021 0.9525926 -0.2525615 0.05047261 0.9662636 -0.2907659 -0.09932965 -0.9516243 0.3470932 0.937722 0.01427829 -0.687375 -0.1084055 0.7181671 -0.9371792 0.3154587 0.1489332 0.5035533 0.07609587 -0.8606066 -0.03025048 0.9969826 -0.07148772 -0.3885611 -0.388957 -0.8353039 -0.05121713 -0.1323831 -0.9898746 0.004275739 -0.9770973 0.2127498 0.01049101 0.9852087 0.1710371 0.059785 -0.4169813 0.9069468 0.1738888 -0.5615791 0.8089448 0.7732433 0.3803955 -0.5073405 0 -1 1.52855e-5 0.2473798 -0.6625703 0.7069681 -9.39042e-6 -1 1.46206e-5 -4.95274e-6 -1 1.46138e-5 3.52922e-4 -0.9999949 0.003210246 -0.08806139 -0.9960991 -0.00565052 0.1948893 0.5219832 0.8303926 0.006299138 0.9999793 -0.001322627 -0.9071297 0 -0.4208512 -0.5921826 -0.7712848 -0.2333225 1.88652e-4 -0.9999995 0.001081645 -0.006833553 -0.01688063 -0.9998342 0 0 -1 -0.3541896 0.933567 -0.05479419 0.235203 -0.5932862 0.7698643 -0.7869567 0.6170002 -0.003152787 -0.6076424 -0.4166741 0.6761313 0.8156522 4.2741e-4 -0.5785425 -0.9728742 0.1847243 0.1392586 0.8328654 0.4943154 0.2489732 0 -0.9883393 0.1522679 -0.4351674 0.8948081 0.09973847 -0.01438248 0.00576359 0.99988 0.03645175 -0.9434485 0.3295093 -6.1911e-6 -1 1.46143e-5 0.6309064 -0.171096 -0.7567584 2.51025e-6 -1 1.52805e-5 0.2473799 -0.6625705 0.706968 -0.7637335 -0.2505964 -0.5949055 0.2383126 0.8609995 0.4493184 0.2231134 0.2156251 0.9506452 -0.592512 -0.7711629 -0.2328892 0.1948928 0.5219945 0.8303846 -4.9529e-6 -1 7.30695e-6 0.004723906 0.9999889 1.94828e-4 1.89168e-4 -0.9999977 0.002169191 -0.3334328 0.9411313 -0.05562865 0.05487257 -0.9984912 0.002107858 0.01840281 -0.9572849 0.2885605 0.463752 0.8483073 0.2555561 0.02541255 0.9996686 -0.00412178 -0.8553277 -0.3952893 -0.3349048 -1 0 2.03332e-6 -0.9812113 -0.05909174 -0.1836646 0.04371148 -0.9670228 0.2509111 0.008025705 0.9315192 -0.3636035 -0.5711911 -0.815923 -0.08950048 0.07629001 0.5189223 0.8514104 0 0 -1 0.03763782 0.9975506 -0.05895996 0.3536362 0.1073138 -0.9292068 -0.707093 6.3662e-6 -0.7071206 0.2676885 0.01316314 0.9634156 0.9316501 -0.04871326 -0.3600769 0.9890511 -0.1459745 0.0216673 0.02118015 0.6568769 0.7537003 0.07132798 -0.1732499 -0.9822917 0.07232385 0.703773 -0.7067339 -0.006837606 0.3376593 -0.9412436 0.4422363 0.8383489 0.3187448 -0.06635266 0.02687811 0.9974342 -0.8074389 0.5805571 -0.1048622 -0.4974724 0.8662735 -0.04573529 0.9890241 0.1256871 0.07767975 0.04363089 0.05644172 -0.9974521 -0.02624195 0.8010935 -0.5979638 0.0353173 -0.885847 0.4626316 -0.03336709 0.4794051 -0.8769592 -0.0704993 0.9690459 -0.2366012 -0.01884281 0.8261358 -0.5631562 0.1650062 -0.5929563 -0.7881472 0.1209593 -0.1843909 -0.9753814 0.9637125 0.05931991 -0.2602682 0.9559149 -0.004591047 0.293608 0.8920627 0.005257308 -0.4518811 -0.09810191 -0.9948362 -0.02602326 -0.1202921 -0.9919545 0.03944969 -0.1428295 0.9889479 0.03977245 -0.1100183 0.9861303 0.1242701 0.8085623 0.5844832 0.06787008 0.1510728 -0.9776788 -0.1460179 0.1110676 -0.9935961 0.02076083 -0.02310019 0.5157012 -0.8564572 0.01616245 0.9998687 -0.001219034 0.02322107 0.9991625 0.03369271 0.03080719 -0.02487927 0.9992157 0.9998033 -2.25682e-4 0.01983368 0.02717536 -0.008949339 -0.9995906 0.9954707 0.09240204 -0.02236688 0.520892 -0.8027388 -0.2903135 0.03007203 4.37281e-4 -0.9995477 0.1491556 0.8765301 -0.4576546 0.2488508 0.8953194 0.3694273 -0.120533 -3.99756e-5 -0.9927093 -0.00175637 -0.1754438 -0.9844879 0.6535765 0.002140104 0.7568575 0.8264532 0.06963402 0.5586829 0.1823192 -0.9810245 0.06596082 0.2357185 0.9190467 0.3158957 -0.09720933 -0.09080868 -0.9911127 0.839888 0.1102725 -0.5314397 0.7954057 0.05304533 -0.6037516 0.9302667 -0.1878728 -0.3151312 0.1044846 -0.9920326 0.07038849 0.1452986 -0.9879266 0.05375438 0.3810542 -0.04304075 0.9235504 -0.8371911 0.006423175 0.5468728 0.386491 -0.7903495 -0.4753655 0.1722825 -0.9810953 -0.08815258 0.2524069 -0.8986783 -0.3587037 -0.004103422 -0.0222162 -0.9997448 0.09010487 0.9922271 -0.08582854 0.1320311 -0.989612 -0.05688577 0.8092573 -0.01680272 0.5872142 0.7413598 -0.05793017 0.668603 0 0.9999991 0.001434683 -0.001667439 0.9999924 -0.00354135 0.8624734 0.3985916 -0.3118727 -0.6446043 0.67259 -0.3634666 -0.4260067 0.0143398 0.9046065 0.2225767 0.2283405 0.9477976 0.4955106 -0.8672803 0.04789543 6.88314e-7 0 1 0.5899568 0.6905103 -0.4185051 0.2099786 0.9775627 -0.0167424 0.1047993 0.9546567 0.2786533 0.04420369 -0.9071507 -0.418478 0.09346348 -0.2183203 -0.9713912 0.576267 0.1025375 -0.8108036 -0.4412964 -0.2024217 -0.8742329 -0.1941503 0.7634133 -0.6160405 -0.7212885 -0.0701276 0.6890755 -0.9582574 0.2514491 0.1360746 0.05726712 -0.4096991 -0.9104214 -0.2312126 -0.8913728 -0.3898656 0.702112 -0.1574277 -0.694446 -0.4048842 0.198488 -0.8925644 0.1197311 0.2104092 -0.9702539 0.001883089 -0.02261489 0.9997425 0.02943921 -0.74029 0.6716429 2.35304e-4 -0.9999977 0.002158641 -0.8803415 -0.4719199 -0.0478599 -0.006949484 0.9911774 0.1323602 -0.06862658 0.9951959 0.06982457 -0.4732477 0 0.8809295 0.2392225 -0.9685619 -0.06826907 -0.9938259 -0.03351789 -0.1057671 0.5407153 -0.1431283 -0.8289399 0.6963629 0.05866581 -0.7152881 -0.07892441 0.9937338 0.07914638 -0.1693645 0.9821658 -0.0816462 0.07573413 -0.9823078 -0.1712767 0.169511 -0.9825441 -0.07663738 0.2393976 -0.9211934 -0.3067435 -0.5116291 0.8577798 0.04949551 -0.04270374 0.9943227 -0.09746158 0.3185437 0.9066584 0.2765874 0.6630761 0 0.7485521 -0.02716457 -0.9605766 -0.2766855 -0.03127461 0.7049825 -0.7085349 -0.3791897 0.02240246 0.9250478 0.0713098 0.5551299 0.8287013 -0.03374797 -0.9093343 0.4146956 -0.8920631 -0.4356859 -0.1200063 -0.6221221 0.06844997 -0.7799223 -0.1670733 -0.6997147 0.6946122 -0.01280122 -0.9997091 0.02044785 -0.2714554 -0.9337325 0.2333574 0.005565583 -0.5272004 -0.8497228 -0.0671516 -0.6002291 -0.7970043 -0.04325044 0.9988743 -0.01948249 -0.7071361 0 -0.7070775 -0.9936836 0.1107228 -0.01826095 0.7071108 0 -0.7071028 0.04568457 -0.3191626 0.9465982 0.02568686 0.08488744 -0.9960594 0.01973176 -0.2474309 -0.9687046 -0.9996663 0.01462644 -0.02129226 0.049937 0.4197876 -0.9062476 0.01809889 0.01696509 -0.9996923 0.09019035 -0.5384943 -0.8377885 -0.004310071 0.7641242 -0.6450548 -0.006273865 -0.9310393 -0.364865 -0.2256138 0.2084205 0.9516614 -0.4041989 0.1708111 0.8985806 0.3127799 -0.06409943 0.9476603 0.2482054 0.0626133 0.9666818 -0.1247541 0.3561369 -0.9260686 -0.02298009 0.0314359 0.9992416 -0.04584366 -4.66109e-6 0.9989486 -0.330177 2.28962e-6 0.9439191 0 0.9999991 0.001349449 -9.1625e-4 0.9999987 -0.001366198 -0.7140645 -0.7000702 0.00370419 0.3989363 -0.9071198 0.1341029 -0.09071177 0.9077222 -0.4096484 0.4853887 -0.8741506 -0.01608628 -0.1208463 0.9918738 -0.03978061 -0.02523791 0.9975855 0.06470197 0.04550206 0.9978888 -0.04634219 0.007430016 -0.005444109 -0.9999576 0.1577715 0.9867951 0.03665757 0.4692085 0.8824967 -0.03229624 0.4767493 0.8449112 0.2425602 0.1455823 0.9891288 -0.02073734 0.437276 0.8981126 0.04672902 -0.2846652 0.6380698 -0.7154248 0.02822035 0.9738663 -0.2253623 0.9070908 0.03456771 -0.4195135 -0.1198993 0.9640371 0.237185 -0.08591377 0.1688693 0.981887 0.9657964 0.002258658 0.2592917 0.9340415 0.0602104 -0.3520531 -0.2035121 0.7433018 -0.6372483 -0.05991166 0.8758917 -0.4787739 -0.2313862 0.8499685 0.4733012 -0.8185595 -0.2434954 -0.5202597 0.3400991 -0.940073 -0.02440088 -0.01371109 -0.9995036 -0.02836734 -0.1286041 -0.9606326 -0.2462644 0.2547984 0.03214418 -0.9664599 0.2712118 0.06272381 -0.9604739 -0.8159338 0.04616582 0.5762991 -0.8317387 0.05755227 0.5521764 0.8293465 0.05138766 -0.5563665 0.8395212 0.05834478 -0.5401852 -0.8976868 -0.02029824 -0.4401662 -0.1771219 -0.9706707 0.1625622 -0.1072542 -0.9930565 -0.04832744 0.5580118 0.07941848 0.8260241 0.6346674 0.0114355 0.7727008 -0.3082057 0.1399031 0.9409763 -0.08320325 -0.8903015 0.4477058 0.8139872 -0.06027829 0.5777469 0.3220421 0.2088265 0.923407 -0.3564237 -0.1417103 0.9235152 -0.01368218 -0.9996356 -0.02327084 0.2182837 -0.8972027 0.3839005 -0.07274788 -0.5832389 0.8090366 0.346349 -0.09567373 0.9332143 -0.007863223 0.001203715 0.9999684 -0.01194882 -0.002403914 0.9999257 0.9966075 0.0671789 0.04754614 0.08251041 0.3525268 -0.9321571 0.6831364 -0.09311813 -0.7243299 -0.3198485 -0.1314787 -0.9383018 0.5090256 0.8602234 -0.03014636 0.03590595 0.03727394 0.9986599 0.001436412 0.002816379 0.999995 -0.3096261 0.8884154 0.3388949 0.5018112 0.8646111 -0.02516752 -0.2846562 0.1032971 0.9530481 -0.2541001 0.04556745 0.9661039 0.04772996 0.864807 -0.4998309 -0.8166697 0.05008 -0.5749285 0.8965443 0.001966059 -0.4429496 -0.1372493 -0.005263388 -0.9905226 -0.04535037 0.2039006 -0.9779406 -0.2090624 0.09229999 -0.9735367 -0.3164801 -0.1101065 -0.9421873 -0.2527628 -0.4178417 0.8726507 0.1960123 0.05163443 0.979241 0.3514245 0.1245179 -0.9278988 -0.6969606 -0.2352525 0.6774233 0.005548238 0.05104571 0.998681 0.009821832 0.03365319 0.9993854 -0.03954344 0.01359975 0.9991254 -0.03120088 -9.2581e-4 0.9995127 -0.01669144 -0.007016122 0.9998362 -0.02407884 -0.002111673 0.9997079 -8.84651e-4 -0.001579225 0.9999985 -5.20465e-4 -8.17691e-4 0.9999996 -0.03047865 -0.005318045 0.9995213 8.50359e-5 -6.97405e-5 1 9.72635e-4 -5.30338e-4 0.9999995 0.9495849 0.3067154 0.06491738 0.04048991 -0.01328825 0.9990916 -0.001775681 -0.03515511 0.9993803 0.02241712 -0.1745882 -0.9843863 -0.4875016 0.07250487 -0.8701065 0 -3.16369e-7 1 -0.01942408 0.006616771 0.9997894 -0.002087593 -4.63358e-4 0.9999977 -0.02175146 -0.1774184 0.9838951 -0.01249963 -0.1654534 0.9861384 -9.4323e-4 2.28457e-4 0.9999996 -0.001362144 -0.001329123 0.9999983 -0.2246715 -0.9381875 -0.2632998 0.003264486 -0.9984309 -0.05590271 -0.00405389 0.06368148 0.9979621 -0.1243258 0.01033532 0.9921876 0.01206928 -0.003573894 -0.9999208 0 3.0964e-7 -1 -9.99999e-4 0.002521455 0.9999964 1.8964e-5 -0.001832664 0.9999983 0.005366027 0.05429255 0.9985107 0.08264726 0.1551159 0.9844331 2.17363e-4 -1.44907e-4 1 0.1118879 -0.9925273 -0.04868948 0.1275826 -0.9910038 -0.04042661 -0.001604557 -0.01370221 0.9999049 -0.009905278 -0.05955064 0.9981762 0.01900488 -3.46409e-4 0.9998194 0.01612049 -0.004636824 0.9998593 -0.001321852 -0.03597879 0.9993517 0.02741348 0.005949676 0.9996066 8.40672e-4 1.27083e-4 0.9999997 4.25161e-4 2.89129e-4 1 -6.9758e-4 -0.001940369 0.999998 0.003561615 -0.002187073 0.9999914 0.0052917 0.003743827 0.9999791 -0.00287038 0.001754522 0.9999944 -0.1402296 -0.02291119 -0.989854 -0.002233386 -0.004300296 0.9999883 -5.00287e-4 0.00171256 0.9999985 -0.006415069 0.005439877 -0.9999647 0.02629142 0.006756424 0.9996315 -2.08766e-4 -0.001091957 0.9999995 0.08471494 0.9957996 0.03473752 -0.0366798 0.9993092 -0.005990624 -0.002791047 0.002351701 0.9999935 0.01289242 0.9818927 0.188999 -0.01498651 0.9789685 0.2034602 8.39505e-4 0.9885166 0.1511101 -0.9799692 -0.01304793 0.1987217 -0.9813442 0.01782417 0.1914315 0.9683972 -0.09114056 0.2321646 -0.9825294 -0.008568286 0.1859103 -0.9890075 -1.36756e-4 0.1478662 -0.0232473 -0.9763749 0.2148297 -0.9913995 -0.1156626 -0.06123113 0.01931673 -0.9787577 0.2041083 -1.87289e-4 -0.9899336 0.1415328 0.990712 8.09187e-4 0.1359749 0.9768241 0.02016425 0.2130922 0.9629958 -0.05120545 0.2646073 0.6648118 0.6825655 0.3035287 0.9806306 0.01331585 0.1954132 -0.4969037 0.4932377 -0.7140052 -0.8123635 0.3205314 0.4871603 -0.512364 0.05368602 0.8570888 -0.004140317 0.00288093 -0.9999873 -0.00592029 0.006320953 -0.9999626 -0.9770814 -0.1139577 -0.1797937 -0.2862978 -0.8632425 0.4157478 0.04198437 -0.9895148 -0.1381955 -0.4766415 -0.555279 -0.6815264 0.4664715 0.5585318 -0.6858911 -0.002664566 -0.004834473 -0.9999849 -0.006547331 -0.002637505 -0.9999751 0.006285309 0.005921125 -0.9999628 -0.002513706 -0.004734039 -0.9999857 -0.7579866 -0.6138438 -0.2205724 0.003553211 0.003166913 -0.9999887 0.002531826 9.74993e-4 -0.9999964 0 0.8976688 -0.4406709 0.6328976 0.3794308 0.6748875 0 0.9410886 -0.3381602 -0.001298964 0.001331746 -0.9999983 0.007729232 -0.004287481 -0.999961 0.4811466 -0.5619973 -0.6727979 -0.880538 0.3366767 0.3336192 -0.04431313 0.930584 -0.3633866 0.3073591 -0.9513406 -0.0219444 0.356091 -0.9344464 0.003020226 0.2417205 0.9525045 0.1852198 -0.995095 0.01941126 -0.09700053 0.3744858 -0.8074725 -0.4557946 -0.9778566 -0.1335796 0.1610999 0 0 -1 0.1272437 -0.9579999 0.2569929 0.4205665 8.64035e-5 0.9072617 0.465713 0.00590384 0.8849161 0.004862427 0.9383831 -0.3455628 -0.2365639 -0.6716067 0.7021268 -0.4282936 0.02957493 0.9031556 -0.9264603 -0.2307395 0.2973727 -0.2989399 -0.9013552 0.3133589 -0.1110075 -0.9919763 -0.06050264 -0.03489655 0.9377484 -0.3455577 0.9918037 0 -0.1277708 0.7071334 0 0.7070802 9.27336e-7 -5.78956e-7 1 8.84748e-4 -0.8220353 -0.569436 7.57849e-5 -0.8121983 -0.5833815 0.1851919 -0.7842627 0.5921452 0.6022589 0.7973504 -0.03894305 -0.58095 0.6563965 -0.4812907 -0.8078905 0 0.5893326 0.4800013 -0.8740102 -0.07553184 0 -3.8147e-6 1 0 -3.8147e-6 1 0.7071057 1.00528e-6 -0.7071079 0.07395929 0.9811152 -0.1787258 0.1668591 0.9857618 -0.02078139 0.9782501 0 0.2074289 0.9641205 -6.73711e-6 0.2654654 -0.9981734 0.03897458 -0.04616236 0.01061588 -0.9726901 -0.2318652 0.1412011 0.9899809 1.61282e-7 -0.81505 0.5577146 -0.1569976 -0.7074708 0.07367515 0.702892 -0.4352888 -0.2906545 0.852082 -0.7637295 -0.2506052 -0.5949071 -0.8443717 0.1414654 -0.5167437 0.001938939 4.00814e-4 0.999998 0.3292896 0.8807125 0.3404616 0.04192483 -0.9987317 0.02787929 0.0368148 -0.998724 0.03457039 0.4694449 -0.8079201 0.3562115 0.16125 0.9437616 -0.2886391 0.3306283 -0.8653139 0.3767185 -0.7075628 3.36957e-7 -0.7066505 -0.03234595 -0.3783179 -0.9251105 -0.03333353 0.5394341 0.8413679 0 -3.20608e-7 1 -2.41241e-7 -4.3921e-7 1 -0.9686588 0.0146197 0.2479646 -0.9811935 0.04384678 0.187981 -0.9601241 -0.2667207 0.08379691 0.97825 0 0.2074297 -0.1889763 0.9629261 0.1925131 -0.6076112 -0.4166695 0.6761622 -0.2900549 -0.6707489 -0.6826157 -0.8013561 0.07969158 0.5928556 0.3720203 -0.3446929 0.8618513 0.2040505 0.06802022 -0.9765945 0.0039137 -0.2046302 -0.9788315 -0.9915572 0.09785717 0.08507835 0.1421181 -0.2434136 0.9594542 0.0674445 -0.03719145 0.9970296 0 -0.9833725 0.1815999 0.007303893 0.9999706 -0.002370595 -0.002690136 0.9998219 0.01868569 0.9258043 -0.2353768 0.2957772 0.2646303 0.9457401 0.1885379 0.1098898 -0.9348598 -0.3375818 0.1442099 -0.8759518 -0.4603391 -0.00339812 0.1795054 -0.9837511 -0.346161 -0.01736247 -0.9380145 -0.1712188 0.4525964 0.8751233 -0.9899812 -0.1411995 0 0.9938355 -0.1018994 -0.04367685 0.9104889 0.1053513 0.3998889 -0.8078907 0 0.5893323 -0.8060036 0 0.5919107 -0.7070895 5.21914e-7 0.7071241 9.72826e-4 3.81501e-4 0.9999995 -0.1665967 0.9798251 0.1104013 -0.05438178 -0.05016767 -0.9972593 0.008253574 0.01767206 -0.9998098 -0.02314549 -0.9997317 9.83593e-4 -0.02184367 -0.9997565 0.003175556 -0.3025882 -0.3604749 -0.8823255 -0.01121652 0.07021915 0.9974686 0.08127909 0.1473806 0.9857346 0.5092186 -0.2024388 0.8364896 1.4604e-4 0.01811927 0.9998359 0.002971529 0.01477575 0.9998865 -0.79992 0.5762569 0.1674996 0.6345677 0.3645241 0.6815028 0 -0.9919666 0.1265004 -0.7359542 0.6766439 0.02290213 0.7071063 0 -0.7071074 0.2054662 -0.9782127 0.02972358 0.1767338 -0.9823722 0.06091165 0 -1 3.85538e-6 -0.924579 0.3759382 0.06184154 -0.947403 0.3162186 0.04932874 -0.9958267 0.02053326 0.08892446 -0.1612634 -0.9862959 -0.03485155 -0.03594422 0.9993297 -0.006945848 0.9810483 -0.1819211 0.06670027 0.9963932 -0.0232197 -0.08161926 0.03378337 -0.002883136 0.999425 0.02816581 -2.8413e-4 0.9996032 0.9964942 -0.004621624 -0.08353382 0.9971593 0.07492446 -0.007734715 0.3188348 0.8028763 -0.5037202 7.48821e-7 0.9971994 0.07478868 -3.79091e-7 0.9971992 0.0747919 -0.9025736 -0.08081245 0.4228835 0.9930157 0.1093296 0.04435127 0.9458388 -0.3157923 0.07526195 -0.4364782 0 -0.899715 -5.97048e-4 -1.38215e-4 -0.9999999 -7.593e-4 -1.61678e-4 -0.9999998 9.7089e-4 0.001427888 0.9999985 0.4390326 -0.8978002 0.03471904 0.4551433 -0.8904002 0.005677103 0.4782689 -0.8495316 -0.2226094 0.999471 -0.02175813 -0.02417266 0.9869028 -0.1613148 7.61737e-4 0.127556 0.01111102 0.9917692 0.1886496 -0.06272989 0.980039 0.1149111 0.05005574 0.9921139 -0.8608368 -0.4779139 0.1748101 0.7299243 -0.6802446 -0.06691646 -0.2271054 -0.964354 0.1358114 0.8900793 0.4537851 -0.04287207 0.0148077 0.9884451 -0.1508548 -0.04255455 -0.05706381 -0.9974632 0.08212369 0.1105958 -0.9904667 -6.58002e-6 -2.66601e-4 1 -0.1896386 -0.9815879 -0.02285844 -0.0149722 -0.9997888 -0.01407724 0 0.9588625 0.283871 -0.3720088 0.8944846 -0.2480053 -0.03010272 0.9978118 -0.05886954 0.2984778 0.8386935 0.4555263 0.9899812 0.1411994 1.41121e-7 0.00642544 -0.9984143 -0.05592507 0.989981 0.1412011 0 -4.54964e-4 2.10027e-4 0.9999999 0.9879968 0.09015482 0.1254371 -0.07410675 -0.9970531 0.0198369 0.04935806 -0.998571 -0.02049046 0.3155844 -0.9456115 -0.07890111 -0.1038227 -0.9944649 0.01613467 0.8468173 0 -0.5318841 0.8468141 0 -0.5318889 0.07213228 0.007452011 -0.9973673 -0.02655178 -0.05116158 0.9983375 -0.9996606 0.01411092 0.0219016 0.001677036 1.47389e-4 -0.9999986 0.002128362 -2.30432e-4 -0.9999978 -0.2673432 -0.9634519 -0.01697486 -0.05174183 -0.9774284 -0.2048326 -0.001259148 -1.80013e-4 0.9999992 0.2444103 0.1066436 0.9637898 -0.42895 0.9014786 0.05777835 -0.02419847 0.9991692 -0.03279554 0.9875749 0.1392196 0.07289546 0.9800789 0.1974905 0.02105057 -0.2004061 -0.04793852 0.9785394 -0.06691336 0.2766416 0.9586408 -0.01445472 0.9598229 0.2802343 -0.2984825 -0.6902385 -0.6591503 -0.7544767 0.4189951 0.5051813 -0.2867227 -0.1497808 0.9462325 -0.2041001 -0.03295892 0.9783951 0.02893912 -0.767022 0.6409679 0.09860426 -0.562631 0.8208067 0.3592732 0.06116569 0.9312259 -0.002827107 -0.00309956 0.9999913 0.002671599 -0.00197494 0.9999945 -6.48212e-4 3.76166e-4 0.9999998 -2.02482e-4 0.001571714 0.9999988 0.3227605 0.02448546 0.9461639 -0.3345689 0.126878 0.933791 -8.46938e-4 0.191695 0.9814543 0.00779426 0.2338326 0.9722457 3.96318e-4 0.1956049 0.9806827 0.8226965 -0.4720568 -0.3167539 -0.3797818 -0.06487852 0.9227983 -0.9943526 -3.11403e-5 0.1061266 0.9272351 -0.3599043 -0.1034598 0.003749966 -0.2911496 0.9566702 0.5824017 0.3330243 -0.7415545 0.09633046 -0.5501999 0.829458 0.9958878 5.77153e-4 0.09059405 -0.2459412 0.1570471 -0.9564775 0.7579856 -0.6138449 0.2205728 -0.6985849 0.1428222 0.7011283 -4.04067e-4 2.5829e-4 -0.9999999 -4.38181e-4 3.04816e-4 -1 0.6630825 0 0.7485464 -0.1238471 -0.2021642 -0.9714894 4.83732e-4 5.51451e-4 -0.9999998 0.1791548 0.0749852 -0.9809592 -0.2234495 -0.9565652 -0.1872258 -0.003217279 0.002323687 -0.9999922 0.6648499 0.682529 0.3035274 0.3046246 -0.1295719 -0.943618 -8.04158e-7 5.0843e-7 -1 0 2.80457e-7 -1 0 0.9937559 -0.1115766 0.9247886 0.2543804 0.2829432 -0.06518274 -0.9286549 0.3651731 0.9997732 0 -0.02129846 0.338992 -0.8412988 0.4210709 0.2767839 0.9608132 -0.01512908 -0.08942526 -0.007368087 -0.9959664 0.9899809 -0.141201 0 0.9641192 0 0.2654697 0.3710473 0.001022994 0.9286136 0.2063027 -0.9763315 -0.06493109 -0.9765206 -0.2092583 -0.05117273 -0.6881714 -0.07935547 -0.7211955 -0.6525891 -0.05096125 -0.7559964 -0.9736289 -0.1981658 -0.1130363 -0.82107 0.03785592 0.5695711 -0.9336861 0.1087533 0.3411788 -0.7071099 -1.59417e-6 -0.7071037 -0.707106 0 -0.7071076 -0.6249534 -0.2415106 0.7423651 0.3584256 -0.245784 -0.9006227 0.03362524 -0.1222209 -0.9919332 -0.4300633 0.8979288 0.09364491 0.7149955 0.684513 -0.142209 0.08612465 0.9733716 0.212439 0 0.9971994 0.0747897 -0.02653539 0.7603437 -0.6489789 0.1996819 0.9755376 0.09194386 -0.9641541 0 0.2653433 -0.7302014 -0.6831124 -0.0127899 -0.6769988 -0.7311138 -0.08452963 -0.2396743 -0.9703258 -0.03200376 -0.09192073 -0.9794146 -0.1797155 -0.1120156 -2.62682e-6 0.9937065 -0.1120575 0 0.9937018 -0.1120158 0 0.9937064 0.3238168 0.06679648 0.943759 -0.6429906 -0.759126 -0.1014443 -0.008658528 -0.878708 0.4772812 0.7071707 0 -0.7070429 0.707176 0 -0.7070376 0.005890786 0.02457314 -0.9996808 -0.003554999 0.001717865 -0.9999922 -0.7071068 -2.7546e-6 0.7071068 0.9918036 2.63053e-7 -0.1277722 -0.9849155 -0.1493733 -0.0873453 0.1721664 0 0.985068 0 2.83929e-7 -1 0.7071064 0 -0.7071072 -0.0242722 -0.9997046 -0.00129956 -0.03924834 -0.9990881 0.0168119 -0.09927546 -0.9936413 0.05311733 0.9280114 0.135895 0.3468825 0.8227003 -0.4720516 -0.3167515 0.7013175 0 0.7128491 0.183542 -0.9811866 0.05987673 -0.9976232 -0.05409044 -0.04268747 0.3774733 -0.9233137 0.07075154</float_array>
          <technique_common>
            <accessor source="#Raspberry_Pi_4-Model_B-03-mesh-normals-array" count="8279" stride="3">
              <param name="X" type="float"/>
              <param name="Y" type="float"/>
              <param name="Z" type="float"/>
            </accessor>
          </technique_common>
        </source>
        <vertices id="Raspberry_Pi_4-Model_B-03-mesh-vertices">
          <input semantic="POSITION" source="#Raspberry_Pi_4-Model_B-03-mesh-positions"/>
        </vertices>
        <triangles count="9570">
          <input semantic="VERTEX" source="#Raspberry_Pi_4-Model_B-03-mesh-vertices" offset="0"/>
          <input semantic="NORMAL" source="#Raspberry_Pi_4-Model_B-03-mesh-normals" offset="1"/>
          <p>1 0 3 0 2 0 0 1 2 1 3 1 8 2 5 2 4 2 4 3 7 3 8 3 10 4 5 4 6 4 9 5 8 5 7 5 6 6 11 6 10 6 958 7 0 7 12 7 2446 8 15 8 14 8 16 9 17 9 18 9 22 10 23 10 24 10 24 11 25 11 22 11 30 12 3096 12 132 12 132 13 500 13 30 13 25 14 24 14 23 14 23 15 22 15 25 15 122 16 1423 16 32 16 37 17 38 17 39 17 43 18 44 18 1858 18 462 19 3372 19 3373 19 3373 20 45 20 462 20 759 21 49 21 2663 21 73 22 74 22 72 22 77 23 78 23 79 23 79 24 80 24 77 24 3535 25 578 25 84 25 94 26 95 26 96 26 96 27 97 27 94 27 828 28 105 28 413 28 110 29 111 29 112 29 112 30 113 30 110 30 2614 31 116 31 115 31 1572 32 2847 32 91 32 91 33 3064 33 1572 33 124 34 125 34 126 34 128 35 402 35 127 35 1857 36 2097 36 524 36 1061 37 495 37 137 37 139 38 140 38 141 38 141 38 142 38 139 38 143 39 144 39 145 39 149 40 150 40 151 40 151 41 152 41 149 41 153 42 154 42 155 42 155 42 156 42 153 42 160 43 161 43 162 43 166 44 167 44 168 44 2771 45 393 45 1119 45 1119 46 178 46 2771 46 2905 47 3768 47 180 47 180 48 224 48 2905 48 188 49 189 49 187 49 190 38 191 38 192 38 192 38 193 38 190 38 1942 50 196 50 195 50 203 51 321 51 573 51 208 52 1502 52 226 52 224 53 3805 53 3708 53 3708 54 225 54 224 54 3319 55 2085 55 228 55 230 56 916 56 943 56 232 57 413 57 231 57 251 58 252 58 253 58 253 59 254 59 251 59 2779 60 2177 60 258 60 868 61 827 61 259 61 144 62 260 62 261 62 261 63 145 63 144 63 469 64 609 64 881 64 779 65 269 65 270 65 3495 66 272 66 273 66 273 67 3496 67 3495 67 1544 68 1543 68 274 68 3382 69 3228 69 276 69 276 70 3623 70 3382 70 278 71 279 71 280 71 2234 72 3633 72 282 72 2044 73 2622 73 283 73 284 74 285 74 2845 74 2845 75 286 75 284 75 288 76 289 76 290 76 241 77 291 77 292 77 292 78 242 78 241 78 294 79 295 79 293 79 299 80 300 80 1451 80 1787 81 302 81 301 81 305 82 306 82 307 82 307 83 308 83 305 83 903 84 844 84 876 84 323 85 324 85 325 85 329 38 330 38 331 38 331 38 332 38 329 38 332 86 331 86 330 86 330 86 329 86 332 86 922 87 901 87 921 87 336 86 337 86 338 86 338 86 339 86 336 86 2698 88 1880 88 3468 88 3468 89 2693 89 2698 89 345 90 346 90 344 90 351 91 352 91 353 91 126 92 125 92 354 92 357 93 358 93 359 93 359 94 360 94 357 94 3590 95 3694 95 2695 95 2695 96 3232 96 3590 96 1829 97 1994 97 710 97 997 98 365 98 362 98 366 99 362 99 365 99 1130 100 376 100 377 100 1135 101 1147 101 1146 101 928 102 385 102 384 102 1680 103 1681 103 391 103 390 104 186 104 389 104 401 105 1030 105 923 105 1529 106 2563 106 1723 106 403 107 406 107 405 107 3633 108 2231 108 282 108 2814 109 2811 109 408 109 413 110 414 110 412 110 414 111 911 111 412 111 418 112 925 112 417 112 420 113 418 113 419 113 421 114 422 114 423 114 423 115 424 115 421 115 925 116 941 116 417 116 1920 117 433 117 434 117 3518 118 435 118 436 118 436 119 410 119 3518 119 446 120 501 120 30 120 450 121 451 121 452 121 452 122 453 122 450 122 454 38 455 38 456 38 456 38 457 38 454 38 861 123 448 123 449 123 567 124 923 124 463 124 1999 65 477 65 476 65 2098 125 2097 125 556 125 881 126 479 126 478 126 480 127 481 127 482 127 493 128 137 128 495 128 93 129 493 129 494 129 496 130 497 130 519 130 1720 131 1277 131 2858 131 2858 132 2347 132 1720 132 511 133 403 133 512 133 2223 134 3570 134 2229 134 2363 135 520 135 521 135 2571 136 3634 136 2954 136 527 137 528 137 526 137 533 138 534 138 532 138 539 139 2233 139 540 139 548 140 549 140 550 140 550 141 551 141 548 141 558 142 195 142 440 142 463 143 566 143 567 143 568 144 569 144 570 144 570 145 241 145 568 145 573 146 1828 146 1728 146 575 147 1493 147 2598 147 2598 148 576 148 575 148 581 86 582 86 583 86 583 86 584 86 581 86 2038 149 585 149 586 149 587 150 588 150 589 150 589 151 590 151 587 151 592 152 593 152 591 152 595 153 596 153 597 153 597 154 598 154 595 154 601 155 696 155 3113 155 3113 156 215 156 601 156 3120 157 2954 157 3634 157 228 158 603 158 3281 158 605 9 606 9 607 9 607 159 608 159 605 159 609 160 536 160 537 160 537 161 610 161 609 161 618 162 619 162 2600 162 2600 163 620 163 618 163 626 14 627 14 628 14 628 164 629 164 626 164 632 165 836 165 631 165 633 166 2964 166 3111 166 218 167 851 167 638 167 412 168 231 168 413 168 828 169 816 169 646 169 634 170 654 170 655 170 658 171 17 171 1335 171 1335 172 659 172 658 172 663 173 664 173 665 173 667 86 668 86 669 86 669 86 670 86 667 86 679 174 680 174 681 174 681 175 682 175 679 175 743 176 832 176 844 176 683 177 684 177 685 177 685 178 686 178 683 178 690 179 691 179 692 179 692 180 693 180 690 180 694 181 668 181 667 181 667 42 695 42 694 42 473 182 604 182 468 182 702 183 703 183 2070 183 445 184 449 184 883 184 1276 185 705 185 2396 185 2396 185 706 185 1276 185 682 186 681 186 680 186 680 187 679 187 682 187 44 188 2033 188 1858 188 448 189 883 189 449 189 914 190 708 190 802 190 802 191 961 191 914 191 681 86 680 86 714 86 714 86 715 86 681 86 1345 192 721 192 722 192 727 193 728 193 726 193 2588 194 729 194 730 194 732 195 733 195 731 195 495 196 494 196 493 196 738 197 739 197 737 197 2393 198 747 198 748 198 748 199 1867 199 2393 199 753 200 754 200 752 200 757 10 140 10 139 10 139 201 758 201 757 201 3751 202 764 202 765 202 765 203 766 203 3751 203 769 204 99 204 103 204 103 205 770 205 769 205 1008 206 760 206 1009 206 771 207 1105 207 118 207 431 208 2202 208 1504 208 2906 209 1791 209 281 209 783 210 241 210 242 210 430 211 1542 211 462 211 786 212 787 212 788 212 788 212 789 212 786 212 790 213 895 213 791 213 1686 214 793 214 811 214 811 215 271 215 1686 215 1504 216 1728 216 2894 216 877 217 796 217 801 217 802 218 801 218 796 218 805 219 775 219 776 219 776 220 806 220 805 220 905 221 814 221 807 221 158 222 159 222 1067 222 429 223 159 223 378 223 158 224 378 224 159 224 378 225 428 225 429 225 818 226 819 226 820 226 882 227 825 227 826 227 425 228 2233 228 829 228 185 229 389 229 186 229 173 230 827 230 828 230 145 231 261 231 260 231 260 232 144 232 145 232 362 233 387 233 809 233 883 234 785 234 808 234 808 235 861 235 883 235 3704 236 838 236 839 236 10 237 69 237 9 237 808 238 386 238 855 238 366 239 298 239 845 239 468 240 848 240 847 240 81 241 859 241 479 241 854 242 479 242 355 242 849 243 469 243 857 243 632 244 858 244 638 244 2 245 841 245 90 245 1 246 396 246 10 246 469 247 849 247 860 247 761 248 1009 248 760 248 81 249 610 249 859 249 441 250 857 250 478 250 834 251 875 251 837 251 834 252 689 252 875 252 871 253 872 253 870 253 355 254 890 254 854 254 842 255 844 255 874 255 107 256 791 256 743 256 888 257 313 257 897 257 610 258 878 258 892 258 81 259 878 259 610 259 278 260 886 260 887 260 795 261 525 261 896 261 881 262 859 262 537 262 802 263 637 263 961 263 832 264 834 264 853 264 610 265 537 265 859 265 834 266 676 266 689 266 445 267 894 267 449 267 523 268 794 268 864 268 864 269 895 269 523 269 897 270 945 270 833 270 898 271 945 271 313 271 313 272 945 272 897 272 833 273 945 273 834 273 834 274 945 274 676 274 890 275 826 275 854 275 896 276 525 276 791 276 89 277 899 277 900 277 10 278 396 278 69 278 903 279 842 279 852 279 856 280 701 280 888 280 877 281 901 281 796 281 902 282 67 282 525 282 801 283 802 283 708 283 877 9 921 9 901 9 908 284 389 284 185 284 850 285 631 285 972 285 972 286 851 286 850 286 81 287 400 287 878 287 67 288 566 288 525 288 848 289 474 289 888 289 704 290 907 290 894 290 566 291 463 291 525 291 414 292 232 292 911 292 912 293 390 293 826 293 5 294 8 294 76 294 844 295 903 295 913 295 67 296 460 296 566 296 466 297 460 297 67 297 6 298 825 298 98 298 98 299 4 299 6 299 463 300 1030 300 525 300 525 301 1030 301 791 301 400 302 940 302 910 302 1034 303 417 303 941 303 646 304 412 304 918 304 918 305 946 305 646 305 791 306 1030 306 743 306 81 307 940 307 400 307 743 308 401 308 856 308 1030 309 401 309 743 309 856 310 401 310 468 310 384 311 1029 311 647 311 468 312 401 312 926 312 922 313 741 313 356 313 910 314 127 314 402 314 385 315 928 315 390 315 929 316 930 316 931 316 931 317 932 317 929 317 925 318 418 318 1030 318 934 319 963 319 907 319 466 320 925 320 924 320 418 321 420 321 942 321 942 322 420 322 401 322 81 323 414 323 940 323 945 324 944 324 915 324 0 325 11 325 2 325 466 326 944 326 925 326 915 327 944 327 466 327 925 328 944 328 420 328 1042 329 947 329 941 329 0 330 863 330 825 330 825 331 6 331 0 331 889 332 916 332 949 332 926 333 53 333 963 333 128 334 816 334 928 334 950 335 941 335 419 335 396 336 63 336 103 336 957 337 770 337 63 337 955 338 770 338 957 338 81 339 944 339 945 339 81 340 945 340 898 340 81 341 898 341 921 341 81 342 921 342 877 342 81 343 877 343 807 343 898 344 313 344 967 344 81 345 807 345 387 345 81 346 387 346 362 346 81 347 362 347 296 347 81 348 296 348 978 348 81 349 978 349 943 349 81 350 943 350 414 350 770 351 103 351 63 351 414 352 916 352 232 352 647 353 399 353 594 353 594 354 908 354 647 354 414 9 943 9 916 9 604 355 964 355 356 355 356 356 954 356 604 356 828 357 843 357 816 357 5 9 3 9 885 9 928 358 12 358 390 358 5 359 12 359 3 359 965 360 259 360 970 360 843 361 12 361 816 361 665 362 962 362 948 362 948 363 884 363 665 363 958 364 850 364 851 364 885 365 3 365 10 365 858 366 12 366 638 366 664 367 968 367 969 367 894 368 12 368 449 368 907 369 12 369 894 369 3 370 1 370 10 370 963 371 1 371 907 371 907 372 1 372 12 372 969 373 965 373 664 373 889 374 660 374 843 374 890 375 881 375 826 375 704 376 335 376 796 376 185 377 643 377 928 377 977 378 904 378 976 378 964 379 473 379 917 379 917 380 976 380 964 380 981 381 982 381 983 381 873 382 1003 382 864 382 8 383 71 383 76 383 875 384 688 384 795 384 8 385 69 385 71 385 71 386 101 386 76 386 76 387 101 387 75 387 897 388 876 388 937 388 897 389 833 389 876 389 296 390 362 390 366 390 985 391 986 391 987 391 987 392 988 392 985 392 664 393 663 393 218 393 972 394 845 394 218 394 979 395 845 395 997 395 977 396 700 396 717 396 365 397 997 397 845 397 836 398 366 398 809 398 92 399 93 399 989 399 847 400 856 400 468 400 665 401 638 401 984 401 994 402 995 402 996 402 979 403 218 403 298 403 298 404 296 404 979 404 218 405 845 405 298 405 1000 406 1001 406 1002 406 1003 407 875 407 689 407 967 408 350 408 356 408 59 409 989 409 75 409 75 410 101 410 59 410 832 411 743 411 856 411 386 412 997 412 855 412 832 413 833 413 834 413 1003 414 903 414 852 414 841 415 11 415 7 415 537 416 892 416 186 416 851 417 218 417 663 417 219 418 664 418 218 418 853 419 837 419 875 419 57 420 873 420 58 420 469 421 478 421 857 421 864 422 852 422 842 422 841 423 2 423 11 423 835 424 638 424 665 424 861 425 631 425 448 425 85 426 923 426 417 426 609 427 441 427 478 427 218 428 979 428 219 428 5 429 76 429 854 429 905 430 785 430 814 430 905 431 386 431 785 431 387 432 807 432 810 432 836 433 809 433 810 433 989 434 93 434 441 434 849 435 857 435 98 435 810 436 445 436 836 436 825 437 849 437 98 437 853 438 896 438 107 438 895 439 790 439 874 439 895 440 874 440 717 440 3499 441 1621 441 709 441 877 442 335 442 807 442 609 443 469 443 536 443 858 444 836 444 449 444 835 445 836 445 632 445 594 446 1012 446 846 446 594 447 609 447 1012 447 801 448 905 448 426 448 869 449 1012 449 536 449 536 450 882 450 869 450 417 451 447 451 85 451 800 452 807 452 335 452 594 453 441 453 609 453 1014 454 1015 454 1016 454 1016 455 1017 455 1014 455 800 456 704 456 445 456 908 457 846 457 1012 457 105 458 940 458 413 458 902 459 795 459 67 459 873 460 523 460 58 460 52 461 904 461 903 461 52 462 736 462 304 462 52 463 1003 463 57 463 52 464 903 464 1003 464 52 465 304 465 904 465 881 466 355 466 479 466 922 467 801 467 708 467 892 468 878 468 891 468 474 469 966 469 888 469 390 470 912 470 186 470 399 471 441 471 594 471 567 472 58 472 523 472 468 473 926 473 474 473 599 474 704 474 796 474 1022 475 1023 475 1024 475 385 476 186 476 891 476 402 477 891 477 400 477 466 478 67 478 915 478 863 479 389 479 869 479 863 480 869 480 825 480 9 481 5 481 10 481 4 482 98 482 92 482 923 483 567 483 523 483 923 484 523 484 895 484 940 485 127 485 910 485 1028 486 399 486 1029 486 923 487 895 487 717 487 463 488 460 488 1030 488 1028 489 441 489 399 489 923 490 717 490 917 490 127 491 105 491 828 491 919 492 923 492 917 492 919 493 917 493 604 493 965 494 230 494 231 494 447 495 1033 495 85 495 736 496 922 496 356 496 919 497 604 497 959 497 1034 498 1033 498 447 498 288 499 289 499 1035 499 949 500 962 500 889 500 907 501 599 501 934 501 418 502 942 502 1030 502 414 503 413 503 940 503 911 504 441 504 1028 504 911 505 1028 505 412 505 6 506 4 506 952 506 828 507 128 507 127 507 1039 508 451 508 1040 508 947 509 52 509 1033 509 860 510 825 510 882 510 11 511 6 511 952 511 947 512 1034 512 941 512 947 513 1033 513 1034 513 53 514 56 514 1 514 1 515 963 515 53 515 53 516 926 516 401 516 62 517 959 517 961 517 53 518 401 518 420 518 63 519 396 519 1 519 1 520 56 520 63 520 913 521 977 521 844 521 11 522 952 522 7 522 420 523 955 523 53 523 86 524 90 524 99 524 1045 525 86 525 99 525 742 526 934 526 599 526 770 527 955 527 420 527 420 528 944 528 770 528 1044 529 950 529 1046 529 898 530 350 530 742 530 742 531 921 531 898 531 769 532 1046 532 1045 532 769 533 1044 533 1046 533 173 534 868 534 646 534 947 535 441 535 52 535 52 536 441 536 736 536 736 537 441 537 922 537 413 538 889 538 828 538 922 539 441 539 801 539 801 540 441 540 905 540 905 541 441 541 386 541 386 542 441 542 997 542 997 543 441 543 979 543 979 544 441 544 968 544 968 545 441 545 230 545 230 546 441 546 911 546 99 547 769 547 1045 547 967 548 313 548 966 548 919 549 62 549 950 549 413 550 232 550 889 550 2133 551 1049 551 1050 551 959 552 741 552 708 552 708 553 914 553 959 553 827 554 646 554 643 554 881 555 186 555 826 555 660 556 962 556 984 556 0 557 185 557 863 557 384 558 643 558 946 558 402 559 128 559 385 559 968 560 230 560 969 560 12 561 928 561 816 561 0 562 827 562 643 562 948 563 949 563 943 563 943 564 978 564 948 564 843 565 660 565 12 565 958 566 851 566 663 566 12 567 660 567 984 567 958 568 448 568 850 568 958 569 624 569 883 569 12 570 858 570 449 570 631 571 855 571 365 571 958 572 961 572 624 572 350 573 926 573 963 573 666 574 259 574 827 574 904 575 304 575 976 575 736 576 964 576 304 576 967 577 474 577 350 577 296 578 298 578 884 578 884 579 978 579 296 579 979 580 968 580 219 580 83 581 4 581 92 581 827 582 173 582 646 582 83 583 7 583 4 583 841 584 7 584 83 584 59 585 83 585 92 585 59 586 92 586 989 586 701 587 847 587 848 587 445 588 810 588 800 588 903 589 904 589 913 589 624 590 426 590 814 590 814 591 444 591 624 591 918 592 1028 592 1029 592 1524 593 204 593 416 593 888 594 937 594 856 594 69 595 8 595 9 595 835 596 298 596 366 596 83 597 805 597 1060 597 805 598 59 598 99 598 99 599 775 599 805 599 1060 600 841 600 83 600 1070 601 1009 601 915 601 857 602 441 602 137 602 1060 603 775 603 90 603 81 604 1061 604 494 604 137 605 92 605 98 605 1059 606 806 606 71 606 1059 607 71 607 69 607 479 608 854 608 1061 608 101 609 71 609 806 609 1009 610 676 610 945 610 83 611 59 611 805 611 92 612 137 612 493 612 69 613 396 613 1059 613 1064 614 1065 614 1066 614 309 615 1014 615 1017 615 158 616 950 616 62 616 378 617 86 617 1045 617 1045 618 428 618 378 618 955 619 957 619 1067 619 428 620 1045 620 1046 620 57 621 58 621 760 621 57 622 760 622 1008 622 1008 623 52 623 57 623 67 624 761 624 1070 624 429 625 1067 625 957 625 98 626 857 626 137 626 62 627 86 627 378 627 378 628 158 628 62 628 103 629 101 629 806 629 776 630 396 630 103 630 429 631 957 631 63 631 1060 632 90 632 841 632 494 633 75 633 81 633 81 634 479 634 1061 634 93 635 137 635 441 635 76 636 75 636 495 636 495 637 854 637 76 637 854 638 495 638 1061 638 103 639 806 639 776 639 494 640 495 640 75 640 56 641 53 641 159 641 774 642 85 642 1033 642 1070 643 915 643 67 643 158 644 428 644 1046 644 63 645 56 645 159 645 159 646 429 646 63 646 53 647 1067 647 159 647 774 648 58 648 85 648 1009 649 761 649 676 649 945 650 915 650 1009 650 1046 651 950 651 158 651 1076 9 1077 9 1078 9 1078 9 1079 9 1076 9 541 652 3479 652 1751 652 1067 653 53 653 955 653 396 654 776 654 1059 654 93 655 92 655 493 655 99 656 90 656 775 656 1008 657 774 657 1033 657 774 658 760 658 58 658 1033 659 52 659 1008 659 1080 660 1081 660 1082 660 1086 661 1087 661 1085 661 466 662 924 662 1034 662 1136 663 1417 663 1416 663 1089 664 193 664 192 664 192 665 1090 665 1089 665 1093 212 1094 212 1095 212 1095 212 1096 212 1093 212 1103 666 1104 666 1102 666 1110 667 1111 667 2420 667 885 668 10 668 11 668 11 669 0 669 885 669 7 670 952 670 9 670 12 671 1 671 958 671 952 672 4 672 5 672 5 673 9 673 952 673 2 674 958 674 1 674 0 675 6 675 5 675 5 676 885 676 0 676 1118 677 1119 677 1117 677 167 678 1121 678 1122 678 1122 679 168 679 167 679 637 680 624 680 907 680 1126 681 1127 681 1128 681 517 682 1128 682 1127 682 516 683 1126 683 1128 683 516 684 1128 684 517 684 698 685 2767 685 383 685 249 686 1148 686 1135 686 1135 687 1146 687 372 687 249 688 1134 688 1148 688 249 689 1133 689 1134 689 1134 690 1133 690 372 690 1134 691 372 691 1146 691 372 692 1133 692 1135 692 1133 693 249 693 1135 693 389 694 863 694 390 694 1144 695 1145 695 1143 695 2396 696 705 696 54 696 54 697 13 697 2396 697 2513 698 1272 698 1055 698 198 699 1151 699 1150 699 1152 700 1153 700 198 700 755 701 1158 701 1274 701 1159 702 1301 702 1162 702 1157 703 452 703 1040 703 1154 704 1150 704 1151 704 452 705 1157 705 453 705 452 706 1161 706 1040 706 1154 707 1040 707 1161 707 1150 708 1154 708 1166 708 1166 709 1165 709 1150 709 1152 710 199 710 1167 710 1154 711 1161 711 1039 711 1039 712 1166 712 1154 712 1101 713 1102 713 1104 713 349 714 1169 714 268 714 268 715 1170 715 349 715 1170 716 268 716 1171 716 1167 717 1165 717 1173 717 1166 718 450 718 1172 718 1177 719 1079 719 1076 719 1076 720 1178 720 1177 720 1167 721 1172 721 450 721 450 722 1166 722 1176 722 1039 723 1168 723 451 723 1181 724 1182 724 1183 724 1183 725 1184 725 1181 725 1192 726 2305 726 1715 726 417 727 419 727 418 727 714 728 1207 728 1208 728 1208 729 715 729 714 729 294 730 1219 730 242 730 267 731 268 731 1216 731 1216 732 268 732 1217 732 1217 733 268 733 1218 733 267 734 1216 734 1215 734 267 735 1215 735 246 735 267 736 246 736 528 736 267 737 528 737 527 737 267 738 527 738 294 738 267 739 294 739 242 739 267 740 242 740 292 740 267 741 292 741 1214 741 460 742 466 742 447 742 1225 743 1226 743 41 743 1229 9 1230 9 1231 9 1231 9 1232 9 1229 9 977 744 913 744 937 744 1233 745 2302 745 1489 745 1489 746 1234 746 1233 746 1236 747 691 747 1235 747 2563 748 162 748 1103 748 1103 749 1237 749 2563 749 1238 9 1239 9 1236 9 699 750 1245 750 2809 750 842 751 903 751 833 751 833 752 832 752 842 752 1246 753 930 753 931 753 1247 86 1248 86 1249 86 1249 86 1250 86 1247 86 666 754 970 754 660 754 1252 700 1253 700 1254 700 1254 700 1255 700 1252 700 825 755 860 755 890 755 72 756 349 756 1170 756 1170 757 73 757 72 757 1160 758 1152 758 1167 758 1167 759 450 759 1160 759 1266 760 1267 760 1265 760 73 761 1262 761 1265 761 1265 762 1262 762 722 762 722 763 1262 763 1261 763 73 764 1265 764 1267 764 73 765 1267 765 486 765 73 766 486 766 1269 766 73 767 1269 767 1270 767 73 768 1270 768 1260 768 73 769 1260 769 756 769 73 770 756 770 1263 770 73 771 1263 771 1264 771 73 772 1264 772 74 772 1413 773 1273 773 1274 773 2554 774 208 774 226 774 1284 775 16 775 1285 775 622 776 1288 776 1289 776 1289 777 1290 777 622 777 1292 778 1293 778 1294 778 1294 779 1295 779 1292 779 3124 780 1108 780 1297 780 1297 781 220 781 3124 781 591 782 593 782 684 782 684 783 685 783 591 783 1291 784 1041 784 615 784 1300 785 1301 785 1299 785 1302 786 1050 786 1049 786 1303 787 568 787 241 787 1262 788 1058 788 1057 788 1258 789 1057 789 1058 789 1058 790 267 790 1258 790 526 791 1313 791 1311 791 1317 792 1319 792 1307 792 1326 793 1319 793 1317 793 1327 794 1308 794 1364 794 1105 795 119 795 118 795 1258 796 1317 796 1307 796 1331 797 772 797 1324 797 1318 798 482 798 1327 798 1322 799 1335 799 1300 799 1154 800 1151 800 1157 800 349 801 1341 801 799 801 799 802 1342 802 349 802 349 803 1343 803 1169 803 570 804 1336 804 291 804 291 805 241 805 570 805 1320 806 1318 806 1323 806 1323 807 1318 807 245 807 1325 808 783 808 293 808 1344 809 751 809 1339 809 749 810 245 810 1339 810 1164 811 452 811 1160 811 783 812 1330 812 241 812 1348 813 1349 813 1347 813 1328 814 1329 814 1317 814 1057 815 1258 815 1307 815 1353 816 1316 816 1352 816 1328 817 1336 817 1326 817 1326 818 1329 818 1328 818 693 819 692 819 1324 819 1324 820 1312 820 693 820 1285 821 1300 821 1335 821 1335 822 1350 822 1285 822 1316 823 1301 823 1285 823 321 824 1828 824 573 824 772 825 1331 825 1346 825 1319 826 1321 826 1057 826 1342 827 1352 827 1169 827 1345 828 1332 828 1334 828 453 829 1157 829 198 829 485 830 1356 830 1358 830 1360 38 1361 38 1362 38 1362 38 1363 38 1360 38 1364 831 1313 831 526 831 526 700 1359 700 693 700 1366 724 1367 724 1368 724 1368 725 1369 725 1366 725 72 832 1341 832 349 832 1332 833 1319 833 1334 833 1343 834 349 834 1342 834 692 835 1359 835 1358 835 1371 836 927 836 1370 836 1358 837 1359 837 1310 837 1163 838 1316 838 1353 838 1057 839 1321 839 1332 839 1152 840 1160 840 453 840 453 841 1153 841 1152 841 1322 842 1300 842 1159 842 482 843 1156 843 1327 843 749 844 1158 844 755 844 1344 845 1339 845 659 845 1372 846 1373 846 740 846 1377 847 1378 847 1379 847 1170 848 1382 848 1380 848 1170 849 1380 849 1381 849 267 850 1058 850 1383 850 73 851 1384 851 1385 851 73 852 1386 852 1384 852 1387 853 1388 853 1333 853 1262 854 73 854 1389 854 1389 855 73 855 1391 855 1391 856 73 856 1273 856 1273 857 73 857 1392 857 1392 858 73 858 1385 858 1262 859 1389 859 1388 859 1262 860 1388 860 1394 860 1262 861 1394 861 1395 861 1262 862 1395 862 605 862 1262 863 605 863 608 863 1262 864 608 864 1396 864 1262 865 1396 865 1397 865 1398 866 1390 866 1262 866 1262 867 1397 867 1399 867 1262 868 1399 868 1400 868 1262 869 1400 869 1401 869 1170 870 1058 870 1402 870 1283 871 1295 871 1292 871 1402 872 1058 872 1403 872 1403 873 1058 873 1393 873 1170 874 1402 874 1404 874 1170 875 1404 875 1405 875 1170 876 1405 876 1406 876 1170 877 1406 877 1407 877 1401 878 1398 878 1262 878 1170 879 1407 879 1408 879 1170 880 1408 880 1409 880 1170 881 1409 881 607 881 1170 882 607 882 606 882 1170 883 606 883 1410 883 1170 884 1410 884 1411 884 1170 885 1411 885 1387 885 1170 886 1387 886 1412 886 1170 887 1412 887 1413 887 1170 888 1413 888 1299 888 1170 889 1299 889 1382 889 1389 890 1391 890 1274 890 1274 891 1158 891 1389 891 1358 892 1356 892 1396 892 935 893 1418 893 1419 893 537 894 186 894 881 894 741 895 922 895 742 895 1351 896 1346 896 1268 896 1426 897 1427 897 210 897 210 898 620 898 1426 898 1428 899 1429 899 1430 899 1447 900 1085 900 3321 900 486 901 1267 901 1331 901 1437 902 1438 902 1635 902 1442 903 2521 903 1441 903 1449 904 3643 904 1936 904 1936 905 648 905 1449 905 245 906 1318 906 246 906 1507 907 408 907 2811 907 268 908 1452 908 1171 908 268 909 1284 909 1452 909 1039 910 1176 910 1166 910 1170 911 1343 911 1454 911 1170 912 1386 912 73 912 1170 913 1454 913 1453 913 1058 914 1170 914 1238 914 1238 915 1170 915 481 915 481 916 1170 916 1458 916 1458 917 1170 917 1459 917 1459 918 1170 918 17 918 809 919 366 919 855 919 17 920 1170 920 18 920 18 921 1170 921 1453 921 1460 922 267 922 1457 922 1058 923 1238 923 1235 923 1058 924 1235 924 691 924 1058 925 691 925 1461 925 1058 926 1461 926 1462 926 1058 927 1462 927 1463 927 1058 928 1463 928 1464 928 1058 929 1464 929 569 929 1058 930 569 930 1465 930 268 931 267 931 1466 931 1466 932 267 932 1467 932 1467 933 267 933 1468 933 1468 934 267 934 480 934 480 935 267 935 1469 935 1465 936 1383 936 1058 936 1469 937 267 937 1239 937 1239 938 267 938 1236 938 1236 939 267 939 690 939 690 940 267 940 1471 940 1471 941 267 941 1303 941 1303 942 267 942 568 942 568 943 267 943 1460 943 268 944 1466 944 658 944 268 945 658 945 16 945 268 945 16 945 1284 945 290 946 2618 946 1474 946 875 947 795 947 896 947 896 948 853 948 875 948 775 949 1060 949 1059 949 1352 950 1316 950 1218 950 1621 951 1006 951 1580 951 1580 952 119 952 1621 952 1488 953 1487 953 1489 953 1491 954 1492 954 1786 954 1038 955 1512 955 1513 955 1520 956 1521 956 1522 956 1522 957 1523 957 1520 957 923 958 919 958 401 958 1172 959 1165 959 198 959 198 960 1157 960 1172 960 1543 961 1544 961 1545 961 1549 962 1550 962 1551 962 1551 963 1552 963 1549 963 1211 964 1206 964 1205 964 3241 965 2017 965 411 965 1423 966 49 966 32 966 913 967 904 967 897 967 897 968 937 968 913 968 472 969 1565 969 1566 969 1568 970 1569 970 1567 970 943 971 949 971 969 971 861 972 808 972 855 972 855 973 631 973 861 973 845 974 979 974 366 974 259 975 965 975 231 975 231 976 868 976 259 976 1612 977 1613 977 1614 977 1614 978 1615 978 1612 978 1622 700 1623 700 1624 700 1624 700 1625 700 1622 700 795 979 902 979 873 979 1933 980 31 980 510 980 1637 981 3501 981 1052 981 108 982 1642 982 1643 982 1652 983 1653 983 1654 983 1654 984 1655 984 1652 984 1656 86 1657 86 1658 86 1658 86 1659 86 1656 86 1661 985 1666 985 1667 985 932 38 929 38 1668 38 1668 38 1669 38 932 38 843 986 828 986 827 986 908 987 594 987 400 987 851 988 632 988 638 988 3477 989 3498 989 1052 989 919 990 419 990 942 990 1689 700 1690 700 1691 700 1691 700 1692 700 1689 700 3656 991 120 991 2162 991 1697 185 1698 185 1699 185 1700 992 1697 992 1699 992 1054 993 1700 993 1699 993 1696 994 1701 994 651 994 1702 995 1054 995 1699 995 1703 996 634 996 655 996 651 997 1699 997 1704 997 651 998 1702 998 1699 998 651 999 1705 999 1706 999 651 1000 1706 1000 1702 1000 651 1001 1704 1001 652 1001 1708 1002 1695 1002 1707 1002 1709 1003 1708 1003 1707 1003 1710 1004 1709 1004 1707 1004 1711 185 1709 185 1710 185 1711 1005 1710 1005 999 1005 1711 1006 999 1006 1712 1006 651 1007 1711 1007 1712 1007 651 1008 1712 1008 1713 1008 651 1009 1713 1009 1705 1009 1701 1010 1711 1010 651 1010 393 1011 3341 1011 1118 1011 631 1012 850 1012 632 1012 999 1013 1710 1013 1714 1013 323 1014 270 1014 269 1014 1706 1015 1705 1015 1725 1015 1725 1015 1726 1015 1706 1015 960 1016 2755 1016 1476 1016 1476 1017 1204 1017 960 1017 321 1018 991 1018 1728 1018 1732 1019 1733 1019 1731 1019 1734 1020 651 1020 1725 1020 1735 1021 651 1021 1734 1021 1695 1022 1738 1022 1707 1022 1739 1023 1714 1023 1707 1023 1739 1024 1740 1024 1714 1024 1738 1025 1739 1025 1707 1025 634 1026 1703 1026 654 1026 651 1027 652 1027 1741 1027 1742 1028 651 1028 1741 1028 1740 1029 999 1029 1714 1029 1740 1030 1735 1030 999 1030 1740 1031 651 1031 1735 1031 1736 1032 651 1032 1740 1032 1743 1033 651 1033 1742 1033 1743 1034 1742 1034 1054 1034 1744 1035 1054 1035 1742 1035 1696 1036 651 1036 1736 1036 1726 1037 651 1037 1743 1037 1725 1038 651 1038 1726 1038 2329 1039 1745 1039 1746 1039 1746 1040 1747 1040 2329 1040 1748 1024 1744 1024 1742 1024 1748 1024 1742 1024 1749 1024 2347 1041 2858 1041 3423 1041 1751 1042 3479 1042 1069 1042 1754 1043 1919 1043 1755 1043 1755 185 1756 185 1754 185 1757 185 1758 185 1759 185 1724 1044 1757 1044 1759 1044 1753 1045 1760 1045 1063 1045 1762 1046 1724 1046 1759 1046 1764 1047 343 1047 1761 1047 1063 1048 1759 1048 1024 1048 1063 1049 1762 1049 1759 1049 1063 1050 1766 1050 1767 1050 1063 1051 1767 1051 1762 1051 1063 1052 1024 1052 1722 1052 1769 1053 1765 1053 361 1053 1770 1054 1769 1054 361 1054 1771 1055 1770 1055 361 1055 1772 185 1770 185 1771 185 1772 1056 1771 1056 1773 1056 1772 1057 1773 1057 1774 1057 1063 1058 1772 1058 1774 1058 1063 1059 1774 1059 1775 1059 1063 1060 1775 1060 1766 1060 1760 1061 1772 1061 1063 1061 1777 1062 1778 1062 1776 1062 1704 1063 1699 1063 1742 1063 1742 1064 1741 1064 1704 1064 2701 1065 341 1065 340 1065 1181 1066 1184 1066 1474 1066 2276 1067 1779 1067 1780 1067 1781 1068 1757 1068 1724 1068 736 1069 356 1069 898 1069 1783 1070 3381 1070 3687 1070 3687 1071 1784 1071 1783 1071 673 1072 476 1072 477 1072 1216 1073 1217 1073 1350 1073 1792 1074 1659 1074 1658 1074 1658 1074 1793 1074 1792 1074 1762 1075 1767 1075 1794 1075 1794 1075 1795 1075 1762 1075 611 1076 612 1076 1139 1076 1796 1077 1759 1077 1758 1077 1758 38 1797 38 1796 38 3668 1078 1800 1078 2789 1078 2789 1079 3669 1079 3668 1079 1883 1080 531 1080 1801 1080 1802 1081 1803 1081 1804 1081 990 1082 1478 1082 1776 1082 243 1083 2314 1083 2313 1083 1806 700 1807 700 1808 700 1808 700 1809 700 1806 700 1811 1084 1812 1084 2760 1084 1813 1085 1063 1085 1814 1085 1815 1021 1063 1021 1813 1021 1765 1086 1819 1086 361 1086 1820 1087 1821 1087 361 1087 1820 1024 1822 1024 1821 1024 1819 1088 1820 1088 361 1088 343 1089 1764 1089 1817 1089 1063 1090 1722 1090 1023 1090 1796 1091 1063 1091 1023 1091 1822 1092 1773 1092 1821 1092 1822 1093 1815 1093 1773 1093 1822 1094 1063 1094 1815 1094 1816 1095 1063 1095 1822 1095 1795 1096 1063 1096 1796 1096 1795 1097 1796 1097 1724 1097 1794 1037 1063 1037 1795 1037 1753 1098 1063 1098 1816 1098 1814 1099 1063 1099 1794 1099 1703 1100 1748 1100 1749 1100 1749 1101 654 1101 1703 1101 1781 1102 1724 1102 1796 1102 1781 1024 1796 1024 1797 1024 1824 11 1825 11 1826 11 1826 1103 1827 1103 1824 1103 2028 1104 1831 1104 1832 1104 1334 1105 1326 1105 1393 1105 1834 1106 3561 1106 2556 1106 2556 1107 1835 1107 1834 1107 1838 1108 767 1108 1839 1108 1839 185 339 185 1838 185 1840 1109 1841 1109 1842 1109 1844 1110 1840 1110 1842 1110 1845 1111 1844 1111 1842 1111 1843 1112 1846 1112 797 1112 1847 1113 1845 1113 1842 1113 111 1114 1847 1114 1842 1114 110 1115 111 1115 1842 1115 1849 1116 1137 1116 1848 1116 797 1117 1842 1117 1666 1117 797 1118 110 1118 1842 1118 797 1119 1850 1119 1851 1119 797 1120 1851 1120 110 1120 797 1121 1666 1121 1661 1121 1852 1122 109 1122 792 1122 1853 1123 1852 1123 792 1123 1854 1124 1853 1124 792 1124 1855 1125 1853 1125 1854 1125 1855 1126 1854 1126 727 1126 1855 1127 727 1127 726 1127 797 1128 1855 1128 726 1128 797 1129 726 1129 1856 1129 797 1130 1856 1130 1850 1130 1846 1131 1855 1131 797 1131 3451 1132 815 1132 1434 1132 799 1133 72 1133 74 1133 918 1134 412 1134 105 1134 565 1135 1025 1135 2560 1135 1860 1136 1861 1136 1862 1136 1862 1137 1863 1137 1860 1137 1860 1138 1863 1138 2918 1138 1644 1139 1639 1139 1511 1139 1867 1140 748 1140 1865 1140 1866 1141 1867 1141 1865 1141 1868 1142 1869 1142 1870 1142 1870 1143 1871 1143 1868 1143 1872 38 1855 38 1853 38 1853 38 1873 38 1872 38 1358 1144 1310 1144 1269 1144 814 1145 426 1145 800 1145 1874 1146 1875 1146 1876 1146 1876 1147 1877 1147 1874 1147 1267 1148 1268 1148 1346 1148 1450 1149 1788 1149 1878 1149 946 1150 918 1150 1029 1150 1029 1151 384 1151 946 1151 903 1152 876 1152 833 1152 1048 1153 539 1153 1047 1153 1883 1154 1048 1154 1047 1154 1884 1155 1885 1155 1886 1155 1886 23 1887 23 1884 23 1890 1156 797 1156 1891 1156 728 1021 797 1021 1890 1021 109 1157 1896 1157 792 1157 1873 1158 1897 1158 792 1158 1873 1159 1872 1159 1897 1159 1896 1160 1873 1160 792 1160 1137 1161 1849 1161 1893 1161 797 1162 1661 1162 1667 1162 1899 1163 797 1163 1667 1163 1872 1164 727 1164 1897 1164 1872 1165 728 1165 727 1165 1872 1166 797 1166 728 1166 1892 1167 797 1167 1872 1167 1900 1168 112 1168 1899 1168 1901 1169 1900 1169 1899 1169 113 1170 797 1170 1899 1170 113 1024 1899 1024 112 1024 1902 1171 797 1171 113 1171 1843 1172 797 1172 1892 1172 1903 1173 1901 1173 1899 1173 1891 1174 797 1174 1902 1174 2237 1175 738 1175 1904 1175 1904 1176 1905 1176 2237 1176 1906 1024 1903 1024 1899 1024 1906 1177 1899 1177 1907 1177 1914 1178 1975 1178 1208 1178 1208 185 715 185 1914 185 1754 1179 1756 1179 422 1179 1915 1180 1754 1180 422 1180 1913 1181 1916 1181 1921 1181 1917 1182 1915 1182 422 1182 1919 1183 630 1183 1755 1183 1921 1184 422 1184 421 1184 1921 1185 1917 1185 422 1185 1921 1186 1922 1186 1923 1186 1921 1187 1923 1187 1917 1187 1921 1188 421 1188 1083 1188 189 1189 1188 1189 1082 1189 1925 1190 189 1190 1082 1190 1081 1191 1925 1191 1082 1191 1926 1192 1925 1192 1081 1192 1926 1193 1081 1193 175 1193 1926 1194 175 1194 1927 1194 1921 1195 1926 1195 1927 1195 1921 1196 1927 1196 1928 1196 1921 1130 1928 1130 1922 1130 1916 1197 1926 1197 1921 1197 1929 1198 1930 1198 1931 1198 1931 1198 1932 1198 1929 1198 85 1199 567 1199 566 1199 1039 1200 1161 1200 452 1200 1988 38 3520 38 201 38 201 1201 3783 1201 1988 1201 1165 1202 1167 1202 199 1202 203 1203 1026 1203 2560 1203 1175 1204 197 1204 3256 1204 193 86 192 86 191 86 191 86 190 86 193 86 2088 1205 1944 1205 1943 1205 1913 1206 1945 1206 1916 1206 754 1207 753 1207 752 1207 124 1208 737 1208 290 1208 2854 1209 2287 1209 3378 1209 3378 1210 3337 1210 2854 1210 1947 1211 1921 1211 1948 1211 1949 1212 1921 1212 1947 1212 1951 1213 1952 1213 2379 1213 1188 1214 188 1214 1082 1214 1953 1215 1080 1215 1082 1215 1953 1216 1955 1216 1080 1216 188 1160 1953 1160 1082 1160 630 1217 1919 1217 1950 1217 1921 1218 1083 1218 424 1218 423 1219 1921 1219 424 1219 1955 1220 175 1220 1080 1220 1955 1221 1949 1221 175 1221 1955 1222 1921 1222 1949 1222 1945 1223 1921 1223 1955 1223 1956 1224 1921 1224 423 1224 1956 1225 423 1225 1915 1225 1957 1037 1921 1037 1956 1037 1913 1226 1921 1226 1945 1226 1948 1227 1921 1227 1957 1227 1958 1228 2022 1228 1959 1228 1959 185 1960 185 1958 185 1961 1229 1915 1229 423 1229 1961 1230 423 1230 1962 1230 1042 1231 1044 1231 770 1231 770 1232 944 1232 1042 1232 1968 1233 763 1233 1969 1233 1969 185 1970 185 1968 185 1914 1234 715 1234 681 1234 1971 1235 1914 1235 681 1235 1918 1236 1972 1236 1976 1236 1973 1237 1971 1237 681 1237 1975 1238 1244 1238 1208 1238 1976 1239 681 1239 682 1239 1976 1240 1973 1240 681 1240 1976 1241 1232 1241 1977 1241 1976 1120 1977 1120 1973 1120 1976 1242 682 1242 1954 1242 694 1243 1470 1243 1979 1243 668 1190 694 1190 1979 1190 1980 1244 668 1244 1979 1244 669 1245 668 1245 1980 1245 669 1246 1980 1246 1981 1246 669 1247 1981 1247 1982 1247 1976 1248 669 1248 1982 1248 1976 1008 1982 1008 1231 1008 1976 1130 1231 1130 1232 1130 1972 1249 669 1249 1976 1249 691 1250 1236 1250 693 1250 693 1251 1359 1251 691 1251 480 1252 1469 1252 1308 1252 1308 1253 1327 1253 480 1253 1992 1254 3120 1254 3634 1254 3634 1255 2699 1255 1992 1255 26 1256 3566 1256 3765 1256 1729 1257 1572 1257 3316 1257 1230 1258 1976 1258 1229 1258 2000 1259 1976 1259 1230 1259 1470 1260 695 1260 1979 1260 667 1261 2004 1261 1979 1261 667 1262 670 1262 2004 1262 695 1160 667 1160 1979 1160 1244 1263 1975 1263 1207 1263 1976 1264 1954 1264 679 1264 680 1265 1976 1265 679 1265 670 1266 1981 1266 2004 1266 670 1267 2000 1267 1981 1267 670 1268 1976 1268 2000 1268 2001 1269 1976 1269 670 1269 2005 1270 1976 1270 680 1270 2005 1271 680 1271 1971 1271 2006 1171 1976 1171 2005 1171 1918 1272 1976 1272 2001 1272 1229 1273 1976 1273 2006 1273 434 185 190 185 1110 185 1110 1274 2420 1274 434 1274 2007 1275 1971 1275 680 1275 2007 1276 680 1276 714 1276 2008 1277 2009 1277 2010 1277 2010 1278 2011 1278 2008 1278 2622 1279 2623 1279 283 1279 2495 1280 2016 1280 2015 1280 2017 1281 227 1281 208 1281 208 1282 2554 1282 2017 1282 1163 1283 1301 1283 1453 1283 882 1284 536 1284 469 1284 469 1285 860 1285 882 1285 1453 1286 1454 1286 1342 1286 1342 1287 1353 1287 1453 1287 702 1288 2070 1288 1049 1288 1049 185 584 185 702 185 1958 1234 1960 1234 2020 1234 89 1289 1958 1289 2020 1289 1013 1290 1614 1290 2023 1290 899 1291 89 1291 2020 1291 2022 1292 2021 1292 1959 1292 2023 1293 2020 1293 2024 1293 2023 1294 899 1294 2020 1294 2023 1295 686 1295 2025 1295 2023 1296 2025 1296 899 1296 2023 1297 2024 1297 2019 1297 1369 1298 1823 1298 2026 1298 1368 1299 1369 1299 2026 1299 2027 1300 1368 1300 2026 1300 1615 1245 1368 1245 2027 1245 1615 1301 2027 1301 592 1301 1615 1302 592 1302 591 1302 2023 1128 1615 1128 591 1128 2023 1303 591 1303 685 1303 2023 1304 685 1304 686 1304 1614 1305 1615 1305 2023 1305 2039 1306 2040 1306 2041 1306 2041 1306 2042 1306 2039 1306 1612 38 1615 38 1368 38 1368 38 1367 38 1612 38 1824 1307 1827 1307 326 1307 2047 1308 2039 1308 2042 1308 1423 1309 2230 1309 2223 1309 2223 1310 2048 1310 1423 1310 684 1311 2023 1311 683 1311 593 1312 2023 1312 684 1312 1823 1313 1366 1313 2026 1313 1367 1314 2054 1314 2026 1314 1367 1216 1612 1216 2054 1216 1366 1315 1367 1315 2026 1315 2021 1316 2022 1316 2052 1316 2023 1317 2019 1317 2055 1317 2056 1318 2023 1318 2055 1318 1612 1319 592 1319 2054 1319 1612 1320 593 1320 592 1320 1612 1321 2023 1321 593 1321 1613 1167 2023 1167 1612 1167 900 1322 2023 1322 2056 1322 900 1323 2056 1323 89 1323 2057 1037 2023 1037 900 1037 1013 1324 2023 1324 1613 1324 683 1325 2023 1325 2057 1325 221 1326 2058 1326 2059 1326 2059 1327 2060 1327 221 1327 2061 1328 89 1328 2056 1328 2061 1230 2056 1230 2062 1230 3060 1329 34 1329 1858 1329 1858 1330 2033 1330 3060 1330 2067 1331 702 1331 581 1331 840 1332 2068 1332 2071 1332 2069 1333 2067 1333 581 1333 2070 1334 1302 1334 1049 1334 2071 1335 581 1335 1565 1335 2071 1336 2069 1336 581 1336 2071 1337 2072 1337 2073 1337 2071 1338 2073 1338 2069 1338 2071 1339 1565 1339 472 1339 2002 1340 2074 1340 2003 1340 2075 1341 2002 1341 2003 1341 2076 1342 2075 1342 2003 1342 2077 185 2075 185 2076 185 2077 1343 2076 1343 716 1343 2077 1344 716 1344 2078 1344 2071 1345 2077 1345 2078 1345 2071 1346 2078 1346 2079 1346 2071 1060 2079 1060 2072 1060 2068 1347 2077 1347 2071 1347 2080 1348 2364 1348 2081 1348 2081 1349 1362 1349 2080 1349 702 185 584 185 581 185 2086 1350 2087 1350 37 1350 2088 1351 1226 1351 1225 1351 2089 140 2090 140 2091 140 2091 140 2092 140 2089 140 2096 1352 2903 1352 2095 1352 2099 1353 3518 1353 410 1353 410 1354 1018 1354 2099 1354 2878 1355 3423 1355 1985 1355 1985 1356 2712 1356 2878 1356 2017 1357 3037 1357 2653 1357 2105 1358 2106 1358 2104 1358 2002 181 2075 181 2107 181 2107 42 2108 42 2002 42 1395 1359 1411 1359 1156 1359 1156 1360 1155 1360 1395 1360 1303 1361 1464 1361 1330 1361 1330 1362 783 1362 1303 1362 3708 1363 3536 1363 3762 1363 1299 1364 1273 1364 1300 1364 2117 1365 2071 1365 2118 1365 2119 1021 2071 1021 2117 1021 2074 1366 2108 1366 2003 1366 2107 1367 2121 1367 2003 1367 2107 1024 2122 1024 2121 1024 2108 1368 2107 1368 2003 1368 1302 1369 2070 1369 1050 1369 2071 1370 472 1370 1566 1370 582 1371 2071 1371 1566 1371 2122 1372 716 1372 2121 1372 2122 1373 2119 1373 716 1373 2122 1374 2071 1374 2119 1374 2120 1375 2071 1375 2122 1375 2123 1376 2071 1376 582 1376 2123 1377 582 1377 2067 1377 2124 1378 2071 1378 2123 1378 840 1379 2071 1379 2120 1379 2118 1380 2071 1380 2124 1380 1975 1381 2007 1381 714 1381 714 1382 1207 1382 1975 1382 703 1383 2067 1383 582 1383 703 1024 582 1024 583 1024 2127 1143 2128 1143 1970 1143 1970 1142 1969 1142 2127 1142 712 1384 325 1384 324 1384 282 1385 2231 1385 2234 1385 2132 1386 2133 1386 290 1386 1697 1387 1703 1387 655 1387 655 185 1698 185 1697 185 1968 185 1970 185 2134 185 2135 1388 1968 1388 2134 1388 1974 1389 2136 1389 2140 1389 2138 1390 2135 1390 2134 1390 763 1391 649 1391 1969 1391 2140 1392 2134 1392 2141 1392 2140 1393 2138 1393 2134 1393 2140 1394 2142 1394 2143 1394 2140 1395 2143 1395 2138 1395 2140 1396 2141 1396 2137 1396 1184 1397 194 1397 2144 1397 1183 1398 1184 1398 2144 1398 2145 1399 1183 1399 2144 1399 2146 185 1183 185 2145 185 2146 1400 2145 1400 2147 1400 2146 1401 2147 1401 1929 1401 2140 1402 2146 1402 1929 1402 2140 1346 1929 1346 1932 1346 2140 1403 1932 1403 2142 1403 2136 1404 2146 1404 2140 1404 2149 1405 2058 1405 221 1405 650 1406 2151 1406 2150 1406 1166 1407 1172 1407 1157 1407 1157 1408 1151 1408 1166 1408 1176 1409 1039 1409 1040 1409 1040 1410 1154 1410 1176 1410 1165 1411 1166 1411 1151 1411 559 1412 2680 1412 2156 1412 1114 1413 1048 1413 202 1413 948 1414 978 1414 968 1414 1931 1415 2140 1415 2163 1415 1930 1312 2140 1312 1931 1312 2165 1416 2166 1416 2296 1416 2296 1417 2167 1417 2165 1417 194 1418 1181 1418 2144 1418 1182 1419 2169 1419 2144 1419 1182 1024 2170 1024 2169 1024 1181 1420 1182 1420 2144 1420 649 1421 763 1421 2127 1421 2140 1422 2137 1422 2171 1422 2172 1423 2140 1423 2171 1423 2170 1424 2147 1424 2169 1424 2170 1425 1930 1425 2147 1425 2170 1426 2140 1426 1930 1426 2164 1427 2140 1427 2170 1427 2173 1428 2140 1428 2172 1428 2173 1429 2172 1429 2135 1429 2174 1171 2140 1171 2173 1171 1974 1430 2140 1430 2164 1430 2163 1174 2140 1174 2174 1174 2420 1431 1111 1431 191 1431 191 1432 433 1432 2420 1432 2175 1433 2135 1433 2172 1433 2175 1024 2172 1024 2128 1024 1542 1434 430 1434 2196 1434 2178 1435 2179 1435 266 1435 3448 1436 1241 1436 3446 1436 1763 1437 1875 1437 2184 1437 2089 1438 1035 1438 2181 1438 2183 1439 2182 1439 1869 1439 2184 1440 2181 1440 2185 1440 2184 1441 2089 1441 2181 1441 2184 1442 2186 1442 2090 1442 2184 1443 2090 1443 2089 1443 2184 1444 2185 1444 734 1444 1894 1445 70 1445 1895 1445 2187 1446 1894 1446 1895 1446 1642 1447 2187 1447 1895 1447 1874 185 2187 185 1642 185 1874 1448 1642 1448 108 1448 1874 1449 108 1449 2188 1449 2184 1450 1874 1450 2188 1450 2184 1451 2188 1451 2189 1451 2184 1452 2189 1452 2186 1452 1875 1453 1874 1453 2184 1453 1363 1454 2190 1454 2364 1454 2364 1455 2191 1455 1363 1455 289 185 1868 185 2181 185 1035 1456 289 1456 2181 1456 1180 1457 1109 1457 616 1457 1847 1458 111 1458 112 1458 112 1459 1900 1459 1847 1459 2197 1460 2198 1460 2199 1460 647 1461 1029 1461 402 1461 2200 1462 1523 1462 1520 1462 465 1463 2658 1463 2928 1463 2205 1464 2206 1464 2204 1464 111 1465 1847 1465 1900 1465 1900 1466 112 1466 111 1466 1894 1467 1818 1467 70 1467 1026 1468 565 1468 2560 1468 2018 1469 1717 1469 2362 1469 760 1470 774 1470 761 1470 1274 1471 751 1471 659 1471 659 1472 1335 1472 1274 1472 1852 1467 1896 1467 109 1467 872 130 871 130 114 130 3054 1473 2211 1473 2210 1473 3524 1474 2741 1474 2293 1474 2213 1475 2184 1475 2214 1475 2215 1476 2184 1476 2213 1476 70 1477 1818 1477 1895 1477 2218 1478 1643 1478 1895 1478 2218 1024 1877 1024 1643 1024 1818 1420 2218 1420 1895 1420 2182 1479 2183 1479 1870 1479 2184 1480 734 1480 2219 1480 2220 1481 2184 1481 2219 1481 1877 1482 108 1482 1643 1482 1877 1483 2215 1483 108 1483 1877 1484 2184 1484 2215 1484 1876 1485 2184 1485 1877 1485 2092 1486 2184 1486 2220 1486 2092 1487 2220 1487 1035 1487 2091 1171 2184 1171 2092 1171 1763 1488 2184 1488 1876 1488 2214 1174 2184 1174 2091 1174 1764 1489 1781 1489 1797 1489 1797 1490 1817 1490 1764 1490 288 1491 1035 1491 2220 1491 288 1024 2220 1024 1871 1024 855 1492 997 1492 809 1492 2225 1493 2226 1493 2227 1493 2227 1494 2228 1494 2225 1494 2231 1495 2232 1495 2233 1495 2233 1496 2234 1496 2231 1496 1630 1497 930 1497 2238 1497 376 1498 1130 1498 2235 1498 2237 1499 2221 1499 2236 1499 2238 1500 2235 1500 2239 1500 2238 1336 376 1336 2235 1336 2238 1394 2240 1394 2241 1394 2238 1395 2241 1395 376 1395 2238 1501 2239 1501 106 1501 1737 1502 2242 1502 354 1502 1668 1503 1737 1503 354 1503 125 1504 1668 1504 354 1504 929 185 1668 185 125 185 929 1505 125 1505 2243 1505 929 1506 2243 1506 2244 1506 2238 1507 929 1507 2244 1507 2238 1508 2244 1508 2245 1508 2238 1060 2245 1060 2240 1060 930 1509 929 1509 2238 1509 1849 1510 1906 1510 1907 1510 1907 1511 1893 1511 1849 1511 739 185 2246 185 2235 185 1130 1512 739 1512 2235 1512 1834 1513 1291 1513 615 1513 247 1514 1552 1514 2248 1514 1617 1515 1616 1515 1527 1515 1619 1516 1679 1516 1673 1516 110 1517 1851 1517 1902 1517 1902 1518 113 1518 110 1518 1768 1519 1669 1519 1668 1519 1668 725 1737 725 1768 725 1660 1520 1645 1520 2222 1520 2251 1462 2252 1462 2253 1462 535 1521 710 1521 1646 1521 2256 1522 2257 1522 2258 1522 2258 1523 2259 1523 2256 1523 1829 1524 711 1524 1994 1524 3521 1525 2154 1525 2355 1525 2355 1526 3523 1526 3521 1526 2262 1527 2238 1527 2263 1527 2264 1021 2238 1021 2262 1021 2242 1528 1768 1528 354 1528 1669 1529 126 1529 354 1529 1669 1024 932 1024 126 1024 1768 1530 1669 1530 354 1530 2221 1531 2237 1531 1905 1531 2238 1532 106 1532 2265 1532 2266 1533 2238 1533 2265 1533 932 1534 2243 1534 126 1534 932 1535 2264 1535 2243 1535 932 1536 2238 1536 2264 1536 931 1537 2238 1537 932 1537 377 1538 2238 1538 2266 1538 377 1539 2266 1539 1130 1539 2267 1171 2238 1171 377 1171 1630 1540 2238 1540 931 1540 2263 1174 2238 1174 2267 1174 763 1541 2175 1541 2128 1541 2128 1542 2127 1542 763 1542 738 1543 1130 1543 2266 1543 738 1024 2266 1024 1904 1024 1810 1544 3363 1544 2269 1544 918 1545 105 1545 127 1545 2273 1546 2329 1546 2274 1546 2274 185 2275 185 2273 185 1838 185 339 185 336 185 2276 1547 1838 1547 336 1547 1750 1548 308 1548 2279 1548 1779 1549 2276 1549 336 1549 767 1550 2277 1550 1839 1550 2279 1551 336 1551 2280 1551 2279 1552 1779 1552 336 1552 2279 1553 1689 1553 2281 1553 2279 1554 2281 1554 1779 1554 2279 1555 2280 1555 1898 1555 2283 1556 2278 1556 2282 1556 2284 1557 2283 1557 2282 1557 2285 1558 2284 1558 2282 1558 307 185 2284 185 2285 185 307 1559 2285 1559 88 1559 307 1560 88 1560 2286 1560 2279 1561 307 1561 2286 1561 2279 1562 2286 1562 1690 1562 2279 1060 1690 1060 1689 1060 308 1563 307 1563 2279 1563 277 1564 2288 1564 2289 1564 1111 1565 1110 1565 1000 1565 3462 1566 1234 1566 2294 1566 2294 1567 2295 1567 3462 1567 572 1568 2064 1568 2065 1568 2065 1569 3350 1569 572 1569 306 38 307 38 2284 38 2284 38 2297 38 306 38 1725 9 1734 9 1713 9 1713 9 1705 9 1725 9 2324 1570 1259 1570 2692 1570 2086 1571 2087 1571 277 1571 2302 1572 2303 1572 2304 1572 1769 1573 1770 1573 1820 1573 1820 1574 1819 1574 1769 1574 2137 1575 2141 1575 2171 1575 1748 1576 1744 1576 1700 1576 1700 1576 1697 1576 1748 1576 2306 92 2285 92 2282 92 1691 1365 2279 1365 1692 1365 2307 1259 2279 1259 1691 1259 2278 1577 2309 1577 2282 1577 2297 1578 2306 1578 2282 1578 2297 1024 306 1024 2306 1024 2309 1579 2297 1579 2282 1579 2277 1580 767 1580 2308 1580 2279 1581 1898 1581 2310 1581 337 1582 2279 1582 2310 1582 306 1583 88 1583 2306 1583 306 1425 2307 1425 88 1425 306 1584 2279 1584 2307 1584 305 1585 2279 1585 306 1585 1780 1586 2279 1586 337 1586 1780 1587 337 1587 2276 1587 2311 1588 2279 1588 1780 1588 1750 1589 2279 1589 305 1589 1692 1590 2279 1590 2311 1590 1919 1591 1961 1591 1962 1591 1962 1592 1950 1592 1919 1592 2312 1593 2276 1593 337 1593 2312 1024 337 1024 338 1024 1766 700 1775 700 1813 700 1813 700 1814 700 1766 700 464 1594 1829 1594 157 1594 2313 1595 2314 1595 244 1595 2315 1596 2316 1596 2317 1596 2317 1596 2318 1596 2315 1596 2319 38 2320 38 2321 38 2321 38 2322 38 2319 38 2102 1597 3461 1597 1031 1597 998 1598 983 1598 982 1598 1350 1599 659 1599 1216 1599 1219 1600 294 1600 293 1600 1492 1601 1491 1601 240 1601 1679 1602 1619 1602 1673 1602 1757 1603 1764 1603 1761 1603 1761 185 1758 185 1757 185 2273 185 2275 185 260 185 2325 1604 2273 1604 260 1604 777 1605 2326 1605 2327 1605 2328 1606 2325 1606 260 1606 2329 1607 148 1607 2274 1607 2327 1608 260 1608 144 1608 2327 1609 2328 1609 260 1609 2327 1610 2331 1610 2332 1610 2327 1611 2332 1611 2328 1611 2327 1612 144 1612 143 1612 153 1613 2330 1613 266 1613 154 1557 153 1557 266 1557 2179 1614 154 1614 266 1614 2333 185 154 185 2179 185 2333 1615 2179 1615 2334 1615 2333 1616 2334 1616 2335 1616 2327 1450 2333 1450 2335 1450 2327 1617 2335 1617 2336 1617 2327 1618 2336 1618 2331 1618 2326 1453 2333 1453 2327 1453 2241 1015 2240 1015 2263 1015 2263 1015 2267 1015 2241 1015 2340 1619 250 1619 3562 1619 3562 1620 2341 1620 2340 1620 2342 38 2269 38 2343 38 2343 1621 633 1621 2342 1621 2325 1622 2328 1622 2345 1622 1961 1623 1754 1623 2346 1623 1675 1624 1647 1624 1648 1624 155 86 154 86 2333 86 2333 86 2348 86 155 86 1681 1625 1680 1625 2422 1625 2353 1626 2354 1626 1808 1626 1808 1627 1807 1627 2353 1627 518 1628 636 1628 2879 1628 2328 140 2332 140 2356 140 2356 140 2345 140 2328 140 2358 1629 2327 1629 2359 1629 2360 1630 2327 1630 2358 1630 2330 1631 156 1631 266 1631 155 1419 2178 1419 266 1419 155 1024 2348 1024 2178 1024 156 1579 155 1579 266 1579 148 1632 2329 1632 1747 1632 2327 1633 143 1633 145 1633 261 1634 2327 1634 145 1634 2348 1635 2334 1635 2178 1635 2348 1636 2360 1636 2334 1636 2348 1637 2327 1637 2360 1637 2361 1638 2327 1638 2348 1638 2345 1639 2327 1639 261 1639 2345 1640 261 1640 2325 1640 2356 1378 2327 1378 2345 1378 777 1641 2327 1641 2361 1641 2359 1642 2327 1642 2356 1642 2236 185 2246 185 739 185 739 1643 2237 1643 2236 1643 1745 1644 2325 1644 261 1644 1745 1024 261 1024 1746 1024 1896 724 1873 724 1853 724 1853 725 1852 725 1896 725 1840 1228 1849 1228 1848 1228 1848 185 1841 185 1840 185 2080 1645 1362 1645 1361 1645 2363 1646 2080 1646 1361 1646 1011 1647 1803 1647 1597 1647 520 1648 2363 1648 1361 1648 2364 1649 2031 1649 2081 1649 1597 1650 1361 1650 2366 1650 1597 1651 520 1651 1361 1651 1597 1652 1622 1652 2367 1652 1597 1653 2367 1653 520 1653 1597 1654 2366 1654 314 1654 2217 1655 2365 1655 1602 1655 2368 1656 2217 1656 1602 1656 2369 1657 2368 1657 1602 1657 2370 1658 2369 1658 2371 1658 2370 1659 2371 1659 2372 1659 2370 1660 2368 1660 2369 1660 1597 1661 2370 1661 2372 1661 1597 1662 2372 1662 1623 1662 1597 1663 1623 1663 1622 1663 1803 1664 2370 1664 1597 1664 2374 1665 3541 1665 2375 1665 2375 1666 2376 1666 2374 1666 1610 1667 1609 1667 1606 1667 1857 1668 2102 1668 1031 1668 1323 1669 1333 1669 1320 1669 819 23 2383 23 2384 23 2384 1670 820 1670 819 1670 1621 1671 1481 1671 256 1671 2386 1672 2387 1672 2385 1672 962 1673 949 1673 948 1673 2392 1674 2393 1674 1867 1674 1867 1675 2394 1675 2392 1675 118 1676 3499 1676 709 1676 2396 185 1131 185 3059 185 3059 185 706 185 2396 185 3541 1677 2374 1677 1423 1677 2398 1678 161 1678 160 1678 160 1679 2399 1679 2398 1679 704 1680 800 1680 335 1680 404 1681 406 1681 2401 1681 2402 1682 2403 1682 2404 1682 2093 1683 3324 1683 504 1683 2407 1684 2408 1684 2409 1684 1602 1685 2407 1685 2409 1685 1602 1686 2410 1686 2407 1686 1625 1687 1624 1687 1597 1687 2412 1688 1625 1688 1597 1688 521 1689 2412 1689 1597 1689 2183 1690 288 1690 1871 1690 1871 1691 1870 1691 2183 1691 1363 1692 2191 1692 1360 1692 2365 1693 2410 1693 1602 1693 1360 1694 2363 1694 521 1694 1360 1695 2191 1695 2363 1695 1360 1696 521 1696 1597 1696 2411 1697 1360 1697 1597 1697 1597 1698 1804 1698 1011 1698 2408 1699 1804 1699 1597 1699 2031 1700 2364 1700 2190 1700 2413 1701 2408 1701 1597 1701 314 1702 2411 1702 1597 1702 2413 1703 2371 1703 2408 1703 1624 1704 2413 1704 1597 1704 2409 1705 2408 1705 2371 1705 387 1706 810 1706 785 1706 734 1707 2185 1707 2219 1707 504 1708 503 1708 3567 1708 2394 1709 1198 1709 1199 1709 1199 1710 2414 1710 2394 1710 1580 1711 1007 1711 3266 1711 1155 1712 482 1712 1320 1712 1321 1713 1319 1713 1058 1713 2417 1714 1110 1714 193 1714 1037 1715 2418 1715 1036 1715 2419 1716 2417 1716 193 1716 2420 1717 1920 1717 434 1717 1036 1718 193 1718 1089 1718 1036 1719 2419 1719 193 1719 1036 1720 1079 1720 1177 1720 1036 1721 1177 1721 2419 1721 1036 1722 1089 1722 1596 1722 1978 1723 1179 1723 1186 1723 456 1724 1978 1724 1186 1724 1001 1725 456 1725 1186 1725 455 185 456 185 1001 185 455 1726 1001 1726 2158 1726 455 1727 2158 1727 2421 1727 1036 1728 455 1728 2421 1728 1036 1729 2421 1729 1078 1729 1036 1618 1078 1618 1079 1618 2418 1730 455 1730 1036 1730 1869 185 1868 185 289 185 289 1731 2183 1731 1869 1731 1110 185 190 185 193 185 907 1732 704 1732 637 1732 3558 1733 3783 1733 201 1733 866 1734 867 1734 124 1734 1025 1735 1515 1735 2560 1735 501 1736 133 1736 3096 1736 3658 1737 1549 1737 2423 1737 2423 1738 1551 1738 3658 1738 2158 1739 2425 1739 2421 1739 1926 316 1916 316 1945 316 1945 1740 1955 1740 1926 1740 1025 1741 203 1741 1515 1741 859 1742 881 1742 609 1742 636 1743 518 1743 2066 1743 2380 1744 2166 1744 2427 1744 1917 1517 1923 1517 1957 1517 1957 1518 1956 1518 1917 1518 1077 1745 1036 1745 1076 1745 2425 1312 1036 1312 1077 1312 1179 1746 2168 1746 1186 1746 457 1747 1002 1747 1186 1747 457 1024 454 1024 1002 1024 2168 1748 457 1748 1186 1748 1920 1749 2420 1749 433 1749 1036 1750 1596 1750 1090 1750 192 1751 1036 1751 1090 1751 454 1752 2425 1752 2158 1752 454 1753 2158 1753 1002 1753 454 1321 1036 1321 2425 1321 2431 1754 1036 1754 454 1754 2432 1755 1036 1755 192 1755 2432 1756 192 1756 2417 1756 1178 1757 1036 1757 2432 1757 1037 1758 1036 1758 2431 1758 1076 1038 1036 1038 1178 1038 2433 185 2434 185 2149 185 2149 1759 221 1759 2433 1759 1111 1760 2417 1760 192 1760 1111 1024 192 1024 191 1024 1863 1761 1860 1761 1997 1761 767 1762 2312 1762 338 1762 338 1763 2308 1763 767 1763 2437 1764 2438 1764 2439 1764 2440 1765 2437 1765 2439 1765 2013 1766 1731 1766 1924 1766 2443 185 1733 185 2444 185 2443 1767 1731 1767 1733 1767 2439 1768 2442 1768 713 1768 1924 1724 1731 1724 2443 1724 2445 1769 2442 1769 2439 1769 2139 1770 2433 1770 221 1770 2444 1771 2440 1771 2439 1771 2444 1772 1733 1772 1257 1772 2444 1773 1257 1773 2440 1773 2441 1774 2444 1774 2439 1774 548 1775 2445 1775 2439 1775 548 1776 2446 1776 2445 1776 549 1777 548 1777 2439 1777 14 1778 2445 1778 2446 1778 2216 1779 2441 1779 2439 1779 2438 1780 549 1780 2439 1780 2149 185 2434 185 2445 185 2149 185 2445 185 14 185 2447 700 2448 700 2449 700 2449 700 2450 700 2447 700 1502 1781 227 1781 226 1781 2452 1782 405 1782 2129 1782 1522 86 1521 86 2455 86 2455 86 2456 86 1522 86 604 1783 954 1783 350 1783 350 1784 474 1784 604 1784 1027 1785 3328 1785 2459 1785 825 1786 869 1786 912 1786 1443 1787 2462 1787 2461 1787 1309 1788 1310 1788 605 1788 280 1789 2463 1789 2464 1789 2464 1790 279 1790 280 1790 1257 1791 2465 1791 2440 1791 2466 1596 2467 1596 1254 1596 1254 1596 1253 1596 2466 1596 1452 1792 1453 1792 1353 1792 2473 1793 2439 1793 2474 1793 2465 1021 2439 1021 2473 1021 2013 1794 2053 1794 1731 1794 2476 1023 1732 1023 1731 1023 2476 1024 2477 1024 1732 1024 2053 1795 2476 1795 1731 1795 2139 1796 221 1796 2060 1796 2439 1797 713 1797 2478 1797 2479 1798 2439 1798 2478 1798 2477 1799 1257 1799 1732 1799 2477 1800 2465 1800 1257 1800 2477 1801 2439 1801 2465 1801 2475 1802 2439 1802 2477 1802 551 1803 2439 1803 2479 1803 551 1804 2479 1804 2446 1804 550 1037 2439 1037 551 1037 2216 1805 2439 1805 2475 1805 15 1806 2446 1806 2479 1806 2474 1038 2439 1038 550 1038 2058 1807 15 1807 2479 1807 2058 1024 2479 1024 2059 1024 2070 1808 703 1808 583 1808 583 1809 1050 1809 2070 1809 1271 1810 563 1810 2480 1810 1271 1811 2480 1811 2481 1811 65 1812 1271 1812 2481 1812 2483 1813 1271 1813 65 1813 2484 1814 1271 1814 2483 1814 625 1815 2486 1815 2485 1815 1631 1816 1271 1816 2484 1816 1374 1817 1271 1817 1631 1817 1281 1818 2488 1818 2489 1818 1281 1819 2489 1819 2490 1819 1281 1820 2490 1820 1246 1820 1281 1821 1246 1821 2482 1821 1281 1822 2482 1822 1802 1822 1281 1823 1802 1823 2468 1823 1281 1824 1271 1824 1374 1824 1281 1825 1374 1825 2488 1825 2492 1826 2493 1826 2468 1826 2494 1827 2491 1827 563 1827 2500 1828 2497 1828 1802 1828 1802 1829 2486 1829 2500 1829 2495 1830 2537 1830 2494 1830 2468 1831 2497 1831 2498 1831 2498 1832 2492 1832 2468 1832 2491 1833 2499 1833 2487 1833 2487 1834 563 1834 2491 1834 2492 1835 2498 1835 2500 1835 2500 1836 625 1836 2492 1836 1565 62 581 62 582 62 582 1837 1566 1837 1565 1837 448 1838 631 1838 836 1838 1271 1839 564 1839 563 1839 1271 1840 2014 1840 2503 1840 1271 1841 2503 1841 2504 1841 2504 1842 2506 1842 1271 1842 1281 1843 2507 1843 2509 1843 1281 1844 2509 1844 2510 1844 1271 1845 1281 1845 2510 1845 1271 1846 2510 1846 1474 1846 1271 1847 1474 1847 2511 1847 1271 1848 2511 1848 187 1848 1271 1849 187 1849 2014 1849 1281 1850 2468 1850 1282 1850 2477 38 2444 38 2443 38 2443 38 2476 38 2477 38 1408 1851 1396 1851 1356 1851 2514 1852 2515 1852 2516 1852 2516 1853 1529 1853 2514 1853 2499 1854 2491 1854 2496 1854 2496 1855 2495 1855 2499 1855 1282 1856 2468 1856 2493 1856 625 1857 2109 1857 2493 1857 2468 1858 1802 1858 2497 1858 3283 1859 2517 1859 278 1859 278 1860 2518 1860 3283 1860 625 1861 2500 1861 2486 1861 311 1862 2519 1862 2520 1862 2521 1863 2196 1863 1372 1863 1372 1864 3578 1864 2521 1864 2129 1865 405 1865 348 1865 1452 1866 1284 1866 1316 1866 2526 1867 1022 1867 66 1867 2491 1868 2494 1868 2537 1868 2529 38 2528 38 2527 38 2491 1869 2537 1869 2496 1869 1420 1870 625 1870 2485 1870 1420 1871 2485 1871 2530 1871 1420 1872 2530 1872 2528 1872 2531 1873 2526 1873 2532 1873 1420 1874 2528 1874 2529 1874 2534 1875 2531 1875 2535 1875 2536 1876 1420 1876 2529 1876 2536 38 2529 38 2533 38 2539 1877 1420 1877 2536 1877 2539 38 2536 38 2538 38 2541 1876 1420 1876 2539 1876 2541 1878 2539 1878 2540 1878 2522 38 2541 38 1375 38 2537 1879 2534 1879 2496 1879 2522 1880 1420 1880 2541 1880 2523 38 2522 38 1632 38 2530 38 2485 38 2543 38 2524 38 2523 38 2542 38 2015 1881 2525 1881 1022 1881 2015 1882 1022 1882 2526 1882 2525 1883 2524 1883 2545 1883 2493 1884 2492 1884 625 1884 2015 1885 2526 1885 2531 1885 2015 1886 2531 1886 2534 1886 2015 1887 2534 1887 2537 1887 2528 1888 2530 1888 2544 1888 1022 38 2525 38 2546 38 2015 1889 1420 1889 2522 1889 2015 1890 2522 1890 2523 1890 2015 1891 2523 1891 2524 1891 2015 1892 2524 1892 2525 1892 2442 1893 2496 1893 2534 1893 2441 1894 2496 1894 2442 1894 2487 1895 2496 1895 2441 1895 2480 1896 2487 1896 2441 1896 2495 1897 2494 1897 2499 1897 2499 1898 564 1898 2487 1898 2494 1899 564 1899 2499 1899 2547 1900 2346 1900 187 1900 2107 86 2075 86 2077 86 2077 86 2122 86 2107 86 2374 1901 538 1901 3561 1901 3561 1902 1834 1902 2374 1902 2109 1903 2498 1903 2493 1903 2500 1904 2498 1904 2109 1904 3421 1905 1416 1905 1417 1905 1417 1906 635 1906 3421 1906 568 1907 1460 1907 1328 1907 1328 1908 291 1908 568 1908 1282 1909 2493 1909 2498 1909 2498 1910 2497 1910 1282 1910 2486 1911 2411 1911 2485 1911 1804 1912 2411 1912 2486 1912 1802 1913 1804 1913 2486 1913 81 1914 75 1914 989 1914 2224 1915 2387 1915 2386 1915 392 1916 467 1916 2758 1916 777 1917 2361 1917 2326 1917 2537 1918 2495 1918 2015 1918 2558 1919 290 1919 1818 1919 1818 1920 1474 1920 2558 1920 2437 1024 2440 1024 2444 1024 2016 1921 1924 1921 2443 1921 2016 1922 2443 1922 1733 1922 2438 1923 2444 1923 2441 1923 2438 1924 2437 1924 2444 1924 2445 1925 548 1925 549 1925 2445 1926 549 1926 2438 1926 2442 1927 2438 1927 2441 1927 2442 1928 2445 1928 2438 1928 2016 1929 2149 1929 2445 1929 2434 1930 2433 1930 2016 1930 2434 1931 2016 1931 2445 1931 2133 1932 2127 1932 290 1932 2517 1933 3283 1933 3308 1933 564 1934 2495 1934 2487 1934 1271 1935 2495 1935 564 1935 1282 1936 2497 1936 2508 1936 2508 1937 1281 1937 1282 1937 2559 1938 1547 1938 1896 1938 1896 1939 2014 1939 2559 1939 37 1940 1017 1940 1377 1940 2412 1941 521 1941 1360 1941 1625 1942 1360 1942 2411 1942 1625 1943 2412 1943 1360 1943 2508 1944 1363 1944 1360 1944 2508 1945 2190 1945 1363 1945 2508 1946 1360 1946 2191 1946 866 1947 2508 1947 2191 1947 2408 1948 2413 1948 1624 1948 2408 1949 1624 1949 1625 1949 1804 185 1625 185 2411 185 1804 1950 2408 1950 1625 1950 2407 1951 2410 1951 866 1951 2407 1952 866 1952 2409 1952 888 1953 701 1953 848 1953 3461 1954 1857 1954 1031 1954 440 1955 2231 1955 558 1955 3524 1956 2293 1956 2298 1956 570 1957 721 1957 1336 1957 860 1958 849 1958 355 1958 1284 9 18 9 1453 9 1494 1959 1495 1959 1557 1959 844 1960 717 1960 743 1960 1209 1961 1210 1961 1554 1961 2147 1791 1930 1791 1929 1791 1182 86 1183 86 2146 86 2146 86 2170 86 1182 86 1079 700 1078 700 1077 700 1077 700 1076 700 1079 700 452 1962 1164 1962 1168 1962 1168 1963 1039 1963 452 1963 436 1964 672 1964 2472 1964 1471 1965 1303 1965 783 1965 1369 181 1368 181 1367 181 1367 42 1366 42 1369 42 2572 1966 2573 1966 2032 1966 2032 1967 2745 1967 2572 1967 120 1968 3635 1968 2162 1968 2029 1969 2576 1969 2577 1969 2578 1970 254 1970 3220 1970 2670 1971 1967 1971 1098 1971 1098 1972 322 1972 2670 1972 2002 1973 2108 1973 2074 1973 2579 1974 2580 1974 2581 1974 1822 38 1772 38 1770 38 1770 38 1820 38 1822 38 2442 1975 2445 1975 2479 1975 2479 1976 2478 1976 2442 1976 2133 1977 2617 1977 1049 1977 2511 1978 2617 1978 1366 1978 1726 185 1743 185 1742 185 1725 185 1742 185 1741 185 1725 185 1726 185 1742 185 1548 1979 1749 1979 1742 1979 1548 1980 654 1980 1749 1980 1548 1981 1742 1981 1748 1981 2596 1982 1548 1982 1748 1982 1736 185 1725 185 1741 185 1740 1983 1735 1983 1734 1983 1740 1949 1734 1949 1725 1949 1740 185 1725 185 1736 185 1739 1984 2596 1984 1714 1984 1738 1985 2596 1985 1739 1985 1123 1986 3585 1986 1112 1986 1112 1987 394 1987 1123 1987 2584 1988 2585 1988 2586 1988 2586 1989 2587 1989 2584 1989 2589 1990 2590 1990 2588 1990 2591 1103 2592 1103 2593 1103 2593 1103 2594 1103 2591 1103 2060 1991 1000 1991 2595 1991 2509 1992 124 1992 2309 1992 2309 1993 2510 1993 2509 1993 1713 1024 1712 1024 1711 1024 2596 1994 1708 1994 1709 1994 2596 1995 1709 1995 1710 1995 1705 1996 1711 1996 1701 1996 1705 1997 1713 1997 1711 1997 1699 1998 1702 1998 1706 1998 1699 1999 1706 1999 1705 1999 1704 1024 1705 1024 1701 1024 1704 2000 1699 2000 1705 2000 2596 2001 1697 2001 1699 2001 1698 2002 655 2002 2596 2002 1698 2003 2596 2003 1699 2003 1420 2004 2015 2004 2595 2004 1420 2005 2595 2005 1966 2005 1420 2006 1966 2006 2597 2006 1420 2007 2597 2007 2133 2007 1420 2008 2133 2008 2132 2008 1420 2009 2132 2009 2429 2009 1168 2010 450 2010 453 2010 453 2011 1160 2011 1168 2011 2510 2012 124 2012 1768 2012 1905 2013 124 2013 2132 2013 550 185 551 185 2479 185 2474 2014 2479 2014 2478 2014 2474 2015 550 2015 2479 2015 1000 2016 2059 2016 2479 2016 1000 2017 2060 2017 2059 2017 1000 2018 2479 2018 2058 2018 2016 2019 1000 2019 2058 2019 2475 2020 2474 2020 2478 2020 2477 2021 2465 2021 2473 2021 2477 2022 2473 2022 2474 2022 2477 185 2474 185 2475 185 2476 2023 2016 2023 1732 2023 2053 2024 2016 2024 2476 2024 2603 2025 2617 2025 2108 2025 2108 2026 2511 2026 2603 2026 1623 1024 2372 1024 2370 1024 866 2027 2217 2027 2368 2027 866 2028 2368 2028 2369 2028 1622 2029 2370 2029 1803 2029 1622 1024 1623 1024 2370 1024 1361 2030 2367 2030 1622 2030 1361 2031 520 2031 2367 2031 2366 2032 1622 2032 1803 2032 2366 2033 1361 2033 1622 2033 866 2034 2080 2034 1361 2034 1362 2035 2081 2035 866 2035 1362 2036 866 2036 1361 2036 1966 2037 1547 2037 1848 2037 351 2038 37 2038 2604 2038 894 2039 445 2039 444 2039 2605 2040 2606 2040 2607 2040 2607 2040 2608 2040 2605 2040 2609 38 2610 38 2611 38 2611 38 2612 38 2609 38 66 2041 1741 2041 2526 2041 1736 2042 1741 2042 66 2042 65 2043 2481 2043 1736 2043 65 2044 1736 2044 66 2044 1704 2045 2532 2045 2526 2045 1701 2046 2532 2046 1704 2046 2481 2047 2532 2047 1701 2047 2535 2048 2478 2048 2534 2048 2475 2049 2478 2049 2535 2049 2480 2050 2475 2050 2535 2050 2366 2051 2543 2051 2485 2051 1803 2052 2543 2052 2366 2052 1802 2053 2543 2053 1803 2053 2308 2054 867 2054 2429 2054 153 2055 866 2055 2509 2055 1775 1024 1774 1024 1772 1024 1547 2056 1769 2056 1770 2056 1547 2057 1770 2057 1771 2057 1766 2058 1772 2058 1760 2058 1766 1024 1775 1024 1772 1024 1759 1024 1767 1024 1766 1024 1759 2059 1762 2059 1767 2059 1024 2060 1766 2060 1760 2060 1024 1024 1759 1024 1766 1024 1548 2061 1757 2061 1759 2061 1758 2062 1761 2062 1548 2062 1758 2063 1548 2063 1759 2063 2120 1740 2122 1740 2077 1740 2077 2064 2068 2064 2120 2064 1147 2065 1135 2065 1148 2065 1966 2066 654 2066 1548 2066 2002 2067 2617 2067 2511 2067 2336 1024 2335 1024 2333 1024 866 2068 153 2068 154 2068 866 2069 154 2069 2179 2069 2331 2070 2333 2070 2326 2070 2331 1024 2336 1024 2333 1024 260 2071 2328 2071 2332 2071 260 2072 2332 2072 2331 2072 144 1024 2331 1024 2326 1024 144 2073 260 2073 2331 2073 867 2074 2273 2074 260 2074 2275 2075 2274 2075 867 2075 2275 2076 867 2076 260 2076 2597 2077 2615 2077 1959 2077 2616 2078 2511 2078 1369 2078 1369 2079 2617 2079 2616 2079 1690 1024 2286 1024 307 1024 124 2080 2283 2080 2284 2080 124 2081 2284 2081 2285 2081 1689 1024 307 1024 308 1024 1689 2082 1690 2082 307 2082 336 2083 1779 2083 2281 2083 336 2084 2281 2084 1689 2084 2280 1024 1689 1024 308 1024 2280 2085 336 2085 1689 2085 124 2086 1838 2086 336 2086 339 2087 1839 2087 124 2087 339 2088 124 2088 336 2088 2596 2089 655 2089 1966 2089 694 2090 2547 2090 187 2090 2245 1024 2244 1024 929 1024 124 2091 1737 2091 1668 2091 124 2092 1668 2092 125 2092 2240 1996 929 1996 930 1996 2240 2093 2245 2093 929 2093 2235 2094 376 2094 2241 2094 2235 1024 2241 1024 2240 1024 2239 1024 2240 1024 930 1024 2239 1024 2235 1024 2240 1024 737 2095 739 2095 2235 2095 2246 2096 2236 2096 737 2096 2246 2097 737 2097 2235 2097 1966 2098 1893 2098 2346 2098 2506 2099 1978 2099 1000 2099 2189 2100 2188 2100 1874 2100 290 2101 1894 2101 2187 2101 290 2102 2187 2102 1642 2102 2186 1024 1874 1024 1875 1024 2186 1024 2189 1024 1874 1024 2181 2059 2089 2059 2090 2059 2181 2103 2090 2103 2186 2103 2185 1024 2186 1024 1875 1024 2185 1024 2181 1024 2186 1024 290 2104 289 2104 2181 2104 1868 2105 1869 2105 290 2105 1868 2106 290 2106 2181 2106 2429 2107 866 2107 2081 2107 1852 2108 1547 2108 2014 2108 1932 1024 1929 1024 2146 1024 2618 2109 1184 2109 1183 2109 2618 2110 1183 2110 2145 2110 2142 2111 2146 2111 2136 2111 2142 1924 1932 1924 2146 1924 2134 2059 2138 2059 2143 2059 2134 2112 2143 2112 2142 2112 2141 1024 2142 1024 2136 1024 2141 1024 2134 1024 2142 1024 2618 2113 1968 2113 2134 2113 1970 2105 1969 2105 2618 2105 1970 2114 2618 2114 2134 2114 1966 2115 1548 2115 1761 2115 2503 2116 2596 2116 1738 2116 1738 2117 2504 2117 2503 2117 2079 1024 2078 1024 2077 1024 2617 2118 2002 2118 2075 2118 2617 2119 2075 2119 2076 2119 2072 2120 2077 2120 2068 2120 2072 1024 2079 1024 2077 1024 581 2094 2069 2094 2073 2094 581 2084 2073 2084 2072 2084 1565 2121 2072 2121 2068 2121 1565 2122 581 2122 2072 2122 2617 2123 702 2123 581 2123 584 2124 1049 2124 2617 2124 584 2125 2617 2125 581 2125 2132 2126 737 2126 2236 2126 2616 2127 2547 2127 695 2127 695 2128 187 2128 2616 2128 685 2129 591 2129 1615 2129 2617 2130 1369 2130 1368 2130 2617 2131 1368 2131 2027 2131 686 2132 1615 2132 1614 2132 686 2133 685 2133 1615 2133 2020 2134 899 2134 2025 2134 2020 2135 2025 2135 686 2135 2024 2136 686 2136 1614 2136 2024 2137 2020 2137 686 2137 2615 2138 1958 2138 2020 2138 1960 2139 1959 2139 2615 2139 1960 2140 2615 2140 2020 2140 290 2141 1869 2141 2132 2141 1769 2142 1547 2142 2503 2142 1231 2143 1982 2143 669 2143 2547 2144 694 2144 668 2144 2547 2145 668 2145 1980 2145 1232 2146 669 2146 1972 2146 1232 2147 1231 2147 669 2147 681 2148 1973 2148 1977 2148 681 2149 1977 2149 1232 2149 682 2150 1232 2150 1972 2150 682 2151 681 2151 1232 2151 2547 2152 1914 2152 681 2152 715 2153 1208 2153 2547 2153 715 2154 2547 2154 681 2154 2595 2155 2016 2155 2433 2155 1894 2156 290 2156 1474 2156 1928 2157 1927 2157 1926 2157 2346 2144 189 2144 1925 2144 2346 2158 1925 2158 1081 2158 1922 2159 1926 2159 1916 2159 1922 2160 1928 2160 1926 2160 422 2161 1917 2161 1923 2161 422 2162 1923 2162 1922 2162 421 2163 1922 2163 1916 2163 421 2164 422 2164 1922 2164 2346 2165 1754 2165 422 2165 1756 2153 1755 2153 2346 2153 1756 2166 2346 2166 422 2166 2217 2167 866 2167 2507 2167 1856 2157 726 2157 1855 2157 1547 2168 1852 2168 1853 2168 1547 2169 1853 2169 1854 2169 1850 2170 1855 2170 1846 2170 1850 2171 1856 2171 1855 2171 1842 2161 110 2161 1851 2161 1842 2172 1851 2172 1850 2172 1666 2173 1850 2173 1846 2173 1666 2174 1842 2174 1850 2174 1547 2175 1840 2175 1842 2175 1841 2176 1848 2176 1547 2176 1841 2177 1547 2177 1842 2177 2190 2178 2508 2178 2429 2178 2132 2179 1870 2179 737 2179 2559 2180 187 2180 189 2180 189 2181 2346 2181 2559 2181 1178 2182 2432 2182 192 2182 1076 2183 192 2183 1090 2183 1076 2184 1178 2184 192 2184 2596 2185 191 2185 192 2185 2596 2186 433 2186 191 2186 2596 2187 192 2187 1111 2187 1000 2188 2596 2188 1111 2188 2431 2189 1076 2189 1090 2189 454 1983 2425 1983 1077 1983 454 185 1077 185 1076 185 454 185 1076 185 2431 185 457 2190 2168 2190 1000 2190 457 2191 1000 2191 1002 2191 1078 1024 2421 1024 455 1024 1000 2192 1978 2192 456 2192 1000 2193 456 2193 1001 2193 1079 2194 455 2194 2418 2194 1079 1024 1078 1024 455 1024 193 2195 2419 2195 1177 2195 193 2196 1177 2196 1079 2196 1089 1024 1079 1024 2418 1024 1089 1024 193 1024 1079 1024 1000 2197 1110 2197 193 2197 190 2198 434 2198 1000 2198 190 2199 1000 2199 193 2199 2619 2200 603 2200 22 2200 22 2201 2085 2201 2619 2201 2346 2202 1755 2202 2597 2202 2133 2203 1050 2203 2618 2203 2014 2204 1547 2204 1819 2204 1819 2205 2503 2205 2014 2205 2356 185 2345 185 261 185 2359 2206 261 2206 145 2206 2359 185 2356 185 261 185 866 2207 1746 2207 261 2207 866 2208 1747 2208 1746 2208 866 2209 261 2209 1745 2209 867 2210 866 2210 1745 2210 2361 185 2359 185 145 185 2348 2211 2360 2211 2358 2211 2348 185 2358 185 2359 185 2348 185 2359 185 2361 185 155 2212 156 2212 866 2212 155 2213 866 2213 2178 2213 1024 2214 66 2214 1022 2214 1760 2215 66 2215 1024 2215 65 2216 66 2216 1760 2216 144 2217 2544 2217 2530 2217 2326 2218 2544 2218 144 2218 2482 2219 2544 2219 2326 2219 1802 2220 2482 2220 2326 2220 2280 2221 2527 2221 2528 2221 308 2222 2527 2222 2280 2222 1246 2223 2527 2223 308 2223 2482 2224 1246 2224 308 2224 2239 2225 2533 2225 2529 2225 930 2218 2533 2218 2239 2218 2490 2226 2533 2226 930 2226 1246 2227 2490 2227 930 2227 2185 2228 2538 2228 2536 2228 1875 2229 2538 2229 2185 2229 2489 2230 2538 2230 1875 2230 2490 2231 2489 2231 1875 2231 2141 2221 2540 2221 2539 2221 2136 2232 2540 2232 2141 2232 2488 2230 2540 2230 2136 2230 2489 2224 2488 2224 2136 2224 1565 2228 1375 2228 2541 2228 2068 2233 1375 2233 1565 2233 1374 2234 1375 2234 2068 2234 2488 2235 1374 2235 2068 2235 2024 2236 1632 2236 2522 2236 1614 2237 1632 2237 2024 2237 1631 2238 1632 2238 1614 2238 1374 2239 1631 2239 1614 2239 2007 2240 1914 2240 2547 2240 682 2241 2542 2241 2523 2241 1972 2242 2542 2242 682 2242 2484 2243 2542 2243 1972 2243 1631 2244 2484 2244 1972 2244 421 2245 2545 2245 2524 2245 1916 2246 2545 2246 421 2246 2483 2247 2545 2247 1916 2247 2484 2244 2483 2244 1916 2244 1666 2248 2546 2248 2525 2248 1846 2249 2546 2249 1666 2249 65 2250 2546 2250 1846 2250 2483 2251 65 2251 1846 2251 2532 2252 1090 2252 2531 2252 2431 2253 1090 2253 2532 2253 2481 2254 2480 2254 2431 2254 2481 2255 2431 2255 2532 2255 1089 2256 2535 2256 2531 2256 2418 2257 2535 2257 1089 2257 2480 2258 2535 2258 2418 2258 2543 2259 145 2259 2530 2259 2361 2260 145 2260 2543 2260 1802 2261 2361 2261 2543 2261 2618 2262 1969 2262 2133 2262 1924 2263 2016 2263 1271 2263 1794 185 1795 185 1796 185 1814 185 1796 185 1023 185 1814 185 1794 185 1796 185 1547 2264 1797 2264 1796 2264 1547 2265 1817 2265 1797 2265 1547 2266 1796 2266 1781 2266 1548 2267 1547 2267 1781 2267 1816 185 1814 185 1023 185 1822 2268 1815 2268 1813 2268 1822 2022 1813 2022 1814 2022 1822 185 1814 185 1816 185 1820 2269 1819 2269 1547 2269 1820 2270 1547 2270 1821 2270 1474 2271 2618 2271 1181 2271 2052 2272 2617 2272 2597 2272 2311 185 1780 185 337 185 1692 2273 337 2273 2310 2273 1692 185 2311 185 337 185 867 2274 338 2274 337 2274 867 2275 2308 2275 338 2275 867 2276 337 2276 2312 2276 124 2277 867 2277 2312 2277 305 185 1692 185 2310 185 306 2278 2307 2278 1691 2278 306 2279 1691 2279 1692 2279 306 2280 1692 2280 305 2280 2297 2281 124 2281 2306 2281 2309 2282 124 2282 2297 2282 2558 2283 2510 2283 1737 2283 1737 2284 124 2284 2558 2284 2595 2285 433 2285 2596 2285 2267 2286 377 2286 2266 2286 2263 2287 2266 2287 2265 2287 2263 185 2267 185 2266 185 124 2288 1904 2288 2266 2288 124 2289 1905 2289 1904 2289 124 2290 2266 2290 738 2290 737 2291 124 2291 738 2291 931 2292 2263 2292 2265 2292 932 2293 2264 2293 2262 2293 932 2294 2262 2294 2263 2294 932 185 2263 185 931 185 1669 2295 124 2295 126 2295 1768 2296 124 2296 1669 2296 2597 2297 1950 2297 2547 2297 187 2298 2346 2298 188 2298 2091 2286 2092 2286 2220 2286 2214 2299 2220 2299 2219 2299 2214 185 2091 185 2220 185 737 2300 1871 2300 2220 2300 737 2301 1870 2301 1871 2301 737 2302 2220 2302 288 2302 290 2303 737 2303 288 2303 1876 185 2214 185 2219 185 1877 2304 2215 2304 2213 2304 1877 2305 2213 2305 2214 2305 1877 185 2214 185 1876 185 2218 2306 1818 2306 290 2306 2218 2307 290 2307 1643 2307 2429 2308 1747 2308 866 2308 1281 2309 866 2309 2410 2309 2410 2310 2507 2310 1281 2310 2174 185 2173 185 2172 185 2163 2311 2172 2311 2171 2311 2163 185 2174 185 2172 185 290 2312 2128 2312 2172 2312 290 2313 2127 2313 2128 2313 290 2314 2172 2314 2175 2314 2618 2315 290 2315 2175 2315 2164 185 2163 185 2171 185 2170 2316 1930 2316 1931 2316 2170 185 1931 185 2163 185 2170 2317 2163 2317 2164 2317 1182 2318 1181 2318 2618 2318 1182 2319 2618 2319 2169 2319 2395 2320 2755 2320 960 2320 1966 2321 1817 2321 1547 2321 2507 2322 866 2322 156 2322 156 2323 2509 2323 2507 2323 2124 185 2123 185 582 185 2118 2324 582 2324 1566 2324 2118 185 2124 185 582 185 2618 2325 583 2325 582 2325 2618 2326 1050 2326 583 2326 2618 2327 582 2327 703 2327 2617 2328 2618 2328 703 2328 2120 185 2118 185 1566 185 2122 2304 2119 2304 2117 2304 2122 1949 2117 1949 2118 1949 2122 185 2118 185 2120 185 2107 2329 2108 2329 2617 2329 2107 2330 2617 2330 2121 2330 2630 2331 2631 2331 1421 2331 1708 2332 2596 2332 2504 2332 1207 2333 2615 2333 2597 2333 2057 2286 900 2286 2056 2286 683 185 2056 185 2055 185 683 185 2057 185 2056 185 2617 2334 2062 2334 2056 2334 2617 2335 2052 2335 2062 2335 2617 2336 2056 2336 2061 2336 2615 2337 2617 2337 2061 2337 1613 2189 683 2189 2055 2189 1612 2338 593 2338 684 2338 1612 1949 684 1949 683 1949 1612 185 683 185 1613 185 1367 2339 2617 2339 2054 2339 1366 2340 2617 2340 1367 2340 2506 2341 2016 2341 2053 2341 2053 2342 1271 2342 2506 2342 2429 2343 124 2343 1839 2343 2006 2344 2005 2344 680 2344 1229 2345 680 2345 679 2345 1229 2346 2006 2346 680 2346 2615 2347 714 2347 680 2347 2615 2348 1207 2348 714 2348 2615 2349 680 2349 2007 2349 2547 2350 2615 2350 2007 2350 2001 2351 1229 2351 679 2351 670 2352 2000 2352 1230 2352 670 185 1230 185 1229 185 670 185 1229 185 2001 185 667 2353 2547 2353 2004 2353 695 2354 2547 2354 667 2354 2547 2355 1208 2355 2597 2355 2504 2356 1000 2356 2168 2356 2168 2357 2506 2357 2504 2357 1957 2358 1956 2358 423 2358 1948 2359 423 2359 424 2359 1948 185 1957 185 423 185 2547 2360 1962 2360 423 2360 2547 2361 1950 2361 1962 2361 2547 2362 423 2362 1961 2362 2346 2363 2547 2363 1961 2363 1945 185 1948 185 424 185 1955 2338 1949 2338 1947 2338 1955 2364 1947 2364 1948 2364 1955 185 1948 185 1945 185 1953 2354 188 2354 2346 2354 1953 2365 2346 2365 1080 2365 2595 2366 1000 2366 434 2366 2603 2367 1474 2367 1184 2367 1184 2368 2618 2368 2603 2368 1902 185 113 185 1899 185 1891 2369 1899 2369 1667 2369 1891 185 1902 185 1899 185 2346 2370 1907 2370 1899 2370 2346 2371 1893 2371 1907 2371 2346 2372 1899 2372 1906 2372 1547 2373 2346 2373 1906 2373 1892 185 1891 185 1667 185 1872 2338 728 2338 1890 2338 1872 185 1890 185 1891 185 1872 2374 1891 2374 1892 2374 1873 2375 1896 2375 1547 2375 1873 2376 1547 2376 1897 2376 1863 1679 1862 1679 1861 1679 1861 2377 1860 2377 1863 2377 2546 2378 1023 2378 1022 2378 1816 2379 1023 2379 2546 2379 65 2380 1816 2380 2546 2380 2544 2381 2310 2381 2528 2381 305 2382 2310 2382 2544 2382 2482 2383 305 2383 2544 2383 2527 2384 2265 2384 2529 2384 931 2385 2265 2385 2527 2385 1246 2386 931 2386 2527 2386 2533 2387 2219 2387 2536 2387 1876 2382 2219 2382 2533 2382 2490 2388 1876 2388 2533 2388 2538 2389 2171 2389 2539 2389 2164 2385 2171 2385 2538 2385 2489 2390 2164 2390 2538 2390 2540 2391 1566 2391 2541 2391 2120 2392 1566 2392 2540 2392 2488 2393 2120 2393 2540 2393 1375 2394 2055 2394 2522 2394 1613 2395 2055 2395 1375 2395 1374 2396 1613 2396 1375 2396 1632 2397 679 2397 2523 2397 2001 2398 679 2398 1632 2398 1631 2399 2001 2399 1632 2399 2542 2400 424 2400 2524 2400 1945 2401 424 2401 2542 2401 2484 2402 1945 2402 2542 2402 2545 2403 1667 2403 2525 2403 1892 2404 1667 2404 2545 2404 2483 2405 1892 2405 2545 2405 2634 2406 2635 2406 2636 2406 2636 2407 2637 2407 2634 2407 2636 2408 2176 2408 2643 2408 2203 2409 2644 2409 2645 2409 2645 2410 2406 2410 2203 2410 2632 2411 2643 2411 2176 2411 2632 2412 2176 2412 2640 2412 2635 2413 2176 2413 2636 2413 2640 2414 2633 2414 2632 2414 2643 2415 2637 2415 2650 2415 2647 2416 2648 2416 2649 2416 2638 2417 2639 2417 2646 2417 2652 2418 2471 2418 3655 2418 2640 2419 2639 2419 2633 2419 2642 2420 2633 2420 2639 2420 2639 2421 2638 2421 2642 2421 2635 2422 2637 2422 2176 2422 2637 2423 2639 2423 2640 2423 2637 2424 2640 2424 2176 2424 2636 2425 2643 2425 2650 2425 2637 2426 2636 2426 2650 2426 2255 2427 2341 2427 3548 2427 3548 2428 2254 2428 2255 2428 2665 2429 1144 2429 824 2429 823 2430 2664 2430 2666 2430 823 2431 1145 2431 2664 2431 2667 2432 2668 2432 2665 2432 2665 2433 2666 2433 2667 2433 2662 2434 2665 2434 824 2434 2669 2435 824 2435 1144 2435 2665 2436 2664 2436 1145 2436 1145 2437 1144 2437 2665 2437 2668 2438 2669 2438 2665 2438 2668 2439 824 2439 2669 2439 2667 2440 2666 2440 2664 2440 2667 2441 2664 2441 1143 2441 250 2442 2340 2442 3795 2442 2244 1198 2264 1198 2262 1198 2262 1198 2245 1198 2244 1198 810 2443 809 2443 808 2443 2337 2444 823 2444 2662 2444 2673 2445 2049 2445 2689 2445 2689 2446 2674 2446 2673 2446 2208 2447 492 2447 2662 2447 2662 2448 2667 2448 2208 2448 462 2449 1542 2449 134 2449 134 2450 1251 2450 462 2450 3193 2451 675 2451 149 2451 2208 2452 2207 2452 492 2452 2674 2453 492 2453 2337 2453 2337 2454 2673 2454 2674 2454 2667 2455 2662 2455 2668 2455 525 2456 795 2456 794 2456 2675 86 2676 86 2677 86 2677 86 2678 86 2675 86 496 10 2677 10 2678 10 2678 11 497 11 496 11 2572 2457 2156 2457 2680 2457 2684 2458 491 2458 492 2458 2684 2459 2685 2459 491 2459 2686 2460 491 2460 2685 2460 724 2461 491 2461 2686 2461 2686 2462 2684 2462 492 2462 723 2463 724 2463 2684 2463 2684 2464 2686 2464 723 2464 2661 2465 2686 2465 492 2465 2661 2466 724 2466 2686 2466 2683 2467 2689 2467 2049 2467 2049 2468 2673 2468 2683 2468 2208 2469 2684 2469 2207 2469 2685 2470 2684 2470 2208 2470 2686 2471 2685 2471 2208 2471 2661 2472 2684 2472 724 2472 2661 2473 2207 2473 2684 2473 723 2474 2686 2474 2208 2474 2338 2475 395 2475 2688 2475 2688 2476 2339 2476 2338 2476 2020 86 2056 86 2062 86 2062 86 1960 86 2020 86 492 2477 2207 2477 2661 2477 2904 2478 2562 2478 2561 2478 1937 2479 2690 2479 2582 2479 2693 2480 1365 2480 2692 2480 492 2481 2683 2481 2673 2481 2673 2482 2662 2482 492 2482 520 140 2367 140 2412 140 2412 140 521 140 520 140 2314 2483 243 2483 2381 2483 2381 2484 1490 2484 2314 2484 2696 2485 1490 2485 2313 2485 244 2486 2696 2486 2313 2486 920 2487 244 2487 243 2487 920 2488 2382 2488 2381 2488 920 2489 243 2489 2382 2489 920 2490 2696 2490 244 2490 2705 2491 243 2491 244 2491 2705 2492 2381 2492 243 2492 2704 2493 2705 2493 244 2493 2704 2494 244 2494 2314 2494 2704 2495 2314 2495 1490 2495 2312 2496 1838 2496 2276 2496 1490 2497 2381 2497 2382 2497 341 2498 2701 2498 3485 2498 3443 2499 3746 2499 2744 2499 1490 2500 1021 2500 1020 2500 2705 2501 2704 2501 920 2501 990 2502 2268 2502 2292 2502 1020 2503 2704 2503 1490 2503 2707 2504 1020 2504 1021 2504 1021 2505 1490 2505 2707 2505 2714 2506 2829 2506 2715 2506 2715 2507 2716 2507 2714 2507 2696 2508 2707 2508 1490 2508 243 2509 2313 2509 1490 2509 1490 2510 2382 2510 243 2510 2721 2511 1778 2511 2735 2511 990 2512 1485 2512 1799 2512 990 2513 1778 2513 1485 2513 990 2514 1776 2514 1778 2514 2268 2515 990 2515 1799 2515 2268 2516 1799 2516 2721 2516 2268 2517 2721 2517 2735 2517 2721 2518 1485 2518 1778 2518 2292 2519 2735 2519 1486 2519 1799 2520 2292 2520 1486 2520 1478 2521 1799 2521 1485 2521 1478 2522 1777 2522 1776 2522 1478 2523 1485 2523 1777 2523 1478 2524 2292 2524 1799 2524 196 2525 2233 2525 223 2525 2723 9 2317 9 2318 9 2318 9 2724 9 2723 9 1757 2526 1781 2526 1764 2526 2728 2527 1784 2527 1952 2527 2730 2528 1513 2528 1512 2528 2292 2529 1478 2529 990 2529 2731 2530 34 2530 2389 2530 2389 2531 3356 2531 2731 2531 2739 2532 2268 2532 2735 2532 1833 2533 2738 2533 2373 2533 2373 2534 2427 2534 1833 2534 1864 2535 1142 2535 2740 2535 2654 2536 2694 2536 2691 2536 2691 2537 2735 2537 2654 2537 2292 2538 2654 2538 2735 2538 3357 2539 3596 2539 3339 2539 3339 2540 3818 2540 3357 2540 2743 2541 2195 2541 2196 2541 1107 2542 938 2542 2045 2542 2045 2543 1416 2543 1107 2543 514 2544 3239 2544 3386 2544 1987 2545 3677 2545 3631 2545 2565 2546 3666 2546 2746 2546 2747 2547 360 2547 359 2547 2954 2548 3703 2548 2766 2548 2766 2549 2571 2549 2954 2549 2771 2550 3661 2550 3705 2550 3705 2551 370 2551 2771 2551 2751 2552 2798 2552 3679 2552 1164 2553 1160 2553 450 2553 450 2554 1168 2554 1164 2554 363 2555 2777 2555 1836 2555 1836 2556 364 2556 363 2556 2410 2557 2217 2557 2507 2557 2779 2558 1883 2558 2778 2558 2371 2559 2369 2559 2409 2559 3058 2560 363 2560 364 2560 1958 2561 2061 2561 2022 2561 1445 2562 1581 2562 1444 2562 815 2563 1433 2563 1434 2563 2827 2564 2784 2564 2783 2564 2781 2565 3219 2565 3395 2565 512 2566 405 2566 511 2566 2793 1974 2794 1974 560 1974 2490 2567 1875 2567 1876 2567 1184 1467 1181 1467 194 1467 1507 2568 744 2568 600 2568 2796 2569 3622 2569 224 2569 408 2570 2750 2570 483 2570 744 2571 408 2571 2767 2571 3738 2572 2797 2572 3739 2572 1507 2573 2809 2573 2750 2573 698 2574 600 2574 744 2574 600 2575 2809 2575 1507 2575 2750 2576 408 2576 1507 2576 744 2577 2767 2577 698 2577 1660 2578 3530 2578 1830 2578 1373 2579 462 2579 1251 2579 1251 2580 430 2580 1373 2580 2813 2581 2814 2581 745 2581 2813 2582 745 2582 2815 2582 2813 2583 2816 2583 2814 2583 2816 2584 2812 2584 2811 2584 2815 2585 745 2585 2811 2585 2815 2586 2811 2586 2812 2586 2814 2587 2816 2587 2811 2587 478 2588 469 2588 881 2588 3669 2589 1149 2589 3467 2589 2819 2590 2820 2590 2627 2590 2627 2591 2821 2591 2819 2591 393 2592 1117 2592 1119 2592 1396 9 607 9 1409 9 2815 2593 2826 2593 2823 2593 3732 2594 3672 2594 2751 2594 2812 2595 2827 2595 2828 2595 383 2596 2813 2596 2831 2596 484 2597 2716 2597 2816 2597 2833 2598 2813 2598 2823 2598 2856 2599 2813 2599 2833 2599 2835 2600 2813 2600 2856 2600 2834 2601 2856 2601 2833 2601 2831 2602 2813 2602 2835 2602 2827 2603 20 2603 2836 2603 2619 2604 870 2604 603 2604 2816 2605 2841 2605 2855 2605 2816 2606 2715 2606 2829 2606 2816 2607 2855 2607 2715 2607 2855 2608 320 2608 2715 2608 2716 2609 2841 2609 2816 2609 484 2610 1245 2610 2846 2610 2716 2611 2846 2611 2714 2611 2716 2612 484 2612 2846 2612 3765 2613 3566 2613 2901 2613 2901 2614 3736 2614 3765 2614 1245 2615 2714 2615 2846 2615 2831 2616 2740 2616 1425 2616 383 2617 1425 2617 699 2617 383 2618 2831 2618 1425 2618 484 2619 383 2619 2832 2619 1245 2620 2785 2620 328 2620 1245 2621 699 2621 2785 2621 2785 2622 699 2622 1142 2622 1455 2623 179 2623 2850 2623 2850 2624 2851 2624 1455 2624 2714 2625 328 2625 1142 2625 2828 2626 2714 2626 1864 2626 2828 2627 1864 2627 1337 2627 2714 2628 1245 2628 328 2628 2844 2629 2825 2629 2823 2629 2827 2630 2714 2630 2828 2630 1864 2631 2825 2631 2852 2631 2740 2632 2823 2632 2825 2632 2836 2633 2828 2633 1337 2633 1864 2634 2740 2634 2825 2634 1864 2635 2714 2635 1142 2635 2849 2636 2836 2636 1337 2636 2829 2637 2827 2637 2836 2637 2407 86 2368 86 2370 86 2370 86 2408 86 2407 86 2835 2638 2834 2638 2833 2638 2831 2639 2835 2639 2833 2639 407 2640 2435 2640 2853 2640 2840 2641 2784 2641 2827 2641 2840 2642 2839 2642 2784 2642 631 2643 365 2643 845 2643 845 2644 972 2644 631 2644 2608 2645 2607 2645 2606 2645 2606 2645 2605 2645 2608 2645 1609 2646 1610 2646 1606 2646 2831 2647 2833 2647 2823 2647 2823 2648 2740 2648 2831 2648 2841 2649 2715 2649 320 2649 2841 2650 2716 2650 2715 2650 725 2651 1372 2651 2196 2651 2196 2652 2195 2652 725 2652 1985 2653 3423 2653 2858 2653 1738 2654 1708 2654 2504 2654 2859 86 2860 86 2607 86 2607 86 2606 86 2859 86 2861 38 2862 38 2863 38 2863 38 2864 38 2861 38 2865 700 2866 700 2867 700 2867 700 2868 700 2865 700 2855 2655 2841 2655 2869 2655 2870 2656 2824 2656 2834 2656 2849 2657 20 2657 320 2657 2824 2658 20 2658 2849 2658 2856 2659 2869 2659 2870 2659 2856 2660 2855 2660 2869 2660 2835 2661 2870 2661 2834 2661 2835 2662 2856 2662 2870 2662 2841 2663 20 2663 2869 2663 2841 2664 320 2664 20 2664 2834 2665 2824 2665 2849 2665 2843 2666 2871 2666 2783 2666 2874 2667 2601 2667 2875 2667 2875 2668 2876 2668 2874 2668 2784 2669 2843 2669 2783 2669 2879 2670 3255 2670 174 2670 174 2671 3064 2671 2879 2671 2750 2672 2809 2672 1245 2672 20 2673 2827 2673 21 2673 2714 2674 2827 2674 2829 2674 2887 2675 3665 2675 2682 2675 2682 2676 3613 2676 2887 2676 2871 2677 2886 2677 2873 2677 2844 2678 2826 2678 2825 2678 2886 2679 2826 2679 2844 2679 720 2680 2261 2680 2758 2680 2842 2681 2826 2681 2886 2681 2886 2682 2824 2682 2873 2682 2790 2683 2785 2683 2786 2683 1337 2684 1864 2684 1479 2684 2890 2685 2891 2685 2892 2685 2892 2685 2893 2685 2890 2685 2085 2686 2794 2686 2793 2686 2059 728 2060 728 2433 728 2433 729 2434 729 2059 729 3530 2687 1718 2687 1830 2687 2688 2688 1715 2688 2305 2688 2898 2689 2688 2689 2305 2689 2305 2690 2424 2690 2898 2690 303 2691 3568 2691 3624 2691 616 2692 102 2692 163 2692 1154 2693 1157 2693 1176 2693 970 2694 889 2694 962 2694 67 2695 676 2695 761 2695 2424 2696 395 2696 2898 2696 2905 2697 3805 2697 3642 2697 2898 2698 2338 2698 2339 2698 2339 2699 2688 2699 2898 2699 2560 2700 431 2700 2574 2700 2664 2701 2665 2701 2669 2701 2338 2702 2898 2702 395 2702 3203 2703 2909 2703 2910 2703 1677 2704 1678 2704 817 2704 1747 1143 1746 1143 2275 1143 2275 1142 2274 1142 1747 1142 2308 1143 338 1143 339 1143 339 1142 1839 1142 2308 1142 2912 2705 2913 2705 342 2705 2087 2706 2956 2706 1017 2706 1017 1024 1016 1024 2087 1024 1860 2707 2914 2707 2915 2707 1861 2708 1860 2708 2915 2708 1859 2709 1861 2709 2915 2709 1376 2710 2916 2710 1477 2710 2917 2711 1859 2711 2915 2711 2918 2712 2300 2712 1378 2712 1477 2713 2915 2713 2919 2713 1477 2714 2917 2714 2915 2714 1477 2715 2920 2715 2921 2715 1477 2716 2921 2716 2917 2716 1477 2717 2919 2717 1665 2717 2923 2718 508 2718 507 2718 330 2719 2923 2719 507 2719 2924 2720 330 2720 507 2720 331 2721 330 2721 2924 2721 331 2722 2924 2722 2925 2722 331 2723 2925 2723 2926 2723 1477 2724 331 2724 2926 2724 1477 2725 2926 2725 2927 2725 1477 2726 2927 2726 2920 2726 2916 2727 331 2727 1477 2727 771 2728 1621 2728 119 2728 1319 2729 1057 2729 1383 2729 2925 2730 2924 2730 2932 2730 2044 2731 2933 2731 490 2731 490 2732 2323 2732 2044 2732 1398 2733 1393 2733 1326 2733 1326 2734 1345 2734 1398 2734 853 2735 834 2735 852 2735 2675 2736 2935 2736 2936 2736 2936 2737 2676 2737 2675 2737 2785 2738 2790 2738 328 2738 2400 2739 2298 2739 1140 2739 2193 2740 3473 2740 612 2740 612 2741 1435 2741 2193 2741 3819 2742 2937 2742 2938 2742 2938 2743 2939 2743 3819 2743 2785 2744 1142 2744 2786 2744 1457 2745 267 2745 1307 2745 2941 2746 1477 2746 2942 2746 2943 2747 1477 2747 2941 2747 508 2748 2946 2748 507 2748 329 2749 2932 2749 507 2749 329 2750 332 2750 2932 2750 2946 2751 329 2751 507 2751 2300 2752 2918 2752 1379 2752 1477 2753 1665 2753 2947 2753 2948 2754 1477 2754 2947 2754 332 2755 2925 2755 2932 2755 332 2756 2943 2756 2925 2756 332 2757 1477 2757 2943 2757 2944 2758 1477 2758 332 2758 2949 2759 1477 2759 2948 2759 2949 2760 2948 2760 1859 2760 2950 2761 1477 2761 2949 2761 1376 2762 1477 2762 2944 2762 1862 2763 1859 2763 2948 2763 2942 2764 1477 2764 2950 2764 3204 2765 1086 2765 2951 2765 2951 2766 2952 2766 3204 2766 1863 185 1862 185 2948 185 1863 2767 2948 2767 2953 2767 1702 140 1706 140 1726 140 1726 140 1743 140 1702 140 1692 9 1691 9 1690 9 1690 9 1689 9 1692 9 39 743 38 743 312 743 1312 2768 293 2768 295 2768 1893 2769 1907 2769 1841 2769 1841 2770 1848 2770 1893 2770 277 2771 2087 2771 2955 2771 1787 2772 301 2772 2043 2772 2288 2773 277 2773 2955 2773 2956 2774 309 2774 1017 2774 2043 2775 2955 2775 2519 2775 2043 2776 2288 2776 2955 2776 2043 2777 1806 2777 2957 2777 2043 2778 2957 2778 2288 2778 2043 2779 2519 2779 311 2779 299 2780 1451 2780 312 2780 2958 2781 299 2781 312 2781 38 2782 2958 2782 312 2782 2959 1024 2958 1024 38 1024 2959 2783 38 2783 1676 2783 2959 2784 1676 2784 2353 2784 2043 2785 2959 2785 2353 2785 2043 2786 2353 2786 1807 2786 2043 2787 1807 2787 1806 2787 301 2788 2959 2788 2043 2788 1514 2789 2960 2789 2456 2789 2456 2790 2961 2790 1514 2790 2087 1024 1016 1024 2955 1024 306 2791 305 2791 308 2791 308 2792 307 2792 306 2792 1784 700 2728 700 2962 700 1422 2793 3543 2793 3542 2793 3542 2794 2373 2794 1422 2794 633 2795 2343 2795 1810 2795 1810 2796 2964 2796 633 2796 1199 2797 272 2797 748 2797 748 2798 3553 2798 1199 2798 3624 2799 2779 2799 303 2799 541 2800 1909 2800 3479 2800 555 2801 3469 2801 1233 2801 2965 86 2959 86 2958 86 2958 86 2966 86 2965 86 310 2802 546 2802 2272 2802 2967 2803 2968 2803 2969 2803 1676 1406 2354 1406 2353 1406 800 2804 810 2804 814 2804 2970 2805 2971 2805 2604 2805 2100 2806 2972 2806 2973 2806 88 2807 2285 2807 2306 2807 2286 1198 2307 1198 1691 1198 1691 1198 1690 1198 2286 1198 2974 2808 2975 2808 818 2808 2297 86 2284 86 307 86 307 86 306 86 2297 86 2519 956 2955 956 2976 956 2976 2809 2520 2809 2519 2809 1740 38 1711 38 1709 38 1709 38 1739 38 1740 38 1808 2810 2043 2810 1809 2810 2354 2811 2043 2811 1808 2811 1451 2812 300 2812 312 2812 2966 2813 39 2813 312 2813 2966 185 2965 185 39 185 300 2814 2966 2814 312 2814 309 2815 2956 2815 1014 2815 2043 2816 311 2816 2520 2816 2976 2817 2043 2817 2520 2817 2965 2818 1676 2818 39 2818 2965 2819 2354 2819 1676 2819 2965 2820 2043 2820 2354 2820 302 2821 2043 2821 2965 2821 2289 2822 2043 2822 2976 2822 2289 2823 2976 2823 277 2823 2977 2824 2043 2824 2289 2824 1787 2825 2043 2825 302 2825 1809 2826 2043 2826 2977 2826 1087 2827 3204 2827 2978 2827 2978 2828 2979 2828 1087 2828 2086 2829 277 2829 2976 2829 2086 185 2976 185 1015 185 1667 2830 1899 2830 1842 2830 1842 232 1666 232 1667 232 2626 2831 2253 2831 2252 2831 1968 2832 2175 2832 763 2832 2980 2833 2981 2833 1935 2833 1935 2834 2982 2834 2980 2834 2983 1024 2631 1024 2984 1024 2985 1024 2983 1024 2984 1024 2757 2835 2972 2835 2988 2835 2986 1024 2985 1024 2984 1024 2890 1024 2986 1024 2984 1024 2891 1024 2890 1024 2984 1024 2987 2836 712 2836 324 2836 2988 2837 2984 2837 2253 2837 2988 2838 2891 2838 2984 2838 2988 2839 2989 2839 2990 2839 2988 2840 2990 2840 2891 2840 2988 2841 2253 2841 2626 2841 2971 2842 2991 2842 2469 2842 2610 2843 2971 2843 2469 2843 2993 2844 2610 2844 2469 2844 2611 1024 2610 1024 2993 1024 2611 2845 2993 2845 1528 2845 2611 2846 1528 2846 2994 2846 2988 2847 2611 2847 2994 2847 2988 2848 2994 2848 2995 2848 2988 2849 2995 2849 2989 2849 2972 2727 2611 2727 2988 2727 2631 1024 2996 1024 2984 1024 1203 2850 1202 2850 1200 2850 2437 1198 2440 1198 2465 1198 2465 1198 2473 1198 2437 1198 1547 2851 1854 2851 1897 2851 2394 2852 2414 2852 272 2852 272 2853 3000 2853 2394 2853 1506 2854 1519 2854 1516 2854 3005 2855 1419 2855 1418 2855 2801 2856 3006 2856 3007 2856 186 2857 385 2857 185 2857 3008 2858 2988 2858 3009 2858 3010 2859 2988 2859 3008 2859 2991 2860 2970 2860 2469 2860 2609 2861 3012 2861 2469 2861 2609 185 2612 185 3012 185 2970 2862 2609 2862 2469 2862 712 2863 2987 2863 325 2863 2988 2864 2626 2864 2252 2864 3013 2865 2988 2865 2252 2865 2612 2866 1528 2866 3012 2866 2612 2867 3010 2867 1528 2867 2612 2868 2988 2868 3010 2868 2973 2869 2988 2869 2612 2869 3014 185 2893 185 3013 185 3015 185 3014 185 3013 185 2892 2870 2988 2870 3013 2870 2892 185 3013 185 2893 185 3016 2871 2988 2871 2892 2871 2757 2872 2988 2872 2973 2872 3017 185 3015 185 3013 185 3009 2873 2988 2873 3016 2873 3018 2874 2455 2874 3019 2874 3019 2875 1514 2875 3018 2875 2630 185 3017 185 3013 185 2630 185 3013 185 3020 185 1953 86 1925 86 1926 86 1926 86 1955 86 1953 86 1094 700 3022 700 3023 700 3023 700 1095 700 1094 700 2053 2876 1924 2876 1271 2876 99 2877 59 2877 103 2877 3157 2878 3024 2878 3025 2878 3025 2879 477 2879 3157 2879 818 2880 2975 2880 95 2880 2430 2881 1429 2881 136 2881 819 2882 818 2882 95 2882 2660 2883 779 2883 270 2883 136 2884 95 2884 94 2884 136 2885 819 2885 95 2885 136 2886 3027 2886 2383 2886 136 2887 2383 2887 819 2887 136 2888 94 2888 3026 2888 757 2889 131 2889 2390 2889 140 2890 757 2890 2390 2890 352 2891 140 2891 2390 2891 141 1024 140 1024 352 1024 141 2892 352 2892 3029 2892 141 2893 3029 2893 3030 2893 136 2894 141 2894 3030 2894 136 2895 3030 2895 3031 2895 136 2896 3031 2896 3027 2896 1429 2897 141 2897 136 2897 2975 1024 3032 1024 95 1024 2346 2898 1081 2898 1080 2898 1877 38 1874 38 2187 38 2187 38 2218 38 1877 38 1584 2899 1315 2899 1314 2899 1753 2900 1816 2900 1760 2900 1581 2901 1445 2901 1444 2901 1878 2902 3519 2902 1450 2902 3034 2903 3035 2903 1290 2903 1290 2904 286 2904 3034 2904 2058 2905 2149 2905 2016 2905 1625 9 1624 9 1623 9 1623 9 1622 9 1625 9 431 2906 1515 2906 2202 2906 2090 2907 2186 2907 2214 2907 2214 1015 2091 1015 2090 1015 2871 2908 2873 2908 2824 2908 3042 2909 3043 2909 2699 2909 2185 62 2181 62 2220 62 2220 664 2219 664 2185 664 3044 2910 136 2910 3045 2910 3046 2911 136 2911 3044 2911 131 2912 758 2912 2390 2912 139 2913 353 2913 2390 2913 139 185 142 185 353 185 758 2914 139 2914 2390 2914 779 2915 2660 2915 269 2915 136 2916 3026 2916 97 2916 96 2917 136 2917 97 2917 142 2918 3029 2918 353 2918 142 2919 3046 2919 3029 2919 142 2920 136 2920 3046 2920 1430 2921 136 2921 142 2921 820 2922 136 2922 96 2922 820 2923 96 2923 818 2923 2384 2924 136 2924 820 2924 2430 2925 136 2925 1430 2925 3045 2926 136 2926 2384 2926 2030 2927 2577 2927 2859 2927 2859 2928 161 2928 2030 2928 2974 2929 818 2929 96 2929 2974 185 96 185 3047 185 1481 2930 3266 2930 256 2930 852 2931 864 2931 853 2931 637 2932 802 2932 426 2932 426 2933 624 2933 637 2933 1142 2934 328 2934 2790 2934 3048 381 97 381 94 381 2191 2935 2080 2935 2363 2935 2918 2936 1863 2936 2953 2936 2953 2937 1379 2937 2918 2937 2588 2938 2590 2938 1248 2938 2028 2939 1832 2939 2613 2939 729 2773 2588 2773 1248 2773 3050 2940 1424 2940 3049 2940 2613 2941 1248 2941 2199 2941 2613 2942 729 2942 1248 2942 2613 2943 988 2943 3051 2943 2613 2944 3051 2944 729 2944 2613 2945 2199 2945 2377 2945 872 2946 114 2946 2581 2946 3052 2890 872 2890 2581 2890 2580 2947 3052 2947 2581 2947 3053 1024 3052 1024 2580 1024 3053 2948 2580 2948 3054 2948 3053 2949 3054 2949 2210 2949 2613 2950 3053 2950 2210 2950 2613 2951 2210 2951 987 2951 2613 2896 987 2896 988 2896 1832 2952 3053 2952 2613 2952 2590 1024 1249 1024 1248 1024 161 2953 2398 2953 2399 2953 2399 1137 160 1137 161 1137 717 2954 700 2954 701 2954 701 2955 856 2955 717 2955 3056 2956 3057 2956 3055 2956 2921 2957 2920 2957 2942 2957 2942 212 2950 212 2921 212 3064 2958 1279 2958 3529 2958 2944 2959 332 2959 331 2959 331 2960 2916 2960 2944 2960 738 2935 739 2935 1130 2935 43 2961 34 2961 3060 2961 1356 2962 485 2962 1324 2962 1324 2963 692 2963 1356 2963 2220 38 2181 38 1868 38 1868 38 1871 38 2220 38 1274 2964 1322 2964 1263 2964 1981 2965 2000 2965 1982 2965 1332 2966 1345 2966 722 2966 722 2967 1261 2967 1332 2967 2247 2968 510 2968 1433 2968 986 2858 2613 2858 985 2858 2211 2811 2613 2811 986 2811 114 2969 871 2969 2581 2969 3066 2970 2579 2970 2581 2970 3066 2971 3067 2971 2579 2971 871 2972 3066 2972 2581 2972 1424 2973 3050 2973 3065 2973 2613 2974 2377 2974 2198 2974 1247 2975 2613 2975 2198 2975 3067 2976 3054 2976 2579 2976 3067 2977 2211 2977 3054 2977 3067 2978 2613 2978 2211 2978 1831 2979 2613 2979 3067 2979 730 2980 2613 2980 1247 2980 730 2981 1247 2981 2588 2981 3068 2982 2613 2982 730 2982 2028 2983 2613 2983 1831 2983 985 2984 2613 2984 3068 2984 1185 2985 3069 2985 3070 2985 3070 2986 1102 2986 1185 2986 2589 2987 2588 2987 1247 2987 2589 2988 1247 2988 1250 2988 2501 2989 2502 2989 1556 2989 1556 2990 1555 2990 2501 2990 3025 2991 477 2991 476 2991 476 2991 3074 2991 3025 2991 759 2992 2663 2992 3167 2992 3076 2993 3077 2993 3078 2993 1004 2994 3079 2994 614 2994 3080 2995 3076 2995 3078 2995 3081 2996 657 2996 596 2996 614 2997 3078 2997 3082 2997 614 2998 3080 2998 3078 2998 614 2999 1252 2999 3083 2999 614 3000 3083 3000 3080 3000 614 3001 3082 3001 1995 3001 22 3002 3084 3002 560 3002 23 3003 22 3003 560 3003 2794 3004 23 3004 560 3004 3085 3005 23 3005 2794 3005 3085 3006 2794 3006 2791 3006 3085 3007 2791 3007 2466 3007 614 3008 3085 3008 2466 3008 614 3009 2466 3009 1253 3009 614 3010 1253 3010 1252 3010 3079 3011 3085 3011 614 3011 3087 3012 2624 3012 3088 3012 3088 3013 3089 3013 3087 3013 3077 3014 595 3014 3078 3014 2772 3015 3739 3015 3602 3015 3602 3016 3090 3016 2772 3016 1301 3017 1300 3017 18 3017 1418 2959 3092 2959 3093 2959 3093 3018 1419 3018 1418 3018 2458 3019 2457 3019 3094 3019 1353 3020 1352 3020 1452 3020 892 3021 537 3021 536 3021 2596 3022 1000 3022 2504 3022 873 3023 57 3023 688 3023 3099 3024 3100 3024 3078 3024 3078 3025 3082 3025 3099 3025 124 3026 290 3026 2558 3026 1284 3027 1453 3027 1301 3027 1301 3028 1316 3028 1284 3028 3739 3029 3678 3029 3636 3029 1254 3030 614 3030 1255 3030 2467 3031 614 3031 1254 3031 3084 3032 25 3032 560 3032 24 3033 2793 3033 560 3033 24 3034 3105 3034 2793 3034 25 3035 24 3035 560 3035 657 3036 3081 3036 597 3036 614 3037 1995 3037 3099 3037 3100 3038 614 3038 3099 3038 3105 3039 2791 3039 2793 3039 3105 3040 2467 3040 2791 3040 3105 3041 614 3041 2467 3041 3104 3042 614 3042 3105 3042 3106 3043 614 3043 3100 3043 3106 3044 3100 3044 3076 3044 3107 3045 614 3045 3106 3045 1004 3046 614 3046 3104 3046 1255 3047 614 3047 3107 3047 3077 3048 3081 3048 596 3048 596 3049 595 3049 3077 3049 3108 3050 3076 3050 3100 3050 3108 3051 3100 3051 598 3051 1402 3052 1400 3052 721 3052 3095 3053 2115 3053 2116 3053 2116 3054 2583 3054 3095 3054 2038 3055 3087 3055 1294 3055 935 3056 1419 3056 547 3056 585 3057 2038 3057 1294 3057 2624 3058 561 3058 3088 3058 547 3059 1294 3059 1295 3059 547 3060 585 3060 1294 3060 547 3061 3114 3061 3115 3061 547 2840 3115 2840 585 2840 547 3062 1295 3062 1283 3062 629 3063 1415 3063 1278 3063 628 2890 629 2890 1278 2890 3116 3064 628 3064 1278 3064 3093 3065 628 3065 3116 3065 3093 3066 3116 3066 475 3066 3093 3067 475 3067 3117 3067 547 3068 3093 3068 3117 3068 547 3069 3117 3069 3118 3069 547 3070 3118 3070 3114 3070 1419 3071 3093 3071 547 3071 3050 3072 2589 3072 1250 3072 1250 3073 3065 3073 3050 3073 3087 3074 3089 3074 1294 3074 2063 3075 535 3075 1646 3075 1004 3076 3104 3076 3079 3076 687 3077 2567 3077 2110 3077 2687 3078 545 3078 1559 3078 3061 3079 3325 3079 1287 3079 1346 3080 1351 3080 1399 3080 2429 3081 1839 3081 2308 3081 2073 1015 2072 1015 2118 1015 2118 1015 2124 1015 2073 1015 889 3082 843 3082 868 3082 1748 3083 1697 3083 2596 3083 1294 38 1293 38 3125 38 3125 38 3089 38 1294 38 750 3084 1333 3084 1388 3084 180 3085 3239 3085 514 3085 3126 3086 547 3086 3127 3086 3128 2747 547 2747 3126 2747 1415 3087 626 3087 1278 3087 627 3088 3130 3088 1278 3088 627 185 3092 185 3130 185 626 2914 627 2914 1278 2914 561 3089 2624 3089 3129 3089 547 3090 1283 3090 1292 3090 1293 3091 547 3091 1292 3091 3092 3092 475 3092 3130 3092 3092 3093 3128 3093 475 3093 3092 3094 547 3094 3128 3094 1418 3095 547 3095 3092 3095 586 3096 547 3096 1293 3096 586 3097 1293 3097 2038 3097 3131 3098 547 3098 586 3098 935 3099 547 3099 1418 3099 3127 3100 547 3100 3131 3100 476 1024 3074 1024 3132 1024 3132 3101 3157 3101 476 3101 3133 3102 2038 3102 1293 3102 3133 185 1293 185 3125 185 1377 3103 1017 3103 1014 3103 687 3104 2110 3104 2567 3104 1973 1517 1977 1517 2006 1517 2006 1518 2005 1518 1973 1518 1572 3105 1729 3105 3075 3105 1459 3106 1466 3106 1339 3106 1339 3107 751 3107 1459 3107 1850 700 1856 700 1890 700 1890 700 1891 700 1850 700 1785 3108 406 3108 1727 3108 2660 3109 2974 3109 3047 3109 3047 3110 269 3110 2660 3110 3135 2771 3136 2771 2861 2771 2192 3111 2936 3111 498 3111 77 3112 3135 3112 2861 3112 3138 3113 1129 3113 3137 3113 498 3114 2861 3114 2969 3114 498 2885 77 2885 2861 2885 498 3115 2225 3115 78 3115 498 3116 78 3116 77 3116 498 3117 2969 3117 1984 3117 496 3118 519 3118 3028 3118 2677 3119 496 3119 3028 3119 3139 2782 2677 2782 3028 2782 2676 1024 2677 1024 3139 1024 2676 3120 3139 3120 2397 3120 2676 3121 2397 3121 3140 3121 498 2950 2676 2950 3140 2950 498 3122 3140 3122 2226 3122 498 2896 2226 2896 2225 2896 2936 3123 2676 3123 498 3123 3136 1024 2864 1024 2861 1024 2923 3124 330 3124 329 3124 329 3125 2946 3125 2923 3125 2366 3126 1361 3126 1360 3126 1360 3127 2411 3127 2366 3127 2947 778 2948 778 2915 778 2915 3128 2919 3128 2947 3128 2590 3129 2589 3129 3050 3129 348 3130 1785 3130 544 3130 506 3131 2907 3131 443 3131 1727 3132 406 3132 3141 3132 1369 1973 1366 1973 1823 1973 3799 3133 3522 3133 327 3133 3220 3134 252 3134 3142 3134 3142 3135 2578 3135 3220 3135 3689 3136 2753 3136 2804 3136 2678 38 2677 38 2676 38 2676 38 2675 38 2678 38 2224 3137 3144 3137 3143 3137 693 3138 1312 3138 527 3138 2559 700 2014 700 187 700 1840 3139 1844 3139 1903 3139 1903 3140 1906 3140 1840 3140 513 3141 316 3141 130 3141 130 3142 530 3142 513 3142 592 3143 2027 3143 2054 3143 3147 402 3139 402 3028 402 2227 3144 498 3144 2228 3144 3148 3145 498 3145 2227 3145 2678 3146 3147 3146 3028 3146 519 3147 497 3147 3028 3147 2678 185 2675 185 3147 185 497 3148 2678 3148 3028 3148 1129 3149 3138 3149 3149 3149 498 3150 1984 3150 2968 3150 2862 3151 498 3151 2968 3151 2675 3152 2397 3152 3147 3152 2675 3153 3148 3153 2397 3153 2675 2757 498 2757 3148 2757 2935 3154 498 3154 2675 3154 80 3155 498 3155 2862 3155 80 3156 2862 3156 3135 3156 79 3157 498 3157 80 3157 2192 3158 498 3158 2935 3158 2228 3159 498 3159 79 3159 3049 1024 1249 1024 2590 1024 2590 3160 3050 3160 3049 3160 3151 3161 3135 3161 2862 3161 3151 185 2862 185 2863 185 1503 3162 2928 3162 2658 3162 1032 3163 2403 3163 2416 3163 3156 3164 3154 3164 3155 3164 3157 3165 1999 3165 476 3165 2416 3166 3155 3166 1066 3166 2416 3167 3156 3167 3155 3167 2416 2839 787 2839 786 2839 2416 3168 786 3168 3156 3168 2416 3169 1066 3169 574 3169 3150 3170 427 3170 41 3170 3158 3171 3150 3171 41 3171 1226 3172 3158 3172 41 3172 3159 1024 3158 1024 1226 1024 3159 3173 1226 3173 2088 3173 3159 3174 2088 3174 1943 3174 2416 3175 3159 3175 1943 3175 2416 3176 1943 3176 3160 3176 2416 2896 3160 2896 787 2896 2403 3177 3159 3177 2416 3177 3137 3178 2864 3178 3136 3178 3136 3179 3138 3179 3137 3179 3132 1024 3074 1024 3155 1024 3154 3180 3132 3180 3155 3180 3030 3181 3046 3181 3044 3181 3044 1596 3031 1596 3030 1596 1595 3182 1432 3182 2212 3182 2371 3183 2413 3183 2372 3183 3553 3184 3163 3184 2414 3184 2414 3185 1199 3185 3553 3185 2982 3186 3164 3186 1446 3186 2378 3187 2779 3187 1051 3187 2072 700 2079 700 2117 700 2117 700 2118 700 2072 700 3155 38 3170 38 3025 38 3025 38 3074 38 3155 38 3173 3144 2416 3144 788 3144 1944 2747 2416 2747 3173 2747 427 3188 3174 3188 41 3188 3175 3189 1225 3189 41 3189 3175 185 3176 185 1225 185 3174 3190 3175 3190 41 3190 1999 3191 3157 3191 477 3191 2416 3192 574 3192 1065 3192 3170 3193 2416 3193 1065 3193 3176 3194 2088 3194 1225 3194 3176 3195 1944 3195 2088 3195 3176 2757 2416 2757 1944 2757 2404 3196 2416 3196 3176 3196 3177 3197 2416 3197 3170 3197 3177 3198 3170 3198 3154 3198 789 3199 2416 3199 3177 3199 1032 3200 2416 3200 2404 3200 788 2873 2416 2873 789 2873 2987 2765 2630 2765 3020 2765 3020 3201 325 3201 2987 3201 3024 3202 3154 3202 3170 3202 3024 185 3170 185 3025 185 2170 38 2146 38 1183 38 1183 38 1182 38 2170 38 1028 3203 918 3203 127 3203 127 3204 940 3204 1028 3204 3178 3205 3179 3205 3180 3205 3180 2959 3181 2959 3178 2959 650 3206 3183 3206 3184 3206 1497 3207 1496 3207 1498 3207 1447 3208 3321 3208 2204 3208 2971 3209 2970 3209 2991 3209 2801 3180 3019 3180 1521 3180 2160 3210 3179 3210 3185 3210 3006 3164 2801 3164 1521 3164 1514 3211 2992 3211 3018 3211 3185 3212 1521 3212 1520 3212 3185 3213 3006 3213 1521 3213 3185 3061 3186 3061 3187 3061 3185 3214 3187 3214 3006 3214 3185 3215 1520 3215 2568 3215 2206 3216 1073 3216 2125 3216 3188 3217 2206 3217 2125 3217 3189 3218 3188 3218 2125 3218 3178 3219 3188 3219 3189 3219 3178 3220 3189 3220 222 3220 3178 3221 222 3221 3190 3221 3185 3175 3178 3175 3190 3175 3185 3176 3190 3176 3191 3176 3185 3222 3191 3222 3186 3222 3179 3223 3178 3223 3185 3223 324 1024 2996 1024 2631 1024 2631 3224 2987 3224 324 3224 3019 3225 2455 3225 1521 3225 1195 3226 1196 3226 1505 3226 1508 3227 1509 3227 1510 3227 2160 3228 3180 3228 3179 3228 3192 3229 2703 3229 3193 3229 2612 86 2611 86 2610 86 2610 86 2609 86 2612 86 2143 1015 2142 1015 2163 1015 2163 1015 2174 1015 2143 1015 1473 3230 2017 3230 2554 3230 2392 3231 2394 3231 748 3231 748 3232 747 3232 2392 3232 152 3233 2435 3233 3194 3233 3194 3234 3195 3234 152 3234 2134 86 2172 86 2128 86 2128 86 1970 86 2134 86 3196 3235 3185 3235 3197 3235 3198 2747 3185 2747 3196 2747 958 3236 663 3236 666 3236 1073 3237 2205 3237 2125 3237 3200 3238 3201 3238 2125 3238 3200 2750 3181 2750 3201 2750 2205 3239 3200 3239 2125 3239 2992 3240 1514 3240 2961 3240 3185 3241 2568 3241 1523 3241 1522 3242 3185 3242 1523 3242 3181 3243 222 3243 3201 3243 3181 3244 3198 3244 222 3244 3181 2757 3185 2757 3198 2757 3180 3245 3185 3245 3181 3245 3007 3246 3185 3246 1522 3246 3007 3198 1522 3198 2801 3198 3202 2924 3185 2924 3007 2924 2160 3247 3185 3247 3180 3247 3197 3248 3185 3248 3202 3248 1786 3249 1492 3249 1659 3249 1659 3250 1792 3250 1786 3250 2960 3202 2801 3202 1522 3202 2960 3251 1522 3251 2456 3251 1820 86 1770 86 1772 86 1772 86 1822 86 1820 86 267 3252 1214 3252 1258 3252 2332 1015 2331 1015 2359 1015 2359 3253 2356 3253 2332 3253 3203 3254 1087 3254 1654 3254 2657 3255 2259 3255 1053 3255 2909 3256 3203 3256 1654 3256 3204 2883 1068 2883 2978 2883 1053 3257 1654 3257 1655 3257 1053 3258 2909 3258 1654 3258 1053 3259 3205 3259 3206 3259 1053 3260 3206 3260 2909 3260 1053 3261 1655 3261 974 3261 3207 3262 234 3262 342 3262 3208 3263 3207 3263 342 3263 2913 3264 3208 3264 342 3264 2258 3265 3208 3265 2913 3265 2258 3266 2913 3266 3209 3266 2258 3267 3209 3267 3210 3267 1053 3268 2258 3268 3210 3268 1053 3269 3210 3269 3211 3269 1053 2896 3211 2896 3205 2896 2259 3270 2258 3270 1053 3270 3212 3271 1185 3271 1104 3271 1104 1024 3213 1024 3212 1024 1087 3272 2979 3272 1654 3272 1705 700 1713 700 1734 700 1734 700 1725 700 1705 700 1545 3273 1544 3273 2234 3273 2290 3274 152 3274 3195 3274 3195 3275 675 3275 2290 3275 386 3276 808 3276 809 3276 809 3277 387 3277 386 3277 1024 3278 1759 3278 1796 3278 1796 3279 1023 3279 1024 3279 291 3280 1328 3280 292 3280 3214 3281 3215 3281 381 3281 1772 3282 1760 3282 1816 3282 1816 3283 1822 3283 1772 3283 428 3284 158 3284 1067 3284 860 3285 355 3285 881 3285 3207 130 2945 130 234 130 1681 3286 2351 3286 812 3286 1966 551 1848 551 1893 551 3216 3287 3567 3287 2303 3287 1019 3288 3217 3288 3218 3288 3218 3289 436 3289 1019 3289 911 3290 231 3290 230 3290 419 3291 941 3291 420 3291 1685 3292 1684 3292 1618 3292 251 3293 3220 3293 3750 3293 3221 3294 1053 3294 3222 3294 3223 3295 1053 3295 3221 3295 234 3296 2945 3296 342 3296 3224 3297 2912 3297 342 3297 3224 185 2257 185 2912 185 2945 3298 3224 3298 342 3298 1068 3299 3204 3299 2952 3299 1053 3300 974 3300 1652 3300 1653 3301 1053 3301 1652 3301 2257 3302 3209 3302 2912 3302 2257 3303 3223 3303 3209 3303 2257 2920 1053 2920 3223 2920 2256 3304 1053 3304 2257 3304 2910 3305 1053 3305 1653 3305 2910 3306 1653 3306 3203 3306 3225 3307 1053 3307 2910 3307 2657 3308 1053 3308 2256 3308 3222 3309 1053 3309 3225 3309 1860 3310 2918 3310 1378 3310 1378 1024 2914 1024 1860 1024 1086 3311 3203 3311 1653 3311 1086 185 1653 185 2951 185 2312 3312 1838 3312 124 3312 3265 3313 893 3313 1626 3313 2050 3314 2605 3314 2608 3314 2409 3315 2369 3315 1602 3315 1634 3316 1629 3316 1628 3316 2946 14 329 14 330 14 330 3317 2923 3317 2946 3317 1604 3318 1605 3318 1607 3318 240 3319 1491 3319 1657 3319 1627 3320 886 3320 804 3320 1884 3321 240 3321 1657 3321 1786 3322 2051 3322 1793 3322 804 3323 1657 3323 983 3323 804 3324 1884 3324 1657 3324 804 3325 2724 3325 1885 3325 804 3326 1885 3326 1884 3326 804 3327 983 3327 998 3327 2922 3328 233 3328 996 3328 2320 3217 2922 3217 996 3217 995 3329 2320 3329 996 3329 2321 3330 2320 3330 995 3330 2321 3331 995 3331 2697 3331 2321 3332 2697 3332 2315 3332 804 3333 2321 3333 2315 3333 804 3334 2315 3334 2318 3334 804 2896 2318 2896 2724 2896 886 3335 2321 3335 804 3335 3138 3336 3151 3336 2863 3336 2863 3337 3149 3337 3138 3337 1491 3338 1658 3338 1657 3338 1724 3339 1762 3339 1795 3339 3224 11 2945 11 3207 11 3207 10 3208 10 3224 10 1842 86 1899 86 1907 86 1907 86 1841 86 1842 86 350 3340 898 3340 356 3340 1586 3341 1587 3341 1585 3341 2697 1205 2316 1205 2315 1205 3229 3342 2423 3342 2254 3342 2254 3343 248 3343 3229 3343 829 3344 3449 3344 3230 3344 1838 3345 2312 3345 767 3345 774 3346 1008 3346 1009 3346 1009 3347 1070 3347 774 3347 1767 3348 1766 3348 1814 3348 1814 3349 1794 3349 1767 3349 2897 3350 3537 3350 2896 3350 2239 114 2235 114 2266 114 2266 115 2265 115 2239 115 982 3351 1656 3351 1657 3351 1657 3352 983 3352 982 3352 1960 1143 1959 1143 2052 1143 2052 1143 2062 1143 1960 1143 1774 3353 1815 3353 1813 3353 1813 3354 1775 3354 1774 3354 539 3355 1484 3355 1483 3355 1137 3356 1893 3356 1848 3356 2317 3294 804 3294 2723 3294 2316 2859 804 2859 2317 2859 233 3357 3199 3357 996 3357 2319 3358 994 3358 996 3358 2319 185 2322 185 994 185 3199 3359 2319 3359 996 3359 2051 3360 1786 3360 1792 3360 804 3361 998 3361 982 3361 1656 3362 804 3362 982 3362 2322 3363 2697 3363 994 3363 2322 3364 2316 3364 2697 3364 2322 3365 804 3365 2316 3365 887 3196 804 3196 2322 3196 1887 3366 804 3366 1656 3366 1887 3367 1656 3367 240 3367 1627 3368 804 3368 887 3368 1886 3199 804 3199 1887 3199 2723 3369 804 3369 1886 3369 3164 3370 1935 3370 3233 3370 3233 1024 3234 1024 3164 1024 1492 3371 240 3371 1656 3371 1492 185 1656 185 1659 185 1616 3372 1617 3372 1527 3372 1664 3373 1663 3373 1662 3373 1651 3374 1650 3374 1682 3374 229 3375 3164 3375 3235 3375 813 3376 279 3376 3237 3376 3236 2773 229 2773 3235 2773 1935 3377 768 3377 3233 3377 3237 3378 3235 3378 1512 3378 3237 3379 3236 3379 3235 3379 3237 3380 2447 3380 3238 3380 3237 3381 3238 3381 3236 3381 3237 3382 1512 3382 1038 3382 2593 3383 3086 3383 3011 3383 2594 3384 2593 3384 3011 3384 3183 3385 2594 3385 3011 3385 2464 1024 2594 1024 3183 1024 2464 3386 3183 3386 650 3386 2464 3387 650 3387 2150 3387 3237 3388 2464 3388 2150 3388 3237 3389 2150 3389 2448 3389 3237 3390 2448 3390 2447 3390 279 2727 2464 2727 3237 2727 2956 3391 2086 3391 1015 3391 1015 3201 1014 3201 2956 3201 3164 1024 3234 1024 3235 1024 224 3392 3239 3392 3763 3392 3763 3393 2905 3393 224 3393 3061 3394 553 3394 554 3394 1950 2769 1962 2769 1756 2769 1756 2770 1755 2770 1950 2770 926 3395 350 3395 954 3395 1222 3396 3442 3396 2787 3396 1078 1198 2421 1198 2425 1198 2425 3397 1077 3397 1078 3397 1512 956 3235 956 3240 956 3240 3398 1513 3398 1512 3398 222 3399 3189 3399 3201 3399 1696 3400 1736 3400 1701 3400 37 3401 1997 3401 3242 3401 1924 181 2443 181 2476 181 2476 42 2053 42 1924 42 2480 3402 2418 3402 2431 3402 949 3403 916 3403 965 3403 2591 3404 2463 3404 3184 3404 3011 3405 2591 3405 3184 3405 3011 3406 2592 3406 2591 3406 2450 3407 2449 3407 3237 3407 3243 3408 2450 3408 3237 3408 2022 1591 2061 1591 2062 1591 2062 1327 2052 1327 2022 1327 3244 3409 3243 3409 3237 3409 2980 3410 2982 3410 3240 3410 3086 3411 2592 3411 3011 3411 3240 3412 229 3412 3244 3412 3240 3413 2982 3413 229 3413 3240 3414 3244 3414 3237 3414 1513 3415 3240 3415 3237 3415 3237 3416 280 3416 813 3416 2463 3417 280 3417 3237 3417 768 3418 1935 3418 2981 3418 2151 3419 2463 3419 3237 3419 1038 3420 1513 3420 3237 3420 2151 3421 650 3421 2463 3421 2449 3422 2151 3422 3237 3422 3184 3423 2463 3423 650 3423 989 3424 441 3424 81 3424 1938 3425 3246 3425 1100 3425 3247 3426 442 3426 1121 3426 1185 3427 1101 3427 1104 3427 1100 3428 1121 3428 167 3428 1100 3429 3247 3429 1121 3429 1100 3430 1094 3430 1093 3430 1100 3431 1093 3431 3247 3431 1100 3432 167 3432 166 3432 346 3433 1986 3433 1912 3433 3248 3434 346 3434 1912 3434 3249 2844 3248 2844 1912 2844 3250 1024 3248 1024 3249 1024 3250 3435 3249 3435 3251 3435 3250 3436 3251 3436 3252 3436 1100 3437 3250 3437 3252 3437 1100 3438 3252 3438 3022 3438 1100 3222 3022 3222 1094 3222 3246 3439 3250 3439 1100 3439 270 1024 3032 1024 2975 1024 2975 3440 2660 3440 270 3440 3212 1024 3213 1024 1121 1024 442 3441 3212 3441 1121 3441 3251 1205 3253 1205 3252 1205 1066 26 3155 26 3170 26 3170 3442 1065 3442 1066 3442 3751 3443 2008 3443 2011 3443 2011 3444 3750 3444 3751 3444 1495 3445 1494 3445 1557 3445 398 3446 1941 3446 1940 3446 975 3447 255 3447 373 3447 451 3448 1168 3448 1160 3448 1160 3449 452 3449 451 3449 101 3450 103 3450 59 3450 1978 1467 2168 1467 1179 1467 3023 2746 1100 2746 1095 2746 3253 3295 1100 3295 3023 3295 3259 3451 3260 3451 1912 3451 1986 3452 345 3452 1912 3452 3259 3453 3261 3453 3260 3453 345 3454 3259 3454 1912 3454 1101 3455 1185 3455 1102 3455 1100 3456 166 3456 168 3456 1122 3457 1100 3457 168 3457 3261 3458 3253 3458 3251 3458 3261 3459 3251 3459 3260 3459 3261 3460 1100 3460 3253 3460 3258 3461 1100 3461 3261 3461 3262 3462 1100 3462 1122 3462 3262 3463 1122 3463 442 3463 1096 3307 1100 3307 3262 3307 1938 3464 1100 3464 3258 3464 1095 3465 1100 3465 1096 3465 2624 3466 3133 3466 3125 3466 3125 3467 3129 3467 2624 3467 3069 3468 442 3468 1122 3468 3069 3469 1122 3469 3070 3469 1639 3227 1644 3227 1511 3227 2402 3470 3179 3470 3180 3470 2866 3471 2865 3471 3226 3471 3143 3472 2866 3472 3226 3472 326 3473 2385 3473 1824 3473 1825 1024 2387 1024 3264 1024 1825 3474 2385 3474 2387 3474 1824 3475 2385 3475 1825 3475 3226 3476 2605 3476 2050 3476 2606 3477 2605 3477 3226 3477 2029 3478 2577 3478 2030 3478 3264 3479 3143 3479 3226 3479 3264 3480 2387 3480 2224 3480 3264 3481 2224 3481 3143 3481 115 3482 3264 3482 3226 3482 2039 3483 2606 3483 3226 3483 2039 3484 2047 3484 2606 3484 2398 3485 2606 3485 2047 3485 2040 3486 2039 3486 3226 3486 2614 3487 115 3487 3226 3487 2865 3488 2040 3488 3226 3488 2030 3489 160 3489 2860 3489 2860 3490 2576 3490 2030 3490 161 1024 2859 1024 2606 1024 161 1024 2606 1024 2398 1024 2948 86 2915 86 2914 86 2914 86 2953 86 2948 86 1364 3491 526 3491 528 3491 2526 3492 1741 3492 1704 3492 2925 3493 2943 3493 2926 3493 314 3494 2366 3494 2411 3494 3140 1627 3148 1627 2227 1627 2227 3495 2226 3495 3140 3495 2606 38 2607 38 2860 38 2860 38 2859 38 2606 38 362 3496 809 3496 997 3496 124 3497 2285 3497 2306 3497 873 3498 794 3498 795 3498 2867 2746 3226 2746 2868 2746 3144 3499 3226 3499 2867 3499 326 3500 1827 3500 2385 3500 1826 3501 2386 3501 2385 3501 1826 3502 3268 3502 2386 3502 1827 3503 1826 3503 2385 3503 2029 3504 2030 3504 2576 3504 3226 3505 2050 3505 2608 3505 2607 3506 3226 3506 2608 3506 3268 3507 2224 3507 2386 3507 3268 3508 3144 3508 2224 3508 3268 3509 3226 3509 3144 3509 116 3510 3226 3510 3268 3510 2042 3511 3226 3511 2607 3511 2042 3512 2607 3512 2047 3512 2041 3513 3226 3513 2042 3513 2614 3514 3226 3514 116 3514 2399 3515 2047 3515 2607 3515 2868 3516 3226 3516 2041 3516 160 185 2399 185 2607 185 160 3517 2607 3517 2860 3517 1793 1024 1658 1024 1491 1024 1491 3518 1786 3518 1793 3518 3271 3519 1996 3519 3269 3519 3271 3520 3269 3520 3165 3520 3272 3521 3271 3521 3165 3521 2100 3522 3271 3522 3272 3522 1428 3523 3271 3523 2100 3523 1723 86 3273 86 2516 86 2548 3524 3271 3524 1428 3524 3062 3525 3271 3525 2548 3525 1275 86 2518 86 2730 86 3276 3526 3005 3526 3275 3526 3276 3527 3275 3527 2402 3527 3276 3528 2402 3528 3270 3528 3276 3529 3270 3529 278 3529 3276 3530 278 3530 48 3530 3276 3531 3271 3531 3062 3531 3276 3532 3062 3532 3005 3532 3277 3533 640 3533 48 3533 3278 3534 2515 3534 1996 3534 1529 3535 1723 3535 3278 3535 2084 3536 48 3536 640 3536 1275 3537 3305 3537 640 3537 48 3538 2517 3538 641 3538 641 3539 3277 3539 48 3539 3271 3540 3279 3540 1996 3540 3271 3541 2604 3541 3242 3541 3271 3542 3242 3542 3280 3542 3280 3543 344 3543 3271 3543 561 615 3129 615 3088 615 3276 3544 3101 3544 3102 3544 2508 3545 866 3545 1281 3545 3276 3546 3102 3546 2204 3546 3271 3547 3276 3547 2204 3547 3271 3548 2204 3548 3281 3548 3271 3549 3281 3549 603 3549 3271 3550 603 3550 870 3550 3271 3551 870 3551 2552 3551 3271 700 2552 700 2604 700 3276 3552 48 3552 2084 3552 1380 9 1385 9 1384 9 3282 3553 1422 3553 2373 3553 2156 3554 3040 3554 559 3554 3277 3555 641 3555 3283 3555 3283 3556 1275 3556 3277 3556 1996 3557 3279 3557 3278 3557 2515 3558 2514 3558 3274 3558 3274 3559 1996 3559 2515 3559 48 3560 278 3560 2517 3560 3274 3561 1529 3561 2516 3561 1275 3562 3283 3562 2518 3562 3168 3563 3284 3563 35 3563 35 3564 36 3564 3168 3564 2515 3565 1723 3565 2516 3565 2200 86 3286 86 3287 86 2557 3566 1275 3566 2730 3566 2557 3567 2730 3567 981 3567 2557 3568 981 3568 3286 3568 3288 3569 3289 3569 3166 3569 2557 3570 3286 3570 2200 3570 3273 86 3288 86 3291 86 1064 3571 2557 3571 2200 3571 1064 86 2200 86 3290 86 2967 3571 2557 3571 1064 3571 2967 86 1064 86 3292 86 1996 3572 3274 3572 3269 3572 3294 3573 2557 3573 2967 3573 3294 86 2967 86 3293 86 3295 86 3294 86 3063 86 3295 3574 2557 3574 3294 3574 2197 3575 3295 3575 2549 3575 981 86 2730 86 3297 86 3048 3576 2197 3576 3296 3576 1237 3577 2251 3577 3298 3577 1237 3578 3298 3578 3289 3578 1237 3579 3289 3579 3288 3579 1237 3580 3288 3580 3273 3580 1237 3581 3273 3581 1723 3581 2251 86 3048 86 2101 86 640 3582 3277 3582 1275 3582 3286 86 981 86 3299 86 1237 3583 2557 3583 3295 3583 1237 3584 3295 3584 2197 3584 1237 3585 2197 3585 3048 3585 3298 86 2251 86 3300 86 1237 3586 3048 3586 2251 3586 3289 86 3298 86 3301 86 2515 3587 3278 3587 1723 3587 2605 3588 2516 3588 3273 3588 115 3589 2516 3589 2605 3589 3274 3590 2516 3590 115 3590 3269 3591 3274 3591 115 3591 1529 3592 3278 3592 2514 3592 2514 3593 3279 3593 3274 3593 3278 3594 3279 3594 2514 3594 2017 3595 1473 3595 3534 3595 863 3596 185 3596 385 3596 3305 3597 641 3597 640 3597 3283 3598 641 3598 3305 3598 2964 3599 3530 3599 3111 3599 2084 3600 640 3600 641 3600 641 3601 2517 3601 2084 3601 745 3602 2814 3602 744 3602 2518 3603 1513 3603 2730 3603 280 3604 1513 3604 2518 3604 278 3605 280 3605 2518 3605 1723 3606 2563 3606 1237 3606 2109 3607 2508 3607 2500 3607 2109 3608 625 3608 1420 3608 3071 3609 3049 3609 323 3609 872 3610 3071 3610 870 3610 2866 185 3143 185 3264 185 162 3611 1824 3611 1825 3611 162 3612 1825 3612 2387 3612 2865 3613 3264 3613 115 3613 2865 3614 2866 3614 3264 3614 2605 3615 2865 3615 115 3615 2606 3616 2039 3616 2040 3616 2606 3617 2040 3617 2865 3617 2606 185 2865 185 2605 185 162 3618 161 3618 2606 3618 2859 3619 2577 3619 162 3619 2859 3620 162 3620 2606 3620 3279 3621 2563 3621 3274 3621 3271 3622 2563 3622 3279 3622 1529 3623 3274 3623 2563 3623 2084 3624 2517 3624 3308 3624 3308 3625 3276 3625 2084 3625 2604 3626 2971 3626 351 3626 323 3627 351 3627 270 3627 3243 1024 3244 1024 3240 1024 2450 3628 3240 3628 1513 3628 2450 1024 3243 1024 3240 1024 3308 3629 2980 3629 3240 3629 3308 3630 2981 3630 2980 3630 3308 3631 3240 3631 2982 3631 1446 3632 3308 3632 2982 3632 2463 3633 2151 3633 2449 3633 2463 3634 2449 3634 2450 3634 280 3635 2450 3635 1513 3635 280 3636 2463 3636 2450 3636 2591 3637 1446 3637 3184 3637 2592 3638 1446 3638 2591 3638 2922 3639 3199 3639 233 3639 3780 3640 3619 3640 3718 3640 2372 3641 2413 3641 1624 3641 1624 1198 1623 1198 2372 1198 587 3642 534 3642 3309 3642 1262 3643 1390 3643 1332 3643 1332 3644 1321 3644 1262 3644 1572 3645 3075 3645 2847 3645 1570 3646 1571 3646 1560 3646 3172 3647 3311 3647 3171 3647 1768 3648 1737 3648 2510 3648 1525 2854 1561 2854 1558 2854 1492 3649 1491 3649 1447 3649 574 3650 1066 3650 1065 3650 2108 724 2107 724 2075 724 2075 725 2002 725 2108 725 3038 3651 991 3651 1910 3651 3315 3652 2726 3652 3776 3652 2419 3653 1177 3653 1178 3653 1178 3653 2432 3653 2419 3653 788 9 3173 9 3160 9 3160 9 787 9 788 9 1562 3654 1608 3654 1620 3654 2206 10 3188 10 3200 10 3200 11 2205 11 2206 11 3059 185 1131 185 522 185 522 185 487 185 3059 185 937 3655 888 3655 977 3655 1503 3656 465 3656 2928 3656 623 3657 3110 3657 3317 3657 3317 3658 3318 3658 623 3658 313 3659 888 3659 976 3659 1785 3660 348 3660 405 3660 405 3661 406 3661 1785 3661 1448 3662 3129 3662 3319 3662 2922 3663 1447 3663 3102 3663 2950 1024 2949 1024 2948 1024 2942 3664 2948 3664 2947 3664 2942 1024 2950 1024 2948 1024 37 3665 2953 3665 2948 3665 37 3666 1379 3666 2953 3666 37 3667 2948 3667 1863 3667 1997 3668 37 3668 1863 3668 2944 3669 2942 3669 2947 3669 332 3670 2943 3670 2941 3670 332 1024 2941 1024 2942 1024 332 1024 2942 1024 2944 1024 329 3671 1997 3671 2932 3671 2946 3672 1997 3672 329 3672 51 3673 1280 3673 635 3673 398 3674 1940 3674 1941 3674 1530 3675 1672 3675 1671 3675 1740 3676 1736 3676 1701 3676 1701 3677 1711 3677 1740 3677 3170 86 3155 86 3074 86 3074 86 3025 86 3170 86 3320 3678 596 3678 1448 3678 3207 3679 1447 3679 2204 3679 2927 3680 2926 3680 331 3680 1997 3681 2923 3681 330 3681 1997 3682 330 3682 2924 3682 2920 3683 331 3683 2916 3683 2920 3684 2927 3684 331 3684 2915 3685 2917 3685 2921 3685 2915 3686 2921 3686 2920 3686 2919 3687 2920 3687 2916 3687 2919 3688 2915 3688 2920 3688 1997 3689 1860 3689 2915 3689 2914 3690 1378 3690 1997 3690 2914 3691 1997 3691 2915 3691 2557 3692 1103 3692 1377 3692 2557 3693 1377 3693 323 3693 2557 3694 323 3694 1448 3694 2824 3695 2886 3695 2844 3695 2557 3696 1448 3696 673 3696 2557 3697 673 3697 2194 3697 2557 3698 2194 3698 2415 3698 2557 3699 1237 3699 1103 3699 1824 3700 162 3700 3271 3700 2952 3701 1447 3701 2194 3701 2041 1024 2042 1024 2607 1024 2868 3702 2607 3702 2608 3702 2868 1024 2041 1024 2607 1024 33 3703 2860 3703 2607 3703 33 3704 2576 3704 2860 3704 33 3705 2607 3705 160 3705 162 3706 33 3706 160 3706 116 3635 2868 3635 2608 3635 3268 3707 3144 3707 2867 3707 3268 3708 2867 3708 2868 3708 3268 1024 2868 1024 116 1024 1826 3709 162 3709 2386 3709 1827 3710 162 3710 1826 3710 2981 3711 3308 3711 2415 3711 228 3712 3281 3712 496 3712 496 3713 3319 3713 228 3713 2448 3714 2150 3714 2464 3714 1446 3715 2593 3715 2594 3715 1446 3716 2594 3716 3183 3716 2447 3717 2464 3717 279 3717 2447 3718 2448 3718 2464 3718 3235 3719 3238 3719 2447 3719 3235 3720 3236 3720 3238 3720 1512 3615 2447 3615 279 3615 1512 185 3235 185 2447 185 1446 3721 3164 3721 3235 3721 3234 3722 3233 3722 1446 3722 3234 3723 1446 3723 3235 3723 2444 86 2477 86 2476 86 2476 86 2443 86 2444 86 3301 3724 2947 3724 3289 3724 2944 3725 2947 3725 3301 3725 3165 3726 2944 3726 3301 3726 2919 3727 3166 3727 3289 3727 2916 3728 3166 3728 2919 3728 3165 3729 3166 3729 2916 3729 3291 3730 2608 3730 3273 3730 116 3731 2608 3731 3291 3731 3269 3732 116 3732 3291 3732 1512 3733 3297 3733 2730 3733 279 3734 3297 3734 1512 3734 278 3735 3297 3735 279 3735 1448 3736 2085 3736 3088 3736 228 3737 2085 3737 626 3737 626 3738 603 3738 228 3738 1807 185 2353 185 2959 185 37 3739 299 3739 2958 3739 37 3740 2958 3740 38 3740 1806 185 2959 185 301 185 1806 185 1807 185 2959 185 2955 185 2957 185 1806 185 2955 185 2288 185 2957 185 2519 185 1806 185 301 185 2519 185 2955 185 1806 185 37 3741 2087 3741 2955 3741 1016 3742 1017 3742 37 3742 1016 3743 37 3743 2955 3743 2114 3744 2116 3744 2115 3744 597 3745 2085 3745 1448 3745 629 3746 2085 3746 603 3746 2318 3747 2315 3747 2321 3747 1447 3748 2922 3748 2320 3748 1447 3749 2320 3749 995 3749 2724 3750 2321 3750 886 3750 2724 3684 2318 3684 2321 3684 1657 3751 1884 3751 1885 3751 1657 3752 1885 3752 2724 3752 983 3753 2724 3753 886 3753 983 3754 1657 3754 2724 3754 1447 3755 1491 3755 1657 3755 1658 3756 1793 3756 1447 3756 1658 3757 1447 3757 1657 3757 3065 3758 3320 3758 323 3758 3102 3759 1447 3759 2945 3759 2945 3760 2204 3760 3102 3760 3211 185 3210 185 2258 185 1447 3761 3207 3761 3208 3761 1447 3762 3208 3762 2913 3762 3205 3763 2258 3763 2259 3763 3205 185 3211 185 2258 185 1654 3764 2909 3764 3206 3764 1654 3765 3206 3765 3205 3765 1655 3766 3205 3766 2259 3766 1655 3767 1654 3767 3205 3767 1085 3768 1087 3768 1654 3768 2979 3769 2978 3769 1085 3769 2979 3770 1085 3770 1654 3770 2194 3771 1085 3771 2978 3771 3280 3772 33 3772 345 3772 345 3773 344 3773 3280 3773 3191 185 3190 185 3178 185 3321 3774 2206 3774 3188 3774 3321 3775 3188 3775 3189 3775 3186 3776 3178 3776 3179 3776 3186 185 3191 185 3178 185 1521 3777 3006 3777 3187 3777 1521 3778 3187 3778 3186 3778 1520 3766 3186 3766 3179 3766 1520 3767 1521 3767 3186 3767 3321 3779 3019 3779 1521 3779 2455 3780 3018 3780 3321 3780 2455 3781 3321 3781 1521 3781 1103 3782 162 3782 2577 3782 2593 3783 1446 3783 3101 3783 3160 185 1943 185 3159 185 3321 3784 3150 3784 3158 3784 3321 3785 3158 3785 1226 3785 787 3786 3159 3786 2403 3786 787 185 3160 185 3159 185 3155 3787 3156 3787 786 3787 3155 3778 786 3778 787 3778 1066 185 787 185 2403 185 1066 185 3155 185 787 185 674 3788 3132 3788 3155 3788 3074 3789 476 3789 674 3789 3074 3790 674 3790 3155 3790 323 3791 1421 3791 324 3791 3276 3792 1446 3792 2592 3792 2592 3793 3101 3793 3276 3793 2226 185 3140 185 2676 185 3319 3794 496 3794 2677 3794 3319 3795 2677 3795 3139 3795 2225 3786 2676 3786 2936 3786 2225 185 2226 185 2676 185 2861 3796 77 3796 78 3796 2861 3778 78 3778 2225 3778 2969 3797 2225 3797 2936 3797 2969 3798 2861 3798 2225 3798 3319 3799 3136 3799 2861 3799 2864 3800 3137 3800 3319 3800 2864 3801 3319 3801 2861 3801 3118 185 3117 185 3093 185 2085 3802 629 3802 628 3802 2085 3803 628 3803 3116 3803 3114 3804 3093 3804 1419 3804 3114 185 3118 185 3093 185 1294 3805 585 3805 3115 3805 1294 3806 3115 3806 3114 3806 1295 3807 3114 3807 1419 3807 1295 3808 1294 3808 3114 3808 2085 3809 3087 3809 1294 3809 3089 3810 3088 3810 2085 3810 3089 3811 2085 3811 1294 3811 2415 3812 1447 3812 1793 3812 2923 3813 1997 3813 3280 3813 1253 3814 2466 3814 3085 3814 2085 3815 22 3815 23 3815 2085 3816 23 3816 2794 3816 1252 3817 3085 3817 3079 3817 1252 3818 1253 3818 3085 3818 3078 3819 3080 3819 3083 3819 3078 3820 3083 3820 1252 3820 3082 3821 1252 3821 3079 3821 3082 3822 3078 3822 1252 3822 3320 3823 3077 3823 3078 3823 595 3824 596 3824 3320 3824 595 3825 3320 3825 3078 3825 2194 3826 3321 3826 3018 3826 3322 3827 2204 3827 2206 3827 2206 3828 3321 3828 3322 3828 987 185 2210 185 3053 185 3071 3829 872 3829 3052 3829 3071 3830 3052 3830 2580 3830 988 185 3053 185 1832 185 988 185 987 185 3053 185 1248 185 729 185 3051 185 1248 185 3051 185 988 185 2199 185 988 185 1832 185 2199 185 1248 185 988 185 3071 3831 2590 3831 1248 3831 1249 3832 3049 3832 3071 3832 1249 3833 3071 3833 1248 3833 1103 3834 33 3834 1104 3834 870 3835 351 3835 758 3835 758 3836 2552 3836 870 3836 3031 185 3030 185 141 185 351 3837 757 3837 140 3837 351 3838 140 3838 352 3838 3027 185 141 185 1429 185 3027 185 3031 185 141 185 95 185 819 185 2383 185 95 185 2383 185 3027 185 94 185 3027 185 1429 185 94 185 95 185 3027 185 351 3839 2975 3839 95 3839 3032 3840 270 3840 351 3840 3032 3841 351 3841 95 3841 2995 185 2994 185 2611 185 351 3842 2971 3842 2610 3842 351 3843 2610 3843 2993 3843 2989 3844 2611 3844 2972 3844 2989 185 2995 185 2611 185 2984 3845 2891 3845 2990 3845 2984 3846 2990 3846 2989 3846 2253 185 2989 185 2972 185 2253 185 2984 185 2989 185 1421 3847 2631 3847 2984 3847 2996 3848 324 3848 1421 3848 2996 3849 1421 3849 2984 3849 3101 3850 1447 3850 3199 3850 3199 3851 3102 3851 3101 3851 1446 3852 3233 3852 2415 3852 2429 3853 867 3853 2274 3853 757 3854 351 3854 2552 3854 1096 1024 3262 1024 1122 1024 1095 3664 1122 3664 168 3664 1095 1024 1096 1024 1122 1024 1997 3855 3070 3855 1122 3855 1997 3856 1102 3856 3070 3856 1997 3857 1122 3857 3069 3857 33 3858 1997 3858 3069 3858 3258 3859 1095 3859 168 3859 3261 3707 3253 3707 3023 3707 3261 1024 3023 1024 1095 1024 3261 1024 1095 1024 3258 1024 3259 3860 33 3860 3260 3860 345 3861 33 3861 3259 3861 3022 185 3252 185 3250 185 33 3862 346 3862 3248 3862 33 3863 3248 3863 3249 3863 1094 3864 3250 3864 3246 3864 1094 185 3022 185 3250 185 1121 3865 3247 3865 1093 3865 1121 3617 1093 3617 1094 3617 167 185 1094 185 3246 185 167 3866 1121 3866 1094 3866 33 3867 3212 3867 1121 3867 3213 3868 1104 3868 33 3868 3213 3869 33 3869 1121 3869 3150 3870 3321 3870 3281 3870 673 3871 674 3871 476 3871 299 3872 37 3872 3242 3872 3319 3873 3137 3873 673 3873 1886 1024 1887 1024 1656 1024 2723 3874 1656 3874 982 3874 2723 1024 1886 1024 1656 1024 1446 3875 1659 3875 1656 3875 1446 3876 1792 3876 1659 3876 1446 3877 1656 3877 1492 3877 1447 3878 1446 3878 1492 3878 887 3635 2723 3635 982 3635 2322 3633 2316 3633 2317 3633 2322 1024 2317 1024 2723 1024 2322 3636 2723 3636 887 3636 2319 3879 3199 3879 1447 3879 2319 3880 1447 3880 994 3880 2519 3881 3301 3881 3298 3881 301 3882 3301 3882 2519 3882 3165 3883 3301 3883 301 3883 3272 3884 3165 3884 301 3884 983 3885 3299 3885 981 3885 886 3886 3299 3886 983 3886 3270 3887 3299 3887 886 3887 278 3888 3270 3888 886 3888 1528 3889 2993 3889 3012 3889 1655 3890 3287 3890 3286 3890 2259 3891 3287 3891 1655 3891 3270 3892 3287 3892 2259 3892 2133 3893 1969 3893 2127 3893 1520 3894 3290 3894 2200 3894 3179 3882 3290 3882 1520 3882 2402 3895 3290 3895 3179 3895 1066 3896 3292 3896 1064 3896 2403 3897 3292 3897 1066 3897 3275 3898 3292 3898 2403 3898 2402 3899 3275 3899 2403 3899 2946 3900 2923 3900 3280 3900 2969 3901 3293 3901 2967 3901 2936 3902 3293 3902 2969 3902 3005 3903 3293 3903 2936 3903 3275 3904 3005 3904 2936 3904 2172 38 2134 38 1970 38 1970 38 2128 38 2172 38 1232 3905 1977 3905 2006 3905 2006 3906 1229 3906 1232 3906 1295 3907 3063 3907 3294 3907 1419 3908 3063 3908 1295 3908 3062 3909 3063 3909 1419 3909 3005 3910 3062 3910 1419 3910 33 3911 162 3911 344 3911 3082 3912 2549 3912 3295 3912 3079 3913 2549 3913 3082 3913 2548 3914 2549 3914 3079 3914 3062 3915 2548 3915 3079 3915 2199 3916 3296 3916 2197 3916 1832 3917 3296 3917 2199 3917 1428 3918 3296 3918 1832 3918 2548 3919 1428 3919 1832 3919 94 3920 2101 3920 3048 3920 1429 3902 2101 3902 94 3902 2100 3921 2101 3921 1429 3921 1428 3922 2100 3922 1429 3922 2253 3923 3300 3923 2251 3923 2972 3924 3300 3924 2253 3924 3272 3925 3300 3925 2972 3925 2100 3926 3272 3926 2972 3926 3166 3927 168 3927 3288 3927 3258 3928 168 3928 3166 3928 3165 3929 3269 3929 3258 3929 3165 3930 3258 3930 3166 3930 167 3931 3291 3931 3288 3931 3246 3932 3291 3932 167 3932 3269 3933 3291 3933 3246 3933 3297 3934 982 3934 981 3934 887 3935 982 3935 3297 3935 278 3936 887 3936 3297 3936 673 3937 3149 3937 674 3937 3242 3938 1997 3938 2946 3938 2946 3939 3280 3939 3242 3939 2977 1024 2289 1024 2976 1024 1809 3940 2976 3940 2520 3940 1809 1024 2977 1024 2976 1024 1421 3941 1015 3941 2976 3941 1421 3942 1014 3942 1015 3942 1421 3943 2976 3943 2086 3943 37 3944 1421 3944 2086 3944 302 1024 1809 1024 2520 1024 2965 3945 2354 3945 1808 3945 2965 1024 1808 1024 1809 1024 2965 1024 1809 1024 302 1024 2966 3946 37 3946 39 3946 300 3947 37 3947 2966 3947 603 3948 2085 3948 25 3948 1997 3949 1378 3949 1377 3949 3225 1024 2910 1024 1653 1024 3222 3940 1653 3940 1652 3940 3222 1024 3225 1024 1653 1024 1447 3950 2951 3950 1653 3950 1447 3951 2952 3951 2951 3951 1447 3952 1653 3952 1086 3952 1085 3953 1447 3953 1086 3953 2256 3669 3222 3669 1652 3669 2257 3633 3223 3633 3221 3633 2257 1024 3221 1024 3222 1024 2257 1024 3222 1024 2256 1024 3224 3954 1447 3954 2912 3954 2945 3955 1447 3955 3224 3955 2619 3956 3071 3956 871 3956 871 3957 870 3957 2619 3957 2576 3958 33 3958 1103 3958 3202 1024 3007 1024 1522 1024 3197 3959 1522 3959 1523 3959 3197 1024 3202 1024 1522 1024 1085 3960 2456 3960 1522 3960 1085 3961 2961 3961 2456 3961 1085 3962 1522 3962 2960 3962 3321 3963 1085 3963 2960 3963 3180 3964 3197 3964 1523 3964 3181 3965 3198 3965 3196 3965 3181 1024 3196 1024 3197 1024 3181 1024 3197 1024 3180 1024 3200 3966 3321 3966 3201 3966 2205 3967 3321 3967 3200 3967 323 3968 269 3968 3071 3968 2552 3969 351 3969 2970 3969 2970 3970 2604 3970 2552 3970 789 1024 3177 1024 3170 1024 788 3971 3170 3971 1065 3971 788 1024 789 1024 3170 1024 3321 3972 3025 3972 3170 3972 3321 3973 477 3973 3025 3973 3321 3974 3170 3974 3024 3974 674 3975 3321 3975 3024 3975 2404 3976 788 3976 1065 3976 3176 3965 1944 3965 3173 3965 3176 1024 3173 1024 788 1024 3176 1024 788 1024 2404 1024 3175 3977 3321 3977 1225 3977 3174 3978 3321 3978 3175 3978 323 3979 325 3979 351 3979 344 3980 346 3980 33 3980 79 1024 80 1024 2862 1024 2228 3981 2862 3981 2968 3981 2228 1024 79 1024 2862 1024 674 3941 2863 3941 2862 3941 674 3982 3149 3982 2863 3982 674 3983 2862 3983 3151 3983 3319 3984 674 3984 3151 3984 2935 3985 2228 3985 2968 3985 2675 3986 3148 3986 2227 3986 2675 1024 2227 1024 2228 1024 2675 1024 2228 1024 2935 1024 2678 3987 3319 3987 3147 3987 497 3988 3319 3988 2678 3988 1377 3989 1014 3989 1421 3989 2604 3990 37 3990 300 3990 300 3991 3242 3991 2604 3991 3131 1024 586 1024 1293 1024 3127 3981 1293 3981 1292 3981 3127 1024 3131 1024 1293 1024 3319 3992 3125 3992 1293 3992 3319 3993 3129 3993 3125 3993 3319 3994 1293 3994 3133 3994 2085 3995 3319 3995 3133 3995 1418 1024 3127 1024 1292 1024 3092 3996 3128 3996 3126 3996 3092 3997 3126 3997 3127 3997 3092 1024 3127 1024 1418 1024 627 3998 2085 3998 3130 3998 626 3999 2085 3999 627 3999 2204 4000 3321 4000 2205 4000 1792 4001 1446 4001 2415 4001 3107 4002 3106 4002 3100 4002 1255 4003 3100 4003 3099 4003 1255 4004 3107 4004 3100 4004 2085 4005 598 4005 3100 4005 2085 4006 597 4006 598 4006 2085 4007 3100 4007 3108 4007 3320 4008 2085 4008 3108 4008 3104 4009 1255 4009 3099 4009 3105 4010 2467 4010 1254 4010 3105 4011 1254 4011 1255 4011 3105 4012 1255 4012 3104 4012 24 4013 2085 4013 2793 4013 25 4014 2085 4014 24 4014 2843 4015 2842 4015 2886 4015 2886 4016 2871 4016 2843 4016 344 4017 162 4017 1827 4017 1827 4018 3271 4018 344 4018 2961 4019 1085 4019 2194 4019 3068 4020 730 4020 1247 4020 985 4021 1247 4021 2198 4021 985 4022 3068 4022 1247 4022 3320 4023 1250 4023 1247 4023 3320 4024 3065 4024 1250 4024 3320 4025 1247 4025 2589 4025 3071 4026 3320 4026 2589 4026 1831 4027 985 4027 2198 4027 3067 4028 2211 4028 986 4028 3067 3997 986 3997 985 3997 3067 4029 985 4029 1831 4029 3066 4030 3071 4030 2579 4030 871 4031 3071 4031 3066 4031 1469 4032 481 4032 1308 4032 1103 4033 1102 4033 1997 4033 3322 4034 3321 4034 3174 4034 3174 4035 3281 4035 3322 4035 2384 1024 820 1024 96 1024 3045 4036 96 4036 97 4036 3045 1024 2384 1024 96 1024 3071 3992 3047 3992 96 3992 3071 4037 269 4037 3047 4037 3071 4038 96 4038 2974 4038 351 4039 3071 4039 2974 4039 1430 1024 3045 1024 97 1024 142 4040 3046 4040 3044 4040 142 1024 3044 1024 3045 1024 142 1024 3045 1024 1430 1024 139 4041 351 4041 353 4041 758 4042 351 4042 139 4042 673 4043 477 4043 3321 4043 3281 4044 3319 4044 497 4044 3016 1024 2892 1024 3013 1024 3009 4045 3013 4045 2252 4045 3009 1024 3016 1024 3013 1024 351 4046 3020 4046 3013 4046 351 4047 325 4047 3020 4047 351 4048 3013 4048 2630 4048 1421 4049 351 4049 2630 4049 2973 3976 3009 3976 2252 3976 2612 4050 3010 4050 3008 4050 2612 1024 3008 1024 3009 1024 2612 1024 3009 1024 2973 1024 2609 4051 351 4051 3012 4051 2970 4052 351 4052 2609 4052 3300 4053 2520 4053 3298 4053 302 4054 2520 4054 3300 4054 3272 4055 302 4055 3300 4055 3299 4056 1652 4056 3286 4056 2256 4057 1652 4057 3299 4057 3270 4058 2256 4058 3299 4058 3287 4059 1523 4059 2200 4059 3180 4060 1523 4060 3287 4060 3270 4061 2402 4061 3180 4061 3270 4062 3180 4062 3287 4062 3290 4063 1065 4063 1064 4063 2404 3725 1065 3725 3290 3725 2402 4064 2404 4064 3290 4064 3292 4065 2968 4065 2967 4065 2935 4057 2968 4057 3292 4057 3275 4066 2935 4066 3292 4066 3293 4067 1292 4067 3294 4067 1418 4068 1292 4068 3293 4068 3005 4069 1418 4069 3293 4069 3063 4070 3099 4070 3295 4070 3104 3725 3099 3725 3063 3725 3062 4071 3104 4071 3063 4071 2549 4072 2198 4072 2197 4072 1831 4073 2198 4073 2549 4073 2548 4074 1831 4074 2549 4074 3296 4075 97 4075 3048 4075 1430 4076 97 4076 3296 4076 1428 4077 1430 4077 3296 4077 2101 4078 2252 4078 2251 4078 2973 4054 2252 4054 2101 4054 2100 4079 2973 4079 2101 4079 2645 4080 1355 4080 3153 4080 2647 4081 3152 4081 880 4081 880 4082 2656 4082 2647 4082 3152 4083 3153 4083 1355 4083 3152 4084 1355 4084 879 4084 2644 4085 1355 4085 2645 4085 879 4086 880 4086 3152 4086 3153 4087 2406 4087 2655 4087 2021 4088 2052 4088 1959 4088 1003 4089 852 4089 834 4089 2062 4090 2052 4090 1959 4090 1959 4090 1960 4090 2062 4090 2644 4091 2203 4091 2406 4091 879 4092 2648 4092 880 4092 2644 4093 2406 4093 1355 4093 2406 4094 2648 4094 879 4094 2406 4095 879 4095 1355 4095 2645 4096 3153 4096 2655 4096 2632 4097 2638 4097 2646 4097 3152 4098 2647 4098 2649 4098 2639 4099 2632 4099 2646 4099 2056 38 2020 38 1960 38 1960 38 2062 38 2056 38 2639 4100 2637 4100 2643 4100 827 4101 0 4101 958 4101 958 4102 666 4102 827 4102 3589 4103 973 4103 2710 4103 2710 4104 3774 4104 3589 4104 869 4105 882 4105 186 4105 390 4106 12 4106 5 4106 5 4107 826 4107 390 4107 2141 186 2134 186 2172 186 2172 4108 2171 4108 2141 4108 3006 4109 3187 4109 3202 4109 3202 23 3007 23 3006 23 2783 4110 2871 4110 2869 4110 489 4111 415 4111 1834 4111 1834 4112 1646 4112 489 4112 3345 4113 3346 4113 3347 4113 3347 4114 3348 4114 3345 4114 3330 4115 286 4115 559 4115 2662 4116 823 4116 2666 4116 2666 4117 2665 4117 2662 4117 3040 4118 3330 4118 559 4118 3331 4119 2209 4119 2997 4119 3350 4120 2997 4120 572 4120 3331 4121 3350 4121 1573 4121 3331 4122 2997 4122 3350 4122 286 4123 3314 4123 559 4123 3330 4124 3034 4124 286 4124 2451 4125 216 4125 2620 4125 2725 4126 2911 4126 3776 4126 3776 4127 2726 4127 2725 4127 3337 4128 3378 4128 3352 4128 3337 4129 3352 4129 3371 4129 3331 4130 3337 4130 3371 4130 3331 4131 3371 4131 3227 4131 3331 4132 3227 4132 2209 4132 3353 4133 3371 4133 1075 4133 3371 4134 3353 4134 319 4134 3378 4135 1075 4135 3352 4135 1075 4136 784 4136 3353 4136 784 4137 319 4137 3353 4137 1338 4138 3371 4138 319 4138 3227 4139 3371 4139 1338 4139 3371 4140 3352 4140 1075 4140 2903 4141 2883 4141 3779 4141 3359 4142 2291 4142 3358 4142 3330 4143 3040 4143 2352 4143 1782 4144 3362 4144 3219 4144 2854 4145 3330 4145 3362 4145 2854 4146 3362 4146 1782 4146 2854 4147 1782 4147 2287 4147 3361 4148 3362 4148 287 4148 3362 4149 3361 4149 3219 4149 3219 4150 2287 4150 1782 4150 287 4151 265 4151 3361 4151 265 4152 3219 4152 3361 4152 3362 4153 3041 4153 287 4153 3362 4154 2352 4154 3041 4154 3362 4155 3330 4155 2352 4155 269 4156 3047 4156 3032 4156 3032 455 270 455 269 455 95 38 96 38 3047 38 3047 38 3032 38 95 38 559 4157 3314 4157 284 4157 2377 4158 2199 4158 2198 4158 3754 4159 3349 4159 3364 4159 3364 4160 2884 4160 3754 4160 1037 1206 2431 1206 2418 1206 1578 4161 1579 4161 1575 4161 571 4162 1573 4162 3350 4162 1248 38 1247 38 1250 38 1250 38 1249 38 1248 38 2198 4163 1247 4163 1248 4163 1248 778 2199 778 2198 778 3643 4164 1132 4164 1131 4164 3369 4165 2130 4165 2131 4165 2131 4166 3370 4166 3369 4166 261 38 260 38 2275 38 2275 38 1746 38 261 38 3741 4167 3671 4167 2799 4167 844 4168 842 4168 876 4168 1574 4169 1576 4169 1577 4169 1259 4170 2512 4170 1719 4170 2287 4171 3219 4171 2781 4171 1621 4172 771 4172 118 4172 1531 4173 980 4173 360 4173 360 4174 1484 4174 1531 4174 1865 4175 2131 4175 747 4175 2694 4176 2654 4176 2739 4176 3595 4177 3383 4177 2889 4177 3750 4178 2011 4178 252 4178 252 4179 251 4179 3750 4179 1943 1596 1944 1596 3173 1596 3173 1596 3160 1596 1943 1596 300 4180 2966 4180 2958 4180 2958 14 299 14 300 14 3385 4181 3376 4181 3375 4181 3375 4182 2165 4182 3385 4182 700 4183 977 4183 976 4183 976 4184 917 4184 700 4184 824 4185 2668 4185 2662 4185 1330 4186 570 4186 569 4186 2572 4187 2745 4187 3387 4187 3388 4188 2572 4188 3387 4188 1693 4189 1476 4189 2755 4189 2209 4190 2745 4190 2037 4190 2572 4191 3040 4191 2156 4191 2033 4192 43 4192 3384 4192 751 4193 749 4193 1459 4193 3393 4194 1338 4194 319 4194 287 4195 3219 4195 265 4195 87 4196 375 4196 557 4196 287 4197 3041 4197 1340 4197 901 4198 742 4198 599 4198 599 4199 796 4199 901 4199 3688 4200 3394 4200 732 4200 732 4201 2706 4201 3688 4201 2710 4202 2671 4202 3257 4202 3257 4203 2711 4203 2710 4203 1631 4204 1972 4204 2001 4204 27 4205 3379 4205 42 4205 1340 4206 3041 4206 3431 4206 3227 4207 927 4207 3387 4207 502 4208 3387 4208 927 4208 1567 4209 2457 4209 1600 4209 1600 4210 1568 4210 1567 4210 366 4211 836 4211 835 4211 3227 4212 3387 4212 2209 4212 1348 4213 3057 4213 3056 4213 3219 4214 533 4214 3395 4214 3219 4215 287 4215 533 4215 3172 4216 1569 4216 3311 4216 3057 4217 2781 4217 3396 4217 2287 4218 2781 4218 3057 4218 1371 4219 3227 4219 1338 4219 2287 4220 1601 4220 3378 4220 2287 4221 1348 4221 1600 4221 2287 4222 3057 4222 3397 4222 2287 4223 3397 4223 1348 4223 2287 4224 1600 4224 1601 4224 1990 4225 2805 4225 3398 4225 2805 4226 1990 4226 3399 4226 1075 4227 3378 4227 3311 4227 3388 4228 3387 4228 502 4228 3388 4229 502 4229 1990 4229 1990 4230 502 4230 3400 4230 2879 4231 636 4231 3254 4231 3254 4232 3255 4232 2879 4232 3393 4233 3327 4233 1338 4233 3431 4234 533 4234 287 4234 287 4235 1340 4235 3431 4235 3328 4236 319 4236 1075 4236 3401 4237 3328 4237 1075 4237 589 4238 803 4238 3327 4238 534 4239 3431 4239 588 4239 3311 4240 3401 4240 1075 4240 1569 4241 1027 4241 3401 4241 803 4242 3402 4242 502 4242 1568 4243 590 4243 1569 4243 1348 4244 3056 4244 1349 4244 2352 4245 3388 4245 1990 4245 2352 4246 3040 4246 3388 4246 2352 4247 3398 4247 2805 4247 1568 4248 1600 4248 1349 4248 2458 4249 3172 4249 3378 4249 3041 4250 2352 4250 2805 4250 3056 4251 587 4251 1568 4251 2457 4252 2458 4252 3378 4252 1569 4253 3172 4253 2457 4253 1601 4254 2457 4254 3378 4254 3395 4255 534 4255 3396 4255 1325 4256 773 4256 1351 4256 1351 4257 1330 4257 1325 4257 781 4258 782 4258 1582 4258 3024 1571 3132 1571 3154 1571 1035 4259 2089 4259 2092 4259 2548 3926 1832 3926 1831 3926 2036 4260 1488 4260 1489 4260 3110 4261 3404 4261 3317 4261 2032 4262 2460 4262 2037 4262 3404 4263 2460 4263 2032 4263 623 4264 3267 4264 1290 4264 3035 86 3406 86 2628 86 3035 4265 2628 4265 3407 4265 3035 86 3407 86 3408 86 3035 4266 3408 4266 622 4266 3035 4267 622 4267 1290 4267 3406 4268 3409 4268 3109 4268 3410 86 3406 86 3109 86 3411 4269 3410 4269 3110 4269 3412 4270 3411 4270 3110 4270 3412 4271 3406 4271 3410 4271 49 4272 122 4272 32 4272 2629 4273 3412 4273 3110 4273 2628 4274 3406 4274 3412 4274 623 4275 2629 4275 3110 4275 3407 4276 2629 4276 623 4276 3413 4277 3407 4277 623 4277 3408 4278 3413 4278 623 4278 2032 4279 3317 4279 3404 4279 2680 4280 3318 4280 2573 4280 2597 4281 1208 4281 1207 4281 1493 4282 3034 4282 2598 4282 3406 4283 3414 4283 656 4283 3035 4284 3034 4284 1289 4284 1288 4285 3034 4285 1493 4285 656 4286 1573 4286 3406 4286 1964 4287 3034 4287 1288 4287 1289 4288 3034 4288 1964 4288 3406 4289 3415 4289 3414 4289 2627 4290 3034 4290 1573 4290 2820 4291 3034 4291 2627 4291 2598 4292 3034 4292 2820 4292 3406 4293 2106 4293 3415 4293 3406 4294 2104 4294 2106 4294 656 4295 207 4295 1573 4295 3406 4296 3416 4296 2104 4296 1462 9 690 9 1471 9 207 4297 3415 4297 1573 4297 3406 4298 3391 4298 3416 4298 3415 4299 2105 4299 1573 4299 3406 4300 2821 4300 3391 4300 2105 4301 2104 4301 1573 4301 3035 9 2819 9 3406 9 3406 4302 2819 4302 2821 4302 2104 4303 2627 4303 1573 4303 3035 4304 3417 4304 2819 4304 1493 4305 3418 4305 1288 4305 3035 4306 3419 4306 3417 4306 3035 4307 576 4307 3419 4307 1461 4308 690 4308 1312 4308 1312 4309 1324 4309 1461 4309 3035 4310 575 4310 576 4310 3035 4311 3418 4311 575 4311 3035 4312 1288 4312 3418 4312 3035 4313 1289 4313 1288 4313 2870 4314 2869 4314 2871 4314 874 4315 844 4315 832 4315 832 4316 107 4316 874 4316 2040 212 2865 212 2868 212 2868 212 2041 212 2040 212 78 4317 2225 4317 2228 4317 2228 4318 79 4318 78 4318 1270 4319 1269 4319 1309 4319 3264 4320 115 4320 116 4320 116 4320 3268 4320 3264 4320 1238 4321 1469 4321 1364 4321 1364 4322 1308 4322 1238 4322 1457 4323 1383 4323 1326 4323 1326 4324 1317 4324 1457 4324 3410 4325 2106 4325 2105 4325 2104 4326 3410 4326 3411 4326 2821 4327 2627 4327 3390 4327 3109 4325 3414 4325 207 4325 622 4328 3418 4328 1493 4328 1290 4329 1289 4329 1964 4329 2628 4330 2821 4330 3390 4330 3390 4331 2629 4331 2628 4331 622 4332 1493 4332 575 4332 575 4333 623 4333 622 4333 3267 4334 559 4334 284 4334 1448 4335 596 4335 597 4335 2206 4336 2205 4336 1073 4336 656 4337 3409 4337 3110 4337 3236 23 3238 23 3243 23 3243 23 3244 23 3236 23 575 4338 3408 4338 623 4338 2984 38 3013 38 3020 38 3020 38 2996 38 2984 38 3415 4339 3109 4339 3110 4339 2819 4340 2628 4340 2629 4340 2629 4341 2820 4341 2819 4341 1288 4342 622 4342 623 4342 3419 4343 3407 4343 3413 4343 3413 4344 2598 4344 3419 4344 556 4345 2102 4345 2103 4345 3109 4346 3415 4346 2106 4346 2106 4347 3410 4347 3109 4347 623 4348 3318 4348 3267 4348 1408 9 1397 9 1396 9 1501 4349 1588 4349 1193 4349 1390 4350 1393 4350 1058 4350 1406 4351 1397 4351 1346 4351 1346 4352 773 4352 1406 4352 3406 4353 1573 4353 571 4353 571 4354 3409 4354 3406 4354 534 4355 533 4355 3431 4355 3595 4356 3512 4356 3383 4356 502 4357 1371 4357 803 4357 2591 38 2594 38 2464 38 2464 38 2463 38 2591 38 827 4358 868 4358 843 4358 2630 1678 3017 1678 2983 1678 2983 4359 2631 4359 2630 4359 1408 4360 1407 4360 1324 4360 1324 4361 485 4361 1408 4361 2990 212 2989 212 3009 212 3009 212 3016 212 2990 212 2627 4362 3391 4362 3390 4362 1561 4363 1525 4363 1558 4363 207 4364 3414 4364 3415 4364 1330 4365 1351 4365 570 4365 3351 4366 3041 4366 3437 4366 3343 4367 2802 4367 2641 4367 936 4368 462 4368 1373 4368 2855 4369 2784 4369 2839 4369 3437 4370 3036 4370 3441 4370 588 4371 3431 4371 3351 4371 803 4372 1371 4372 2802 4372 3441 4373 3036 4373 2805 4373 3327 4374 803 4374 3440 4374 2802 4375 1338 4375 2641 4375 3808 4376 2896 4376 2083 4376 2648 4377 2406 4377 3153 4377 1371 4378 1338 4378 2802 4378 2802 4379 3440 4379 803 4379 1873 86 1853 86 1855 86 1855 86 1872 86 1873 86 1250 4380 3065 4380 3049 4380 3049 4381 1249 4381 1250 4381 1443 4382 821 4382 2462 4382 3446 4383 1443 4383 1933 4383 1434 4384 1433 4384 471 4384 510 4385 471 4385 1433 4385 275 4386 257 4386 368 4386 2860 4387 2576 4387 2577 4387 2577 4388 2859 4388 2860 4388 2350 4389 1752 4389 815 4389 815 4390 3451 4390 2350 4390 2737 4391 3446 4391 1241 4391 2737 4392 1443 4392 3446 4392 822 4393 2737 4393 3460 4393 822 4394 1443 4394 2737 4394 822 4395 821 4395 1443 4395 821 4396 471 4396 510 4396 821 4397 31 4397 2462 4397 821 4398 510 4398 31 4398 31 4399 1286 4399 1752 4399 1752 4400 2247 4400 31 4400 3448 4401 2679 4401 1434 4401 1716 4402 2461 4402 1286 4402 1286 4403 1194 4403 1716 4403 257 4404 3448 4404 1434 4404 1889 4405 3448 4405 257 4405 368 4406 1434 4406 471 4406 368 4407 257 4407 1434 4407 3464 4408 778 4408 555 4408 500 4409 132 4409 133 4409 133 4410 501 4410 500 4410 231 4411 911 4411 232 4411 296 4412 366 4412 979 4412 3447 4413 1889 4413 1241 4413 2240 700 2245 700 2262 700 2262 700 2263 700 2240 700 3029 4414 352 4414 353 4414 988 4415 987 4415 986 4415 986 4416 985 4416 988 4416 2099 4417 1018 4417 436 4417 436 4418 435 4418 2099 4418 2952 455 2951 455 2979 455 2979 455 2978 455 2952 455 920 4419 2704 4419 2696 4419 430 4420 1251 4420 134 4420 991 4421 3037 4421 1910 4421 3508 4422 3504 4422 2881 4422 2881 4423 3488 4423 3508 4423 1156 4424 1309 4424 1308 4424 1438 4425 1437 4425 1635 4425 96 86 95 86 3032 86 3032 86 3047 86 96 86 3029 4426 3046 4426 3030 4426 1333 4427 750 4427 1260 4427 2210 4428 2211 4428 986 4428 986 4429 987 4429 2210 4429 2272 4430 546 4430 2964 4430 1937 4431 2582 4431 1936 4431 3026 4432 94 4432 97 4432 1276 4433 706 4433 2690 4433 2690 4434 1277 4434 1276 4434 3330 4435 2854 4435 3337 4435 3337 4436 3331 4436 3330 4436 210 4437 3456 4437 435 4437 435 4438 211 4438 210 4438 680 38 681 38 715 38 715 38 714 38 680 38 3078 38 3100 38 598 38 598 38 595 38 3078 38 2431 1146 454 1146 455 1146 455 4439 2418 4439 2431 4439 3210 4440 3223 4440 3221 4440 3221 4441 3211 4441 3210 4441 1386 4442 1170 4442 1341 4442 1341 4443 72 4443 1386 4443 3174 14 3175 14 3158 14 3158 15 3150 15 3174 15 3461 4444 2102 4444 556 4444 1238 4445 1236 4445 526 4445 526 4446 1311 4446 1238 4446 2922 10 2320 10 2319 10 2319 4447 3199 4447 2922 4447 569 4448 1303 4448 241 4448 241 4449 1330 4449 569 4449 2976 86 2955 86 1016 86 1016 86 1015 86 2976 86 1829 4450 2349 4450 157 4450 226 4451 2017 4451 2653 4451 2333 4452 2326 4452 2361 4452 2361 4453 2348 4453 2333 4453 3132 4454 3024 4454 3157 4454 3463 4455 2803 4455 317 4455 196 4456 2232 4456 195 4456 379 4457 119 4457 157 4457 3459 4458 822 4458 3460 4458 1120 4459 1071 4459 368 4459 2659 4460 31 4460 2247 4460 2659 4461 2461 4461 2462 4461 815 4462 1120 4462 368 4462 2659 4463 2247 4463 369 4463 2659 4464 2462 4464 31 4464 1120 4465 1306 4465 1240 4465 1120 4466 1240 4466 1889 4466 2461 4467 815 4467 1752 4467 2461 4468 1752 4468 1286 4468 2659 4469 822 4469 1306 4469 2659 4470 1306 4470 2461 4470 3182 4471 579 4471 29 4471 1306 4472 822 4472 3459 4472 369 4473 815 4473 368 4473 369 4474 1433 4474 815 4474 2247 4475 1433 4475 369 4475 2036 4476 1489 4476 3324 4476 3324 4477 2093 4477 2036 4477 946 4478 643 4478 816 4478 816 4479 128 4479 946 4479 3269 4480 3246 4480 3258 4480 64 4481 2755 4481 2395 4481 2395 4482 909 4482 64 4482 492 4483 491 4483 823 4483 823 4484 2337 4484 492 4484 1718 4485 1660 4485 1830 4485 2983 4486 2985 4486 3015 4486 3015 4487 3017 4487 2983 4487 2631 4488 2983 4488 3017 4488 3017 1137 2630 1137 2631 1137 778 4489 2295 4489 552 4489 1721 4490 3469 4490 200 4490 2654 4491 2292 4491 2268 4491 2268 4492 2739 4492 2654 4492 922 4493 708 4493 901 4493 3061 4494 554 4494 580 4494 1637 4495 471 4495 1857 4495 1857 4496 471 4496 2102 4496 2102 4497 471 4497 2103 4497 1637 4498 1052 4498 368 4498 368 4499 471 4499 1637 4499 3729 4500 2885 4500 2884 4500 2323 4501 2561 4501 2157 4501 499 4502 542 4502 543 4502 543 4503 3072 4503 499 4503 2671 4504 973 4504 2672 4504 821 4505 2270 4505 1789 4505 821 4506 1789 4506 612 4506 821 4507 612 4507 3473 4507 821 4508 822 4508 2270 4508 1909 4509 2270 4509 822 4509 758 2805 757 2805 2552 2805 1809 9 1808 9 1807 9 1807 9 1806 9 1809 9 1669 86 1668 86 929 86 929 86 932 86 1669 86 2975 4510 2974 4510 2660 4510 1109 4511 2155 4511 2046 4511 1261 4512 1262 4512 1057 4512 659 4513 1339 4513 1216 4513 3298 4514 2520 4514 2519 4514 223 4515 2233 4515 2232 4515 983 4516 1657 4516 1656 4516 1656 4517 982 4517 983 4517 2592 4518 2591 4518 2594 4518 2594 4518 2593 4518 2592 4518 1819 4519 1820 4519 1770 4519 1770 724 1769 724 1819 724 2288 23 2957 23 2977 23 2977 4520 2289 4520 2288 4520 2974 4521 2975 4521 351 4521 794 4522 873 4522 864 4522 3805 4523 3536 4523 3708 4523 951 4524 2881 4524 3389 4524 3474 4525 2881 4525 951 4525 3474 4526 3504 4526 3508 4526 3508 4527 1435 4527 3474 4527 2097 4528 3001 4528 2651 4528 3478 4529 3002 4529 556 4529 3478 4530 556 4530 3502 4530 46 4531 2097 4531 2651 4531 3502 4532 2097 4532 46 4532 3509 4533 3563 4533 2126 4533 106 4534 2239 4534 2265 4534 3491 4535 403 4535 3490 4535 993 4536 951 4536 3389 4536 2024 664 2020 664 2056 664 2056 4537 2055 4537 2024 4537 1899 38 1842 38 1841 38 1841 38 1907 38 1899 38 162 4538 2387 4538 2386 4538 2697 1351 995 1351 994 1351 1773 4539 1771 4539 1821 4539 1173 4540 1172 4540 453 4540 453 4541 198 4541 1173 4541 3494 4542 3495 4542 3496 4542 3496 4543 3497 4543 3494 4543 149 4544 152 4544 3334 4544 3461 4545 2103 4545 369 4545 1482 4546 2659 4546 611 4546 3001 4547 3498 4547 1062 4547 822 4548 3479 4548 1909 4548 822 4549 993 4549 3479 4549 822 4550 2659 4550 1482 4550 822 4551 1482 4551 993 4551 368 4552 1052 4552 3498 4552 1062 4553 3472 4553 524 4553 3001 4554 368 4554 3498 4554 829 4555 2233 4555 3449 4555 369 4556 1857 4556 3461 4556 369 4557 368 4557 1857 4557 1857 4558 368 4558 3001 4558 541 4559 1751 4559 1909 4559 1482 4560 1789 4560 3474 4560 2960 4561 3019 4561 3321 4561 431 4562 432 4562 2574 4562 3215 4563 3214 4563 409 4563 3472 4564 3477 4564 1052 4564 1892 1146 1872 1146 1855 1146 1855 4565 1846 4565 1892 4565 1909 4566 1908 4566 3516 4566 509 4567 1365 4567 1637 4567 1346 4568 1331 4568 1267 4568 2098 4569 3478 4569 3502 4569 2103 4570 2098 4570 556 4570 2103 4571 3478 4571 2098 4571 2098 4572 46 4572 2651 4572 2098 4573 2651 4573 524 4573 2098 4574 3502 4574 46 4574 2097 4575 2098 4575 524 4575 3482 4576 1683 4576 184 4576 184 4577 2933 4577 3482 4577 3504 4578 3474 4578 3389 4578 2193 4579 3508 4579 3488 4579 2881 4580 3504 4580 3389 4580 1641 4581 1640 4581 1638 4581 3412 4582 3416 4582 2627 4582 2651 4583 3001 4583 524 4583 1482 4584 3474 4584 951 4584 951 4585 993 4585 1482 4585 156 4586 153 4586 2509 4586 108 4587 2215 4587 2188 4587 2573 4588 2572 4588 2680 4588 391 4589 1112 4589 1720 4589 3201 4590 3189 4590 2125 4590 1741 4591 1742 4591 1699 4591 1699 15 1704 15 1741 15 2523 4592 679 4592 682 4592 286 4593 1290 4593 3267 4593 3267 4594 284 4594 286 4594 3073 4595 64 4595 2045 4595 780 4596 3325 4596 3061 4596 1990 4597 3400 4597 3514 4597 3395 4598 533 4598 532 4598 1454 4599 1452 4599 1352 4599 1352 4600 1342 4600 1454 4600 3519 4601 2553 4601 2270 4601 695 724 667 724 668 724 668 725 694 725 695 725 3501 4602 1637 4602 1365 4602 2513 4603 953 4603 264 4603 264 4604 47 4604 2513 4604 2961 455 2456 455 2455 455 2455 455 3018 455 2961 455 2103 4605 3002 4605 3478 4605 3512 4606 3595 4606 2888 4606 123 4607 1603 4607 3515 4607 3516 4608 3519 4608 2270 4608 757 4609 758 4609 131 4609 1588 3227 1501 3227 1193 3227 1400 4610 1404 4610 570 4610 570 4611 1351 4611 1400 4611 3067 86 3053 86 3052 86 3052 86 3066 86 3067 86 3501 4612 1365 4612 3468 4612 3263 4613 3516 4613 1880 4613 3316 4614 553 4614 3254 4614 3254 4615 636 4615 3316 4615 2692 4616 1365 4616 509 4616 3521 4617 3064 4617 181 4617 2692 4618 509 4618 3367 4618 3367 4619 2400 4619 2692 4619 3523 4620 3471 4620 3316 4620 2692 4621 3519 4621 2698 4621 2692 4622 2698 4622 2693 4622 1859 4623 1862 4623 1861 4623 3057 4624 3396 4624 3055 4624 3519 4625 2692 4625 1259 4625 3519 4626 1259 4626 1450 4626 1337 4627 1479 4627 2852 4627 1092 4628 333 4628 334 4628 2698 4629 3519 4629 3263 4629 1091 4630 3528 4630 2692 4630 1091 4631 2692 4631 2400 4631 3528 4632 2324 4632 2692 4632 2964 4633 3492 4633 3530 4633 964 4634 604 4634 473 4634 432 4635 1645 4635 975 4635 975 4636 2560 4636 432 4636 2554 4637 3241 4637 3534 4637 1769 4638 1819 4638 1765 4638 1718 4639 3530 4639 3492 4639 2560 4640 1515 4640 431 4640 1515 4641 1728 4641 1504 4641 3037 4642 2017 4642 3241 4642 3526 4643 2964 4643 2342 4643 3526 4644 2342 4644 633 4644 3526 4645 3492 4645 3527 4645 3526 4646 975 4646 3493 4646 633 4647 432 4647 431 4647 633 4648 431 4648 1504 4648 633 4649 1504 4649 3241 4649 3526 4650 3527 4650 2964 4650 226 4651 3037 4651 2554 4651 3526 4652 3493 4652 3492 4652 3526 4653 2554 4653 203 4653 2290 4654 3334 4654 152 4654 3526 4655 203 4655 975 4655 1660 4656 432 4656 633 4656 3038 4657 3037 4657 3241 4657 1728 4658 991 4658 3038 4658 1645 4659 1660 4659 975 4659 2597 4660 1755 4660 1950 4660 1504 4661 3038 4661 3241 4661 3530 4662 1660 4662 633 4662 991 4663 2554 4663 3037 4663 3498 4664 3472 4664 1062 4664 3159 4665 2403 4665 2404 4665 2404 4666 3176 4666 3159 4666 3555 4667 580 4667 1837 4667 2964 4668 1810 4668 2269 4668 2269 4669 2342 4669 2964 4669 2219 231 2220 231 2181 231 2181 2830 2185 2830 2219 2830 566 4670 460 4670 85 4670 3732 4671 2884 4671 2885 4671 2885 4672 3756 4672 3732 4672 3247 23 1093 23 1096 23 1096 4520 3262 4520 3247 4520 2474 9 2473 9 2437 9 2437 9 2438 9 2474 9 1336 4673 1345 4673 1326 4673 868 4674 231 4674 412 4674 412 4675 646 4675 868 4675 370 4676 2703 4676 3192 4676 3192 4677 1439 4677 370 4677 2994 1596 3010 1596 3008 1596 3008 1596 2995 1596 2994 1596 3659 4678 3755 4678 236 4678 3200 38 3188 38 3178 38 3178 38 3181 38 3200 38 14 1576 2149 1576 2058 1576 2058 4679 15 4679 14 4679 2352 4680 1990 4680 3435 4680 3295 4681 3099 4681 3082 4681 718 4682 212 4682 991 4682 3501 4683 3468 4683 3526 4683 1880 4684 3526 4684 3468 4684 2554 4685 3526 4685 1880 4685 3516 4686 2554 4686 1880 4686 2355 4687 3471 4687 3523 4687 3468 4688 1365 4688 2693 4688 904 4689 977 4689 897 4689 888 4690 897 4690 977 4690 2297 42 2309 42 2283 42 2283 42 2284 42 2297 42 1708 4691 1709 4691 1739 4691 1739 1573 1738 1573 1708 1573 3069 4692 3212 4692 33 4692 488 4693 489 4693 2271 4693 3076 4694 3080 4694 3106 4694 1684 4695 1685 4695 1618 4695 393 4696 2771 4696 3547 4696 3547 4697 3341 4697 393 4697 464 4698 157 4698 465 4698 1003 4699 873 4699 875 4699 1068 4700 2952 4700 2978 4700 645 4701 1549 4701 1552 4701 1552 4702 247 4702 645 4702 299 10 2958 10 2966 10 2966 4703 300 4703 299 4703 3492 4704 310 4704 2272 4704 2272 4705 3527 4705 3492 4705 379 4706 2349 4706 1829 4706 2331 700 2336 700 2358 700 2358 700 2359 700 2331 700 1665 4707 2919 4707 2947 4707 643 4708 646 4708 816 4708 2423 4709 2248 4709 1552 4709 3477 4710 3472 4710 3498 4710 3066 38 3052 38 3053 38 3053 38 3067 38 3066 38 2108 4711 2002 4711 2511 4711 1159 4712 1162 4712 1264 4712 978 4713 884 4713 219 4713 1006 4714 1007 4714 1580 4714 708 4715 741 4715 742 4715 773 4716 1325 4716 772 4716 832 4717 876 4717 842 4717 119 4718 1105 4718 771 4718 3396 4719 3056 4719 3055 4719 3057 4720 1348 4720 3397 4720 2488 4721 2068 4721 2120 4721 385 4722 891 4722 402 4722 1728 4723 3038 4723 2894 4723 2595 4281 2433 4281 2060 4281 462 4724 740 4724 430 4724 664 4725 219 4725 884 4725 1349 4726 1600 4726 1347 4726 636 4727 1010 4727 3605 4727 2502 4728 2501 4728 3310 4728 3310 4729 470 4729 2502 4729 2627 4730 3416 4730 3391 4730 1273 4731 1392 4731 1159 4731 1159 4732 1300 4732 1273 4732 1538 4733 1539 4733 1537 4733 1420 4734 2429 4734 2508 4734 2990 4735 2891 4735 2892 4735 2892 4736 3016 4736 2990 4736 2150 1596 2151 1596 2449 1596 2449 1596 2448 1596 2150 1596 713 4737 2442 4737 2478 4737 1196 4738 1195 4738 1505 4738 3793 4739 1116 4739 2148 4739 2216 4740 2475 4740 2441 4740 2554 4741 1908 4741 3241 4741 2554 4742 3516 4742 1908 4742 3501 4743 3526 4743 639 4743 639 4744 3526 4744 633 4744 57 4745 1003 4745 689 4745 2748 4746 2749 4746 3455 4746 1982 782 2000 782 1230 782 1230 4747 1231 4747 1982 4747 3430 4748 2798 4748 2751 4748 2751 4749 3715 4749 3430 4749 161 4750 160 4750 2030 4750 2031 4751 2190 4751 2081 4751 1380 4752 1382 4752 1301 4752 1301 4753 1163 4753 1380 4753 2025 4754 686 4754 683 4754 683 4755 2057 4755 2025 4755 899 4756 2025 4756 2057 4756 2057 4757 900 4757 899 4757 471 4758 369 4758 2103 4758 2521 4759 3578 4759 725 4759 725 4760 2195 4760 2521 4760 3386 4761 3560 4761 2095 4761 2790 4762 2786 4762 1142 4762 2255 4763 3562 4763 250 4763 250 4764 3428 4764 2255 4764 3541 4765 3559 4765 2375 4765 1466 4766 1467 4766 1339 4766 1235 4767 1238 4767 1311 4767 1311 4768 1359 4768 1235 4768 1889 4769 257 4769 1120 4769 716 4770 2076 4770 2121 4770 383 4771 699 4771 698 4771 1034 4772 447 4772 466 4772 715 2770 1208 2770 1207 2770 1207 2769 714 2769 715 2769 2589 4773 2590 4773 3071 4773 947 4774 1042 4774 944 4774 1357 4775 1879 4775 1440 4775 539 4776 1883 4776 1047 4776 3260 4777 3249 4777 1912 4777 1388 4778 1412 4778 749 4778 749 4779 750 4779 1388 4779 1393 159 1398 159 1401 159 1401 9 1403 9 1393 9 3074 1074 476 1074 477 1074 477 1074 3025 1074 3074 1074 2168 4586 1978 4586 2506 4586 1621 4780 118 4780 709 4780 1911 4781 1088 4781 3457 4781 1831 4782 3067 4782 3053 4782 3053 2959 1832 2959 1831 2959 1175 4783 3256 4783 197 4783 3354 4784 3701 4784 2405 4784 1192 4785 1715 4785 2424 4785 3161 4786 530 4786 130 4786 3625 4787 2775 4787 3382 4787 3382 4788 3374 4788 3625 4788 2592 4789 2593 4789 3101 4789 919 4790 942 4790 401 4790 524 4791 3001 4791 1062 4791 1023 4792 1796 4792 1759 4792 1759 4793 1024 4793 1023 4793 376 140 2241 140 2267 140 2267 140 377 140 376 140 1670 4794 1674 4794 1649 4794 1672 4795 1530 4795 1671 4795 1051 4796 2779 4796 2260 4796 2273 4797 1745 4797 2329 4797 1486 4798 1485 4798 2721 4798 849 4799 825 4799 890 4799 890 4800 355 4800 849 4800 2595 4281 434 4281 433 4281 295 4801 294 4801 1312 4801 293 4802 783 4802 1219 4802 2080 4803 2191 4803 2364 4803 2917 4804 2921 4804 2950 4804 2950 4109 2949 4109 2917 4109 3269 4805 115 4805 116 4805 1828 4806 321 4806 1728 4806 2536 4807 2219 4807 2185 4807 999 1791 1735 1791 1712 1791 2281 1015 1689 1015 1692 1015 1692 1015 2311 1015 2281 1015 492 4808 2674 4808 2683 4808 1896 4809 1852 4809 2014 4809 1814 9 1813 9 1775 9 1775 9 1766 9 1814 9 1327 4810 1364 4810 528 4810 1722 4811 1024 4811 1023 4811 88 1791 2307 1791 2286 1791 2349 4812 379 4812 157 4812 2334 4813 2179 4813 2178 4813 2966 38 2958 38 2959 38 2959 38 2965 38 2966 38 1676 3889 38 3889 39 3889 302 4814 2965 4814 2959 4814 2959 2960 301 2960 302 2960 1739 86 1709 86 1711 86 1711 86 1740 86 1739 86 137 4815 93 4815 1061 4815 1738 1519 1739 1519 1709 1519 1709 725 1708 725 1738 725 1714 4816 1710 4816 1707 4816 3205 700 3211 700 3221 700 3221 700 3222 700 3205 700 1789 4817 1482 4817 1139 4817 790 4818 864 4818 842 4818 842 4819 874 4819 790 4819 3321 4820 1226 4820 1225 4820 2205 14 3200 14 3188 14 3188 15 2206 15 2205 15 1576 4821 1574 4821 1577 4821 528 4822 246 4822 1327 4822 3519 4823 2741 4823 3524 4823 549 719 2438 719 2474 719 2474 720 550 720 549 720 1357 4824 1440 4824 3569 4824 2757 4825 2973 4825 2972 4825 1878 4826 2741 4826 3519 4826 1496 4827 1497 4827 1498 4827 40 4828 262 4828 3648 4828 1754 4829 1961 4829 1919 4829 2858 4830 2700 4830 3635 4830 3635 4831 1985 4831 2858 4831 1123 4832 2422 4832 3585 4832 3528 4833 2741 4833 1878 4833 3528 4834 1878 4834 1788 4834 3528 4835 1788 4835 1719 4835 3528 4836 1719 4836 2512 4836 3528 4837 2512 4837 2324 4837 2992 4838 2961 4838 3018 4838 3718 4839 3619 4839 3571 4839 2741 4840 3528 4840 1091 4840 2741 4841 1091 4841 1140 4841 2741 4842 1140 4842 2298 4842 2741 4843 2298 4843 2293 4843 3268 86 3264 86 1825 86 1825 86 1826 86 3268 86 796 4844 335 4844 802 4844 337 38 336 38 339 38 339 38 338 38 337 38 509 4845 1052 4845 639 4845 633 4846 3367 4846 509 4846 3444 4847 174 4847 3255 4847 3255 4848 3499 4848 3444 4848 1052 4849 509 4849 524 4849 1052 4850 524 4850 3472 4850 1909 4851 2553 4851 1908 4851 1751 4852 993 4852 1909 4852 993 4853 2553 4853 1909 4853 639 4854 633 4854 509 4854 1488 4855 578 4855 1487 4855 552 4856 1488 4856 504 4856 2304 4857 2303 4857 2999 4857 3567 4858 2999 4858 2303 4858 200 4859 3469 4859 2998 4859 1443 4860 1716 4860 1194 4860 1194 4861 1933 4861 1443 4861 2294 4862 552 4862 2295 4862 2294 4863 1488 4863 552 4863 579 4864 2294 4864 29 4864 579 4865 1488 4865 2294 4865 579 4866 578 4866 1488 4866 578 4867 2999 4867 3567 4867 578 4868 503 4868 1487 4868 578 4869 3567 4869 503 4869 503 4870 3324 4870 2818 4870 2818 4871 3216 4871 503 4871 778 4872 2817 4872 2304 4872 2679 4873 2350 4873 3451 4873 3451 4874 1434 4874 2679 4874 3469 4875 778 4875 2304 4875 555 4876 778 4876 3469 4876 2998 4877 2304 4877 2999 4877 2998 4878 3469 4878 2304 4878 3446 4879 1933 4879 2679 4879 2679 4880 3448 4880 3446 4880 974 1598 1655 1598 1652 1598 1376 4825 2944 4825 2916 4825 1070 4881 761 4881 774 4881 1446 4882 3183 4882 3184 4882 3447 4883 3448 4883 1889 4883 2243 2559 125 2559 126 2559 1266 4884 1265 4884 721 4884 409 4885 3194 4885 2435 4885 2435 4886 407 4886 409 4886 298 4887 835 4887 665 4887 665 4888 884 4888 298 4888 1711 4889 1701 4889 1736 4889 1736 4890 1740 4890 1711 4890 2528 4891 2310 4891 2280 4891 896 4892 791 4892 895 4892 2927 4893 2926 4893 2943 4893 2943 1596 2941 1596 2927 1596 895 4894 864 4894 896 4894 2868 9 2867 9 2866 9 2866 9 2865 9 2868 9 3206 4895 3205 4895 3222 4895 3222 4896 3225 4896 3206 4896 2932 4897 2924 4897 507 4897 1583 4898 1636 4898 1633 4898 1721 4899 1233 4899 3469 4899 1601 4900 1600 4900 3573 4900 2558 4901 1474 4901 2510 4901 2397 4902 3148 4902 3140 4902 3583 4903 3576 4903 437 4903 977 4904 717 4904 844 4904 3462 4905 2295 4905 555 4905 3376 4906 733 4906 2167 4906 2167 4907 3375 4907 3376 4907 2957 4318 1806 4318 1809 4318 1809 4908 2977 4908 2957 4908 2283 4909 2309 4909 2278 4909 917 4910 717 4910 856 4910 1859 4911 2917 4911 2949 4911 1126 4912 516 4912 517 4912 517 4913 1127 4913 1126 4913 2866 1596 3143 1596 3144 1596 3144 1596 2867 1596 2866 1596 2689 4914 2683 4914 2674 4914 2085 4915 3071 4915 2619 4915 3058 4916 1836 4916 2777 4916 1697 4917 1700 4917 1744 4917 1744 4917 1748 4917 1697 4917 1483 4918 3449 4918 539 4918 2985 4919 2986 4919 3014 4919 3014 4920 3015 4920 2985 4920 531 4921 2778 4921 1801 4921 563 4922 2487 4922 2480 4922 3447 4923 1241 4923 3448 4923 2235 86 2266 86 1904 86 1904 86 2246 86 2235 86 1829 4924 3302 4924 1291 4924 1291 4925 1834 4925 1829 4925 1233 4926 1721 4926 2998 4926 3535 4927 503 4927 3216 4927 3535 4928 1489 4928 1487 4928 2302 4929 1233 4929 2998 4929 3535 4930 3216 4930 2722 4930 3535 4931 1487 4931 503 4931 1233 4932 1234 4932 3462 4932 1233 4933 3462 4933 555 4933 1489 4934 2302 4934 2818 4934 1489 4935 2818 4935 3324 4935 3535 4936 579 4936 1234 4936 3535 4937 1234 4937 1489 4937 1721 4938 200 4938 2998 4938 1234 4939 579 4939 3182 4939 2817 4940 3162 4940 1084 4940 1084 4941 2304 4941 2817 4941 1265 4942 722 4942 721 4942 2722 4943 2302 4943 2998 4943 2722 4944 2303 4944 2302 4944 510 4945 2679 4945 1933 4945 3216 4946 2303 4946 2722 4946 1488 4947 2036 4947 2093 4947 2093 4948 504 4948 1488 4948 2182 117 1870 117 1869 117 1170 4949 1381 4949 799 4949 799 4950 1341 4950 1170 4950 1566 4591 582 4591 581 4591 581 4951 1565 4951 1566 4951 1569 4952 3401 4952 3420 4952 2044 4953 3582 4953 2933 4953 86 4954 62 4954 958 4954 958 4955 2 4955 86 4955 2600 4956 3456 4956 3544 4956 1240 4957 1241 4957 1889 4957 2294 4958 3182 4958 29 4958 1789 4959 2270 4959 993 4959 554 4960 2999 4960 580 4960 580 4961 2999 4961 3425 4961 3425 4962 2999 4962 3377 4962 554 4963 1603 4963 2998 4963 2998 4964 2999 4964 554 4964 3570 4965 2230 4965 2229 4965 3325 4966 3480 4966 1287 4966 2942 9 2941 9 2927 9 2927 9 2920 9 2942 9 524 4967 1637 4967 1857 4967 2562 4968 2323 4968 2157 4968 578 4969 104 4969 3582 4969 578 4970 3582 4970 2623 4970 578 4971 2623 4971 84 4971 578 4972 579 4972 104 4972 3476 4973 104 4973 579 4973 2597 4660 1959 4660 2052 4660 2017 4974 3534 4974 411 4974 1405 4975 1404 4975 1351 4975 1351 4976 773 4976 1405 4976 1452 4977 1454 4977 1343 4977 1343 4978 1171 4978 1452 4978 489 4979 759 4979 865 4979 2522 4592 2055 4592 2024 4592 829 4980 2234 4980 425 4980 653 4981 3583 4981 437 4981 175 4982 1949 4982 1927 4982 917 4983 473 4983 474 4983 474 4984 848 4984 917 4984 3490 4985 3586 4985 3491 4985 2391 4986 3583 4986 653 4986 3042 4987 3616 4987 3615 4987 2904 4988 3476 4988 2562 4988 3286 4989 1652 4989 1655 4989 3473 4990 2193 4990 3488 4990 3488 4991 1435 4991 3473 4991 490 4992 184 4992 617 4992 2933 4993 184 4993 490 4993 2933 4994 3507 4994 3505 4994 3505 4995 3482 4995 2933 4995 1880 4996 2698 4996 3263 4996 3791 4997 1242 4997 1243 4997 2126 4998 3325 4998 780 4998 1354 4999 3486 4999 3563 4999 1354 5000 3563 5000 3509 5000 3503 5001 2126 5001 780 5001 3509 5002 2126 5002 3503 5002 3245 5003 3746 5003 3443 5003 3443 5004 236 5004 3245 5004 1482 5005 611 5005 1139 5005 242 5006 1219 5006 783 5006 2623 5007 2622 5007 3482 5007 1257 2807 1733 2807 1732 2807 850 5008 448 5008 858 5008 1412 5009 1387 5009 1333 5009 1333 5010 749 5010 1412 5010 3408 5011 576 5011 2598 5011 2598 5012 3413 5012 3408 5012 629 5013 628 5013 627 5013 627 11 626 11 629 11 212 5014 2554 5014 991 5014 2323 5015 490 5015 617 5015 3082 5016 3078 5016 3100 5016 3100 5017 3099 5017 3082 5017 1517 5018 1518 5018 1526 5018 186 5019 912 5019 869 5019 3555 5020 3377 5020 2722 5020 2044 5021 3535 5021 2622 5021 1287 5022 3481 5022 3061 5022 579 5023 2562 5023 3476 5023 579 5024 2323 5024 2562 5024 579 5025 3535 5025 2044 5025 579 5026 2044 5026 2323 5026 2998 5027 1603 5027 3480 5027 993 5028 1751 5028 1069 5028 3325 5029 2998 5029 3480 5029 611 5030 2659 5030 3473 5030 2722 5031 580 5031 3555 5031 2722 5032 2998 5032 580 5032 580 5033 2998 5033 3325 5033 3230 5034 2344 5034 829 5034 2904 5035 2561 5035 3476 5035 2908 5036 2883 5036 3639 5036 3691 5037 3591 5037 3307 5037 2707 5038 2696 5038 2704 5038 2704 5039 1020 5039 2707 5039 3261 86 3250 86 3248 86 3248 86 3259 86 3261 86 3481 5040 2708 5040 1603 5040 3328 5041 3401 5041 2459 5041 3476 5042 3444 5042 2152 5042 553 5043 3471 5043 554 5043 534 5044 3395 5044 532 5044 862 5045 1354 5045 3509 5045 62 5046 919 5046 959 5046 3377 5047 862 5047 3563 5047 3377 5048 1354 5048 862 5048 862 5049 3503 5049 780 5049 862 5050 780 5050 3061 5050 862 5051 3509 5051 3503 5051 2126 5052 862 5052 3061 5052 3593 5053 2564 5053 3594 5053 3594 5054 3595 5054 3593 5054 3507 5055 2933 5055 617 5055 1435 5056 3508 5056 2193 5056 3487 5057 3505 5057 1683 5057 184 5058 3507 5058 617 5058 289 3345 288 3345 2183 3345 969 5059 230 5059 943 5059 3156 5060 786 5060 789 5060 789 23 3177 23 3156 23 1155 5061 1333 5061 1270 5061 2658 5062 157 5062 2899 5062 1981 5063 1980 5063 2004 5063 1232 700 1231 700 1230 700 1230 700 1229 700 1232 700 1995 5064 3082 5064 3099 5064 1404 5065 1399 5065 1351 5065 847 5066 701 5066 700 5066 237 5067 1989 5067 375 5067 3598 5068 3599 5068 3733 5068 3555 5069 3425 5069 3563 5069 3600 5070 765 5070 764 5070 764 5071 3601 5071 3600 5071 871 5072 3066 5072 3052 5072 3052 5073 872 5073 871 5073 1851 5074 1850 5074 1891 5074 1891 4755 1902 4755 1851 4755 181 5075 174 5075 104 5075 502 5076 3402 5076 3400 5076 3515 5077 554 5077 3471 5077 3614 5078 2391 5078 653 5078 2891 23 2990 23 3016 23 3016 5079 2892 5079 2891 5079 1745 197 2273 197 867 197 374 5080 3470 5080 255 5080 3377 5081 3486 5081 1354 5081 3265 5082 1626 5082 893 5082 639 5083 1052 5083 3501 5083 2152 5084 181 5084 104 5084 972 5085 218 5085 835 5085 399 5086 647 5086 402 5086 402 5087 400 5087 399 5087 258 5088 2177 5088 3568 5088 229 1564 3236 1564 3244 1564 3515 5089 3471 5089 2355 5089 181 5090 2152 5090 2154 5090 3316 5091 3471 5091 553 5091 3524 5092 2400 5092 3367 5092 3367 5093 3368 5093 3524 5093 3524 5094 3368 5094 2553 5094 2553 5095 3519 5095 3524 5095 181 5096 3064 5096 174 5096 3316 5097 3064 5097 3521 5097 3316 5098 3521 5098 3523 5098 323 5099 3049 5099 3065 5099 3021 5100 1998 5100 735 5100 1194 5101 1286 5101 1933 5101 3400 5102 3399 5102 3514 5102 3064 5103 3316 5103 1572 5103 1382 5104 1385 5104 1301 5104 1579 3374 1578 3374 1575 3374 3605 5105 3554 5105 3316 5105 3605 5106 3316 5106 636 5106 3266 5107 1481 5107 119 5107 3167 5108 49 5108 2374 5108 119 5109 3499 5109 118 5109 415 5110 759 5110 1834 5110 1646 5111 710 5111 488 5111 2708 5112 3480 5112 1603 5112 1305 5113 3614 5113 653 5113 2374 5114 1834 5114 759 5114 759 5115 3167 5115 2374 5115 1481 5116 1621 5116 3499 5116 710 5117 465 5117 1503 5117 2920 700 2927 700 2941 700 2941 700 2942 700 2920 700 3606 5118 1423 5118 2048 5118 3606 5119 2048 5119 122 5119 3606 5120 2374 5120 2376 5120 3606 5121 1834 5121 1835 5121 122 5122 489 5122 488 5122 122 5123 488 5123 1503 5123 122 5124 1503 5124 3499 5124 3606 5125 2376 5125 1423 5125 3606 1024 1835 1024 2374 1024 3606 5126 119 5126 1829 5126 3606 5127 1829 5127 1834 5127 759 5128 489 5128 122 5128 2658 5129 1481 5129 3499 5129 157 5130 119 5130 1481 5130 3492 5131 975 5131 1660 5131 1660 5132 1718 5132 3492 5132 2460 5133 3404 5133 3405 5133 3405 5134 2997 5134 2460 5134 1423 5135 2374 5135 49 5135 465 5111 157 5111 2658 5111 666 5136 664 5136 965 5136 965 5137 970 5137 666 5137 1503 5138 2658 5138 3499 5138 49 5139 759 5139 122 5139 3607 5140 3608 5140 3609 5140 3609 5141 3610 5141 3607 5141 141 5142 1429 5142 1430 5142 1430 5143 142 5143 141 5143 2095 5144 3560 5144 3489 5144 2190 5145 1363 5145 1362 5145 1362 5146 2081 5146 2190 5146 2016 5147 2495 5147 1271 5147 2122 38 2077 38 2075 38 2075 38 2107 38 2122 38 3728 5148 3691 5148 3611 5148 663 5149 665 5149 984 5149 3612 5150 3315 5150 2096 5150 888 5151 966 5151 964 5151 866 34 2179 34 2178 34 2078 1198 2119 1198 2117 1198 2117 1198 2079 1198 2078 1198 3355 5152 3433 5152 3613 5152 274 5153 1543 5153 2344 5153 921 5154 742 5154 922 5154 2616 5155 187 5155 2511 5155 3363 5156 1810 5156 2343 5156 2321 5157 886 5157 887 5157 887 5158 2322 5158 2321 5158 3515 5159 2355 5159 3606 5159 2154 5160 3606 5160 2355 5160 119 5161 3606 5161 2154 5161 2152 5162 119 5162 2154 5162 2212 5163 1432 5163 1515 5163 1898 5164 2280 5164 2310 5164 1822 5165 1816 5165 1760 5165 1760 5166 1772 5166 1822 5166 2132 5167 1869 5167 1870 5167 2154 5168 3521 5168 181 5168 1011 5169 1804 5169 1803 5169 794 5170 523 5170 525 5170 864 5171 790 5171 107 5171 107 5172 896 5172 864 5172 177 5173 3615 5173 3616 5173 3474 5174 1789 5174 993 5174 993 5175 3389 5175 3474 5175 16 5176 658 5176 659 5176 659 5177 1350 5177 16 5177 1453 5178 1452 5178 1316 5178 1316 5179 1163 5179 1453 5179 588 5180 587 5180 3309 5180 3724 5181 236 5181 3755 5181 1065 5182 3170 5182 3155 5182 3155 5183 1066 5183 1065 5183 700 5184 917 5184 847 5184 49 5185 3167 5185 2663 5185 3482 5186 2622 5186 84 5186 2270 5187 1909 5187 3516 5187 3077 5188 3108 5188 3081 5188 3412 5189 2627 5189 2104 5189 2104 5190 3411 5190 3412 5190 1393 5191 1390 5191 1334 5191 1394 5192 1387 5192 1320 5192 1320 5193 1333 5193 1394 5193 1410 5194 606 5194 1310 5194 1310 5195 1308 5195 1410 5195 1407 5196 1397 5196 1331 5196 1331 5197 1324 5197 1407 5197 2612 5198 2973 5198 2972 5198 2972 5199 2611 5199 2612 5199 1050 1143 583 1143 584 1143 584 1143 1049 1143 1050 1143 1324 5200 772 5200 293 5200 3530 5201 633 5201 3111 5201 1646 5202 488 5202 2271 5202 34 5203 43 5203 2033 5203 22 5204 25 5204 3084 5204 961 5205 959 5205 963 5205 711 5206 3533 5206 1994 5206 1460 9 1383 9 1465 9 2687 5207 1559 5207 545 5207 3141 5208 1785 5208 1727 5208 3806 5209 3807 5209 3335 5209 2989 5210 2990 5210 3016 5210 3016 5210 3009 5210 2989 5210 1458 9 1468 9 480 9 1977 5074 1232 5074 1229 5074 1229 4755 2006 4755 1977 4755 1469 9 1238 9 481 9 3150 10 3158 10 3175 10 3175 11 3174 11 3150 11 3574 5211 2940 5211 2911 5211 1503 5212 488 5212 1963 5212 710 5213 1503 5213 1963 5213 3056 5214 1568 5214 1298 5214 3273 1460 2608 1460 2605 1460 1318 4822 1327 4822 246 4822 1032 5215 2404 5215 2403 5215 2415 5216 2194 5216 1447 5216 721 5217 1351 5217 1266 5217 157 5218 1481 5218 2899 5218 1481 5219 2658 5219 2899 5219 1630 1206 931 1206 930 1206 1636 3646 1583 3646 1633 3646 923 5220 460 5220 463 5220 2603 5221 2511 5221 1474 5221 2410 5222 2407 5222 2368 5222 2368 5223 2217 5223 2410 5223 1804 5224 2408 5224 2370 5224 2370 5225 1803 5225 1804 5225 3266 5226 1621 5226 256 5226 2217 5227 2410 5227 2365 5227 1819 5228 1769 5228 2503 5228 3621 5229 176 5229 3620 5229 1158 5230 749 5230 751 5230 758 5231 139 5231 140 5231 140 15 757 15 758 15 3464 5232 555 5232 2295 5232 1313 5233 1310 5233 1311 5233 1827 5234 1824 5234 3271 5234 3064 5235 91 5235 1279 5235 764 5236 3751 5236 2201 5236 785 5237 386 5237 387 5237 1593 3227 1594 3227 1591 3227 482 5238 1155 5238 1156 5238 2350 5239 2679 5239 1752 5239 1060 5240 805 5240 1059 5240 1315 5241 1584 5241 1314 5241 1086 5242 1087 5242 3203 5242 878 5243 400 5243 594 5243 3550 5244 3614 5244 176 5244 2348 38 2333 38 154 38 154 38 155 38 2348 38 119 5245 3444 5245 3499 5245 119 5246 2152 5246 3444 5246 3515 5247 3606 5247 123 5247 123 5248 3606 5248 122 5248 934 5249 742 5249 914 5249 2962 5250 2810 5250 3383 5250 3383 5251 3593 5251 2962 5251 1067 5252 429 5252 428 5252 2277 5253 2308 5253 1839 5253 259 5254 666 5254 660 5254 660 5255 889 5255 259 5255 956 5256 1113 5256 3624 5256 3527 5257 2272 5257 2964 5257 966 5258 313 5258 304 5258 174 5259 2323 5259 104 5259 494 5260 1061 5260 93 5260 203 5261 1595 5261 2212 5261 1777 5262 2735 5262 1778 5262 2857 5263 1720 5263 2347 5263 2347 5264 2700 5264 2857 5264 2941 5265 2943 5265 2926 5265 2926 5266 2927 5266 2941 5266 968 5267 664 5267 948 5267 1129 5268 3149 5268 3137 5268 2923 5269 2946 5269 508 5269 526 5270 693 5270 527 5270 3319 5271 3139 5271 3147 5271 2823 5272 2834 5272 2849 5272 1059 5273 776 5273 775 5273 2400 5274 1140 5274 1091 5274 1737 5275 1768 5275 2242 5275 310 5276 3492 5276 2964 5276 3410 5277 2105 5277 3415 5277 3415 5278 3110 5278 3410 5278 946 5279 128 5279 828 5279 2249 5280 3550 5280 176 5280 104 5281 3476 5281 2152 5281 449 5282 836 5282 861 5282 1460 5283 1465 5283 1336 5283 1336 5284 1328 5284 1460 5284 432 5285 2560 5285 2574 5285 3626 9 2938 9 3600 9 3620 5286 1305 5286 1730 5286 666 5287 663 5287 984 5287 2214 5288 2213 5288 2189 5288 2189 5289 2186 5289 2214 5289 219 5290 968 5290 978 5290 2228 5291 2227 5291 2226 5291 2226 5292 2225 5292 2228 5292 810 5293 807 5293 814 5293 2531 5294 1090 5294 1089 5294 2970 14 2609 14 2610 14 2610 14 2971 14 2970 14 659 5295 751 5295 17 5295 433 2769 191 2769 190 2769 190 2770 434 2770 433 2770 1790 5296 2249 5296 176 5296 1115 5297 2569 5297 3628 5297 3499 5298 3255 5298 3254 5298 3254 5299 122 5299 3499 5299 3791 5300 3072 5300 1136 5300 1071 5301 1120 5301 257 5301 664 5302 666 5302 962 5302 856 5303 847 5303 917 5303 189 5275 188 5275 1188 5275 2121 5304 2076 5304 2003 5304 3321 5305 674 5305 3319 5305 3321 5306 3189 5306 3201 5306 293 5307 1312 5307 690 5307 3795 5308 2255 5308 3429 5308 3429 5309 250 5309 3795 5309 3620 5310 1730 5310 1125 5310 1971 5311 1973 5311 2005 5311 183 5312 176 5312 3621 5312 658 5313 1466 5313 1344 5313 524 5314 509 5314 1637 5314 1236 5315 690 5315 693 5315 2230 5316 3570 5316 2223 5316 1379 154 2953 154 2914 154 2914 5317 1378 5317 1379 5317 3067 5199 1831 5199 1832 5199 1832 2737 3053 2737 3067 2737 1309 5318 1155 5318 1270 5318 3135 5319 77 5319 80 5319 3819 5320 2939 5320 3799 5320 3153 5321 3152 5321 2648 5321 1608 5322 1562 5322 1620 5322 107 5323 743 5323 874 5323 3264 38 3268 38 1826 38 1826 38 1825 38 3264 38 371 5324 3689 5324 2804 5324 2804 5325 2301 5325 371 5325 3763 5326 3239 5326 180 5326 180 5327 3768 5327 3763 5327 122 5328 2229 5328 2230 5328 2230 5329 1423 5329 122 5329 604 5330 917 5330 468 5330 726 782 728 782 1890 782 1890 4747 1856 4747 726 4747 129 5331 183 5331 3621 5331 3316 5332 3554 5332 1729 5332 3379 5333 1107 5333 1074 5333 2192 5334 2935 5334 2936 5334 1997 5335 2924 5335 2932 5335 759 5336 415 5336 865 5336 3408 5337 575 5337 3418 5337 3418 5338 622 5338 3408 5338 1402 5339 1403 5339 1345 5339 1345 5340 1336 5340 1402 5340 1401 5341 1402 5341 1336 5341 1336 5342 721 5342 1401 5342 1407 1024 1406 1024 773 1024 773 5343 772 5343 1407 5343 1847 5344 1845 5344 1901 5344 1901 5345 1900 5345 1847 5345 3407 5346 3419 5346 576 5346 576 5347 3408 5347 3407 5347 1410 5348 1395 5348 1309 5348 1412 9 1388 9 1389 9 1410 9 605 9 1395 9 3064 5349 2709 5349 2879 5349 1404 9 1400 9 1399 9 3529 5350 2709 5350 3064 5350 3782 5351 3549 5351 3758 5351 17 5352 16 5352 1350 5352 1350 5353 1335 5353 17 5353 2709 5354 3529 5354 1279 5354 3554 5355 2709 5355 1279 5355 3554 5356 1279 5356 91 5356 3554 5357 91 5357 2847 5357 3554 5358 2847 5358 3075 5358 3554 5359 3075 5359 1729 5359 3628 5360 3539 5360 1088 5360 1088 5361 1115 5361 3628 5361 1290 5362 1964 5362 1288 5362 1288 5363 623 5363 1290 5363 2709 5364 3554 5364 1010 5364 2709 5365 1010 5365 2066 5365 2709 5366 2066 5366 518 5366 2709 5367 518 5367 1611 5367 1010 5368 3554 5368 3605 5368 3632 5369 3633 5369 2570 5369 553 5370 1603 5370 123 5370 122 5371 3254 5371 553 5371 3328 5372 3327 5372 3393 5372 3393 5373 319 5373 3328 5373 1603 5374 553 5374 3061 5374 1603 5375 3061 5375 3481 5375 3476 5376 174 5376 3444 5376 2561 5377 2323 5377 3476 5377 2323 5378 174 5378 3476 5378 123 5379 122 5379 553 5379 3000 5380 748 5380 2394 5380 1568 5381 587 5381 590 5381 705 5382 3617 5382 54 5382 2396 5383 13 5383 3540 5383 1694 5384 811 5384 793 5384 3454 5385 3617 5385 3552 5385 697 5386 2396 5386 3540 5386 705 5387 735 5387 3617 5387 735 5388 3552 5388 3617 5388 3311 5389 1569 5389 3420 5389 1000 5390 2016 5390 2506 5390 1308 5391 1313 5391 1238 5391 481 5392 480 5392 1327 5392 1327 5393 1156 5393 481 5393 1473 5394 2551 5394 3534 5394 1468 5395 1458 5395 1323 5395 1994 5396 3533 5396 710 5396 976 5397 304 5397 313 5397 323 5398 1377 5398 1421 5398 2551 5399 2554 5399 3534 5399 1240 5400 1306 5400 2737 5400 2737 5401 1241 5401 1240 5401 1543 5402 829 5402 2344 5402 600 5403 698 5403 699 5403 1448 5404 323 5404 3320 5404 3133 5405 3087 5405 2085 5405 749 5406 1323 5406 1458 5406 2067 5407 2069 5407 2123 5407 1125 5408 1730 5408 1879 5408 2248 5409 3640 5409 248 5409 248 5410 2254 5410 2248 5410 1155 5411 1309 5411 1395 5411 1058 5412 1262 5412 1321 5412 1894 181 2187 181 2218 181 2218 42 1818 42 1894 42 3154 5413 3156 5413 3177 5413 142 86 141 86 140 86 140 86 139 86 142 86 54 5414 3617 5414 55 5414 3454 5415 55 5415 3617 5415 3540 5416 13 5416 1414 5416 3540 5417 1414 5417 1993 5417 2547 2898 1980 2898 2004 2898 2760 5418 1812 5418 2761 5418 3546 5419 461 5419 3649 5419 461 5420 1998 5420 677 5420 677 5421 1998 5421 678 5421 461 5422 677 5422 367 5422 461 5423 367 5423 1223 5423 461 5424 1223 5424 2261 5424 461 5425 2261 5425 720 5425 461 5426 720 5426 1221 5426 461 5427 1221 5427 1882 5427 461 5428 1882 5428 3649 5428 1112 5429 1187 5429 735 5429 705 5430 2422 5430 1112 5430 735 5431 705 5431 1112 5431 3546 5432 3645 5432 461 5432 1936 5433 812 5433 1937 5433 1680 5434 391 5434 1720 5434 535 5435 1829 5435 710 5435 1680 5436 487 5436 2422 5436 3059 5437 2351 5437 1132 5437 3059 5438 487 5438 1680 5438 3059 5439 1680 5439 2351 5439 1802 5440 2326 5440 2361 5440 65 5441 1760 5441 1816 5441 3288 1460 168 1460 167 1460 183 5442 129 5442 1431 5442 391 5443 1681 5443 1939 5443 812 5444 1936 5444 762 5444 522 5445 1681 5445 2422 5445 2351 5446 1131 5446 1132 5446 522 5447 1131 5447 1681 5447 1681 5448 1131 5448 2351 5448 2720 5449 3644 5449 3392 5449 1850 3905 1851 3905 1902 3905 1902 3906 1891 3906 1850 3906 2396 5450 697 5450 1936 5450 1936 5451 697 5451 3645 5451 2396 5452 1936 5452 3643 5452 487 5453 1276 5453 3585 5453 461 5454 3484 5454 3552 5454 461 5455 3552 5455 1998 5455 1998 5456 3552 5456 735 5456 461 5457 697 5457 3484 5457 3021 5458 1187 5458 1998 5458 690 5459 1462 5459 1324 5459 1324 5460 293 5460 690 5460 954 5461 356 5461 741 5461 741 5462 959 5462 954 5462 464 4714 2895 4714 2550 4714 3165 5463 2916 5463 2944 5463 262 5464 2249 5464 1790 5464 2617 5465 2076 5465 2121 5465 1125 5466 1879 5466 1357 5466 3457 5467 3539 5467 3646 5467 2484 5468 1916 5468 1945 5468 1534 5469 1536 5469 1535 5469 956 5470 3624 5470 1114 5470 2999 5471 2722 5471 3377 5471 954 5472 959 5472 926 5472 3647 9 2008 9 3601 9 68 5473 183 5473 1431 5473 2163 9 1931 9 1932 9 1932 9 2142 9 2163 9 391 5474 1939 5474 1187 5474 1666 664 1842 664 1899 664 1899 63 1667 63 1666 63 247 5475 2248 5475 2254 5475 2254 5476 3548 5476 247 5476 3470 5477 374 5477 373 5477 3496 5478 273 5478 3545 5478 3275 5479 2936 5479 2935 5479 3766 5480 980 5480 1531 5480 2857 185 1937 185 1720 185 483 5481 2767 5481 408 5481 1285 5482 1350 5482 1217 5482 711 5483 1829 5483 465 5483 3704 5484 2772 5484 3090 5484 3648 5485 262 5485 1790 5485 963 5486 742 5486 350 5486 2809 5487 600 5487 699 5487 3458 5488 500 5488 501 5488 501 5489 132 5489 3458 5489 1936 5490 3645 5490 762 5490 3041 5491 2805 5491 3437 5491 1693 5492 1204 5492 1476 5492 1151 5493 198 5493 1165 5493 3012 4777 2993 4777 2469 4777 3678 5494 839 5494 3636 5494 227 5495 1502 5495 208 5495 1197 5496 2758 5496 1220 5496 2570 5497 2231 5497 3632 5497 1966 5498 2595 5498 2596 5498 1213 3646 1212 3646 1546 3646 1276 5499 1112 5499 3585 5499 705 5500 522 5500 2422 5500 487 5501 3585 5501 2422 5501 1276 5502 1277 5502 1112 5502 813 5503 280 5503 279 5503 3396 5504 2781 5504 1296 5504 1277 5505 1720 5505 1112 5505 1131 5506 2396 5506 3643 5506 706 5507 3643 5507 2582 5507 2690 5508 706 5508 2582 5508 1187 5509 671 5509 678 5509 678 5510 1998 5510 1187 5510 1197 5511 762 5511 3649 5511 2415 5512 1793 5512 1792 5512 3649 5513 1882 5513 1197 5513 1220 5514 762 5514 1197 5514 1221 5515 720 5515 2758 5515 1882 5516 1221 5516 1197 5516 2758 5517 1197 5517 1221 5517 677 5518 678 5518 2555 5518 55 5519 3454 5519 54 5519 1223 5520 2758 5520 2261 5520 367 5521 677 5521 2555 5521 2555 5522 1223 5522 367 5522 671 5523 2555 5523 678 5523 3258 5524 3261 5524 3250 5524 3250 5157 3246 5157 3258 5157 1187 5525 1939 5525 671 5525 1939 5526 1983 5526 2555 5526 1939 5527 2555 5527 671 5527 1939 5528 762 5528 1220 5528 1939 5529 1220 5529 467 5529 1939 5530 467 5530 392 5530 1939 5530 392 5530 1983 5530 812 5531 1680 5531 1720 5531 1720 5532 1937 5532 812 5532 3650 5533 68 5533 1431 5533 186 5534 892 5534 891 5534 1906 5535 1903 5535 1844 5535 1844 5536 1840 5536 1906 5536 3643 5537 1449 5537 648 5537 648 5538 2582 5538 3643 5538 1834 5539 615 5539 3302 5539 3302 5540 1646 5540 1834 5540 1600 5541 1348 5541 1347 5541 2221 5542 1905 5542 2236 5542 27 5543 1074 5543 1107 5543 3592 5544 3586 5544 3651 5544 3505 5545 3507 5545 184 5545 184 5546 1683 5546 3505 5546 384 5547 647 5547 908 5547 908 5548 185 5548 384 5548 111 5549 110 5549 113 5549 113 5550 112 5550 111 5550 872 5551 3052 5551 3066 5551 3066 5552 871 5552 872 5552 940 5553 105 5553 412 5553 3151 5554 3136 5554 3319 5554 400 5555 891 5555 908 5555 335 5556 877 5556 426 5556 156 725 155 725 154 725 154 725 153 725 156 725 975 5557 373 5557 374 5557 374 5558 2560 5558 975 5558 1310 5559 1309 5559 1269 5559 1864 5560 2852 5560 1479 5560 2158 5561 1001 5561 1002 5561 3199 5562 2922 5562 3102 5562 1191 5563 1190 5563 1189 5563 3071 5564 351 5564 870 5564 3653 5565 3654 5565 732 5565 732 5566 3394 5566 3653 5566 2891 5567 2890 5567 2893 5567 2893 5567 2892 5567 2891 5567 1054 5568 1702 5568 1743 5568 1988 5569 2566 5569 3558 5569 2147 1013 2145 1013 2169 1013 2779 5570 3568 5570 303 5570 616 5571 1109 5571 529 5571 1051 5572 2260 5572 2378 5572 2539 4807 2171 4807 2141 4807 2480 5573 2441 5573 2475 5573 540 5574 2233 5574 1883 5574 2004 5575 1980 5575 1979 5575 1239 5576 1238 5576 1313 5576 624 5577 444 5577 445 5577 445 5578 704 5578 624 5578 3576 5579 3556 5579 1180 5579 673 5580 1448 5580 3319 5580 3425 5581 3555 5581 1837 5581 16 5582 18 5582 1300 5582 1300 5583 1285 5583 16 5583 478 5584 479 5584 859 5584 3576 5585 3169 5585 3556 5585 2903 5586 3639 5586 2883 5586 3412 5587 3391 5587 2821 5587 2821 5588 2628 5588 3412 5588 925 5589 420 5589 941 5589 645 5590 3658 5590 1118 5590 3681 5591 439 5591 438 5591 438 5592 3722 5592 3681 5592 3661 5593 3193 5593 3808 5593 2114 5594 3537 5594 1098 5594 1098 5595 2116 5595 2114 5595 762 5596 3645 5596 3546 5596 3546 5597 3649 5597 762 5597 1934 5598 169 5598 151 5598 151 5599 3630 5599 1934 5599 3576 5600 1180 5600 3662 5600 1043 5601 2373 5601 2738 5601 3576 5602 40 5602 3169 5602 1678 5603 1677 5603 817 5603 2388 5604 3683 5604 2830 5604 2457 5605 3172 5605 3094 5605 2740 5606 699 5606 1425 5606 3663 5607 3631 5607 1442 5607 3622 5608 3708 5608 3762 5608 3762 5609 3805 5609 3622 5609 3119 5610 3532 5610 2357 5610 2357 5611 397 5611 3119 5611 1339 5612 245 5612 1215 5612 3209 5613 2913 5613 2912 5613 1084 5614 2302 5614 2304 5614 3517 5615 3532 5615 3531 5615 1571 5616 1570 5616 1560 5616 3556 5617 3169 5617 1180 5617 138 5618 2878 5618 2712 5618 3656 5619 2878 5619 117 5619 117 5620 2878 5620 138 5620 2712 5621 120 5621 138 5621 138 5622 120 5622 117 5622 3392 5623 3784 5623 3429 5623 2597 5624 1966 5624 2346 5624 1212 5616 1213 5616 1546 5616 117 5625 120 5625 3656 5625 3638 5626 3687 5626 3366 5626 2931 5627 3142 5627 2806 5627 380 5628 2180 5628 381 5628 3395 5629 3396 5629 1296 5629 3081 5630 3108 5630 598 5630 598 5631 597 5631 3081 5631 1594 1139 1593 1139 1591 1139 889 5632 232 5632 916 5632 1471 747 1464 747 1463 747 1640 5633 1641 5633 1638 5633 750 5634 755 5634 756 5634 756 5635 1260 5635 750 5635 1643 5636 1642 5636 1895 5636 3670 5637 2838 5637 3667 5637 2767 5638 483 5638 2832 5638 3731 5639 2799 5639 3671 5639 3671 5640 3730 5640 3731 5640 3037 5641 3038 5641 1910 5641 1057 5642 1332 5642 1261 5642 2019 5643 2024 5643 2055 5643 2408 38 2370 38 2368 38 2368 38 2407 38 2408 38 1367 86 1368 86 1615 86 1615 86 1612 86 1367 86 2968 983 2862 983 2861 983 2861 5644 2969 5644 2968 5644 389 5645 908 5645 1012 5645 1012 5646 869 5646 389 5646 1845 5647 1847 5647 1900 5647 1900 5648 1901 5648 1845 5648 2573 5649 3318 5649 3317 5649 3317 5650 2032 5650 2573 5650 3675 5651 2756 5651 3703 5651 3703 5652 3677 5652 3675 5652 2827 5653 2783 5653 21 5653 2902 5654 3612 5654 3489 5654 3332 5655 1590 5655 3427 5655 3218 5656 2872 5656 3232 5656 1112 5657 391 5657 1187 5657 1338 5658 3327 5658 2641 5658 135 5659 3384 5659 2426 5659 3542 5660 217 5660 1436 5660 2301 5661 3699 5661 3700 5661 2797 5662 3506 5662 3739 5662 1590 5663 2426 5663 2744 5663 2427 5664 2373 5664 2379 5664 3360 5665 1599 5665 3543 5665 1043 5666 1598 5666 3543 5666 2388 5667 3577 5667 3060 5667 3482 5668 3505 5668 3487 5668 2373 5669 3542 5669 3588 5669 3588 5670 3542 5670 2380 5670 2301 5671 2804 5671 3511 5671 2301 5672 3511 5672 3699 5672 2380 5673 2427 5673 2379 5673 2427 5674 2166 5674 3511 5674 43 5675 3380 5675 3146 5675 43 5676 3146 5676 831 5676 3380 5677 1598 5677 1043 5677 3442 5678 3443 5678 3340 5678 3442 5679 3340 5679 2301 5679 2804 5680 2427 5680 3511 5680 3704 5681 839 5681 3678 5681 3678 5682 2772 5682 3704 5682 2380 5683 3542 5683 1436 5683 1027 5684 589 5684 3327 5684 3432 5685 2792 5685 3613 5685 3613 5686 3433 5686 3432 5686 3380 5687 1043 5687 2738 5687 388 5688 3537 5688 2897 5688 830 5689 3700 5689 2296 5689 2934 5690 1951 5690 3217 5690 1833 5691 1888 5691 2738 5691 2373 5692 3588 5692 2379 5692 3146 5693 2738 5693 1888 5693 3443 5694 2804 5694 3340 5694 3384 5695 1833 5695 2426 5695 2744 5696 2804 5696 3443 5696 1304 5697 2733 5697 3090 5697 3001 5698 2097 5698 1857 5698 2397 5699 3139 5699 3147 5699 1361 86 1360 86 1363 86 1363 86 1362 86 1361 86 2061 5700 1958 5700 89 5700 1613 1147 1612 1147 1615 1147 1615 5701 1614 5701 1613 5701 1840 5702 1906 5702 1849 5702 2132 5703 2236 5703 1905 5703 686 5704 685 5704 684 5704 684 5705 683 5705 686 5705 3209 5706 3223 5706 3210 5706 33 17 3249 17 3260 17 2087 5707 2086 5707 2956 5707 546 5708 310 5708 2964 5708 3304 5709 3303 5709 3610 5709 3610 5710 3609 5710 3304 5710 1353 5711 1162 5711 1163 5711 3567 5712 2817 5712 504 5712 1328 5713 1317 5713 1214 5713 1214 5714 292 5714 1328 5714 2483 5715 1846 5715 1892 5715 2407 5716 2410 5716 2217 5716 2217 5717 2368 5717 2407 5717 688 5718 875 5718 873 5718 2733 5719 3680 5719 3722 5719 3722 5720 438 5720 2733 5720 2742 5721 151 5721 169 5721 169 5722 3706 5722 2742 5722 2301 5723 3700 5723 830 5723 3229 5724 248 5724 247 5724 594 5725 846 5725 878 5725 395 5726 2424 5726 1715 5726 1715 5727 2688 5727 395 5727 884 5728 948 5728 664 5728 230 5729 965 5729 916 5729 2159 5730 3710 5730 3142 5730 3142 5731 3711 5731 2159 5731 950 5732 419 5732 919 5732 3594 5733 3738 5733 2296 5733 2296 5734 1436 5734 3594 5734 3431 5735 3041 5735 3351 5735 2593 5736 2592 5736 3086 5736 3162 5737 2818 5737 2302 5737 2302 5738 1084 5738 3162 5738 2842 5739 2843 5739 2823 5739 2823 5740 2826 5740 2842 5740 34 5741 3577 5741 2389 5741 2622 5742 3535 5742 84 5742 3426 5743 3701 5743 992 5743 3426 5744 2405 5744 3701 5744 3380 5745 43 5745 1858 5745 3331 5746 1573 5746 3034 5746 3034 5747 3330 5747 3331 5747 3439 5748 3380 5748 3354 5748 1515 5749 1504 5749 2202 5749 3604 5750 3712 5750 3709 5750 2705 5751 920 5751 2381 5751 3227 5752 1371 5752 1370 5752 1871 5753 1870 5753 1869 5753 1869 4090 1868 4090 1871 4090 1276 185 487 185 522 185 522 185 705 185 1276 185 1043 5754 3543 5754 1599 5754 1422 5755 2379 5755 3588 5755 3720 5756 1951 5756 1422 5756 3720 5757 1422 5757 1043 5757 371 5758 830 5758 2296 5758 3543 5759 1422 5759 3588 5759 3543 5760 3588 5760 2380 5760 1599 5761 3720 5761 1043 5761 3543 5762 2380 5762 3360 5762 2373 5763 1043 5763 2872 5763 1951 5764 2379 5764 1422 5764 3542 5765 3543 5765 1598 5765 1598 5766 217 5766 3542 5766 2792 5767 3433 5767 3355 5767 3355 5768 3333 5768 2792 5768 699 5769 2740 5769 1142 5769 3689 5770 3746 5770 3340 5770 3510 5771 3719 5771 3718 5771 3718 5772 3571 5772 3510 5772 2166 5773 371 5773 2296 5773 3699 5774 371 5774 2166 5774 3610 5775 3689 5775 3511 5775 3689 5776 371 5776 3511 5776 3511 5777 371 5777 3699 5777 3746 5778 2787 5778 3340 5778 3340 5779 2787 5779 2301 5779 2804 5780 2752 5780 3340 5780 3686 5781 2963 5781 3723 5781 3723 5782 3685 5782 3686 5782 3245 5783 236 5783 3565 5783 3672 5784 3732 5784 3753 5784 3753 5785 3752 5785 3672 5785 3228 5786 3724 5786 276 5786 236 5787 3443 5787 3670 5787 3670 5788 3443 5788 3442 5788 3725 5789 3670 5789 3442 5789 3725 5790 3442 5790 1222 5790 236 5791 3724 5791 3625 5791 3625 5792 3724 5792 2775 5792 2775 5793 3724 5793 3228 5793 3625 5794 3374 5794 3565 5794 3382 5795 2775 5795 3228 5795 3725 5796 1222 5796 3724 5796 3724 5797 1222 5797 276 5797 3565 5798 236 5798 3625 5798 2787 5799 3442 5799 830 5799 2797 5800 3641 5800 3702 5800 3729 5801 2884 5801 1099 5801 3732 5802 2751 5802 3679 5802 3380 5803 3715 5803 2751 5803 3679 5804 2798 5804 2799 5804 3430 5805 3426 5805 2798 5805 2884 5806 3732 5806 3679 5806 3672 5807 3729 5807 1099 5807 3672 5808 1099 5808 1598 5808 3730 5809 3728 5809 3619 5809 3730 5810 3619 5810 3780 5810 2799 5811 3731 5811 3679 5811 3679 5812 3731 5812 2770 5812 1598 5813 3380 5813 3672 5813 3380 5814 3426 5814 3715 5814 3715 5815 3426 5815 3430 5815 3426 5816 3619 5816 3728 5816 2770 5817 3731 5817 2884 5817 2884 5818 3731 5818 1099 5818 3465 5819 3580 5819 3434 5819 3434 5820 3349 5820 3465 5820 3756 5821 3672 5821 3752 5821 3752 5822 3778 5822 3756 5822 84 5823 3487 5823 1683 5823 1683 5824 3482 5824 84 5824 3731 5825 3780 5825 1099 5825 3730 5826 3780 5826 3731 5826 3728 5827 3671 5827 3741 5827 3741 5828 3691 5828 3728 5828 1102 5829 3070 5829 3213 5829 3213 154 1104 154 1102 154 451 5830 450 5830 1176 5830 2569 5831 1911 5831 3457 5831 3457 5832 3628 5832 2569 5832 1688 5833 2742 5833 3734 5833 3734 5834 2937 5834 1688 5834 217 5835 3360 5835 1436 5835 3665 5836 3736 5836 1304 5836 2787 5837 830 5837 371 5837 371 5838 2301 5838 2787 5838 3090 5839 2733 5839 438 5839 3112 5840 992 5840 2822 5840 3736 5841 2901 5841 1304 5841 3571 5842 3714 5842 3594 5842 3666 5843 3602 5843 2746 5843 992 5844 3716 5844 3736 5844 2901 5845 3723 5845 1304 5845 1304 5846 3723 5846 2733 5846 2900 5847 2731 5847 2901 5847 3619 5848 3333 5848 3719 5848 2901 5849 182 5849 3723 5849 3577 5850 2388 5850 2389 5850 2682 5851 2564 5851 3713 5851 2565 5852 2682 5852 3737 5852 3719 5853 3613 5853 3713 5853 3719 5854 3713 5854 3597 5854 3090 5855 3602 5855 3737 5855 3737 5856 3602 5856 3666 5856 3426 5857 992 5857 3112 5857 3619 5858 3426 5858 3333 5858 438 5859 3702 5859 3636 5859 3636 5860 3702 5860 3739 5860 3613 5861 2682 5861 3713 5861 830 5862 3442 5862 2301 5862 2804 5863 2753 5863 2768 5863 2768 5864 2752 5864 2804 5864 3597 5865 2564 5865 3719 5865 3719 5866 2564 5866 3714 5866 2682 5867 3090 5867 3737 5867 1043 5868 1422 5868 3282 5868 3282 5869 2872 5869 1043 5869 3333 5870 3426 5870 2887 5870 2746 5871 3641 5871 3738 5871 3740 5872 3665 5872 2887 5872 2887 5873 3112 5873 3740 5873 3146 5874 3380 5874 2738 5874 3090 5875 438 5875 3636 5875 1447 5876 995 5876 994 5876 3104 5877 3105 5877 3085 5877 3085 5878 3079 5878 3104 5878 3270 5879 2259 5879 2256 5879 1464 5880 1471 5880 783 5880 783 5881 1325 5881 1464 5881 1390 5882 1058 5882 1319 5882 1319 5883 1332 5883 1390 5883 320 5884 2829 5884 2836 5884 2764 5885 2111 5885 3384 5885 2111 5886 2033 5886 3384 5886 3060 5887 2033 5887 2111 5887 135 5888 2111 5888 3452 5888 135 5889 3060 5889 2111 5889 2664 5890 2669 5890 1144 5890 1144 5891 1143 5891 2664 5891 182 5892 3684 5892 3685 5892 3685 5893 3723 5893 182 5893 3723 5894 2963 5894 2733 5894 3427 5895 2177 5895 2388 5895 2177 5896 2389 5896 2388 5896 3603 5897 3427 5897 2744 5897 3365 5898 3638 5898 2888 5898 2888 5899 3595 5899 3594 5899 2962 5900 3593 5900 3595 5900 3595 5901 2889 5901 2962 5901 2962 5902 2889 5902 3638 5902 3638 5903 1784 5903 2962 5903 3360 5904 3365 5904 2888 5904 3360 5905 3366 5905 3365 5905 3360 5906 2888 5906 3594 5906 1952 5907 3593 5907 2728 5907 3660 5908 3282 5908 2373 5908 3169 5909 2155 5909 1109 5909 1952 5910 1784 5910 2379 5910 3593 5911 3713 5911 2564 5911 3638 5912 2889 5912 2888 5912 3713 5913 3593 5913 1952 5913 1952 5914 3742 5914 3713 5914 3743 5915 3742 5915 3445 5915 1952 5916 3145 5916 3742 5916 1951 5917 2934 5917 1952 5917 3145 5918 3445 5918 3742 5918 3720 5919 3217 5919 1951 5919 2934 5920 3145 5920 1952 5920 3673 5921 3745 5921 3744 5921 731 5922 2167 5922 2296 5922 2380 5923 2379 5923 1783 5923 2165 5924 3511 5924 2166 5924 3610 5925 2165 5925 3607 5925 3610 5926 3511 5926 2165 5926 3738 5927 3587 5927 732 5927 3738 5928 3394 5928 3587 5928 3738 5929 732 5929 731 5929 3738 5930 731 5930 2296 5930 3737 5931 3653 5931 2565 5931 3609 5932 3653 5932 3737 5932 3609 5933 3608 5933 3653 5933 3702 5934 3506 5934 2797 5934 1742 38 1699 38 1698 38 1698 5935 1749 5935 1742 5935 3680 5936 2733 5936 439 5936 439 5937 3681 5937 3680 5937 3603 5938 2681 5938 3746 5938 2744 5939 2681 5939 3603 5939 1114 5940 3603 5940 1531 5940 3747 5941 3344 5941 3682 5941 1150 5942 1165 5942 199 5942 199 5943 198 5943 1150 5943 3750 5944 2010 5944 2009 5944 2009 5945 3751 5945 3750 5945 1866 5946 3163 5946 2394 5946 3632 5947 2231 5947 3633 5947 881 5948 890 5948 860 5948 2130 5949 838 5949 747 5949 747 5950 2131 5950 2130 5950 992 5951 1858 5951 34 5951 34 5952 2731 5952 992 5952 1843 1917 1892 1917 1846 1917 552 5953 504 5953 2817 5953 2817 5954 778 5954 552 5954 3192 5955 3429 5955 3760 5955 365 5956 855 5956 366 5956 2166 5957 2380 5957 1436 5957 1436 5958 3700 5958 2166 5958 2746 5959 3738 5959 3714 5959 2690 5960 1937 5960 2857 5960 2815 5961 2823 5961 2813 5961 3426 5962 3380 5962 3439 5962 3426 5963 3439 5963 2405 5963 3575 5964 1811 5964 3326 5964 3326 5965 3761 5965 3575 5965 3310 5966 746 5966 470 5966 1467 5967 1459 5967 749 5967 749 5968 1339 5968 1467 5968 417 5969 1034 5969 924 5969 924 5970 460 5970 417 5970 964 5971 736 5971 967 5971 2375 5972 3559 5972 1423 5972 2763 5973 3497 5973 2762 5973 1075 5974 319 5974 784 5974 3707 5975 3432 5975 3433 5975 3432 5976 971 5976 2695 5976 3187 212 3186 212 3197 212 3197 212 3202 212 3187 212 1054 5977 1744 5977 1700 5977 264 5978 953 5978 2599 5978 3682 5979 2744 5979 3746 5979 3746 5980 2681 5980 3682 5980 432 5981 1660 5981 2222 5981 2222 5982 1645 5982 432 5982 2388 5983 2830 5983 3332 5983 3332 5984 3427 5984 2388 5984 502 5985 927 5985 1371 5985 3427 5986 1590 5986 2744 5986 953 5987 2513 5987 3091 5987 3566 5988 26 5988 2901 5988 3452 5989 2764 5989 3384 5989 3384 5990 135 5990 3452 5990 26 5991 2900 5991 2901 5991 3716 5992 2900 5992 26 5992 3736 5993 26 5993 3765 5993 3736 5994 3716 5994 26 5994 3356 5995 2389 5995 2177 5995 3356 5996 2177 5996 2570 5996 34 5997 2033 5997 44 5997 44 5998 3577 5998 34 5998 1384 5999 1381 5999 1342 5999 1342 6000 799 6000 1384 6000 3475 6001 1544 6001 1881 6001 2901 6002 2731 6002 182 6002 3475 6003 2963 6003 1544 6003 1544 6004 2344 6004 1881 6004 1048 6005 1484 6005 539 6005 2344 6006 3449 6006 359 6006 1544 6007 3633 6007 2234 6007 2779 6008 3624 6008 1113 6008 1113 6009 1048 6009 2779 6009 3449 6010 1484 6010 360 6010 1883 6011 2779 6011 1048 6011 1881 6012 2344 6012 359 6012 359 6013 3231 6013 1881 6013 531 6014 1883 6014 2233 6014 2233 6015 196 6015 531 6015 2570 6016 558 6016 2231 6016 196 6017 2260 6017 531 6017 2570 6018 195 6018 558 6018 1484 6019 1048 6019 1531 6019 3241 6020 3368 6020 3367 6020 3367 6021 633 6021 3241 6021 1048 6022 1114 6022 1531 6022 2774 6023 3657 6023 2930 6023 2930 6024 3634 6024 2774 6024 2778 6025 531 6025 2260 6025 2082 6026 1372 6026 725 6026 725 6027 1946 6027 2082 6027 1531 6028 3603 6028 3766 6028 2565 6029 3653 6029 3394 6029 3394 6030 3738 6030 2565 6030 2231 6031 195 6031 2232 6031 1114 6032 3427 6032 3603 6032 2378 6033 2177 6033 2779 6033 1544 6034 2570 6034 3633 6034 2177 6035 1114 6035 3624 6035 2177 6036 3624 6036 3568 6036 2570 6037 2177 6037 195 6037 195 6038 2177 6038 2260 6038 2260 6039 2177 6039 2378 6039 2747 6040 3449 6040 360 6040 3449 6041 2747 6041 359 6041 2744 6042 3344 6042 2681 6042 2887 6043 3613 6043 3333 6043 1783 6044 2379 6044 3381 6044 2810 6045 2962 6045 2728 6045 3087 6046 3133 6046 2624 6046 2774 6047 2299 6047 3657 6047 3351 6048 3441 6048 588 6048 363 6049 1138 6049 939 6049 3383 6050 2810 6050 2889 6050 1784 6051 3687 6051 3637 6051 3687 6052 3381 6052 3366 6052 12 6053 984 6053 638 6053 2564 6054 3510 6054 3594 6054 3597 6055 3510 6055 2564 6055 3742 6056 3355 6056 3713 6056 3355 6057 3510 6057 3713 6057 3713 6058 3510 6058 3597 6058 3743 6059 3718 6059 3333 6059 3636 6060 3704 6060 3090 6060 3333 6061 3718 6061 3719 6061 3586 6062 403 6062 3491 6062 589 6063 1027 6063 590 6063 3217 6064 3720 6064 3590 6064 3590 6065 3232 6065 2872 6065 906 6066 838 6066 3304 6066 3743 6067 3445 6067 3694 6067 2695 6068 3694 6068 3432 6068 3671 6069 3756 6069 3679 6069 3671 6070 3720 6070 3756 6070 3659 6071 2838 6071 3670 6071 3670 6072 3755 6072 3659 6072 2885 6073 3729 6073 1599 6073 3463 6074 317 6074 2875 6074 2875 6075 1811 6075 3463 6075 3743 6076 3720 6076 3671 6076 3743 6077 3671 6077 3728 6077 3743 6078 3728 6078 3718 6078 3728 6079 3730 6079 3718 6079 3730 6080 3671 6080 3679 6080 3730 6081 3679 6081 2770 6081 3756 6082 2885 6082 3679 6082 3679 6083 2885 6083 3754 6083 3729 6084 3672 6084 1599 6084 3803 6085 3215 6085 1201 6085 2770 6086 3754 6086 2885 6086 3345 6087 3770 6087 3579 6087 3579 6088 3346 6088 3345 6088 3730 6089 2770 6089 2885 6089 3730 6090 2885 6090 1599 6090 3720 6091 1599 6091 3672 6091 3364 6092 3465 6092 2770 6092 2770 6093 2884 6093 3364 6093 3756 6094 3720 6094 3672 6094 1908 6095 2553 6095 3368 6095 3368 6096 3241 6096 1908 6096 3718 6097 3730 6097 1599 6097 2736 6098 3218 6098 3660 6098 2736 6099 2872 6099 3218 6099 530 6100 3458 6100 132 6100 2729 6101 906 6101 839 6101 3329 6102 3676 6102 3663 6102 2768 6103 273 6103 2752 6103 273 6104 2753 6104 2752 6104 3678 6105 3739 6105 3506 6105 3739 6106 2565 6106 3738 6106 438 6107 3678 6107 3506 6107 3739 6108 3666 6108 2565 6108 439 6109 3678 6109 438 6109 439 6110 2772 6110 3678 6110 3739 6111 2772 6111 3737 6111 3739 6112 3737 6112 3666 6112 3571 6113 3619 6113 3719 6113 906 6114 3704 6114 3636 6114 3636 6115 839 6115 906 6115 3609 6116 3737 6116 2772 6116 3497 6117 2753 6117 273 6117 3497 6118 3610 6118 2753 6118 2763 6119 3610 6119 3497 6119 3603 6120 3610 6120 2763 6120 3610 6121 3303 6121 2753 6121 3771 6122 2753 6122 3303 6122 3772 6123 3704 6123 906 6123 3609 6124 439 6124 2762 6124 3609 6125 3772 6125 906 6125 3609 6126 2762 6126 3772 6126 3304 6127 3609 6127 906 6127 733 6128 3376 6128 731 6128 3401 6129 3311 6129 3420 6129 3695 6130 3375 6130 2167 6130 3376 6131 3385 6131 3607 6131 2827 6132 2812 6132 2840 6132 3587 6133 2706 6133 732 6133 2165 6134 3375 6134 3695 6134 3394 6135 3688 6135 3587 6135 3593 6136 3383 6136 3512 6136 959 6137 604 6137 926 6137 3370 6138 2392 6138 747 6138 1099 6139 3780 6139 3718 6139 3718 6140 1599 6140 1099 6140 3755 6141 3565 6141 3374 6141 3245 6142 3565 6142 3755 6142 3724 6143 3382 6143 3623 6143 3285 6144 2780 6144 3778 6144 3670 6145 3245 6145 3755 6145 2779 6146 2778 6146 2260 6146 3746 6147 3245 6147 3670 6147 3746 6148 3670 6148 2787 6148 3670 6149 3725 6149 2787 6149 3724 6150 3755 6150 3374 6150 3724 6151 3374 6151 3382 6151 2787 6152 3725 6152 3724 6152 2787 6153 3724 6153 3623 6153 838 6154 3003 6154 2131 6154 3775 6155 3332 6155 2830 6155 3696 6156 3778 6156 3752 6156 3752 6157 2780 6157 3696 6157 2388 6158 135 6158 2426 6158 2426 6159 1590 6159 2388 6159 3717 6160 3777 6160 3767 6160 3744 6161 3781 6161 3581 6161 3581 6162 3693 6162 3744 6162 3613 6163 2792 6163 3333 6163 3660 6164 2373 6164 2872 6164 2429 6165 2132 6165 124 6165 182 6166 2570 6166 2963 6166 3356 6167 2570 6167 182 6167 2963 6168 3475 6168 2733 6168 2733 6169 3475 6169 439 6169 3749 6170 3758 6170 3483 6170 3758 6171 3549 6171 3483 6171 3702 6172 438 6172 2734 6172 2734 6173 2877 6173 3669 6173 438 6174 2877 6174 2734 6174 2209 6175 3387 6175 2745 6175 3669 6176 2877 6176 1149 6176 3758 6177 3669 6177 3467 6177 3758 6178 3467 6178 3757 6178 3758 6179 3757 6179 3782 6179 2734 6180 3749 6180 3483 6180 2734 6181 3483 6181 3702 6181 3668 6182 2769 6182 2788 6182 2788 6183 1800 6183 3668 6183 2497 6184 2500 6184 2508 6184 3343 6185 3440 6185 2802 6185 1087 6186 1086 6186 3204 6186 3775 6187 2830 6187 3683 6187 3342 6188 3685 6188 3684 6188 400 6189 910 6189 1029 6189 3751 6190 3601 6190 2008 6190 460 6191 925 6191 1030 6191 119 6192 1580 6192 3266 6192 630 6193 1950 6193 1755 6193 1536 6194 1534 6194 1535 6194 891 6195 878 6195 846 6195 1983 6196 392 6196 1223 6196 1118 6197 178 6197 1549 6197 1549 6198 645 6198 1118 6198 2810 6199 3512 6199 2888 6199 3381 6200 3637 6200 3365 6200 1934 6201 3630 6201 1946 6201 1946 6202 1098 6202 1934 6202 3637 6203 3638 6203 3365 6203 3641 6204 2797 6204 3738 6204 3381 6205 3365 6205 3366 6205 1598 6206 1599 6206 3360 6206 2472 6207 3218 6207 3232 6207 971 6208 3544 6208 2695 6208 3544 6209 3456 6209 2695 6209 3456 6210 211 6210 2695 6210 618 6211 620 6211 3456 6211 3456 6212 971 6212 618 6212 3217 6213 3282 6213 3218 6213 2732 6214 3445 6214 971 6214 971 6215 3445 6215 618 6215 410 6216 3232 6216 435 6216 435 6217 3232 6217 211 6217 211 6218 3232 6218 2695 6218 410 6219 436 6219 3232 6219 1821 6220 1771 6220 361 6220 1653 86 1654 86 2979 86 2979 86 2951 86 1653 86 436 6221 2472 6221 3232 6221 971 6222 3707 6222 2732 6222 3432 6223 3707 6223 971 6223 3445 6224 3145 6224 2934 6224 3445 6225 2934 6225 3217 6225 1426 6226 3217 6226 1018 6226 1426 6227 3445 6227 3217 6227 620 6228 3445 6228 1426 6228 838 6229 2131 6229 3304 6229 273 6230 3771 6230 3303 6230 3545 6231 273 6231 3303 6231 272 6232 3545 6232 3303 6232 3238 212 2447 212 2450 212 2450 212 3243 212 3238 212 748 6233 272 6233 3303 6233 3369 6234 3370 6234 747 6234 747 6235 838 6235 3369 6235 254 6236 2578 6236 3798 6236 3798 6237 251 6237 254 6237 3704 6238 3772 6238 3369 6238 3304 6239 1865 6239 748 6239 3704 6240 3369 6240 838 6240 3304 6241 748 6241 3303 6241 2131 6242 1865 6242 3304 6242 2763 6243 357 6243 3603 6243 358 6244 2762 6244 439 6244 2763 6245 2762 6245 357 6245 357 6246 2762 6246 358 6246 1542 6247 3564 6247 134 6247 838 6248 2729 6248 839 6248 906 6249 2729 6249 838 6249 3092 86 3093 86 628 86 628 86 627 86 3092 86 3433 6250 2732 6250 3707 6250 169 6251 1934 6251 2782 6251 2782 6252 150 6252 169 6252 3342 6253 3686 6253 3685 6253 3747 6254 3682 6254 2681 6254 2135 1067 2138 1067 2173 1067 1532 6255 2470 6255 2471 6255 2471 6256 2652 6256 1532 6256 360 6257 980 6257 3603 6257 439 6258 3231 6258 359 6258 3684 6259 182 6259 2963 6259 2963 6260 3686 6260 3684 6260 3748 6261 3681 6261 3722 6261 3775 6262 3683 6262 3332 6262 1333 5411 1155 5411 1394 5411 2037 6263 2745 6263 2032 6263 3593 6264 3512 6264 2810 6264 2810 6265 2728 6265 3593 6265 2445 86 2479 86 2059 86 2059 86 2434 86 2445 86 1413 6266 1412 6266 750 6266 750 6267 749 6267 1413 6267 1295 6268 1294 6268 1293 6268 1293 6269 1292 6269 1295 6269 3748 6270 3680 6270 3681 6270 3399 6271 1990 6271 3514 6271 3748 6272 3722 6272 3680 6272 3342 6273 3684 6273 3686 6273 404 6274 403 6274 3586 6274 3493 6275 3485 6275 340 6275 340 6276 3492 6276 3493 6276 2570 6277 1544 6277 2963 6277 2194 6278 2978 6278 2952 6278 2631 6279 2630 6279 2987 6279 1120 6280 815 6280 2461 6280 2461 6281 1306 6281 1120 6281 128 6282 928 6282 643 6282 203 6283 718 6283 991 6283 1114 6284 2177 6284 3427 6284 440 6285 195 6285 2231 6285 1172 6286 1173 6286 1165 6286 3487 6287 84 6287 2623 6287 2623 6288 3482 6288 3487 6288 975 6289 341 6289 3485 6289 3485 6290 3493 6290 975 6290 1829 6291 535 6291 3103 6291 3380 6292 2751 6292 3672 6292 2832 6293 383 6293 2767 6293 3700 6294 1436 6294 2296 6294 3714 6295 3738 6295 3594 6295 3433 6296 2792 6296 2732 6296 2792 6297 3432 6297 2732 6297 3360 6298 217 6298 1598 6298 2743 6299 3359 6299 1441 6299 3134 185 1019 185 672 185 1018 6300 672 6300 1019 6300 1427 6301 2099 6301 211 6301 1427 6302 1426 6302 2099 6302 2600 6303 619 6303 3456 6303 971 6304 619 6304 3544 6304 3445 6305 619 6305 618 6305 435 6306 3518 6306 3306 6306 436 6307 3134 6307 672 6307 3771 6308 2768 6308 2753 6308 2717 6309 2788 6309 2789 6309 2789 6310 1800 6310 2717 6310 2780 6311 3752 6311 3753 6311 3753 6312 3778 6312 2780 6312 2765 6313 3434 6313 3580 6313 2430 6314 1430 6314 1429 6314 2130 6315 3369 6315 3003 6315 272 6316 3495 6316 3545 6316 3000 6317 1198 6317 3553 6317 3553 6318 748 6318 3000 6318 2393 6319 2392 6319 1865 6319 1866 6320 1865 6320 2392 6320 3495 185 3494 185 3545 185 2414 6321 3545 6321 3494 6321 838 6322 2130 6322 3003 6322 1198 6323 2394 6323 3553 6323 3163 6324 3553 6324 2394 6324 747 6325 2393 6325 1865 6325 1867 6326 1866 6326 2394 6326 2131 6327 2392 6327 3370 6327 1149 6328 3668 6328 3467 6328 3549 6329 3749 6329 3506 6329 438 6330 3506 6330 2769 6330 3773 6331 2717 6331 1800 6331 2877 6332 3668 6332 1149 6332 2877 6333 2769 6333 3668 6333 2877 6334 438 6334 2769 6334 3668 6335 3749 6335 3467 6335 3467 6336 3749 6336 3757 6336 3757 6337 3749 6337 3782 6337 3749 6338 2769 6338 3506 6338 3163 6339 3497 6339 2414 6339 3772 6340 3497 6340 3163 6340 1866 6341 3772 6341 3163 6341 2392 6342 3772 6342 1866 6342 3369 6343 3772 6343 2392 6343 3181 86 3178 86 3188 86 3188 86 3200 86 3181 86 1071 6344 257 6344 275 6344 2736 6345 3660 6345 2872 6345 2837 6346 3659 6346 3667 6346 3667 6347 2838 6347 2837 6347 3500 6348 2837 6348 2838 6348 3754 6349 2770 6349 3465 6349 3465 6350 3349 6350 3754 6350 1442 6351 1987 6351 2718 6351 236 6352 3670 6352 3667 6352 3667 6353 3659 6353 236 6353 2322 86 2321 86 2320 86 2320 86 2319 86 2322 86 3747 6354 2681 6354 3344 6354 3690 6355 3741 6355 3611 6355 3611 6356 3691 6356 3690 6356 3549 6357 3506 6357 3483 6357 1167 6358 1173 6358 198 6358 198 6359 1153 6359 1167 6359 1954 969 682 969 679 969 1466 6360 17 6360 751 6360 751 6361 1344 6361 1466 6361 711 6362 465 6362 710 6362 3552 6363 3484 6363 1993 6363 1993 6364 3454 6364 3552 6364 3322 700 3281 700 2204 700 3449 6365 2344 6365 3230 6365 626 6366 629 6366 603 6366 489 6367 1646 6367 2271 6367 1997 6368 33 6368 3280 6368 3122 6369 635 6369 1280 6369 1190 6370 1191 6370 1189 6370 61 6371 936 6371 2094 6371 2094 6372 60 6372 61 6372 1484 6373 3449 6373 1483 6373 3027 700 3031 700 3044 700 3044 700 3045 700 3027 700 3409 6374 656 6374 3414 6374 3414 6375 3109 6375 3409 6375 1162 6376 1301 6376 1385 6376 1387 9 1394 9 1388 9 3785 6377 2782 6377 1934 6377 1852 181 1853 181 1873 181 1873 42 1896 42 1852 42 2822 6378 992 6378 3736 6378 3736 6379 3665 6379 2822 6379 3773 6380 1800 6380 3697 6380 3437 6381 3441 6381 3351 6381 3778 6382 3696 6382 3285 6382 3349 6383 3434 6383 2765 6383 3544 6384 620 6384 2600 6384 3518 6385 2099 6385 3306 6385 1426 6386 3306 6386 2099 6386 3773 6387 3697 6387 2717 6387 3572 6388 3733 6388 3584 6388 3584 6389 3794 6389 3572 6389 3364 6390 3349 6390 3580 6390 3580 6391 3465 6391 3364 6391 3591 6392 3691 6392 3741 6392 3741 6393 3690 6393 3591 6393 3285 6394 3696 6394 2780 6394 2799 6395 3728 6395 3611 6395 3611 6396 3741 6396 2799 6396 3500 6397 2838 6397 3698 6397 3500 6398 3698 6398 2837 6398 1224 6399 214 6399 2713 6399 2362 6400 3091 6400 36 6400 1798 6401 2575 6401 36 6401 1798 6402 214 6402 2575 6402 47 6403 3627 6403 382 6403 3354 6404 1858 6404 992 6404 992 6405 3701 6405 3354 6405 3036 6406 3437 6406 2805 6406 2880 6407 1072 6407 3453 6407 264 6408 3627 6408 47 6408 3091 6409 1055 6409 36 6409 1717 6410 2599 6410 953 6410 2621 6411 1475 6411 214 6411 3169 6412 40 6412 2046 6412 2457 6413 1567 6413 1569 6413 35 6414 2018 6414 2362 6414 3168 6415 2575 6415 1475 6415 35 6416 2362 6416 36 6416 2713 6417 214 6417 1798 6417 2599 6418 1717 6418 2018 6418 3284 6419 2599 6419 2018 6419 3284 6420 2018 6420 35 6420 1272 6421 1798 6421 1055 6421 3091 6422 2513 6422 1055 6422 953 6423 3091 6423 1717 6423 3284 6424 3168 6424 3627 6424 3284 6425 3627 6425 264 6425 1055 6426 1798 6426 36 6426 3284 6427 264 6427 2599 6427 3168 6428 36 6428 2575 6428 1475 6429 2621 6429 3627 6429 3627 6430 3168 6430 1475 6430 1533 6431 662 6431 2851 6431 2513 6432 2713 6432 1272 6432 3749 6433 3549 6433 3782 6433 47 6434 382 6434 2713 6434 47 6435 2713 6435 2513 6435 385 6436 390 6436 863 6436 2811 6437 745 6437 1507 6437 1466 9 1459 9 17 9 1946 6438 725 6438 3578 6438 1938 31 3258 31 3246 31 2986 6439 2890 6439 2893 6439 2893 6440 3014 6440 2986 6440 1563 6441 1228 6441 1227 6441 635 6442 1136 6442 3421 6442 1244 117 1207 117 1208 117 195 6443 2260 6443 1942 6443 423 38 422 38 1756 38 1756 38 1962 38 423 38 212 6444 718 6444 203 6444 497 1464 496 1464 3281 1464 1018 6445 1019 6445 436 6445 2252 983 3013 983 2984 983 2984 6446 2253 6446 2252 6446 851 6447 972 6447 632 6447 3289 6448 2947 6448 2919 6448 1396 6449 608 6449 1310 6449 1310 6450 1359 6450 1396 6450 227 6451 2017 6451 226 6451 474 6452 926 6452 604 6452 1399 6453 1405 6453 773 6453 773 6454 1346 6454 1399 6454 3404 6455 3110 6455 3405 6455 3193 6456 3705 6456 2083 6456 97 778 96 778 95 778 95 6457 94 6457 97 6457 1029 6458 399 6458 400 6458 1716 6459 1443 6459 2461 6459 3019 6460 2960 6460 1514 6460 1396 6461 1409 6461 692 6461 692 6462 1358 6462 1396 6462 1299 6463 1413 6463 1274 6463 1274 6464 1335 6464 1299 6464 1097 6465 3537 6465 3538 6465 1389 6466 1413 6466 749 6466 749 6467 755 6467 1389 6467 2670 6468 1946 6468 1967 6468 2628 6469 2819 6469 3417 6469 3417 6470 3407 6470 2628 6470 3604 6471 2931 6471 3642 6471 876 6472 832 6472 856 6472 856 6473 937 6473 876 6473 568 9 1465 9 569 9 636 6474 2066 6474 1010 6474 1781 6475 1757 6475 1548 6475 846 6476 908 6476 891 6476 3558 6477 3520 6477 1988 6477 1509 1139 1508 1139 1510 1139 1210 6478 1209 6478 1554 6478 608 6479 607 6479 1311 6479 1311 6480 1310 6480 608 6480 3766 6481 3603 6481 980 6481 426 6482 802 6482 335 6482 1627 6483 887 6483 886 6483 3199 6484 2319 6484 2320 6484 2320 6485 2922 6485 3199 6485 675 6486 3195 6486 149 6486 119 6487 379 6487 1829 6487 675 6488 2897 6488 2896 6488 1404 6489 1402 6489 721 6489 721 6490 570 6490 1404 6490 2585 6491 3726 6491 2937 6491 2937 6492 2586 6492 2585 6492 1519 4363 1506 4363 1516 4363 529 6493 3650 6493 163 6493 2149 6494 14 6494 15 6494 15 4917 2058 4917 2149 4917 821 6495 2659 6495 369 6495 369 6496 471 6496 821 6496 3749 6497 3668 6497 3669 6497 3669 6498 3758 6498 3749 6498 347 6499 1480 6499 3424 6499 2487 6500 2495 6500 2496 6500 1272 6501 2713 6501 1798 6501 529 6502 163 6502 102 6502 382 6503 1224 6503 2713 6503 2414 6504 3494 6504 272 6504 425 6505 2234 6505 2233 6505 1088 6506 1911 6506 933 6506 2460 6507 2997 6507 2209 6507 2209 6508 2037 6508 2460 6508 3294 6509 1292 6509 1295 6509 1500 6510 1499 6510 209 6510 162 6511 2563 6511 3271 6511 654 6512 1749 6512 1698 6512 1698 2770 655 2770 654 2770 1170 6513 1171 6513 1169 6513 1169 6514 1343 6514 1170 6514 582 38 581 38 584 38 584 38 583 38 582 38 2142 700 1932 700 1931 700 1931 700 2163 700 2142 700 3002 6515 2103 6515 3461 6515 3461 6516 556 6516 3002 6516 3716 6517 992 6517 2731 6517 2731 6518 2900 6518 3716 6518 3117 6519 3128 6519 3126 6519 3126 6519 3118 6519 3117 6519 2824 6520 2870 6520 2871 6520 1158 6521 751 6521 1413 6521 2824 6522 2852 6522 2836 6522 2798 6523 3426 6523 3728 6523 2233 6524 539 6524 3449 6524 1180 6525 616 6525 1540 6525 3582 6526 104 6526 2323 6526 1180 6527 1540 6527 3662 6527 3423 6528 2162 6528 2700 6528 2700 6529 2347 6529 3423 6529 2194 4335 3018 4335 2961 4335 2554 6530 2551 6530 1473 6530 384 6531 185 6531 928 6531 2334 6532 2360 6532 2335 6532 649 6533 2127 6533 1969 6533 2989 700 2995 700 3008 700 3008 700 3009 700 2989 700 620 6534 2099 6534 435 6534 435 6535 3456 6535 620 6535 1655 6536 1654 6536 1653 6536 1653 6537 1652 6537 1655 6537 1316 6538 1285 6538 1217 6538 1217 6539 1218 6539 1316 6539 616 6540 163 6540 1540 6540 1392 6541 1299 6541 1301 6541 1301 6542 1159 6542 1392 6542 1595 6543 1728 6543 1515 6543 1927 782 1949 782 1947 782 1947 4747 1928 4747 1927 4747 963 6544 934 6544 961 6544 168 6545 1122 6545 1121 6545 1121 6546 167 6546 168 6546 1083 969 421 969 424 969 2569 6547 1115 6547 170 6547 766 6548 3600 6548 3601 6548 3601 6549 3751 6549 766 6549 2643 6550 2632 6550 2639 6550 1172 6551 1167 6551 1153 6551 1153 6552 453 6552 1172 6552 1948 9 1947 9 1928 9 1928 9 1922 9 1948 9 1115 6553 171 6553 170 6553 3004 6554 1088 6554 933 6554 1115 6555 1088 6555 171 6555 171 6556 1088 6556 2153 6556 2153 6557 1088 6557 3004 6557 171 6558 2569 6558 170 6558 2133 6559 2597 6559 2617 6559 1911 6560 3004 6560 933 6560 1911 6561 2569 6561 171 6561 1911 6562 171 6562 2153 6562 1911 6563 2153 6563 3004 6563 703 6564 702 6564 2067 6564 2529 4891 2265 4891 2239 4891 3646 6565 3539 6565 1174 6565 1174 6566 3539 6566 458 6566 3539 6567 3628 6567 3618 6567 3539 6568 3618 6568 1965 6568 3539 6569 1965 6569 458 6569 1965 6570 3618 6570 3628 6570 825 6571 912 6571 826 6571 3457 6572 3646 6572 1174 6572 3457 6573 1174 6573 458 6573 3628 6574 3457 6574 1965 6574 1965 6575 3457 6575 458 6575 3022 1596 3252 1596 3253 1596 3253 1596 3023 1596 3022 1596 3197 9 3196 9 3191 9 3191 9 3186 9 3197 9 1499 6576 1500 6576 209 6576 13 6577 54 6577 3454 6577 3454 6578 1993 6578 13 6578 571 6579 572 6579 3405 6579 3405 6580 3409 6580 571 6580 82 6581 315 6581 316 6581 82 6582 316 6582 513 6582 443 6583 2907 6583 1056 6583 1331 6584 485 6584 486 6584 1268 6585 1267 6585 1351 6585 988 6586 3051 6586 3068 6586 3068 6587 985 6587 988 6587 729 6588 3051 6588 3068 6588 3068 6589 730 6589 729 6589 2935 6590 2675 6590 2676 6590 2676 6591 2936 6591 2935 6591 3763 6592 3768 6592 3575 6592 333 6593 1092 6593 2907 6593 2907 6594 506 6594 333 6594 130 6595 316 6595 315 6595 530 6596 333 6596 315 6596 315 6597 333 6597 506 6597 523 6598 873 6598 902 6598 2521 6599 2195 6599 2743 6599 3790 6600 3763 6600 3386 6600 866 6601 124 6601 2509 6601 2481 6602 1701 6602 1736 6602 1319 6603 1326 6603 1334 6603 513 6604 530 6604 315 6604 315 6605 82 6605 513 6605 334 6606 130 6606 506 6606 506 6607 130 6607 315 6607 1092 6608 1056 6608 2907 6608 542 6609 499 6609 1136 6609 3517 6610 3119 6610 3379 6610 542 6611 1136 6611 1416 6611 1138 6612 30 6612 500 6612 1138 6613 132 6613 501 6613 1138 6614 363 6614 30 6614 793 6615 1138 6615 3458 6615 793 6616 3458 6616 3161 6616 2250 6617 333 6617 3403 6617 2250 6618 3403 6618 1242 6618 3458 6619 530 6619 3161 6619 1074 6620 505 6620 939 6620 130 6621 133 6621 132 6621 363 6622 3058 6622 3096 6622 3096 6623 446 6623 363 6623 397 6624 2777 6624 363 6624 938 6625 1107 6625 3119 6625 3421 6626 1991 6626 1280 6626 3517 6627 333 6627 3532 6627 1686 6628 1138 6628 793 6628 2045 6629 542 6629 1416 6629 1136 6630 635 6630 1991 6630 3096 6631 530 6631 132 6631 3119 6632 397 6632 363 6632 130 6633 446 6633 3096 6633 2045 6634 505 6634 1074 6634 1074 6635 1417 6635 2045 6635 1138 6636 500 6636 3458 6636 3379 6637 333 6637 3517 6637 1416 6638 2161 6638 1107 6638 2929 6639 2045 6639 938 6639 1416 6640 51 6640 2161 6640 909 6641 2045 6641 2929 6641 397 6642 2357 6642 3531 6642 3531 6643 1074 6643 397 6643 2742 6644 3598 6644 3733 6644 3733 6645 3323 6645 2742 6645 3791 6646 1991 6646 3421 6646 3058 6647 530 6647 3096 6647 364 6648 939 6648 1138 6648 42 6649 3379 6649 1074 6649 1074 6650 3517 6650 42 6650 2777 6651 530 6651 3058 6651 1280 6652 333 6652 3379 6652 1280 6653 3379 6653 27 6653 939 6654 3119 6654 363 6654 1280 6655 3403 6655 333 6655 960 6656 2929 6656 2395 6656 1107 6657 3379 6657 3119 6657 333 6658 530 6658 2357 6658 333 6659 2357 6659 3532 6659 960 6660 1242 6660 64 6660 64 6661 1242 6661 3072 6661 3072 6662 1242 6662 499 6662 499 6663 1242 6663 3791 6663 635 6664 1417 6664 51 6664 363 6665 446 6665 30 6665 2357 6666 530 6666 2777 6666 1991 6667 3403 6667 1280 6667 2929 6668 938 6668 505 6668 505 6669 2395 6669 2929 6669 2617 6670 2027 6670 2054 6670 1359 6671 1311 6671 607 6671 2434 38 2059 38 2479 38 2479 38 2445 38 2434 38 441 6672 947 6672 944 6672 944 6673 81 6673 441 6673 536 6674 1012 6674 892 6674 345 6675 3259 6675 3248 6675 3248 14 346 14 345 14 3251 3889 3249 3889 3260 3889 2659 6676 821 6676 3473 6676 1002 1019 1001 1019 1186 1019 455 86 454 86 457 86 457 86 456 86 455 86 2146 6677 2136 6677 2164 6677 2164 6678 2170 6678 2146 6678 1541 6679 2795 6679 3520 6679 3520 6680 3558 6680 1541 6680 2309 6681 2283 6681 2510 6681 3378 6682 3172 6682 3171 6682 1325 6683 1330 6683 1464 6683 3109 6684 207 6684 656 6684 656 6685 3110 6685 3109 6685 1469 6686 1239 6686 1313 6686 1313 6687 1364 6687 1469 6687 2046 6688 40 6688 529 6688 1462 6689 1471 6689 1325 6689 1325 6690 293 6690 1462 6690 2969 2040 2861 2040 2862 2040 2862 6691 2968 6691 2969 6691 325 154 3020 154 2996 154 2996 455 324 455 325 455 914 6692 961 6692 934 6692 2168 724 457 724 456 724 456 725 1978 725 2168 725 1961 6693 1754 6693 1915 6693 1966 6694 1761 6694 1817 6694 1914 6695 2007 6695 1975 6695 1377 6696 1103 6696 1997 6696 689 6697 688 6697 57 6697 1403 6698 1401 6698 1345 6698 2945 6699 3207 6699 2204 6699 2791 1205 2467 1205 2466 1205 542 6700 3072 6700 3073 6700 3073 6701 543 6701 542 6701 606 6702 605 6702 1310 6702 1547 6703 2596 6703 2503 6703 1411 853 1394 853 1155 853 1041 6704 3302 6704 615 6704 3702 6705 3483 6705 3506 6705 664 6706 962 6706 665 6706 2895 6707 464 6707 465 6707 2085 6708 3320 6708 3071 6708 1397 6709 1408 6709 485 6709 485 6710 1331 6710 1397 6710 2699 6711 3121 6711 1992 6711 835 6712 632 6712 972 6712 962 6713 660 6713 970 6713 1458 6714 1467 6714 245 6714 245 6715 749 6715 1458 6715 703 6716 702 6716 2617 6716 444 6717 883 6717 894 6717 964 6718 976 6718 888 6718 351 6719 1421 6719 37 6719 1286 6720 31 6720 1933 6720 1380 3052 1384 3052 1162 3052 2344 6721 1544 6721 274 6721 2175 6722 1968 6722 2135 6722 1162 6723 1353 6723 1342 6723 2829 6724 320 6724 2855 6724 2855 6725 2839 6725 2829 6725 3127 9 3126 9 3118 9 3118 9 3114 9 3127 9 599 6726 907 6726 961 6726 1359 6727 692 6727 691 6727 1012 6728 609 6728 610 6728 610 6729 892 6729 1012 6729 2046 6730 529 6730 1109 6730 442 5413 3247 5413 3262 5413 1139 6731 612 6731 1789 6731 1924 1467 2053 1467 2013 1467 3651 6732 404 6732 3592 6732 1277 6733 2857 6733 2700 6733 2700 6734 2858 6734 1277 6734 1260 6735 1270 6735 1333 6735 1333 6736 1323 6736 749 6736 163 6737 3650 6737 1540 6737 3235 38 3240 38 2980 38 2980 38 3234 38 3235 38 1966 551 655 551 654 551 1397 6738 1407 6738 772 6738 772 6739 1346 6739 1397 6739 3136 6740 3151 6740 3138 6740 2367 1015 1622 1015 1625 1015 1625 3253 2412 3253 2367 3253 791 6741 107 6741 790 6741 1524 6742 416 6742 204 6742 1801 6743 2778 6743 1883 6743 3679 6744 3754 6744 2884 6744 1835 38 2556 38 538 38 538 6745 2374 6745 1835 6745 1390 6746 1398 6746 1345 6746 1345 6747 1334 6747 1390 6747 1439 6748 3392 6748 3644 6748 2853 6749 3194 6749 409 6749 353 6750 352 6750 2390 6750 3217 6751 2472 6751 672 6751 672 6752 1018 6752 3217 6752 1568 6753 1349 6753 1298 6753 3149 455 2863 455 2864 455 2864 455 3137 455 3149 455 1162 6754 799 6754 74 6754 74 6755 1264 6755 1162 6755 1006 6756 1621 6756 3266 6756 148 6757 1747 6757 2274 6757 868 6758 173 6758 828 6758 290 6759 1642 6759 1643 6759 1985 6760 3635 6760 120 6760 120 6761 2712 6761 1985 6761 1416 6762 3421 6762 1280 6762 1280 6763 51 6763 1416 6763 3403 6764 1991 6764 3122 6764 3699 6765 2166 6765 3700 6765 130 6766 3058 6766 446 6766 334 6767 42 6767 3517 6767 334 6768 3122 6768 42 6768 334 6769 3403 6769 3122 6769 130 6770 1836 6770 3058 6770 334 6771 3517 6771 3531 6771 1243 6772 3403 6772 334 6772 130 6773 2357 6773 1836 6773 333 6774 1243 6774 334 6774 3122 6775 27 6775 42 6775 2250 6776 3791 6776 1243 6776 2250 6777 1243 6777 333 6777 688 6778 689 6778 676 6778 130 6779 334 6779 3531 6779 130 6780 3531 6780 2357 6780 2250 6781 2755 6781 64 6781 2250 6782 64 6782 3073 6782 2250 6783 3073 6783 3072 6783 2250 6784 3072 6784 3791 6784 1417 6785 2161 6785 51 6785 1417 6786 1074 6786 2161 6786 3058 6787 364 6787 446 6787 3161 6788 132 6788 1686 6788 132 6789 1138 6789 1686 6789 3122 6790 2161 6790 1074 6790 1074 6791 27 6791 3122 6791 2045 6792 543 6792 3073 6792 543 6793 2045 6793 1417 6793 909 6794 2929 6794 960 6794 960 6795 64 6795 909 6795 543 6796 1417 6796 1136 6796 2357 6797 2777 6797 364 6797 364 6798 1836 6798 2357 6798 2045 6799 3072 6799 542 6799 397 6800 364 6800 2777 6800 3072 6801 2045 6801 64 6801 2045 6802 909 6802 2395 6802 3072 6803 543 6803 1136 6803 2045 6804 2395 6804 505 6804 130 6805 132 6805 3161 6805 0 6806 643 6806 185 6806 1074 6807 364 6807 397 6807 130 6808 3096 6808 133 6808 364 6809 501 6809 446 6809 364 6810 1138 6810 501 6810 1991 6811 635 6811 3122 6811 499 6812 3791 6812 3421 6812 3421 6813 1136 6813 499 6813 1074 6814 939 6814 364 6814 3791 6815 1136 6815 1991 6815 1092 6816 443 6816 1056 6816 1092 6817 334 6817 506 6817 506 6818 443 6818 1092 6818 239 6819 2250 6819 1242 6819 960 6820 263 6820 1141 6820 960 6821 1141 6821 1242 6821 960 6822 1693 6822 263 6822 3727 6823 239 6823 1242 6823 1141 6824 3727 6824 1242 6824 1694 6825 1686 6825 271 6825 793 6826 3161 6826 1694 6826 1030 6827 942 6827 419 6827 1829 6828 2550 6828 465 6828 1734 6829 1735 6829 1712 6829 1712 6829 1713 6829 1734 6829 3024 6830 3132 6830 674 6830 1663 6831 1664 6831 1662 6831 2064 6832 572 6832 571 6832 571 6833 2065 6833 2064 6833 178 6834 3547 6834 1549 6834 343 6835 1817 6835 1761 6835 2520 6836 2976 6836 2955 6836 2955 6837 2519 6837 2520 6837 1486 6838 2721 6838 1799 6838 3688 6839 2706 6839 3654 6839 3654 6840 3653 6840 3688 6840 2257 6841 2256 6841 2259 6841 2259 6842 2258 6842 2257 6842 2280 186 336 186 337 186 337 6843 2310 6843 2280 6843 3161 6844 1686 6844 1694 6844 2250 6845 239 6845 3727 6845 2250 6846 1141 6846 2755 6846 2250 6847 3727 6847 1141 6847 1693 6848 960 6848 1204 6848 1141 6849 263 6849 2755 6849 263 6850 1693 6850 2755 6850 1259 6851 2324 6851 2512 6851 2417 6852 2419 6852 2432 6852 1103 6853 2577 6853 2576 6853 2054 5575 2027 5575 2026 5575 1713 1198 1712 1198 1735 1198 1735 1198 1734 1198 1713 1198 1048 6854 1113 6854 202 6854 832 6855 853 6855 107 6855 3222 9 3221 9 3211 9 3211 9 3205 9 3222 9 1817 1143 1797 1143 1758 1143 1758 6856 1761 6856 1817 6856 3164 4510 2982 4510 1935 4510 3545 6857 2414 6857 3497 6857 3497 6858 3496 6858 3545 6858 2243 3183 2264 3183 2244 3183 2162 6859 3635 6859 2700 6859 1650 4161 1651 4161 1682 4161 1317 6860 1258 6860 1214 6860 1694 6861 271 6861 811 6861 1745 6862 2273 6862 2325 6862 910 6863 402 6863 1029 6863 1206 6864 1211 6864 1205 6864 3821 6865 3820 6865 3792 6865 1791 6866 2906 6866 2800 6866 2800 6867 3664 6867 1791 6867 300 6868 299 6868 3242 6868 1547 6869 1771 6869 1821 6869 1918 1206 2001 1206 1972 1206 984 6870 962 6870 666 6870 199 6871 1152 6871 198 6871 346 6872 345 6872 1986 6872 3338 6873 2848 6873 3711 6873 3108 6874 3077 6874 3320 6874 1192 6875 2424 6875 2305 6875 1223 6876 2555 6876 1983 6876 3250 38 3261 38 3259 38 3259 38 3248 38 3250 38 2417 6877 1111 6877 1110 6877 1242 6878 3403 6878 1243 6878 422 86 423 86 1962 86 1962 86 1756 86 422 86 203 6879 374 6879 255 6879 255 6880 975 6880 203 6880 970 6881 259 6881 889 6881 1293 86 1294 86 3089 86 3089 86 3125 86 1293 86 1044 6882 769 6882 770 6882 1545 6883 2234 6883 1543 6883 374 6884 203 6884 2560 6884 1184 181 1183 181 1182 181 1182 42 1181 42 1184 42 3121 6885 2699 6885 2954 6885 2954 6886 3120 6886 3121 6886 3419 6887 2598 6887 2820 6887 2820 6888 3417 6888 3419 6888 3764 6889 3612 6889 2902 6889 2617 6890 2547 6890 2616 6890 40 6891 3650 6891 529 6891 3662 6892 1540 6892 3650 6892 1383 6893 1460 6893 1329 6893 1329 6894 1326 6894 1383 6894 716 6895 2119 6895 2078 6895 482 6896 1318 6896 480 6896 864 6897 1003 6897 837 6897 2919 956 2915 956 2948 956 2948 6898 2947 6898 2919 6898 1629 6899 1634 6899 1628 6899 559 6900 3267 6900 3318 6900 3318 6901 2680 6901 559 6901 1605 6902 1604 6902 1607 6902 2051 6903 1792 6903 1793 6903 673 6904 3137 6904 3149 6904 497 14 2678 14 2677 14 2677 15 496 15 497 15 3796 6905 2112 6905 2428 6905 2556 6906 3551 6906 538 6906 3115 6907 3114 6907 3127 6907 3127 6907 3131 6907 3115 6907 1255 9 1254 9 1253 9 1253 9 1252 9 1255 9 959 6908 914 6908 742 6908 742 6909 963 6909 959 6909 18 6910 1284 6910 1285 6910 1285 6911 1301 6911 18 6911 2446 6912 548 6912 551 6912 2828 6913 2836 6913 2852 6913 2852 6914 2825 6914 2828 6914 3559 6915 3541 6915 1423 6915 447 6916 417 6916 460 6916 72 6917 799 6917 1386 6917 3213 86 3070 86 1122 86 1122 86 1121 86 3213 86 2082 6918 61 6918 60 6918 1784 6919 3637 6919 3381 6919 3381 6920 2379 6920 1784 6920 585 6588 3115 6588 3131 6588 3131 5079 586 5079 585 5079 2482 4721 308 4721 305 4721 3614 6921 3576 6921 2391 6921 3376 6922 3607 6922 2165 6922 2165 6923 3695 6923 3376 6923 721 6924 1345 6924 1401 6924 1391 6925 1413 6925 751 6925 751 6926 1274 6926 1391 6926 731 6927 3376 6927 3695 6927 3695 6928 2167 6928 731 6928 883 6929 624 6929 894 6929 1273 6930 1299 6930 1335 6930 1335 6931 1322 6931 1273 6931 1598 6932 1099 6932 1599 6932 923 6933 419 6933 417 6933 2981 5317 2980 5317 3234 5317 3234 5829 3233 5829 2981 5829 1322 6934 1274 6934 1273 6934 1366 6935 1369 6935 2511 6935 3486 6936 3377 6936 3555 6936 3555 6937 3563 6937 3486 6937 25 6938 22 6938 603 6938 866 6939 2369 6939 2409 6939 1906 6940 1840 6940 1547 6940 3655 6941 179 6941 1455 6941 2470 6942 2851 6942 2850 6942 1455 6943 3629 6943 3655 6943 1532 6944 662 6944 1533 6944 1224 6945 3627 6945 2621 6945 2652 6946 3655 6946 3629 6946 3557 6947 2851 6947 662 6947 1455 6948 2851 6948 3557 6948 1455 6949 3557 6949 1456 6949 2851 6950 1532 6950 1533 6950 2851 6951 2470 6951 1532 6951 3190 1596 3198 1596 3196 1596 3196 1596 3191 1596 3190 1596 467 6952 1220 6952 2758 6952 252 6953 3798 6953 2578 6953 2578 6954 253 6954 252 6954 2652 6955 3450 6955 662 6955 1455 6956 121 6956 3629 6956 3310 38 2501 38 1555 38 3150 3209 3174 3209 427 3209 2471 6957 3123 6957 3310 6957 2471 6958 3310 6958 1555 6958 2085 6959 3116 6959 3130 6959 1456 6960 121 6960 1455 6960 3450 6961 121 6961 1456 6961 3450 6962 1456 6962 3557 6962 662 6963 3450 6963 3557 6963 356 6964 964 6964 967 6964 3108 6965 3077 6965 3076 6965 3655 6966 1556 6966 179 6966 2470 6967 746 6967 3123 6967 2502 6968 179 6968 1556 6968 2470 6969 2850 6969 746 6969 1555 6970 1556 6970 3655 6970 470 6971 2850 6971 179 6971 470 6972 179 6972 2502 6972 746 6973 2850 6973 470 6973 662 6974 1532 6974 2652 6974 1471 6975 1463 6975 772 6975 772 6976 1325 6976 1471 6976 3176 86 3159 86 3158 86 3158 86 3175 86 3176 86 808 6977 785 6977 810 6977 3037 6978 226 6978 2653 6978 426 6979 905 6979 807 6979 807 6980 800 6980 426 6980 1095 9 3023 9 3022 9 3022 9 1094 9 1095 9 3550 6981 3576 6981 3614 6981 2249 6982 3576 6982 3550 6982 782 6983 781 6983 1582 6983 40 6984 3576 6984 2249 6984 2391 6985 3576 6985 3583 6985 40 6986 2249 6986 262 6986 1730 6987 3662 6987 1879 6987 1305 6988 3662 6988 1730 6988 2047 6989 2399 6989 2398 6989 648 6990 1936 6990 2582 6990 3576 6991 3662 6991 1305 6991 1879 6992 3662 6992 1440 6992 1440 6993 3662 6993 3569 6993 3576 6994 1305 6994 653 6994 3576 6995 653 6995 437 6995 3620 6996 3650 6996 3621 6996 1125 6997 3650 6997 3620 6997 1245 6998 484 6998 2750 6998 1357 6999 3650 6999 1125 6999 3662 7000 3650 7000 1357 7000 1132 7001 3643 7001 3059 7001 3621 7002 3650 7002 129 7002 129 7003 3650 7003 1431 7003 1680 7004 812 7004 2351 7004 3662 7005 1357 7005 3569 7005 176 7006 40 7006 1790 7006 2667 185 823 185 491 185 491 185 2208 185 2667 185 2982 7007 3164 7007 229 7007 723 7008 2208 7008 491 7008 491 7009 724 7009 723 7009 3650 7010 40 7010 176 7010 1790 7011 40 7011 3648 7011 3650 7012 176 7012 183 7012 3650 7013 183 7013 68 7013 2673 7014 2337 7014 2662 7014 2426 7015 1833 7015 2427 7015 2427 7016 2804 7016 2426 7016 3602 7017 3641 7017 2746 7017 2046 7018 2155 7018 3169 7018 102 7019 616 7019 529 7019 1553 7020 973 7020 3589 7020 1228 7021 1563 7021 1227 7021 3100 86 3078 86 595 86 595 86 598 86 3100 86 746 7022 3310 7022 3123 7022 1180 7023 3169 7023 1109 7023 1750 1206 305 1206 308 1206 2269 7024 3363 7024 2343 7024 1587 7025 1586 7025 1585 7025 1019 7026 3134 7026 2472 7026 2472 7027 3217 7027 1019 7027 1915 7028 1917 7028 1956 7028 203 7029 1025 7029 1026 7029 3071 7030 2580 7030 2579 7030 2601 7031 2803 7031 2760 7031 2760 7032 2875 7032 2601 7032 941 7033 950 7033 1044 7033 1044 7034 1042 7034 941 7034 717 7035 874 7035 743 7035 3324 7036 503 7036 504 7036 1844 7037 1845 7037 1901 7037 1901 7038 1903 7038 1844 7038 1374 7039 1614 7039 1613 7039 2201 7040 3600 7040 3647 7040 3647 7041 764 7041 2201 7041 1259 7042 1719 7042 1788 7042 1788 7043 1450 7043 1259 7043 348 7044 2452 7044 2129 7044 848 7045 468 7045 917 7045 442 1571 3069 1571 3212 1571 3134 7046 436 7046 3218 7046 3218 7047 2472 7047 3134 7047 646 7048 946 7048 828 7048 923 7049 85 7049 460 7049 2758 7050 1223 7050 392 7050 3742 7051 3743 7051 3333 7051 3333 7052 3355 7052 3742 7052 1435 7053 3488 7053 2881 7053 2881 7054 3474 7054 1435 7054 2853 7055 409 7055 3466 7055 1018 7056 410 7056 3306 7056 3306 7057 1426 7057 1018 7057 1269 7058 486 7058 1358 7058 283 7059 2623 7059 3582 7059 3302 7060 1829 7060 1646 7060 2171 174 2172 174 2134 174 2134 7061 2141 7061 2171 7061 1114 7062 1113 7062 956 7062 188 724 1953 724 1925 724 1925 725 189 725 188 725 562 7063 3453 7063 1072 7063 2096 7064 2095 7064 3612 7064 2657 6483 2256 6483 2259 6483 2534 5294 2478 5294 2442 5294 1025 7065 565 7065 1026 7065 2346 7066 1547 7066 2559 7066 3683 7067 2388 7067 1590 7067 1590 7068 3332 7068 3683 7068 670 7069 2001 7069 1972 7069 1972 7070 669 7070 670 7070 488 7071 710 7071 1963 7071 1467 9 1458 9 1459 9 2111 7072 2764 7072 3452 7072 2796 7073 1992 7073 3121 7073 3121 7074 225 7074 2796 7074 3083 212 1252 212 1255 212 1255 212 3107 212 3083 212 619 7075 3445 7075 620 7075 620 7076 3544 7076 619 7076 3440 7077 3343 7077 3327 7077 439 7078 3609 7078 2772 7078 3563 7079 3425 7079 3377 7079 2565 7080 2564 7080 2682 7080 468 7081 474 7081 473 7081 1465 7082 568 7082 291 7082 291 7083 1336 7083 1465 7083 2001 7084 670 7084 669 7084 669 7085 1972 7085 2001 7085 481 7086 1458 7086 1320 7086 1320 7087 482 7087 481 7087 939 7088 505 7088 938 7088 483 7089 2750 7089 484 7089 2194 7090 673 7090 3321 7090 2188 1198 2215 1198 2213 1198 2213 7091 2189 7091 2188 7091 1592 7092 1589 7092 1564 7092 652 1575 1704 1575 1741 1575 1446 7093 1447 7093 3101 7093 3184 7094 3183 7094 3011 7094 1551 7095 247 7095 3658 7095 2568 2831 1520 2831 1523 2831 3385 7096 3654 7096 3608 7096 3608 7097 3607 7097 3385 7097 2524 4592 424 4592 421 4592 1955 38 1926 38 1925 38 1925 38 1953 38 1955 38 1030 7098 419 7098 923 7098 2849 7099 1337 7099 2852 7099 2401 7100 406 7100 403 7100 2818 7101 2817 7101 3567 7101 3567 7102 3216 7102 2818 7102 3313 7103 3647 7103 2011 7103 2011 7104 2010 7104 3313 7104 2727 7105 3453 7105 3827 7105 214 7106 1475 7106 2575 7106 1547 7107 1548 7107 2596 7107 1156 7108 1308 7108 481 7108 1752 7109 2679 7109 510 7109 510 7110 2247 7110 1752 7110 1267 7111 1266 7111 1351 7111 766 7112 2201 7112 3799 7112 638 7113 835 7113 218 7113 2007 7114 1914 7114 1971 7114 1448 7115 3088 7115 3129 7115 1595 7116 203 7116 1728 7116 1236 7117 1235 7117 1359 7117 1359 7118 526 7118 1236 7118 1249 7119 3049 7119 3065 7119 3065 7120 1250 7120 1249 7120 3753 7121 3732 7121 3756 7121 3756 7122 3778 7122 3753 7122 2879 7123 2709 7123 1611 7123 1897 7124 1854 7124 792 7124 475 7125 3128 7125 3117 7125 3308 7126 3305 7126 2557 7126 1542 7127 1541 7127 3800 7127 3800 7128 3564 7128 1542 7128 3013 86 2984 86 2996 86 2996 86 3020 86 3013 86 840 1206 2120 1206 2068 1206 3130 7129 3116 7129 1278 7129 1851 7130 110 7130 113 7130 113 7131 1902 7131 1851 7131 2629 7132 3390 7132 3391 7132 3391 7133 3412 7133 2629 7133 3407 7134 3417 7134 2820 7134 2820 7135 2629 7135 3407 7135 862 7136 2126 7136 3563 7136 2082 7137 936 7137 1373 7137 3604 7138 3043 7138 3042 7138 3042 7139 3712 7139 3604 7139 2782 7140 1098 7140 1967 7140 1967 7141 2112 7141 2782 7141 936 7142 2566 7142 462 7142 3326 7143 3664 7143 3768 7143 3768 7144 2905 7144 3326 7144 3785 7145 936 7145 61 7145 3604 7146 3642 7146 3805 7146 3805 7147 3762 7147 3604 7147 936 7148 1987 7148 2566 7148 1097 7149 2115 7149 1934 7149 1946 7150 3630 7150 2082 7150 1687 7151 2180 7151 1791 7151 1791 7152 238 7152 1687 7152 2115 7153 3095 7153 3785 7153 3785 7154 3095 7154 936 7154 3630 7155 61 7155 2082 7155 3095 7156 2454 7156 936 7156 936 7157 2454 7157 1987 7157 2583 7158 2454 7158 3095 7158 3630 7159 3785 7159 61 7159 3785 7160 1934 7160 2115 7160 3538 7161 3675 7161 2454 7161 3538 7162 2454 7162 2114 7162 2114 7163 2454 7163 2583 7163 1467 7164 1468 7164 1323 7164 1323 7165 245 7165 1467 7165 1381 7166 1380 7166 1162 7166 1162 7167 1342 7167 1381 7167 1463 7168 1462 7168 293 7168 293 7169 772 7169 1463 7169 3630 7170 151 7170 2112 7170 2118 9 2117 9 2079 9 2079 9 2072 9 2118 9 627 38 628 38 3093 38 3093 38 3092 38 627 38 3561 7171 3551 7171 2556 7171 28 7172 2034 7172 2035 7172 629 7173 626 7173 1415 7173 3133 7174 3087 7174 2038 7174 2161 7175 3122 7175 1280 7175 3062 7176 3079 7176 3104 7176 624 7177 961 7177 907 7177 3092 7178 1418 7178 1419 7178 1419 7179 3093 7179 3092 7179 3114 700 3118 700 3126 700 3126 700 3127 700 3114 700 1387 7180 1411 7180 1155 7180 1155 7181 1320 7181 1387 7181 1351 7182 721 7182 1400 7182 2791 7183 2794 7183 2793 7183 3105 86 3085 86 23 86 23 86 24 86 3105 86 3305 7184 1275 7184 2557 7184 1987 7185 1988 7185 3783 7185 3456 7186 210 7186 1427 7186 1427 7187 211 7187 3456 7187 3439 7188 3354 7188 2405 7188 3272 7189 301 7189 302 7189 201 38 3520 38 2795 38 2169 7190 2145 7190 2144 7190 1990 7191 3398 7191 3435 7191 834 7192 837 7192 1003 7192 1462 7193 1461 7193 1324 7193 3325 7194 2126 7194 580 7194 2069 140 2073 140 2124 140 2124 140 2123 140 2069 140 3401 7195 1027 7195 2459 7195 3800 86 1541 86 3558 86 1373 7196 430 7196 740 7196 2415 7197 3233 7197 2981 7197 1414 7198 13 7198 1993 7198 2139 7199 2060 7199 2433 7199 2253 6536 2984 6536 3013 6536 3013 7200 2252 7200 2253 7200 2438 700 2437 700 2473 700 2473 700 2474 700 2438 700 744 7201 1507 7201 745 7201 1922 700 1928 700 1947 700 1947 700 1948 700 1922 700 733 7202 732 7202 3654 7202 3654 7203 3385 7203 733 7203 1596 7204 1089 7204 1090 7204 2180 7205 3336 7205 381 7205 388 7206 3538 7206 3537 7206 2180 7207 3538 7207 3336 7207 3336 7208 3538 7208 3098 7208 3098 7209 3538 7209 388 7209 165 7210 3675 7210 3538 7210 164 7211 3675 7211 165 7211 3359 7212 3578 7212 1441 7212 2583 7213 3785 7213 2094 7213 1372 7214 1441 7214 3578 7214 1124 7215 2583 7215 2094 7215 1124 7216 2114 7216 2583 7216 1124 7217 2094 7217 3335 7217 1124 7218 3537 7218 2114 7218 2782 7219 3785 7219 2116 7219 3785 7220 2112 7220 60 7220 3359 7221 3335 7221 2082 7221 1946 7222 3578 7222 3359 7222 60 7223 2112 7223 2082 7223 2803 7224 1791 7224 3664 7224 3664 7225 2760 7225 2803 7225 936 7226 2082 7226 3335 7226 1098 7227 1097 7227 1934 7227 2094 7228 936 7228 3335 7228 2094 7229 3785 7229 60 7229 3537 7230 1097 7230 1098 7230 2116 7231 1098 7231 2782 7231 2114 7232 2115 7232 1097 7232 1097 7233 3538 7233 2114 7233 2583 7234 2116 7234 3785 7234 3603 7235 357 7235 360 7235 619 7236 971 7236 3456 7236 153 4909 156 4909 2330 4909 2756 7237 2774 7237 459 7237 3675 7238 3677 7238 147 7238 3675 7239 147 7239 146 7239 1987 7240 2454 7240 146 7240 1987 7241 146 7241 147 7241 3631 7242 2718 7242 1987 7242 3801 7243 2807 7243 2808 7243 2808 7244 2773 7244 3373 7244 3373 7245 3372 7245 2808 7245 3045 9 3044 9 3031 9 3031 9 3027 9 3045 9 2300 713 1379 713 1378 713 973 7246 2759 7246 2710 7246 370 7247 2759 7247 973 7247 3098 7248 2710 7248 2759 7248 2671 7249 2710 7249 3098 7249 388 7250 2671 7250 3098 7250 2897 7251 973 7251 2671 7251 2897 7252 370 7252 973 7252 388 7253 2897 7253 2671 7253 828 7254 889 7254 868 7254 412 7255 1028 7255 940 7255 2759 7256 3644 7256 2711 7256 381 7257 2720 7257 3392 7257 172 7258 2720 7258 381 7258 3257 7259 172 7259 3336 7259 3098 7260 2711 7260 3257 7260 3098 7261 3257 7261 3336 7261 381 7262 3336 7262 172 7262 3098 7263 2759 7263 2711 7263 1007 7264 1006 7264 3266 7264 1791 7265 1201 7265 281 7265 1791 7266 380 7266 1201 7266 1791 7267 2180 7267 380 7267 3657 7268 1201 7268 238 7268 380 7269 2299 7269 1687 7269 3664 7270 3575 7270 3768 7270 3174 1464 3150 1464 3281 1464 2566 7271 45 7271 3373 7271 3373 7272 2773 7272 2566 7272 3657 7273 238 7273 3463 7273 2699 7274 2931 7274 3604 7274 1829 7275 3103 7275 1646 7275 238 7276 1791 7276 2803 7276 2731 7277 3356 7277 182 7277 3634 7278 2930 7278 2699 7278 2699 7279 2930 7279 2931 7279 2931 7280 3326 7280 3642 7280 1373 7281 1372 7281 2082 7281 2803 7282 3463 7282 238 7282 2756 7283 2180 7283 2774 7283 2774 7284 2180 7284 1687 7284 2774 7285 1687 7285 2299 7285 2930 7286 3463 7286 1811 7286 1811 7287 2760 7287 3326 7287 2930 7288 3657 7288 3463 7288 2760 7289 3664 7289 3326 7289 3675 7290 164 7290 2756 7290 2720 7291 2180 7291 2756 7291 2756 7292 2711 7292 2720 7292 2720 7293 172 7293 2180 7293 172 7294 3257 7294 2180 7294 2711 7295 165 7295 2710 7295 165 7296 2672 7296 2710 7296 2672 7297 3538 7297 2671 7297 165 7298 3538 7298 2672 7298 3538 7299 2180 7299 2671 7299 2671 7300 2180 7300 3257 7300 2550 7301 2895 7301 465 7301 2743 7302 1441 7302 2521 7302 1987 7303 1442 7303 1988 7303 1442 7304 1441 7304 45 7304 1442 7305 45 7305 2566 7305 1442 7306 2566 7306 1988 7306 45 7307 1441 7307 462 7307 462 7308 1441 7308 740 7308 740 7309 1441 7309 1372 7309 3151 1601 3136 1601 3135 1601 2530 7310 145 7310 144 7310 2862 86 2861 86 2864 86 2864 86 2863 86 2862 86 451 7311 1176 7311 1157 7311 1157 7312 1040 7312 451 7312 670 38 669 38 668 38 668 38 667 38 670 38 3793 7313 2148 7313 1116 7313 1923 5074 1922 5074 1948 5074 1948 4755 1957 4755 1923 4755 1090 2830 192 2830 193 2830 193 7314 1089 7314 1090 7314 3516 7315 3263 7315 3519 7315 1818 724 2218 724 2187 724 2187 725 1894 725 1818 725 485 7316 1358 7316 486 7316 898 7317 967 7317 736 7317 3659 7318 2837 7318 3698 7318 3698 7319 2838 7319 3659 7319 370 7320 1439 7320 3644 7320 370 7321 3644 7321 2759 7321 370 7322 2776 7322 3706 7322 3706 7323 2776 7323 2742 7323 3142 7324 3734 7324 3033 7324 3142 7325 3033 7325 2806 7325 2742 7326 2776 7326 3734 7326 3033 7327 3734 7327 2776 7327 2879 7328 1611 7328 518 7328 370 7329 3706 7329 2771 7329 1600 7330 2457 7330 3573 7330 3745 7331 3673 7331 3348 7331 3348 7332 3802 7332 3745 7332 3532 7333 3119 7333 1074 7333 1074 7334 3531 7334 3532 7334 3112 7335 2822 7335 3665 7335 3665 7336 3740 7336 3112 7336 1978 181 456 181 457 181 457 42 2168 42 1978 42 2810 7337 2888 7337 2889 7337 858 7338 632 7338 850 7338 202 7339 1113 7339 1114 7339 2485 7340 2411 7340 2366 7340 3803 7341 2299 7341 380 7341 3804 7342 3657 7342 2876 7342 2876 7343 3657 7343 2874 7343 3804 7344 2876 7344 2930 7344 3657 7345 3429 7345 2874 7345 3657 7346 2299 7346 3429 7346 2299 7347 3392 7347 3429 7347 3466 7348 1201 7348 3657 7348 3809 7349 3807 7349 3806 7349 1674 7350 1670 7350 1649 7350 1779 140 2281 140 2311 140 2311 140 1780 140 1779 140 318 7351 2875 7351 2760 7351 222 7352 3198 7352 3190 7352 2656 7353 880 7353 2648 7353 2648 7354 2647 7354 2656 7354 3805 7355 224 7355 3622 7355 3536 7356 3604 7356 3762 7356 2444 7357 2441 7357 2475 7357 2475 7084 2477 7084 2444 7084 2826 7358 2815 7358 2812 7358 515 7359 2806 7359 3779 7359 2298 7360 2400 7360 3524 7360 3708 7361 2796 7361 225 7361 3764 7362 3422 7362 2291 7362 1299 159 1392 159 1385 159 1385 9 1382 9 1299 9 3218 7363 3282 7363 3660 7363 3771 7364 273 7364 2768 7364 1485 7365 1486 7365 2735 7365 2735 7366 1777 7366 1485 7366 2876 7367 2882 7367 3142 7367 3656 7368 2162 7368 3423 7368 3423 7369 2878 7369 3656 7369 258 7370 3568 7370 2779 7370 2782 7371 2112 7371 3796 7371 2553 7372 993 7372 2270 7372 2199 2040 1248 2040 1247 2040 1247 6536 2198 6536 2199 6536 694 1973 695 1973 1470 1973 2290 7373 3809 7373 3797 7373 3710 7374 2159 7374 2848 7374 2848 7375 3338 7375 3710 7375 2290 7376 2112 7376 3809 7376 149 7377 3334 7377 3796 7377 3796 7378 2428 7378 149 7378 675 7379 2896 7379 3808 7379 151 7380 2428 7380 3807 7380 3214 7381 3803 7381 3466 7381 3214 7382 381 7382 3803 7382 2428 7383 2748 7383 3807 7383 3537 7384 1124 7384 2083 7384 3807 7385 1124 7385 3335 7385 3455 7386 1124 7386 2748 7386 2748 7387 1124 7387 3807 7387 2083 7388 1124 7388 3455 7388 3807 7389 3809 7389 2112 7389 3807 7390 2112 7390 151 7390 3808 7391 2748 7391 2428 7391 3335 7392 3359 7392 3358 7392 3764 7393 2291 7393 3359 7393 2776 7394 3806 7394 3335 7394 3358 7395 3422 7395 3764 7395 3358 7396 3809 7396 3422 7396 3627 7397 1224 7397 382 7397 3806 7398 2428 7398 151 7398 2749 7399 2428 7399 3806 7399 2749 7400 370 7400 3455 7400 2776 7401 370 7401 3806 7401 3806 7402 370 7402 2749 7402 3809 7403 3334 7403 3422 7403 3796 7404 3334 7404 3809 7404 370 7405 2083 7405 3455 7405 2836 7406 2849 7406 320 7406 3193 7407 2897 7407 675 7407 370 7408 2897 7408 2083 7408 2749 7409 3193 7409 2428 7409 3809 7410 3806 7410 3796 7410 3796 7411 3806 7411 151 7411 3335 7412 3358 7412 3764 7412 3335 7413 3764 7413 2776 7413 150 7414 3706 7414 169 7414 3212 7415 3069 7415 1185 7415 435 7416 3306 7416 410 7416 3616 7417 3042 7417 3709 7417 1717 7418 3091 7418 2362 7418 3801 7419 2808 7419 3372 7419 3564 7420 430 7420 134 7420 224 7421 180 7421 514 7421 3787 7422 3810 7422 3759 7422 3759 7423 3794 7423 3787 7423 3347 7424 3194 7424 3811 7424 3652 7425 3581 7425 3345 7425 3811 7426 3194 7426 2874 7426 3811 7427 3745 7427 3802 7427 3347 7428 3346 7428 3194 7428 3345 7429 3581 7429 3194 7429 3346 7430 3436 7430 3194 7430 3581 7431 3195 7431 3194 7431 3781 7432 3195 7432 3581 7432 3674 7433 3195 7433 3781 7433 3706 7434 3195 7434 3744 7434 3744 7435 3195 7435 3674 7435 3436 7436 3345 7436 3194 7436 3652 7437 3345 7437 3348 7437 3348 7438 3673 7438 3652 7438 3745 7439 3706 7439 3744 7439 2874 7440 3706 7440 3811 7440 3811 7441 3706 7441 3745 7441 3598 7442 3813 7442 3814 7442 3814 7443 3810 7443 3598 7443 3816 7444 152 7444 3817 7444 3812 7445 152 7445 3816 7445 2435 7446 3572 7446 3794 7446 2435 7447 152 7447 3572 7447 3572 7448 152 7448 3812 7448 3817 7449 3596 7449 3598 7449 3598 7450 3812 7450 3817 7450 3674 7451 3781 7451 3652 7451 3652 7452 3673 7452 3674 7452 152 7453 3596 7453 3817 7453 3814 7454 3813 7454 3815 7454 3787 7455 3812 7455 3598 7455 3598 7456 3810 7456 3787 7456 3794 7457 3759 7457 2435 7457 3815 7458 2742 7458 3323 7458 3339 7459 2742 7459 3813 7459 3813 7460 2742 7460 3815 7460 152 7461 2742 7461 3339 7461 152 7462 3339 7462 3596 7462 3759 7463 3815 7463 2435 7463 3815 7464 3323 7464 2435 7464 3572 7465 3812 7465 3787 7465 3735 7466 3584 7466 2584 7466 3733 7467 2584 7467 3584 7467 3323 7468 3733 7468 3735 7468 3323 7469 3735 7469 2584 7469 3599 7470 2584 7470 3733 7470 2585 7471 2584 7471 3599 7471 3818 7472 2585 7472 3599 7472 2742 7473 3818 7473 3598 7473 2742 7474 2585 7474 3818 7474 1117 7475 2771 7475 178 7475 178 7476 1118 7476 1117 7476 3193 7477 3661 7477 2771 7477 2011 7478 3142 7478 252 7478 3647 7479 3142 7479 2011 7479 254 7480 253 7480 3142 7480 2586 7481 3751 7481 2010 7481 2586 7482 2010 7482 2587 7482 2586 7483 2201 7483 3751 7483 2586 7484 3819 7484 3799 7484 2586 7485 327 7485 3819 7485 2586 7486 3799 7486 2201 7486 2586 7487 2937 7487 327 7487 2587 7488 254 7488 3142 7488 3220 7489 254 7489 2587 7489 3750 7490 3220 7490 2587 7490 2010 7491 3750 7491 2587 7491 3734 7492 3142 7492 3647 7492 3734 7493 3600 7493 2938 7493 3734 7494 3647 7494 3600 7494 2937 7495 3734 7495 2938 7495 2806 7496 2903 7496 3779 7496 2806 7497 3033 7497 2903 7497 515 7498 3386 7498 2806 7498 515 7499 3525 7499 3386 7499 2903 7500 3489 7500 3525 7500 3525 7501 3489 7501 3560 7501 3560 7502 3386 7502 3525 7502 3033 7503 3489 7503 2903 7503 3574 7504 2902 7504 3489 7504 3315 7505 3574 7505 3489 7505 3033 7506 3315 7506 3489 7506 2911 7507 3764 7507 3574 7507 2911 7508 3315 7508 3033 7508 2776 7509 2911 7509 3033 7509 2776 7510 3764 7510 2911 7510 3764 7511 2902 7511 3574 7511 3799 7512 3626 7512 3600 7512 3600 7513 766 7513 3799 7513 327 7514 2937 7514 3626 7514 3626 7515 3799 7515 327 7515 2254 7516 3429 7516 2255 7516 2423 7517 3429 7517 2254 7517 2340 7518 3428 7518 3429 7518 1117 7519 3193 7519 2771 7519 3193 7520 247 7520 248 7520 3193 7521 248 7521 3192 7521 3193 7522 393 7522 1118 7522 3193 7523 1117 7523 393 7523 3193 7524 3658 7524 247 7524 3193 7525 1118 7525 3658 7525 3192 7526 2340 7526 3429 7526 3795 7527 2340 7527 3192 7527 3548 7528 3795 7528 3192 7528 248 7529 3548 7529 3192 7529 2771 7530 3429 7530 2423 7530 2771 7531 1549 7531 3547 7531 2771 7532 2423 7532 1549 7532 3464 7533 2295 7533 778 7533 3786 7534 2711 7534 3644 7534 3312 7535 3711 7535 3386 7535 3797 7536 3358 7536 2291 7536 2291 7537 2290 7537 3797 7537 3711 7538 2806 7538 3386 7538 407 7539 318 7539 2159 7539 675 7540 2428 7540 2112 7540 2112 7541 2290 7541 675 7541 3587 7542 3608 7542 3654 7542 3654 7543 2706 7543 3587 7543 3484 7544 697 7544 3540 7544 409 7545 3214 7545 3466 7545 406 7546 515 7546 2940 7546 2875 7547 317 7547 3804 7547 317 7548 3657 7548 3804 7548 381 7549 3392 7549 3803 7549 2299 7550 3803 7550 3392 7550 3466 7551 3657 7551 317 7551 3804 7552 2159 7552 318 7552 3804 7553 318 7553 2602 7553 3804 7554 2602 7554 2875 7554 3711 7555 2931 7555 2806 7555 2876 7556 3710 7556 2882 7556 2876 7557 2875 7557 2602 7557 5 7558 854 7558 826 7558 3796 7559 151 7559 150 7559 150 7560 2782 7560 3796 7560 3112 7561 2887 7561 3426 7561 318 7562 1812 7562 2875 7562 2875 7563 1812 7563 1811 7563 318 7564 317 7564 1812 7564 1811 7565 3804 7565 2930 7565 2931 7566 3761 7566 3326 7566 3763 7567 3575 7567 3761 7567 3575 7568 3804 7568 1811 7568 3494 7569 3497 7569 273 7569 273 7570 272 7570 3494 7570 2699 7571 3604 7571 3709 7571 3709 7572 3042 7572 2699 7572 3749 7573 2734 7573 2769 7573 2766 7574 3820 7574 3789 7574 3789 7575 2571 7575 2766 7575 580 7576 2126 7576 3061 7576 3677 7577 1987 7577 147 7577 3703 7578 2756 7578 1805 7578 1805 7579 2756 7579 459 7579 2774 7580 3634 7580 459 7580 459 7581 3634 7581 1805 7581 2672 7582 973 7582 3774 7582 3774 7583 2710 7583 2672 7583 1442 7584 1480 7584 2795 7584 2521 7585 1442 7585 2196 7585 2196 7586 1442 7586 1542 7586 1542 7587 1442 7587 1541 7587 1541 7588 1442 7588 2795 7588 695 7589 694 7589 187 7589 152 7590 151 7590 2742 7590 3706 7591 150 7591 149 7591 3231 7592 3475 7592 1881 7592 2564 7593 2565 7593 2746 7593 2746 7594 3714 7594 2564 7594 3790 7595 3490 7595 3703 7595 3080 7596 3083 7596 3107 7596 3107 23 3106 23 3080 23 348 7597 1480 7597 2452 7597 2452 7598 1480 7598 405 7598 405 7599 1480 7599 3490 7599 3120 7600 3490 7600 3790 7600 1442 7601 3631 7601 1480 7601 2138 140 2143 140 2174 140 2174 140 2173 140 2138 140 2940 7602 1480 7602 347 7602 2940 7603 347 7603 1785 7603 2940 7604 1785 7604 3141 7604 2940 7605 3141 7605 406 7605 1480 7606 3564 7606 3800 7606 1480 7607 3800 7607 2795 7607 3631 7608 3703 7608 3490 7608 3631 7609 3490 7609 1480 7609 2796 7610 3490 7610 1992 7610 1992 7611 3490 7611 3120 7611 3490 7612 515 7612 3586 7612 3586 7613 515 7613 3651 7613 3651 7614 515 7614 404 7614 404 7615 515 7615 406 7615 2191 7616 2080 7616 866 7616 403 7617 511 7617 3490 7617 511 7618 405 7618 3490 7618 2708 7619 3481 7619 3480 7619 322 7620 1098 7620 1946 7620 1946 7621 2670 7621 322 7621 2196 7622 3564 7622 2743 7622 2734 7623 3669 7623 2789 7623 2789 7624 2788 7624 2734 7624 3788 7625 3802 7625 3348 7625 3781 7626 3744 7626 3692 7626 3195 7627 3706 7627 149 7627 2874 7628 3194 7628 2853 7628 3815 7629 3759 7629 3735 7629 3513 7630 3787 7630 3794 7630 3794 7631 3584 7631 3513 7631 2859 154 2577 154 2576 154 2576 5829 2860 5829 2859 5829 2908 7632 3639 7632 3779 7632 3822 7633 2726 7633 2754 7633 2788 7634 2717 7634 3697 7634 3697 7635 1800 7635 2788 7635 3307 7636 3591 7636 3690 7636 2744 7637 2426 7637 2804 7637 2638 7638 2632 7638 2633 7638 2633 7639 2642 7639 2638 7639 2585 7640 2742 7640 3726 7640 2584 7641 3710 7641 2876 7641 2584 7642 2876 7642 3323 7642 267 7643 1383 7643 1057 7643 1057 7644 1307 7644 267 7644 2009 7645 2008 7645 3313 7645 2008 7646 3647 7646 3313 7646 251 7647 3798 7647 3220 7647 766 7648 765 7648 2201 7648 3798 7649 252 7649 3220 7649 294 7650 527 7650 1312 7650 3601 7651 764 7651 3647 7651 3799 7652 2939 7652 3522 7652 2061 7653 1958 7653 2615 7653 3751 7654 2009 7654 3313 7654 765 7655 3600 7655 2201 7655 3396 7656 534 7656 587 7656 587 7657 3056 7657 3396 7657 3142 7658 2882 7658 3338 7658 3726 7659 2742 7659 1688 7659 3438 7660 1688 7660 2937 7660 2541 4891 1566 4891 1565 4891 2737 7661 1306 7661 3459 7661 3772 7662 2762 7662 3497 7662 2829 7663 2812 7663 2816 7663 2508 7664 2109 7664 1420 7664 799 7665 1162 7665 1384 7665 2283 7666 124 7666 2510 7666 3484 7667 3540 7667 1993 7667 3192 7668 3392 7668 1439 7668 2341 7669 3562 7669 3795 7669 3313 7670 2010 7670 3751 7670 3640 7671 2248 7671 3229 7671 2248 7672 2423 7672 3229 7672 17 7673 658 7673 1344 7673 1344 7674 659 7674 17 7674 3428 7675 250 7675 3429 7675 247 7676 3640 7676 3229 7676 1552 7677 1551 7677 2423 7677 645 7678 1550 7678 3658 7678 1118 7679 3341 7679 1119 7679 1550 7680 1549 7680 3658 7680 3429 7681 3784 7681 2702 7681 2703 7682 370 7682 3705 7682 2703 7683 3705 7683 3193 7683 3392 7684 3760 7684 3784 7684 3392 7685 3192 7685 3760 7685 544 7686 347 7686 348 7686 2048 7687 2223 7687 2229 7687 2229 7688 122 7688 2048 7688 1818 6681 1894 6681 1474 6681 3664 7689 2159 7689 3575 7689 2159 7690 3804 7690 3575 7690 643 7691 384 7691 128 7691 3711 7692 3761 7692 2931 7692 1413 7693 1391 7693 1273 7693 3405 7694 572 7694 2997 7694 408 7695 744 7695 2814 7695 1523 778 1522 778 1521 778 1521 7696 1520 7696 1523 7696 439 7697 3475 7697 3231 7697 3706 7698 2874 7698 3429 7698 3429 7699 2771 7699 3706 7699 2874 7700 2853 7700 2601 7700 2435 7701 3323 7701 2876 7701 2435 7702 2876 7702 2602 7702 3644 7703 2720 7703 3786 7703 2065 7704 571 7704 3350 7704 2635 7705 2634 7705 2637 7705 1812 7706 317 7706 2761 7706 2761 7707 317 7707 2803 7707 3763 7708 3761 7708 3386 7708 3790 7709 3703 7709 2954 7709 3763 7710 3790 7710 2905 7710 2905 7711 3790 7711 3805 7711 3805 7712 3790 7712 3536 7712 3536 7713 3790 7713 3604 7713 3604 7714 3790 7714 3043 7714 3043 7715 3790 7715 2699 7715 2699 7716 3790 7716 2954 7716 2787 7717 3623 7717 276 7717 276 7718 1222 7718 2787 7718 1436 7719 3360 7719 3594 7719 1121 38 1122 38 3070 38 3070 38 3213 38 1121 38 2083 7720 3705 7720 3661 7720 3661 7721 3808 7721 2083 7721 3760 7722 3803 7722 1201 7722 1201 7723 2702 7723 3760 7723 742 7724 901 7724 708 7724 3803 7725 3760 7725 3429 7725 3429 7726 3466 7726 3803 7726 2937 7727 3358 7727 3438 7727 2587 7728 3142 7728 3710 7728 3710 7729 2584 7729 2587 7729 1555 7730 3655 7730 2471 7730 3703 7731 3631 7731 3677 7731 3564 7732 1480 7732 2743 7732 580 7733 3425 7733 1837 7733 3311 7734 3378 7734 3171 7734 2796 7735 514 7735 3490 7735 177 7736 3616 7736 3709 7736 3693 7737 3581 7737 3652 7737 3814 7738 3815 7738 3735 7738 3735 7739 3810 7739 3814 7739 3357 7740 3599 7740 3598 7740 3598 7741 3596 7741 3357 7741 3345 7742 3769 7742 3770 7742 3579 7743 3436 7743 3346 7743 3339 7744 3813 7744 3598 7744 3693 7745 3692 7745 3673 7745 3692 7746 3674 7746 3673 7746 3744 7747 3674 7747 3692 7747 3769 7748 3788 7748 3348 7748 3348 7749 3770 7749 3769 7749 3822 7750 2754 7750 2725 7750 3693 7751 3673 7751 3744 7751 285 7752 284 7752 3314 7752 3787 7753 3513 7753 3733 7753 3733 7754 3572 7754 3787 7754 3119 7755 939 7755 938 7755 3759 7756 3584 7756 3735 7756 3810 7757 3733 7757 3513 7757 3513 7758 3584 7758 3759 7758 3759 7759 3810 7759 3513 7759 3626 7760 2939 7760 2938 7760 3626 7761 3522 7761 2939 7761 3424 7762 348 7762 347 7762 3548 7763 248 7763 3640 7763 3640 7764 247 7764 3548 7764 253 7765 2578 7765 3142 7765 806 7766 1059 7766 805 7766 1308 7767 1310 7767 1313 7767 2781 7768 3395 7768 1296 7768 3809 7769 3358 7769 2937 7769 2937 7770 3726 7770 3809 7770 3142 7771 3338 7771 3711 7771 515 7772 514 7772 3525 7772 3386 7773 2095 7773 514 7773 514 7774 2095 7774 3525 7774 2095 7775 2903 7775 3525 7775 2911 7776 2725 7776 2754 7776 2754 7777 2726 7777 2911 7777 3764 7778 3359 7778 2743 7778 3315 7779 3612 7779 3574 7779 3612 7780 3764 7780 2743 7780 3612 7781 2743 7781 3574 7781 2743 7782 2940 7782 3574 7782 3193 7783 2749 7783 2748 7783 2748 7784 3808 7784 3193 7784 1737 4691 1668 4691 1669 4691 1669 1573 1768 1573 1737 1573 1654 38 1653 38 2951 38 2951 38 2979 38 1654 38 3562 7785 2255 7785 3795 7785 2359 9 2358 9 2336 9 2336 9 2331 9 2359 9 3819 7786 327 7786 3522 7786 831 7787 1833 7787 3384 7787 3384 7788 43 7788 831 7788 1773 7789 1815 7789 1774 7789 1521 38 1522 38 2456 38 2456 38 2455 38 1521 38 2450 9 2449 9 2448 9 2448 9 2447 9 2450 9 801 7790 426 7790 877 7790 2744 7791 3682 7791 3344 7791 3639 7792 2903 7792 515 7792 515 7793 3779 7793 3639 7793 3590 7794 2872 7794 3282 7794 3282 7795 3217 7795 3590 7795 3429 7796 2702 7796 3466 7796 3817 7797 3357 7797 3818 7797 3818 7798 3816 7798 3817 7798 1377 7799 1379 7799 37 7799 3703 7800 3634 7800 2571 7800 2571 7801 3820 7801 3703 7801 2618 7802 2145 7802 2169 7802 3622 7803 2796 7803 3708 7803 2196 7804 430 7804 3564 7804 3792 7805 3820 7805 2571 7805 2571 7806 3789 7806 3792 7806 177 7807 3709 7807 3615 7807 3777 7808 3786 7808 2720 7808 2720 7809 3767 7809 3777 7809 3726 7810 3797 7810 3809 7810 462 7811 2566 7811 2773 7811 2773 7812 3372 7812 462 7812 3615 7813 3709 7813 3712 7813 3712 7814 3042 7814 3615 7814 3634 7815 3703 7815 1805 7815 598 4388 597 4388 596 4388 596 7816 595 7816 598 7816 3103 7817 2063 7817 1646 7817 2478 174 2479 174 2445 174 2445 7818 2442 7818 2478 7818 3517 7819 1074 7819 3119 7819 515 7820 3490 7820 514 7820 2743 7821 1480 7821 2940 7821 2940 7822 515 7822 2096 7822 3790 7823 3386 7823 3121 7823 3790 7824 3121 7824 3120 7824 3121 7825 3386 7825 225 7825 225 7826 3386 7826 224 7826 3186 700 3191 700 3196 700 3196 700 3197 700 3186 700 514 7827 2796 7827 224 7827 1553 7828 3774 7828 973 7828 3307 7829 3690 7829 3691 7829 3769 7830 3345 7830 3436 7830 3436 7831 3579 7831 3769 7831 2702 7832 1201 7832 3466 7832 3788 7833 3347 7833 3811 7833 3811 7834 3802 7834 3788 7834 2909 7835 3206 7835 3225 7835 3225 1155 2910 1155 2909 1155 178 7836 3341 7836 3547 7836 178 7837 1119 7837 3341 7837 3343 7838 2641 7838 3327 7838 2406 7839 2645 7839 2655 7839 2112 7840 1967 7840 1946 7840 3726 7841 1688 7841 3438 7841 380 7842 3215 7842 3803 7842 2083 7843 2897 7843 3193 7843 1201 7844 3215 7844 409 7844 3388 7845 3040 7845 2572 7845 3664 7846 1201 7846 409 7846 3664 7847 409 7847 407 7847 381 7848 3215 7848 380 7848 3761 7849 3664 7849 3312 7849 3664 7850 407 7850 3312 7850 2848 7851 3761 7851 3711 7851 3386 7852 3761 7852 3312 7852 3801 7853 3372 7853 2807 7853 3613 7854 3719 7854 3510 7854 3510 7855 3355 7855 3613 7855 2463 86 2464 86 2594 86 2594 86 2591 86 2463 86 1528 1205 3010 1205 2994 1205 2095 7856 3489 7856 3612 7856 515 7857 2903 7857 2096 7857 3663 7858 1442 7858 2718 7858 3386 7859 3239 7859 224 7859 1458 7860 480 7860 1318 7860 1318 7861 1320 7861 1458 7861 3717 7862 3786 7862 3777 7862 3694 7863 3445 7863 2732 7863 2732 7864 3432 7864 3694 7864 3816 7865 3818 7865 3599 7865 3599 7866 3812 7866 3816 7866 3788 7867 3769 7867 3579 7867 3579 7868 3347 7868 3788 7868 3770 7869 3348 7869 3347 7869 3347 7870 3579 7870 3770 7870 3733 7871 3810 7871 3735 7871 3797 7872 3726 7872 3438 7872 3438 7873 3358 7873 3797 7873 2711 7874 3786 7874 3767 7874 3767 7875 2720 7875 2711 7875 3717 7876 3767 7876 3786 7876 3631 7877 3663 7877 3676 7877 3676 7878 2718 7878 3631 7878 2908 7879 3779 7879 2883 7879 2726 7880 3315 7880 2911 7880 1201 7881 3664 7881 281 7881 3821 7882 3789 7882 3820 7882 2773 7883 2808 7883 2807 7883 2807 7884 3372 7884 2773 7884 1783 7885 1784 7885 3638 7885 3638 7886 3366 7886 1783 7886 3021 7887 735 7887 1187 7887 2940 7888 3315 7888 3776 7888 3776 7889 2911 7889 2940 7889 3822 7890 2725 7890 2726 7890 3784 7891 3760 7891 2702 7891 1146 7892 1147 7892 1148 7892 1148 7893 1134 7893 1146 7893 3329 7894 3663 7894 2718 7894 2882 7895 3710 7895 3338 7895 3357 7896 3817 7896 3812 7896 3812 7897 3599 7897 3357 7897 3821 7898 3792 7898 3789 7898 3818 7899 3339 7899 3598 7899 3329 7900 2718 7900 3676 7900 3003 7901 3369 7901 2392 7901 2392 7902 2131 7902 3003 7902 3781 7903 3692 7903 3693 7903 3693 7904 3652 7904 3781 7904 2836 7905 20 7905 2824 7905 439 7906 359 7906 358 7906 1553 7907 3589 7907 3774 7907 2737 7908 3459 7908 3460 7908 3824 7909 3823 7909 707 7909 3824 7910 707 7910 87 7910 3825 7911 661 7911 562 7911 3825 7912 205 7912 3823 7912 3825 7913 235 7913 205 7913 3825 7914 562 7914 235 7914 1005 7915 3453 7915 562 7915 2880 7916 2719 7916 1072 7916 237 7917 707 7917 3823 7917 961 7918 958 7918 62 7918 2880 7919 644 7919 2719 7919 706 7920 3059 7920 3643 7920 3721 7921 2880 7921 3453 7921 1005 7922 661 7922 3825 7922 2844 7923 2823 7923 2849 7923 2849 7924 2852 7924 2844 7924 958 7925 883 7925 448 7925 205 7926 237 7926 3823 7926 2727 7927 2880 7927 3721 7927 2813 7928 383 7928 484 7928 484 7929 2816 7929 2813 7929 2727 7930 644 7930 2880 7930 644 7931 87 7931 798 7931 2752 7932 2753 7932 3689 7932 3689 7933 3340 7933 2752 7933 2380 7934 1783 7934 3366 7934 3366 7935 3360 7935 2380 7935 803 7936 589 7936 588 7936 925 7937 460 7937 924 7937 2727 7938 3721 7938 3453 7938 2719 7939 557 7939 1072 7939 2784 7940 2855 7940 2856 7940 2856 7941 2843 7941 2784 7941 375 7942 707 7942 237 7942 3610 7943 3603 7943 3746 7943 3746 7944 3689 7944 3610 7944 3827 7945 3453 7945 1005 7945 3826 7946 3827 7946 1005 7946 3826 7947 644 7947 2727 7947 3826 7948 2727 7948 3827 7948 3826 7949 1005 7949 3825 7949 3826 7950 3824 7950 644 7950 205 7951 1989 7951 237 7951 562 7952 1072 7952 235 7952 235 7953 1072 7953 557 7953 87 7954 557 7954 798 7954 557 7955 2719 7955 798 7955 557 7956 1989 7956 235 7956 3328 7957 1027 7957 3327 7957 87 7958 707 7958 375 7958 644 7959 798 7959 2719 7959 829 7960 1543 7960 2234 7960 644 7961 3824 7961 87 7961 1005 7962 562 7962 661 7962 2112 7963 1946 7963 3359 7963 3359 7964 2082 7964 2112 7964 375 7965 1989 7965 557 7965 3823 7966 220 7966 602 7966 220 7967 3824 7967 577 7967 3823 7968 3824 7968 220 7968 1472 7969 3823 7969 1297 7969 3825 7970 1472 7970 613 7970 3321 7971 3319 7971 3281 7971 1297 7972 3823 7972 719 7972 3825 7973 3823 7973 1472 7973 3826 7974 1108 7974 1256 7974 3172 7975 2458 7975 3094 7975 1108 7976 3825 7976 2012 7976 3826 7977 3825 7977 1108 7977 3824 7978 3826 7978 2453 7978 2453 7979 3826 7979 3124 7979 3824 7980 2453 7980 2625 7980 535 7981 2063 7981 3103 7981 3124 7982 3826 7982 3097 7982 3823 7983 602 7983 719 7983 247 7984 1551 7984 1550 7984 1550 7985 645 7985 247 7985 719 7986 220 7986 1297 7986 602 7987 220 7987 719 7987 21 7988 2783 7988 2869 7988 961 7989 637 7989 704 7989 704 7990 599 7990 961 7990 613 7991 2012 7991 3825 7991 3824 7992 2625 7992 577 7992 1472 7993 2012 7993 613 7993 2625 7994 2453 7994 577 7994 577 7995 2453 7995 220 7995 1472 7996 1108 7996 2012 7996 404 7997 3586 7997 3592 7997 1297 7998 1108 7998 1472 7998 2453 7999 3124 7999 220 7999 1411 8000 1410 8000 1309 8000 1309 8001 1156 8001 1411 8001 403 8002 404 8002 2401 8002 3124 8003 1256 8003 1108 8003 3124 8004 3097 8004 1256 8004 3097 8005 3826 8005 1256 8005 1381 3052 1386 3052 799 3052 836 8006 858 8006 448 8006 3582 8007 2044 8007 283 8007 281 8008 3664 8008 2800 8008 2800 8009 2906 8009 281 8009 415 8010 489 8010 865 8010 3703 8011 3820 8011 2766 8011 3551 8012 3561 8012 538 8012 1411 9 1395 9 1394 9 2618 8013 2617 8013 2603 8013 690 8014 1461 8014 691 8014 657 615 597 615 596 615 755 8015 750 8015 1389 8015 3720 8016 3743 8016 3694 8016 3694 8017 3590 8017 3720 8017 3480 8018 3481 8018 1287 8018 3410 8019 2104 8019 3416 8019 3416 8020 3412 8020 3410 8020 2557 8021 2415 8021 3308 8021 883 8022 861 8022 836 8022 836 8023 445 8023 883 8023 2561 8024 2562 8024 2157 8024 2429 8025 2274 8025 1747 8025 3129 8026 3125 8026 3089 8026 3089 8026 3088 8026 3129 8026 2617 8027 2615 8027 2547 8027 578 8028 3535 8028 2722 8028 2722 8029 2999 8029 578 8029 1171 8030 1343 8030 1342 8030 1342 8031 1169 8031 1171 8031 1349 8032 3056 8032 1298 8032 351 8033 2993 8033 3012 8033 927 8034 3227 8034 1370 8034 2186 8035 2189 8035 2213 8035 2213 8036 2214 8036 2186 8036 2265 4591 2266 4591 2235 4591 2235 8037 2239 8037 2265 8037 2601 8038 2853 8038 2435 8038 2435 8039 2602 8039 2601 8039 768 8040 2981 8040 3233 8040 3054 8041 2580 8041 2579 8041 3485 8042 2701 8042 340 8042 255 8042 3470 8042 373 8042 2724 700 2318 700 2317 700 2317 700 2723 700 2724 700 2263 9 2262 9 2245 9 2245 9 2240 9 2263 9 2218 86 2187 86 1874 86 1874 86 1877 86 2218 86 787 700 3160 700 3173 700 3173 700 788 700 787 700 3038 8043 1504 8043 2894 8043 1589 8044 1592 8044 1564 8044 965 8045 969 8045 949 8045 2933 8046 3582 8046 2323 8046 2323 8047 617 8047 2933 8047 1383 8048 1457 8048 1307 8048 1307 8049 1319 8049 1383 8049 297 8050 206 8050 2620 8050 3510 8051 3571 8051 3594 8051 1169 8052 1352 8052 1218 8052 1218 8053 268 8053 1169 8053 826 8054 186 8054 882 8054 3240 86 3235 86 3234 86 3234 86 2980 86 3240 86 540 8055 1883 8055 539 8055 304 8056 964 8056 966 8056 1885 212 2724 212 2723 212 2723 212 1886 212 1885 212 2525 8057 1667 8057 1666 8057 2257 86 2258 86 3208 86 3208 86 3224 86 2257 86 2761 8058 318 8058 2760 8058 2554 8059 212 8059 203 8059 1402 9 1401 9 1400 9 444 8060 814 8060 785 8060 785 8061 883 8061 444 8061 2376 8062 2375 8062 1423 8062 2834 8063 2823 8063 2843 8063 2843 8064 2856 8064 2834 8064 2266 38 2235 38 2246 38 2246 38 1904 38 2266 38 1424 8065 3065 8065 3049 8065 1013 1206 1613 1206 1614 1206 902 8066 525 8066 523 8066 2294 8067 1234 8067 3182 8067 605 8068 1410 8068 1308 8068 1308 8069 1309 8069 605 8069 2765 8070 3580 8070 3349 8070 2805 8071 3399 8071 3400 8071 3400 8072 588 8072 2805 8072 697 8073 461 8073 3645 8073 620 8074 210 8074 211 8074 211 8075 2099 8075 620 8075 1215 8076 1216 8076 1339 8076 831 8077 3146 8077 1888 8077 1888 8078 1833 8078 831 8078 2595 8079 2015 8079 2016 8079 563 8080 564 8080 2494 8080 2566 8081 1987 8081 3783 8081 3783 8082 3558 8082 2566 8082 588 8083 3400 8083 3402 8083 3402 8084 803 8084 588 8084 3096 8085 30 8085 501 8085 1647 8086 1675 8086 1648 8086 3479 8087 993 8087 1069 8087 3308 8088 1446 8088 3276 8088 1447 8089 2913 8089 2912 8089 2175 8090 1968 8090 2618 8090 1974 3400 2164 3400 2136 3400 2611 8091 2972 8091 2973 8091 2973 6590 2612 6590 2611 6590 235 8092 1989 8092 205 8092 149 8093 2428 8093 3193 8093 1681 8094 812 8094 762 8094 762 8095 1939 8095 1681 8095 1984 2831 2969 2831 2968 2831 3665 8096 1304 8096 3090 8096 3090 8097 2682 8097 3665 8097 1569 8098 590 8098 1027 8098 2812 8099 2828 8099 2825 8099 2825 8100 2826 8100 2812 8100 2824 8101 2844 8101 2852 8101 164 8102 165 8102 2711 8102 2711 8103 2756 8103 164 8103 837 8104 853 8104 864 8104 240 2856 1884 2856 1887 2856 3224 38 3208 38 2258 38 2258 38 2257 38 3224 38 1829 8105 464 8105 2550 8105 246 8106 1215 8106 245 8106 1480 8107 348 8107 3424 8107 2055 231 2056 231 2020 231 2020 8108 2024 8108 2055 8108 2803 8109 2601 8109 2602 8109 2602 8110 318 8110 2803 8110 2690 8111 2857 8111 1277 8111 24 38 23 38 3085 38 3085 38 3105 38 24 38 3060 8112 3577 8112 44 8112 44 8113 43 8113 3060 8113 3123 8114 2471 8114 2470 8114 3719 8115 3714 8115 3571 8115 2905 8116 3642 8116 3326 8116 2812 8117 2829 8117 2839 8117 2839 8118 2840 8118 2812 8118 3450 8119 2652 8119 3629 8119 3629 8120 121 8120 3450 8120 2422 8121 1123 8121 394 8121 394 8122 1112 8122 2422 8122 534 8123 588 8123 3309 8123 1322 8124 1159 8124 1264 8124 1264 8125 1263 8125 1322 8125 203 8126 573 8126 1728 8126 3334 8127 2290 8127 2291 8127 2291 8128 3422 8128 3334 8128 2489 8129 2136 8129 2164 8129 176 8130 3614 8130 1305 8130 1305 8131 3620 8131 176 8131 567 8132 85 8132 58 8132 285 8133 3314 8133 286 8133 286 8134 2845 8134 285 8134 2648 8135 3152 8135 2649 8135 2940 8136 2096 8136 3315 8136 3162 8137 2817 8137 2818 8137 2937 8138 3819 8138 3522 8138 3522 8139 3626 8139 2937 8139 1071 8140 275 8140 368 8140 3305 8141 3308 8141 3283 8141 2805 8142 588 8142 3441 8142 317 8143 2853 8143 3466 8143 3534 8144 3241 8144 411 8144 3060 8145 135 8145 2388 8145 2161 8146 1280 8146 27 8146 27 8147 1107 8147 2161 8147 2 8148 90 8148 86 8148 2667 8149 1143 8149 1145 8149 1145 8150 823 8150 2667 8150 1460 8151 1457 8151 1317 8151 1317 8152 1329 8152 1460 8152 612 8153 611 8153 1435 8153 2335 3641 2360 3641 2358 3641 2358 1198 2336 1198 2335 1198 739 1405 738 1405 2237 1405 607 8154 1396 8154 1359 8154 1518 8155 1517 8155 1526 8155 2428 8156 675 8156 3808 8156 1539 8157 1538 8157 1537 8157 1224 8158 2621 8158 214 8158 3110 8159 3409 8159 3405 8159 407 8160 2159 8160 3711 8160 3711 8161 3312 8161 407 8161 3687 8162 3638 8162 3637 8162 2896 8163 3537 8163 2083 8163 2986 8164 2985 8164 3015 8164 3015 8165 3014 8165 2986 8165 3502 8166 556 8166 2097 8166 2798 8167 3728 8167 2799 8167 3354 8168 3380 8168 1858 8168 676 8169 67 8169 795 8169 795 8170 688 8170 676 8170 3739 8171 3702 8171 3641 8171 3641 8172 3602 8172 3739 8172 297 8173 50 8173 100 8173 297 8174 2436 8174 50 8174 2848 8175 2159 8175 3664 8175 3664 8176 3761 8176 2848 8176 2930 8177 2876 8177 3142 8177 3142 8178 2931 8178 2930 8178 100 8179 50 8179 2505 8179 3039 8180 100 8180 2505 8180 2436 8181 2505 8181 50 8181 1385 8182 1380 8182 1163 8182 1163 8183 1162 8183 1385 8183 206 8184 3039 8184 2505 8184 206 8185 2505 8185 1106 8185 642 8186 2620 8186 216 8186 642 8187 216 8187 1106 8187 642 8188 297 8188 2620 8188 2451 8189 2620 8189 206 8189 206 8190 216 8190 2451 8190 3039 8191 297 8191 100 8191 297 8192 3039 8192 206 8192 642 8193 2436 8193 297 8193 216 8194 206 8194 1106 8194 3113 8195 2436 8195 621 8195 2505 8196 2436 8196 2113 8196 2113 8197 2436 8197 3113 8197 3533 8198 711 8198 710 8198 1106 8199 2505 8199 696 8199 696 8200 2505 8200 19 8200 403 8201 405 8201 512 8201 642 8202 601 8202 213 8202 1435 8203 611 8203 3473 8203 642 8204 1106 8204 601 8204 2436 8205 642 8205 215 8205 2113 8206 19 8206 2505 8206 1785 8207 347 8207 544 8207 554 8208 3515 8208 1603 8208 2113 8209 3113 8209 19 8209 3113 8210 696 8210 19 8210 2596 8211 1710 8211 1714 8211 696 8212 601 8212 1106 8212 621 8213 215 8213 3113 8213 2436 8214 215 8214 621 8214 609 8215 478 8215 859 8215 601 8216 215 8216 213 8216 3302 8217 1041 8217 1291 8217 215 8218 642 8218 213 8218 3385 8219 2165 8219 2167 8219 2167 8220 733 8220 3385 8220 1409 8221 1408 8221 1356 8221 1356 8222 692 8222 1409 8222 385 8223 128 8223 384 8223 1708 1973 1738 1973 1695 1973 1697 8224 1748 8224 1703 8224 1412 8225 1389 8225 750 8225 1413 8226 1389 8226 1158 8226 28 8227 2035 8227 2034 8227 1202 8228 1203 8228 1200 8228 475 8229 3116 8229 3130 8229 3785 8230 3630 8230 2112 8230 2788 8231 2769 8231 2734 8231 1397 9 1406 9 1405 9 1405 9 1399 9 1397 9 2457 8232 1601 8232 3573 8232 3688 8233 3653 8233 3608 8233 3608 8234 3587 8234 3688 8234 2434 2770 2433 2770 2060 2770 2060 2769 2059 2769 2434 2769 2869 8235 20 8235 21 8235 1198 8236 3000 8236 272 8236 272 8237 1199 8237 1198 8237 3175 38 3158 38 3159 38 3159 38 3176 38 3175 38 2122 8238 2120 8238 2068 8238 2068 8239 2077 8239 2122 8239 203 8240 2212 8240 1515 8240 3492 8241 340 8241 341 8241 341 8242 975 8242 3492 8242 704 8243 894 8243 624 8243 1303 9 569 9 1464 9 1381 9 1384 9 1386 9 1942 8244 2260 8244 196 8244 755 8245 1274 8245 1263 8245 1263 8246 756 8246 755 8246 2795 8247 3800 8247 3558 8247 3558 8248 201 8248 2795 8248 424 4591 423 4591 422 4591 422 8037 421 8037 424 8037 175 8249 1081 8249 1080 8249 2735 8250 2691 8250 2694 8250 2694 8251 2739 8251 2735 8251 2853 8252 317 8252 318 8252 318 8253 407 8253 2853 8253 3051 8254 988 8254 985 8254 985 8255 3068 8255 3051 8255 727 5063 1854 5063 1897 5063 2181 86 2220 86 1871 86 1871 86 1868 86 2181 86 2383 212 3027 212 3045 212 3045 8256 2384 8256 2383 8256 484 8257 2832 8257 483 8257 3398 8258 2352 8258 3435 8258 346 11 3248 11 3259 11 3259 1103 345 1103 346 1103 3539 8259 3457 8259 1088 8259 2890 8260 2986 8260 3014 8260 3014 8261 2893 8261 2890 8261 3428 8262 2340 8262 2341 8262 2341 8263 2255 8263 3428 8263 1905 8264 1904 8264 2246 8264 2246 1142 2236 1142 1905 1142 2429 8265 2081 8265 2190 8265 2341 8266 3795 8266 3548 8266 1763 8267 1876 8267 1875 8267 474 8268 967 8268 966 8268 2310 174 337 174 336 174 336 8269 2280 8269 2310 8269 189 181 1925 181 1953 181 1953 42 188 42 189 42 380 8270 1687 8270 238 8270 238 8271 1201 8271 380 8271 2454 8272 3675 8272 146 8272 2971 10 2610 10 2609 10 2609 10 2970 10 2971 10 321 8273 203 8273 991 8273 1432 8274 1595 8274 1515 8274 2016 8275 1733 8275 1732 8275 318 8276 2761 8276 2803 8276 2232 8277 196 8277 223 8277 2960 1601 3019 1601 2801 1601 0 8278 3 8278 12 8278</p>
        </triangles>
      </mesh>
    </geometry>
  </library_geometries>
  <library_visual_scenes>
    <visual_scene id="Scene" name="Scene">
      <node id="Raspberry_Pi_4-Model_B-03" name="Raspberry_Pi_4-Model_B-03" type="NODE">
        <matrix sid="transform">0.001 0 0 0 0 0.001 0 0 0 0 0.001 0 0 0 0 1</matrix>
        <instance_geometry url="#Raspberry_Pi_4-Model_B-03-mesh" name="Raspberry_Pi_4-Model_B-03"/>
      </node>
    </visual_scene>
  </library_visual_scenes>
  <scene>
    <instance_visual_scene url="#Scene"/>
  </scene>
</COLLADA>