<?xml version="1.0" encoding="utf-8"?>
<COLLADA xmlns="http://www.collada.org/2005/11/COLLADASchema" version="1.4.1" xmlns:xsi="http://www.w3.org/2001/XMLSchema-instance">
  <asset>
    <contributor>
      <author>Blender User</author>
      <authoring_tool>Blender 3.0.1</authoring_tool>
    </contributor>
    <created>2025-12-17T21:08:54</created>
    <modified>2025-12-17T21:08:54</modified>
    <unit name="meter" meter="1"/>
    <up_axis>Z_UP</up_axis>
  </asset>
  <library_images/>
  <library_geometries>
    <geometry id="rplidar_ca_edit_001-mesh" name="rplidar_ca_edit.001">
      <mesh>
        <source id="rplidar_ca_edit_001-mesh-positions">
          <float_array id="rplidar_ca_edit_001-mesh-positions-array" count="4989">0.01356631 0.02006959 0.05407291 0.001590609 0.03217768 0.05407291 0.004548013 0.03186845 0.05407291 0.0071702 0.03138369 0.05407291 0.01337403 0.01932835 0.05127131 0.01336663 0.01929479 0.05407291 -5.59136e-4 0.03071856 0.05407291 0.0135585 0.02003628 0.05127292 0.01495522 0.01962345 0.04727298 0.01600533 0.01943725 0.05407291 0.01619356 0.01957803 0.04427289 0.0169838 0.01924961 0.04427289 0.01695781 0.01912564 0.04557287 0.01821333 0.01849246 0.04557287 0.01830923 0.01871633 0.04687303 0.01819437 0.01841098 0.04687303 0.016815 0.0186668 0.04557287 0.01677054 0.01857769 0.04427289 0.0158835 0.018242 0.04427289 0.01816952 0.01814943 0.04557287 0.01676928 0.01810163 0.04557287 0.0181719 0.01808547 0.04687303 0.01678895 0.01785433 0.04687303 0.01682657 0.01764792 0.04557287 0.01595002 0.01753669 0.04427289 0.01608175 0.01705288 0.04427289 0.01699441 0.01712751 0.04557287 0.01697796 0.0171113 0.04427289 0.01824396 0.01776283 0.04557287 0.01827436 0.01769566 0.04687303 0.01636338 0.01643645 0.04427289 0.0168327 0.0158295 0.04427289 0.01673644 0.01575177 0.05407291 0.02826303 -0.01716446 0.05407291 0.01739627 0.01535469 0.04427289 0.01729768 0.01528149 0.05407291 0.01762837 0.01625901 0.04427289 0.01800465 0.01599103 0.04427289 0.01799011 0.01602417 0.04557287 0.01875638 0.01719665 0.04687303 0.01797634 0.01603037 0.04687303 0.01780027 0.01597636 0.05507302 0.01204681 0.006655633 0.05507302 0.01201856 0.006692647 0.05487293 0.01068305 0.007617712 0.05487293 0.01084053 0.008206725 0.05507302 0.01081144 0.008244097 0.05487293 0.009548723 0.008810937 0.05487293 0.009581744 0.008776664 0.05507302 0.007282555 1.0892e-4 0.05507302 0.008285284 0.00986284 0.05487293 0.009303808 0.009697437 0.05487293 0.009537875 0.009492754 0.05507302 0.01753002 0.01637852 0.04687303 0.01848322 0.01740688 0.04687303 0.01760447 0.01631093 0.04557287 0.01844567 0.01744687 0.04557287 0.01729124 0.01660758 0.04427289 0.01730537 0.01662755 0.04557287 0.01734095 0.01636129 0.05507302 0.007984578 0.01069742 0.05507302 0.006281793 0.01167249 0.05507302 0.003211796 0.01279526 0.05507302 0.001670956 0.01308459 0.05507302 -0.002250134 0.0131157 0.05507302 -2.82166e-5 0.01322728 0.05507302 0.004839479 0.01229363 0.05507302 0.005160808 0.01217055 0.05487293 0.003920316 0.01259636 0.05487293 0.003660082 0.01215785 0.05487293 0.00239861 0.01297408 0.05487293 0.002598583 0.01241707 0.05507302 0.002055704 0.01252174 0.05487293 4.83796e-4 -1.50241e-5 0.05507302 9.71617e-4 0.01266884 0.05507302 2.95608e-4 0.01271551 0.05487293 -1.41103e-4 -2.6416e-5 0.05507302 -0.00117743 0.0127111 0.05507302 -0.004662871 -1.08548e-4 0.05507302 -0.001197159 -4.56683e-5 0.05507302 -0.002803385 0.01251554 0.05507302 -0.004046738 0.0122509 0.05507302 -7.73072e-5 -0.003525674 0.05507302 -0.001133382 -0.003544986 0.05507302 -0.003107726 0.01246654 0.05487293 -0.002036392 0.01313787 0.05487293 -0.01807016 0.01741039 0.05507302 -0.01814043 0.01686108 0.05507302 -0.01961749 0.01743316 0.04687303 -0.01823073 0.01713639 0.04687303 -0.01962351 0.01758003 0.04557287 -0.01823687 0.01776987 0.04687303 -0.01811772 0.01791632 0.05507302 0.0166471 0.01779782 0.05507302 -0.01825922 0.01793497 0.04557287 -0.01736438 0.01788556 0.04427289 -0.01485806 0.01878076 0.05407291 -0.01725637 0.01691162 0.05407291 -0.001358866 0.03070521 0.05407291 -0.01721841 0.01745742 0.05407291 -0.0172674 0.01805746 0.05407297 -0.01486861 0.01881325 0.05127292 -0.01786071 0.01542186 0.05407291 -0.01747137 0.01611596 0.05407291 -0.01862984 0.01603096 0.04427289 -0.01872146 0.01593428 0.04687303 -0.01005506 0.009682416 0.05507302 -0.01018792 0.00956273 0.05487293 -0.009075999 0.009823083 0.05487293 -0.008843898 0.01060837 0.05487293 -0.008693456 0.01070362 0.05507302 -0.00799334 0.01056486 0.05507302 -0.007153451 0.01160615 0.05487293 -0.007814586 0.01066517 0.05487293 -0.007112562 0.01162999 0.05507302 -0.01829671 0.01637911 0.05507302 -0.006358981 0.01143562 0.05487293 -0.006429314 0.01139783 0.05507302 -0.005717515 0.01223713 0.05487293 -0.005667269 0.01225435 0.05507302 -0.004301369 0.01270323 0.05507302 -0.0196709 0.01710009 0.04687303 -0.01829826 0.01680749 0.04557287 -0.01835834 0.01653575 0.04427289 -0.01963198 0.0172733 0.04557287 -0.0182197 0.01732528 0.04557287 -0.01820081 0.01722127 0.04427289 -0.01734077 0.0172342 0.04427289 -0.01748883 0.01641941 0.04427289 -0.01848566 0.01631832 0.04557287 -0.01972365 0.01696932 0.04557287 -0.01840722 0.01648312 0.04687303 -0.004094779 0.01276075 0.05487293 -0.004699885 0.01206314 0.05487293 -0.005252599 0.01187396 0.05507302 -0.009232044 0.009696662 0.05507302 -0.008811533 -1.84175e-4 0.05507302 -0.01234686 -2.48928e-4 0.05507302 -0.006923854 -0.003650546 0.05507302 -0.01369529 0.003957688 0.05507302 -0.008994519 -0.003688395 0.05507302 -0.01295334 0.005426883 0.05507302 -0.01198923 0.006913423 0.05507302 -0.01048636 0.008624255 0.05507302 -0.01141721 -2.31981e-4 0.05507302 -0.009058356 -1.88977e-4 0.05507302 -0.009683251 -2.00368e-4 0.05507302 -0.007847011 -1.66897e-4 0.05507302 -0.008564651 -1.79976e-4 0.05507302 -0.01371079 0.003914594 0.05487293 -0.01341688 0.005638718 0.05487293 -0.01363837 0.005218923 0.05507302 -0.01936697 0.01516938 0.05507302 -0.02017432 0.01648837 0.04687303 -0.01929557 0.01536166 0.04427289 -0.01279312 0.005719661 0.05487293 -0.01283973 0.006567478 0.05507302 -0.01248836 0.007062196 0.05487293 -0.01894342 0.01548707 0.05507302 -0.01156032 0.008226931 0.05507302 -0.0114144 0.008383035 0.05487293 -0.01170241 0.007270991 0.05487293 -0.01051676 0.008590221 0.05487293 -0.01859974 0.01586037 0.05507302 -0.01911538 0.01552557 0.04687303 -0.01998758 0.01661437 0.04557287 -0.0187813 0.01585966 0.04557287 -0.01892131 0.01567238 0.04427289 -0.01821053 0.01517802 0.04427289 -0.01987528 0.01673084 0.04687303 -0.0192908 0.01538389 0.04557287 -0.0186876 0.0147376 0.04427289 -0.02171838 0.01151973 0.05407291 -0.02249693 0.01170349 0.05407291 -0.02800434 -0.01888316 0.05407291 -0.004911601 -0.02652186 0.05407291 -0.01831954 0.01489037 0.05407291 -0.02175199 0.01152634 0.0512712 -0.01959371 0.01412159 0.05407291 -0.01887923 0.01446557 0.05407291 -0.0204631 0.01394921 0.05407291 -0.02113568 0.0139693 0.05407291 -0.02841573 -0.018197 0.05407291 -0.02841681 -0.01819771 0.03757292 -0.02800327 -0.01888251 0.03757292 -0.02928936 -0.01965665 0.05407291 -0.02928853 -0.01965612 0.03757292 -0.02970206 -0.01897126 0.03757292 -0.02970135 -0.01897078 0.05407297 -0.03033077 -0.01868349 0.03557288 -0.03076046 -0.01996666 0.03557288 -0.03031456 -0.01991522 0.05507302 -0.02113687 0.01498013 0.04687303 -0.02113646 0.01642453 0.04557287 -0.02162981 0.01511359 0.04557287 -0.021465 0.01489984 0.05507302 -0.03407561 -0.01125633 0.05507302 -0.03311628 -0.01414662 0.05507302 -0.03323084 -0.01498901 0.03557288 -0.0319187 -0.01696437 0.05507302 -0.03208744 -0.01752924 0.03557288 -0.03047907 -0.01758176 0.05407291 -0.03181612 -0.01571434 0.03557288 -0.03138786 -0.01570606 0.05407291 -0.03228634 -0.01352083 0.05407291 -0.03270095 -0.01349514 0.03557288 -0.0340619 -0.0126726 0.03557288 -0.03336077 -0.0114932 0.03557288 -0.0346688 -0.01058936 0.03557288 -0.02158337 0.01509517 0.04687303 -0.03409206 -0.008573353 0.03557288 -0.03476613 -0.008272111 0.05507302 -0.03531581 -0.007561683 0.03557288 -0.02207559 0.01517319 0.05507302 -0.03509664 -0.006147086 0.05507302 -0.0220142 0.01530504 0.04687303 -0.02228468 0.01443779 0.04427289 -0.02191621 0.01415455 0.05407291 -0.0224635 0.01169627 0.05127292 -0.02248948 0.01441979 0.05407291 -0.02298569 0.01477533 0.05407291 -0.02345818 0.0152527 0.05407291 -0.02387976 0.01592618 0.05407291 -0.02331781 0.01527571 0.04427289 -0.02284252 0.01607596 0.04427289 -0.02363932 0.01573693 0.04427289 -0.02295023 0.01630097 0.04557287 -0.02168148 0.01690638 0.04557287 -0.02156162 0.01673567 0.04687303 -0.02146345 0.01662606 0.04557287 -0.02279245 0.01603007 0.04687303 -0.02287364 0.01589941 0.05507302 -0.03388172 0.008342206 0.05507302 -0.03456759 0.005686044 0.05507302 -0.03493642 0.005951702 0.03557288 -0.03500533 0.003280758 0.05507302 -0.03547114 0.002899408 0.03557288 -0.02246737 0.01545923 0.05507302 -0.03524571 0.001166939 0.05507302 -0.02261906 0.01581382 0.04557287 -0.02217012 0.01540046 0.04557287 -0.02242028 0.0155676 0.04427289 -0.02290135 0.01486003 0.04427289 -0.02191042 0.01521992 0.04427289 -0.02137446 0.01655834 0.04687303 -0.03530067 -0.004033207 0.05507302 -0.02236694 0.0155608 0.04687303 -0.03567707 -0.004501223 0.03557288 -0.03473842 -0.002927184 0.03557288 -0.03458273 -0.005312204 0.03557288 -0.034352 -0.0030815 0.05407291 -0.03410947 -0.006037175 0.05407291 -0.03372561 -0.008369207 0.05407291 -0.03318715 -0.01069766 0.05407291 -0.03433609 -1.15922e-4 0.05407291 -0.03474712 -8.21237e-4 0.03557288 -0.03577411 -0.002347469 0.03557288 -0.03573369 1.38999e-4 0.03557288 -0.03537374 -0.001289069 0.05507302 -0.03456914 0.00187993 0.03557288 -0.03402519 0.003130376 0.05407291 -0.03417372 0.004545807 0.03557288 -0.03339415 0.006335556 0.05407291 -0.03372424 0.006585896 0.03557288 -0.0330615 0.008908212 0.03557288 -0.03412425 0.008926868 0.03557288 -0.0326516 0.008901536 0.05407291 -0.0329793 0.01094192 0.05507302 -0.0231716 0.01644748 0.05507302 -0.03213393 0.01291888 0.05507302 -0.03217166 0.01380616 0.03557288 -0.03329437 0.01125705 0.03557288 -0.02308309 0.01661604 0.04687303 -0.02313226 0.01666897 0.04427289 -0.02171546 0.01696765 0.04687303 -0.03104496 0.01508855 0.05507302 -0.02332711 0.01697629 0.05507302 -0.02390652 0.0162965 0.04427289 -0.02410989 0.01655685 0.05407291 -0.02315962 0.01687508 0.04557287 -0.02178943 0.01717269 0.04557287 -0.0218262 0.01736569 0.04687303 -0.02321118 0.01716864 0.04687303 -0.03053414 0.01678752 0.03557288 -0.0232197 0.01732921 0.04557287 -0.02324378 0.0173189 0.04427289 -0.02408355 0.01704114 0.04427289 -0.02421647 0.01719093 0.05407291 -0.02320474 0.01776534 0.04557287 -0.02321374 0.0178706 0.04427289 -0.02182316 0.01755571 0.04557287 -0.02321308 0.01766997 0.04687303 -0.02336639 0.01753026 0.05507302 -0.02901834 0.01726186 0.03557288 -0.02846616 0.0173878 0.05407291 -0.03001958 0.01486641 0.05407291 -0.03085172 0.01416289 0.03557288 -0.02420836 0.01777011 0.05407291 -0.03110885 0.01275706 0.05407291 -0.03211951 0.01143652 0.03557288 -0.03193277 0.01086056 0.05407291 -0.02409237 0.01774978 0.04427289 -0.02667593 0.01976561 0.05407291 -0.02410954 0.01834255 0.05407291 -0.02399379 0.0183016 0.04427289 -0.02306896 0.01837724 0.04427289 -0.021775 0.01777595 0.04687303 -0.02294123 0.0186088 0.04687303 -0.02303308 0.01874464 0.05507302 -0.02745002 0.02039903 0.05507302 -0.02746039 0.02102118 0.03557288 -0.0288003 0.01933199 0.03557288 -0.0232883 0.01810085 0.05507302 -0.02313768 0.01809996 0.04687303 -0.02929228 0.01795208 0.05507302 -0.02267575 0.01900833 0.04687303 -0.02167487 0.01801288 0.04557287 -0.02304315 0.01839935 0.04557287 -0.02283781 0.01882863 0.04427289 -0.02377605 0.01891237 0.04427289 -0.02383857 0.01905602 0.05407291 -0.02345299 0.01944059 0.04427289 -0.02535694 0.02127689 0.05407291 -0.02681595 0.02022105 0.03557288 -0.02540212 0.02143394 0.04727298 -0.02352327 0.01954466 0.05407291 -0.02341628 0.01956272 0.04727292 -0.02248775 0.0192539 0.04427289 -0.02272546 0.018947 0.04557287 -0.02263212 0.01928079 0.05507302 -0.02158999 0.01813405 0.04687303 -0.02237635 0.01932626 0.04687303 -0.02133083 0.01837366 0.04557287 -0.02243453 0.01927065 0.04557287 -0.02481603 0.02187055 0.05407291 -0.02496701 0.02189481 0.04727298 -0.02507126 0.0221439 0.03557288 -0.02297633 0.02014195 0.05407297 -0.02355879 0.02361732 0.03557288 -0.02601295 0.02264231 0.03557288 -0.02253782 0.02400422 0.05407291 -0.02210414 0.02067291 0.05407291 -0.02125602 0.02555364 0.03557288 -0.02114319 0.01991581 0.04557287 -0.02165758 0.01992785 0.05507302 -0.02160549 0.01978874 0.04557287 -0.02162295 0.01981288 0.04427289 -0.02181708 0.02065479 0.04427289 -0.02296358 0.02496075 0.05507302 -0.02378672 0.02479654 0.03557288 -0.0204513 0.02566546 0.05407291 -0.02163386 0.02653354 0.03557288 -0.02070218 0.02095586 0.05407291 -0.02092069 0.02083253 0.04427289 -0.02015447 0.02078402 0.04427289 -0.0202338 0.01992642 0.04427289 -0.02051079 0.01994758 0.04557287 -0.01997429 0.02087122 0.05407291 -0.01991349 0.01981741 0.04557287 -0.02031397 0.01847422 0.04557287 -0.02049505 0.01853018 0.04687303 -0.02015209 0.01988434 0.04687303 -0.02004444 0.02000653 0.05507302 -0.02066075 0.01855063 0.04557287 -0.02069371 0.01995515 0.04687303 -0.02086961 0.01997584 0.04427289 -0.02085894 0.01854252 0.04687303 -0.02098393 0.02008378 0.05507302 -0.0205475 0.02682805 0.05507302 -0.02097594 0.01851999 0.04557287 -0.02140057 0.02088415 0.05407291 -0.021236 0.01989609 0.04687303 -0.01986062 0.02778613 0.03557288 -0.01879602 0.02725881 0.03557288 -0.01822853 0.02715677 0.05407291 -0.01771664 0.02863389 0.05507302 -0.01747858 0.02923035 0.03557288 -0.01645809 0.02862107 0.03557288 -0.01642143 0.02819365 0.05407291 -0.01430749 0.02924084 0.05407291 -0.01471352 0.03015506 0.05507302 -0.01962471 0.01973098 0.04427289 -0.01964086 0.02065324 0.04427289 -0.01933431 0.02066791 0.05407291 -0.01944279 0.01977199 0.05507302 -0.02017211 0.01840436 0.04687303 -0.01442795 0.03073287 0.03557288 -0.01235699 0.03045535 0.03557288 -0.01430988 0.0296567 0.03557288 -0.01209437 0.03013598 0.05407291 -0.01882338 0.02039104 0.05407291 -0.01912552 0.02043336 0.04427289 -0.01949626 0.01963055 0.04557287 -0.01961541 0.01969987 0.04687303 -0.02003985 0.01831531 0.04557287 -0.009833693 0.0319212 0.05507302 -0.008869946 0.03260231 0.03557288 -0.009785771 0.03130215 0.03557288 -0.007553279 0.03146135 0.05407291 -0.007748126 0.03243535 0.05507302 -0.01989412 0.01818335 0.04687303 -0.01913559 0.01938462 0.04557287 -0.01904052 0.01933753 0.04427289 -0.01838397 0.02006024 0.05407291 -0.01013058 0.0307936 0.05407291 -0.01154458 0.03182387 0.03557288 -0.01909077 0.01934897 0.04687303 -0.01885282 0.01932811 0.05507302 -0.005653381 0.03282415 0.05507302 -0.006151258 0.03315854 0.03557288 -0.007167696 0.0319339 0.03557288 -0.00479716 0.03232645 0.03557288 -0.004914164 0.03192007 0.05407291 -0.01864856 0.01886439 0.04687303 -0.01877921 0.01903092 0.04557287 -0.01851373 0.02001881 0.04427289 -1.81487e-4 0.033234 0.05507302 -2.9936e-4 0.03363811 0.03557288 -0.003387093 0.03350919 0.03557288 -0.003226101 0.03310859 0.05507302 -0.001794815 0.03259176 0.03557288 -0.002840936 0.03213226 0.05407291 -0.001386284 0.03220486 0.05407291 -0.001358926 0.03070402 0.03757292 -0.001386344 0.03220385 0.03757292 -5.86537e-4 0.03221952 0.03757292 -5.86465e-4 0.03221869 0.05407297 8.82566e-4 0.03258728 0.03557288 -0.01849371 0.01887732 0.05507302 -0.01985687 0.01813167 0.04557287 -0.01804894 0.01952379 0.04427289 -0.01800614 0.01966005 0.05407291 -0.01770752 0.01923686 0.05407291 -0.01847684 0.01861041 0.04427289 -0.01871442 0.01898008 0.04427289 0.002583563 0.03309798 0.05507302 -0.01824206 0.01838403 0.05507302 0.002147793 0.03354161 0.03557288 0.01699936 0.01953244 0.05507302 -0.01971518 0.01790237 0.04557287 -0.01847308 0.01855438 0.04557287 -0.01772797 0.01903003 0.04427289 -0.0150882 0.01954692 0.05407291 -0.01750272 0.01882576 0.05407291 -0.01507711 0.01951444 0.05127131 -0.01645797 0.01905107 0.04727298 -0.01754069 0.0187242 0.04727292 -0.01627725 0.01844358 0.04727298 -0.01736938 0.01811748 0.04727298 -0.0174914 0.01846128 0.04427289 -0.01824051 0.01796865 0.04427289 -0.01967102 0.01780259 0.04687303 -0.01835757 0.0182774 0.04687303 0.01675695 0.01900786 0.05507302 0.01663911 0.01844388 0.05507302 0.01692879 0.01905882 0.04687303 0.01678133 0.01846545 0.04687303 0.01630634 0.02005022 0.05407291 0.01833969 0.01876211 0.04557287 0.01717489 0.01954597 0.04687303 0.008311271 0.03150922 0.03557288 0.005366683 0.03213179 0.03557288 0.01680588 0.02066814 0.05407291 0.01682275 0.02051138 0.04427289 0.01756978 0.02004176 0.04427289 0.01725804 0.01970094 0.04427289 0.01645368 0.02004927 0.04427289 0.01722371 0.01962643 0.04557287 0.01850086 0.01896506 0.04557287 0.01750588 0.01995038 0.04687303 0.01772195 0.02014625 0.04557287 0.0185166 0.0189808 0.04687303 0.01800328 0.02034187 0.04687303 0.01739013 0.02004528 0.05507302 0.007987439 0.03221827 0.05507302 0.01064032 0.03188443 0.03557288 0.007960081 0.03264135 0.03557288 0.004993915 0.03281676 0.05507302 0.004936516 0.03324389 0.03557288 0.002985656 0.03244924 0.03557288 0.01719456 0.02084493 0.04427289 0.01747983 0.02119535 0.05407291 0.01031434 0.03051358 0.05407291 0.0111671 0.0306214 0.03557288 0.01063072 0.03145325 0.05507302 0.01790112 0.02044039 0.05507302 0.01292115 0.03060561 0.05507302 0.01294314 0.03103452 0.03557288 0.01882797 0.01918977 0.04687303 0.01878094 0.01916646 0.04557287 0.01797538 0.0203461 0.04427289 0.01761275 0.02112573 0.04427289 0.01309067 0.02944934 0.05407291 0.01339673 0.02973902 0.03557288 0.01840108 0.0206775 0.05507302 0.01542043 0.02946811 0.05507302 0.01836413 0.02051758 0.04557287 0.01839327 0.02054286 0.04427289 0.0157597 0.02816832 0.05407291 0.01521939 0.03002452 0.03557288 0.01852524 0.02056407 0.04687303 0.01918828 0.01928108 0.04557287 0.01881653 0.02066206 0.04427289 0.01906704 0.02067399 0.04557287 0.0182048 0.0213899 0.04427289 0.01610624 0.02842146 0.03557288 0.01823645 0.02152496 0.05407291 0.01891893 0.02670192 0.03557288 0.01766008 0.02870279 0.03557288 0.01834434 0.02781593 0.05507302 0.01889503 0.02079498 0.05507302 0.01933139 0.02082204 0.05507302 0.0194748 0.02755022 0.03557288 0.01880133 0.02631884 0.05407291 0.01877325 0.02164262 0.05407291 0.01877987 0.02152317 0.04427289 0.01926833 0.01928508 0.04687303 0.0189948 0.02066701 0.04687303 0.01947623 0.02070111 0.04427289 0.01974266 0.02064102 0.04557287 0.01930904 0.0215606 0.04427289 0.01986819 0.02162891 0.05407291 0.02140575 0.0243467 0.05407291 0.02058911 0.02548509 0.03557288 0.01980894 0.0215159 0.04427289 0.01965427 0.01921725 0.04557287 0.01963615 0.01921743 0.04687303 0.02021795 0.02050304 0.04687303 0.0195614 0.02066409 0.04687303 0.02109438 0.02588057 0.05507302 0.01995015 0.0207411 0.05507302 0.02052599 0.02050715 0.05507302 0.02012139 0.0205568 0.04427289 0.02040058 0.02149337 0.05407291 0.02101546 0.02122014 0.05407291 0.02224802 0.02413791 0.03557288 0.02110362 0.02103102 0.04427289 0.02034288 0.02044063 0.04557287 0.02053916 0.02036094 0.04427289 0.01997667 0.01902508 0.04557287 0.02093482 0.02008122 0.04427289 0.0214256 0.02093631 0.05407291 0.02088969 0.02009493 0.04687303 0.02096784 0.02021157 0.05507302 0.02297687 0.02430188 0.05507302 0.02361488 0.02429091 0.03557288 0.02319681 0.02273428 0.05407291 0.02335423 0.02277565 0.04727298 0.02143484 0.02082479 0.04727298 0.02166265 0.02057123 0.04427289 0.02188789 0.02038472 0.04727298 0.02380609 0.02233111 0.04727298 0.02397072 0.02251762 0.03557288 0.0219984 0.02037543 0.05407291 0.02376461 0.02217066 0.05407291 0.02473348 0.02262628 0.05507302 0.02135217 0.01981431 0.05507302 0.02556329 0.02233618 0.03557288 0.0212748 0.01967769 0.04687303 0.02015119 0.01884353 0.04687303 0.02166026 0.01932537 0.05507302 0.02132439 0.01962459 0.04557287 0.0215798 0.01922196 0.04427289 0.02246928 0.01930081 0.04427289 0.02484482 0.02104568 0.05407291 0.02543139 0.02096539 0.03557288 0.02699887 0.02069902 0.03557288 0.02637726 0.02080202 0.05507302 0.02158659 0.0191524 0.04687303 0.02028197 0.01861894 0.04687303 0.02030175 0.0185697 0.04557287 0.02168422 0.01887732 0.04557287 0.02036815 0.0183252 0.04687303 0.02184361 0.01880407 0.05507302 0.02788513 0.01889675 0.05507302 0.02886581 0.01822698 0.03557288 0.0219227 0.01823258 0.05507302 0.02037036 0.01829892 0.04557287 0.02273505 0.01870656 0.05407291 0.02690511 0.01854789 0.05407291 0.02676159 0.01935636 0.03557288 0.02261942 0.01921284 0.05407291 0.02277767 0.01812767 0.05407291 0.02265393 0.01843488 0.04427289 0.02178633 0.01847952 0.04427289 0.02177596 0.01823014 0.04557287 0.0217784 0.01834583 0.04687303 0.02036315 0.01801723 0.04687303 0.02174574 0.01779323 0.04557287 0.02034664 0.01790636 0.04557287 0.02187174 0.01768088 0.05507302 0.0295816 0.01635271 0.05507302 0.02835822 0.01715099 0.03557288 0.02872556 0.01583534 0.05407291 0.02270907 0.01748943 0.05407291 0.02260726 0.01758021 0.04427289 0.02177053 0.01777517 0.04427289 0.02162331 0.0173071 0.04557287 0.02241909 0.01692932 0.04427289 0.02162045 0.01724481 0.04427289 0.02029043 0.01774841 0.04687303 0.02171438 0.01760745 0.04687303 0.0217247 0.01717203 0.05507302 0.03064328 0.01533299 0.03557288 0.02988839 0.01457649 0.03557288 0.03001719 0.01349157 0.05407291 0.03095537 0.01242697 0.03557288 0.02018707 0.01755762 0.04557287 0.02153885 0.01711463 0.04687303 0.03238296 0.01058471 0.05507302 0.03271156 0.01086127 0.03557288 0.02130877 0.01671785 0.04687303 0.02136635 0.01680177 0.04557287 0.02133208 0.01670151 0.04427289 0.02219772 0.016478 0.04427289 0.02248418 0.01675999 0.05407291 0.03123772 0.01079559 0.05407291 0.02006703 0.01740181 0.04687303 0.02191674 0.01606357 0.04427289 0.0220803 0.01607763 0.05407291 0.03211957 0.008261919 0.05407291 0.03267389 0.006265461 0.05407291 0.03254616 0.008216381 0.03557288 0.03342688 0.008812248 0.03557288 0.03400576 0.006735742 0.03557288 0.03325426 0.00798422 0.05507302 0.02140808 0.01660758 0.05507302 0.03175836 0.0104953 0.03557288 0.03188508 0.01284921 0.03557288 0.03118544 0.01340246 0.05507302 0.03397762 0.005015552 0.05507302 0.02109348 0.01646029 0.04557287 0.03440147 0.002296209 0.05507302 0.03446608 0.004613637 0.03557288 0.03329229 0.005309522 0.03557288 0.02048617 0.01228785 0.05407291 0.02957552 -0.01789069 0.05407291 0.02122431 0.01249188 0.05127125 0.02051889 0.01229768 0.05127292 0.03359043 1.16687e-4 0.05407291 0.03272587 -0.009610354 0.05407291 0.03152531 -0.01358419 0.05407291 0.03313755 -0.007584333 0.05407291 0.03343325 -0.005520939 0.05407291 0.03362661 -0.002849578 0.05407291 0.03325718 0.003361463 0.05407291 0.03050583 -0.01604866 0.05407291 0.03218036 -0.01162475 0.05407291 0.02125698 0.01250231 0.05407291 0.02058547 0.01493066 0.05407291 0.02114379 0.01520669 0.05407291 0.02045428 0.01594316 0.04427289 0.02066588 0.01608818 0.04557287 0.01973438 0.01717394 0.04687303 0.02055847 0.01602613 0.04687303 0.01970982 0.01716399 0.04557287 0.02007597 0.01580411 0.04557287 0.02069801 0.01510328 0.04427289 0.02014118 0.01490736 0.04427289 0.02048552 0.0149765 0.04727298 0.0207892 0.0138818 0.04727298 0.01987528 0.0148102 0.04727298 0.01998472 0.01575142 0.04427289 0.01944255 0.01708638 0.04557287 0.02017802 0.01371353 0.04727298 0.0195344 0.01479762 0.04427289 0.01981401 0.01471829 0.05407291 0.01948755 0.01565891 0.04427289 0.01921665 0.01567238 0.04557287 0.01942086 0.01708179 0.04687303 0.01900523 0.01568144 0.04687303 0.01944363 0.01553392 0.05507302 0.01981145 -0.03039151 0.05507302 0.02142989 -0.02928048 0.05107301 0.02192181 -0.0287733 0.05507302 0.01985377 -0.02920037 0.05107301 0.01995038 -0.02905064 0.05407291 0.005489468 -0.0270251 0.05407291 0.0268501 -0.02216368 0.05407291 0.02822029 -0.02020543 0.05407291 0.02178037 -0.02758604 0.05407291 0.02412462 -0.02536445 0.05407291 0.02322065 -0.02627158 0.05407291 0.01799976 -0.03040063 0.05407291 0.005094647 -0.02636909 0.05127125 0.005075812 -0.02634042 0.05407291 0.00547111 -0.02699637 0.05127286 0.0255624 -0.0237832 0.05407291 0.02787464 -0.01786381 0.05407291 0.02787578 -0.01786434 0.03757292 0.02918756 -0.01859027 0.05407297 0.02844613 -0.02056956 0.03557288 0.02982592 -0.01825225 0.03557288 0.03102356 -0.01819735 0.03557288 0.03001111 -0.01918518 0.05507302 0.03154546 -0.01619201 0.05507302 0.02005743 0.01564449 0.05507302 0.02006238 0.01579952 0.04687303 0.03221094 -0.01566207 0.03557288 0.03090673 -0.01609528 0.03557288 0.03299611 -0.01366096 0.03557288 0.03266912 -0.01336008 0.05507302 0.03182846 -0.01388043 0.03557288 0.03250581 -0.01188623 0.03557288 0.03365886 -0.01159161 0.03557288 0.0333082 -0.01133227 0.05507302 0.03306269 -0.009868204 0.03557288 0.03419589 -0.009503781 0.03557288 0.03349328 -0.007799386 0.03557288 0.03460186 -0.007365942 0.03557288 0.03422206 -0.007151961 0.05507302 0.02058511 0.0158782 0.05507302 0.03383463 -0.009245157 0.05507302 0.03448915 -0.005023598 0.05507302 0.03487938 -0.005234658 0.03557288 0.03379952 -0.005731165 0.03557288 0.03397452 -0.00362575 0.03557288 0.03503453 -0.002766847 0.03557288 0.03464025 -0.002272009 0.05507302 0.02099913 0.01616853 0.05507302 0.0209766 0.0163418 0.04687303 0.01996624 0.01731735 0.04557287 0.02087628 0.01622295 0.04427289 0.02140063 0.01553755 0.04427289 0.03478717 0.00248599 0.03557288 0.03369647 0.002954542 0.03557288 0.03392583 8.56503e-4 0.03557288 0.03500711 7.16896e-6 0.03557288 0.03458291 1.56717e-4 0.05507302 0.03402626 -0.001540601 0.03557288 0.02169245 0.01564371 0.05407291 0.0296359 -0.02059149 0.03557288 0.02824997 -0.02265155 0.03557288 0.02871048 -0.02126795 0.05507302 0.02747392 -0.02300214 0.05507302 0.02669978 -0.02300834 0.03557288 0.02572876 -0.02512079 0.05507302 0.02652472 -0.02482575 0.03557288 0.02502477 -0.02497762 0.03557288 0.02475762 -0.02673321 0.03557288 0.024401 -0.02651023 0.05507302 0.02367526 -0.02637481 0.03557288 0.02402621 -0.02577835 0.04365861 0.02368479 -0.02614659 0.04276627 0.02324926 -0.02659469 0.04191851 0.0234577 -0.02779334 0.04201692 0.02262866 -0.02871453 0.03557288 0.02282744 -0.0283876 0.04107332 0.02265471 -0.02717006 0.04107314 0.0215215 -0.02816128 0.04107302 0.02095681 -0.02990829 0.04107302 0.02014833 -0.03065967 0.03557288 0.02192407 -0.02797347 0.03557288 0.02028703 -0.02927899 0.03557288 0.0193932 -0.02979576 0.04107302 0.0183134 -0.03066432 0.03557288 0.01896375 -0.03132206 0.04107302 0.01782459 -0.03216296 0.03557288 0.01712715 -0.03125929 0.04107302 0.01604622 -0.0330429 0.04107302 0.01626461 -0.03188276 0.03557288 0.01528692 -0.03227299 0.04107302 0.01593166 -0.03322255 0.03557288 0.01411318 -0.03298228 0.03557288 0.0129708 -0.03446817 0.04107302 0.01369863 -0.03428286 0.03557288 0.0116474 -0.03400796 0.03557288 0.01079738 -0.03526294 0.04107296 0.01287245 -0.03340893 0.04107302 0.01089918 -0.03414857 0.04107308 0.01113206 -0.03527891 0.03557288 0.01034659 -0.0353958 0.04168415 0.01012676 -0.03452879 0.03557288 0.01048076 -0.0342791 0.04163217 0.009137332 -0.03482884 0.03557288 0.009242653 -0.0358603 0.03557294 0.009754478 -0.0355547 0.04277271 0.009967863 -0.03442656 0.0425052 0.009490966 -0.0345481 0.04367214 0.009421288 -0.03563314 0.04366695 0.008625984 -0.03561002 0.05507302 0.009217262 -0.03567421 0.04445374 0.009097635 -0.03569042 0.0452516 0.009054005 -0.03568327 0.04614055 0.007606267 -0.03523772 0.03557288 0.007236599 -0.03636997 0.03557288 0.009239971 -0.03459888 0.04474908 0.00914067 -0.03460842 0.04563486 0.009144127 -0.03458827 0.04651409 0.009306609 -0.03541737 0.05507302 0.009001195 -0.03446513 0.05407291 0.009123027 -0.03564316 0.04709935 0.009230911 -0.03454542 0.04731947 0.009278118 -0.03558105 0.04793936 0.009435653 -0.03446453 0.04824912 0.009543776 -0.03548491 0.04882365 0.009781956 -0.03433781 0.04921334 0.01018172 -0.03410494 0.05407291 0.009911656 -0.03535604 0.0496698 0.01077663 -0.03496444 0.05507302 0.01040959 -0.03518098 0.05052787 0.002228081 -0.03116178 0.04687303 0.001207172 -0.03008663 0.04687303 0.001005828 -0.03046894 0.04687303 0.001113891 -0.03030586 0.04557287 0.00248754 -0.03066539 0.04557287 0.00331813 -0.03127646 0.05407291 0.01220107 -0.03337943 0.05407291 0.010912 -0.03392297 0.05107235 0.01025533 -0.03416609 0.05013847 0.003206968 -0.03121298 0.04427289 0.002374947 -0.03096812 0.04427289 0.002118349 -0.03154128 0.05507302 0.002246737 -0.03113222 0.04557287 0.002945363 -0.03167319 0.04427289 0.0028764 -0.03197115 0.05407291 0.0068174 -0.03502351 0.05407291 0.004654586 -0.035815 0.03557288 0.00641644 -0.03612065 0.05507302 0.00188148 -0.03158301 0.04687303 0.002074241 -0.03140377 0.04427289 9.08614e-4 -0.03057086 0.04557287 0.0025931 -0.03211146 0.04427289 0.00167948 -0.03178751 0.04427289 0.001937448 -0.03152608 0.04557287 0.004316627 -0.03647249 0.05507302 0.004811644 -0.0368151 0.03557288 0.004469037 -0.03543841 0.05407291 0.002413034 -0.03567332 0.05407291 0.00174427 -0.03289252 0.05407291 0.002337872 -0.03251379 0.05407291 0.002080798 -0.03255492 0.04427289 0.001478552 -0.03189605 0.04557287 5.92867e-4 -0.03078967 0.04557287 6.67669e-4 -0.03075313 0.04687303 0.001316905 -0.03199392 0.04687303 0.001167118 -0.03208595 0.04427289 0.001565814 -0.03284484 0.04427289 8.85406e-4 -0.03217303 0.04557287 0.001097738 -0.03302329 0.04427289 0.001626372 -0.03611749 0.03557288 0.001121759 -0.03314435 0.05407291 6.00594e-4 -0.0322653 0.04427289 1.31748e-4 -0.03088402 0.04557287 2.72026e-4 -0.03087311 0.04687303 6.81398e-4 -0.03222388 0.04687303 6.80093e-4 -0.03236758 0.05507302 -2.4549e-4 -0.03679102 0.05507302 0.002177178 -0.0366916 0.05507302 0.001122891 -0.0322346 0.05507302 0.00203979 -0.03711801 0.03557288 0.001633524 -0.03196823 0.05507302 6.52884e-4 -0.0357663 0.05407291 5.7237e-4 -0.03591054 0.04727298 6.06956e-4 -0.03324568 0.05407291 1.38635e-4 -0.0322799 0.04687303 8.39986e-5 -0.03242707 0.05507302 -0.001050293 -0.03719323 0.03557288 -5.76754e-4 -0.03232502 0.05507302 -0.002999126 -0.03668808 0.05507302 -0.002230823 -0.03612804 0.03557288 -0.004441797 -0.03696966 0.03557288 -0.00117284 -0.03207665 0.05507302 -2.81509e-4 -0.03079664 0.04557287 -8.2673e-4 -0.03208583 0.04557287 -4.08499e-4 -0.03224229 0.04427289 -0.00105077 -0.03201115 0.04427289 -0.002641439 -0.03570789 0.05407291 -1.47707e-4 -0.03578943 0.05407291 -0.001239895 -0.03286391 0.04427289 -0.001437366 -0.03290694 0.05407291 -0.002028346 -0.03252619 0.05407291 -0.00469464 -0.03551048 0.05407291 -0.004608333 -0.03590905 0.03557288 -0.001756072 -0.03257817 0.04427289 -3.46339e-4 -0.03076714 0.04687303 -0.001351177 -0.03178763 0.04687303 -9.17962e-4 -0.03204226 0.04687303 -0.005428969 -0.03641933 0.05507302 -0.00669384 -0.03558766 0.03557288 -0.002535939 -0.03203916 0.05407291 -0.007033884 -0.03512704 0.05407291 -0.007168948 -0.03653317 0.03557288 -0.007545709 -0.03604 0.05507302 -0.009329855 -0.03499025 0.03557288 -0.009596288 -0.03597617 0.03557288 -0.009612321 -0.03554415 0.05507302 -0.01104807 -0.03406596 0.05407291 -0.01190388 -0.03418189 0.03557288 -0.01224142 -0.03514558 0.03557288 -0.01222759 -0.03472089 0.05507302 -0.01385116 -0.0334177 0.03557288 -0.01424729 -0.03435879 0.03557288 -0.01484847 -0.03364992 0.05507302 -0.01579868 -0.03251367 0.03557288 -0.01581388 -0.0336427 0.03557294 -0.01571506 -0.03345525 0.04565608 -0.01593035 -0.03220576 0.04572921 -0.0160216 -0.03217148 0.04519999 -0.01584881 -0.03340518 0.04501402 -0.01627683 -0.03205555 0.04449564 -0.01610279 -0.03329378 0.04440701 -0.01740527 -0.03165632 0.03557294 -0.01639723 -0.03315615 0.04393774 -0.01703608 -0.03302282 0.03557288 -0.01673096 -0.03182917 0.04380065 -0.01682227 -0.0329473 0.04344588 -0.01732456 -0.03268635 0.04303669 -0.01909774 -0.03183794 0.03557288 -0.01800042 -0.03231644 0.04264515 -0.0175805 -0.03136974 0.04302847 -0.01824128 -0.03098481 0.04266017 -0.01922249 -0.0305407 0.03557288 -0.01883286 -0.03182619 0.0423659 -0.01890987 -0.03057014 0.04242748 -0.01962077 -0.03010386 0.04229056 -0.01971149 -0.03127306 0.04224014 -0.02105033 -0.02926218 0.03557288 -0.02042669 -0.02953922 0.04227066 -0.02148473 -0.0302149 0.03557288 -0.02054178 -0.03070908 0.04227727 -0.02109724 -0.02903938 0.04235583 -0.02143305 -0.03006309 0.04246562 -0.02181488 -0.02847409 0.0425471 -0.0227949 -0.02785146 0.03557288 -0.02231979 -0.02936929 0.04285311 -0.02267462 -0.02774941 0.04294604 -0.0232315 -0.02881783 0.03557288 -0.02307671 -0.02873504 0.0433796 -0.02336341 -0.02712541 0.04345768 -0.02408164 -0.02668547 0.03557288 -0.02451616 -0.02768039 0.03557294 -0.02384632 -0.02666401 0.04396587 -0.02357739 -0.02828919 0.04390615 -0.02397543 -0.02791935 0.04448872 -0.02416253 -0.02634751 0.04443895 -0.02437627 -0.02612572 0.04487746 -0.02426427 -0.02763408 0.0452218 -0.0245257 -0.02596342 0.04535096 -0.02471768 -0.02606314 0.03557294 -0.0243777 -0.02750951 0.04589211 -0.02460789 -0.02586513 0.04588371 -0.02432566 -0.02729821 0.05507302 -0.02459532 -0.02586203 0.04641443 -0.02485364 -0.02537006 0.05407297 -0.02367895 -0.02653813 0.05407291 -0.02451002 -0.02593344 0.04689121 -0.02435636 -0.02751284 0.04646992 -0.02364265 -0.02792203 0.05507302 -0.02425014 -0.02759635 0.04700481 -0.02426528 -0.0261566 0.04755866 -0.02403646 -0.02777695 0.047549 -0.02382385 -0.02656221 0.04823118 -0.02373629 -0.02803313 0.04805827 -0.02333295 -0.02837342 0.04853707 -0.02330023 -0.02703267 0.04876565 -0.02285206 -0.02877014 0.04896032 -0.02200818 -0.02929574 0.05507302 -0.02071005 0.01479661 0.05507302 -0.02218192 -0.02930438 0.04938006 -0.02276974 -0.02749353 0.04914802 -0.02182519 -0.02816122 0.05407291 -0.02144199 -0.02986645 0.04967707 -0.02213066 -0.0280289 0.04948574 -0.02143102 -0.02858638 0.04971897 -0.02039802 -0.03048431 0.05507302 -0.02067697 -0.02915978 0.04985678 -0.02029615 -0.02932977 0.05407291 -0.02075338 -0.03036624 0.04984086 -0.02010136 -0.03081828 0.04989892 -0.01872432 -0.03040575 0.05407291 -0.01973509 -0.02983415 0.04986089 -0.01950329 -0.0312165 0.04987978 -0.0185154 -0.03171819 0.05507296 -0.01869487 -0.03173094 0.04973614 -0.01892936 -0.03037601 0.0497123 -0.01819294 -0.0308479 0.04944747 -0.01796513 -0.03217101 0.04946041 -0.01739108 -0.03250402 0.0491364 -0.0205428 0.01635289 0.04687303 -0.02022737 0.01409471 0.04427289 -0.02030825 0.01495522 0.04427289 -0.01977735 0.01509976 0.04427289 -0.02034479 0.01640909 0.04557287 -0.02024745 0.01498985 0.04687303 -0.02055835 0.01494443 0.04557287 -0.01627802 -0.03295785 0.05507296 -0.01631259 -0.03310227 0.04806762 -0.01646989 -0.03173011 0.05407303 -0.01646655 -0.03187304 0.0479471 -0.0159201 -0.03331649 0.04731708 -0.01621752 -0.03201597 0.04747718 -0.01604342 -0.03211784 0.04699516 -0.01570606 -0.03344142 0.04643607 -0.01592469 -0.03219354 0.04636895 -0.01577877 -0.03208684 0.05407291 -0.003203153 -0.030299 0.04427289 -9.20413e-4 -0.03006881 0.04557287 -9.12548e-4 -0.03009313 0.04687303 -0.002501964 -0.0299704 0.05507302 -0.00229007 -0.0303564 0.04687303 -0.002236306 -0.03055846 0.04557287 -0.003312468 -0.03036725 0.05407291 -0.01382189 -0.03302133 0.05407291 -0.0031538 -0.03095763 0.05407291 -0.003056466 -0.03087103 0.04427289 -0.002193033 -0.03073877 0.04427289 -0.002155423 -0.0307694 0.04687303 -0.002383589 -0.030559 0.05507302 -0.00219047 -0.03102815 0.05507302 -7.71163e-4 -0.03039795 0.04687303 -7.79676e-4 -0.03038418 0.04557287 -0.001944422 -0.03116929 0.04557287 -0.001648843 -0.03156131 0.04427289 -0.00197786 -0.03114575 0.04427289 -0.002544939 -0.03182923 0.04427289 -0.002929985 -0.03145939 0.05407291 -0.002848207 -0.03136026 0.04427289 -0.009066581 -0.03465223 0.05407291 -0.002211153 -0.03220587 0.04427289 -0.001411557 -0.0317465 0.04557287 -5.59703e-4 -0.0306254 0.04557287 -5.75832e-4 -0.03060972 0.04687303 -0.001774907 -0.03160977 0.05507302 -0.001836597 -0.03131693 0.04687303 -0.002355813 -0.03016662 0.04427289 -0.002377033 -0.02961605 0.04427289 -0.002351284 -0.03000324 0.04557287 -9.60913e-4 -0.02970618 0.04557287 -9.61935e-4 -0.02977043 0.04687303 -0.002340495 -0.02945739 0.04557287 -0.002360284 -0.02988123 0.04687303 -0.002303898 -0.0292285 0.04687303 -0.00246787 -0.02934759 0.05507302 -8.37317e-4 -0.01678246 0.05507302 -0.001049697 -0.01676797 0.05487293 -9.0161e-4 -0.01627963 0.05487293 -0.001074492 -0.01626783 0.05507302 -0.002614796 -0.01662337 0.05487293 -0.002920627 -0.01657712 0.05507302 -0.002665877 -0.01610618 0.05487293 -0.002711951 -0.01610153 0.05507302 -0.004438996 -0.01570379 0.05507302 -0.004273295 -0.01575118 0.05487293 -0.004275321 -0.01626724 0.05487293 -0.00630784 -0.0036394 0.05507302 -0.006105422 -0.01510936 0.05507302 -0.004268407 -0.002851843 0.05507302 -0.00481528 -1.11628e-4 0.05507302 -0.004001677 -0.003207981 0.05507302 -0.003666877 -0.003438591 0.05507302 -0.003195464 -0.003570377 0.05507302 -0.004458308 -0.002251625 0.05507302 -0.007683396 -0.01430672 0.05507302 -0.003486931 -0.002805233 0.05507302 -0.003677129 -0.002603352 0.05507302 -0.003802657 -0.002313554 0.05507302 -0.003855109 -0.001882076 0.05507302 -0.001809537 -7.44443e-4 0.05507302 -0.003161251 -0.002943277 0.05507302 -0.003621101 -0.003460645 0.05487293 -0.003454566 -0.00282669 0.05487293 -0.003947675 -0.003254234 0.05487293 -0.003682553 -0.002601504 0.05487293 -0.004137933 -0.003049433 0.05487293 -0.004302918 -0.002774536 0.05487293 -0.003815174 -0.002257823 0.05487293 -0.004446685 -0.002299129 0.05487293 -0.00385648 -0.001755595 0.05487293 -0.004478216 -0.001745939 0.05487293 -0.003818929 -0.001472353 0.05507302 -0.002949237 -7.74206e-4 0.05487293 -0.003165304 -9.11897e-5 0.05487293 -0.003798723 -0.00140053 0.05487293 -0.00443226 -0.001308619 0.05487293 -0.004345238 -9.97667e-4 0.05507302 -0.003692209 -0.001151204 0.05507302 -0.003529071 -9.8269e-4 0.05507302 -0.003298163 -8.54726e-4 0.05507302 -0.003587126 -1.8481e-4 0.05487293 -0.003569245 -1.77926e-4 0.05507302 -0.003305613 -8.62706e-4 0.05487293 -0.003129541 -8.80679e-5 0.05507302 -0.003918707 -3.65282e-4 0.05487293 -0.003518819 -9.72527e-4 0.05487293 -0.003829061 -3.05224e-4 0.05507302 -0.00409162 -5.43294e-4 0.05507302 -0.004250884 -7.83751e-4 0.05487293 -0.003694713 -0.001158177 0.05487293 -0.004467368 -0.001537144 0.05507302 -0.00285077 -7.67055e-4 0.05507302 -0.001197159 -4.56683e-5 0.05487293 -0.001809537 -7.44443e-4 0.05487293 -0.001133382 -0.003544986 0.05487293 -0.001769602 -0.002931535 0.05487293 -0.003143131 -0.003574013 0.05487293 -0.003143072 -0.002944946 0.05487293 -0.001769602 -0.002931535 0.05507302 -0.00686413 -0.01475065 0.05487293 -0.008121252 -0.01463139 0.05487293 -0.0068475 -0.01531153 0.05487293 -0.00713545 -0.01518374 0.05507302 -0.008931219 -0.01410639 0.05507302 -0.008509516 -0.01379615 0.05487293 -0.00963062 -0.01358973 0.05487293 -0.01017087 -0.01313912 0.05507302 -0.009805917 -0.01279115 0.05487293 -0.01041162 -0.01225805 0.05507302 -0.008953571 -0.01347273 0.05507302 -0.01073259 -0.01192885 0.05487293 -0.01100236 -0.01237106 0.05487293 -0.01130592 -0.01205712 0.05507302 -0.01196253 -0.0113002 0.05487293 -0.01239794 -0.01074999 0.05507302 -0.01275032 -0.0102567 0.05487293 -0.0124076 -0.00986737 0.05487293 -0.01277679 -0.009297072 0.05507302 -0.01375913 -0.008570194 0.05487293 -0.01326942 -0.009443402 0.05507302 -0.01331228 -0.008344829 0.05487293 -0.01365447 -0.00761336 0.05507302 -0.01355773 -0.00377202 0.05507302 -0.01189923 -0.003511726 0.05507302 -0.01178371 -0.003636002 0.05507302 -0.01154476 -0.003725826 0.05507302 -0.01199156 -0.003279924 0.05507302 -0.01457196 -0.004721343 0.05507302 -0.01487225 -0.002083599 0.05507302 -0.01422214 -0.006070494 0.05507302 -0.01477134 -0.003464102 0.05507302 -0.01413708 -0.006358861 0.05487293 -0.01461273 -0.006514251 0.05487293 -0.01462137 -0.006464481 0.05507302 -0.01405632 -0.007934212 0.05507302 -0.01506638 -0.004826426 0.05507302 -0.02000343 0.01489436 0.05507302 -0.01530957 -0.003138601 0.05507302 -0.01537472 -0.001440346 0.05507302 -0.01966387 0.0151689 0.04687303 -0.01530706 -0.003188967 0.05487293 -0.01486879 -0.002130866 0.05487293 -0.01537114 -0.001751005 0.05487293 -0.01484072 -8.69595e-4 0.05487293 -0.01527851 -5.03398e-5 0.05487293 -0.01482838 -6.91829e-4 0.05507302 -0.01467436 6.42961e-4 0.05487293 -0.01464474 8.11447e-4 0.05507302 -0.01489287 0.002006828 0.05487293 -0.01497614 0.00167185 0.05507302 -0.0152474 1.2896e-4 0.05507302 -0.01991677 0.01507341 0.04557287 -0.0194028 0.01432394 0.04427289 -0.01435315 0.003672003 0.05507302 -0.0142709 0.003871083 0.05487293 -0.0142675 0.002366602 0.05487293 -0.01425153 0.002412855 0.05507302 -0.01477944 -0.003393232 0.05487293 -0.01458764 -0.004644453 0.05487293 -0.01507771 -0.00474435 0.05487293 -0.01137834 -0.002932071 0.05507302 -0.01130032 -0.003063559 0.05487293 -0.01158279 -0.003721654 0.05487293 -0.01181566 -0.00361061 0.05487293 -0.01133012 -0.003039658 0.05507302 -0.01137113 -0.002970635 0.05487293 -0.01194208 -0.003437221 0.05487293 -0.0120033 -0.003154635 0.05487293 -0.01122111 -0.003094971 0.05507302 -0.0111916 -0.00309813 0.05487293 -0.009630858 -0.003074884 0.05487293 -0.008994519 -0.003688395 0.05487293 -0.01138836 -0.002334892 0.05507302 -0.01126313 -0.002181172 0.05507302 -0.01119935 -0.002170085 0.05487293 -0.01103997 -0.00153774 0.05487293 -0.01138693 -0.002325534 0.05487293 -0.01134771 -0.002240061 0.05507302 -0.01132637 -0.00221455 0.05487293 -0.01191461 -0.001755535 0.05487293 -0.01192551 -0.001779198 0.05507302 -0.01201343 -0.002009749 0.05507302 -0.01201665 -0.002040684 0.05487293 -0.01177108 -0.001626074 0.05487293 -0.01181131 -0.001648306 0.05507302 -0.01234686 -2.48928e-4 0.05487293 -0.01103997 -0.00153774 0.05507302 -0.0115686 -0.001555383 0.05507302 -0.01141721 -2.31981e-4 0.05487293 -0.0102725 -0.001523733 0.05487293 -0.00965929 -0.001512587 0.05487293 -0.0102725 -0.001523733 0.05507302 -0.009647905 -0.002137482 0.05487293 -0.009647905 -0.002137482 0.05507302 -0.009630858 -0.003074884 0.05507302 -0.00965929 -0.001512587 0.05507302 -0.009683251 -2.00368e-4 0.05487293 -0.009058356 -1.88977e-4 0.05487293 -0.01156699 -0.001555442 0.05487293 -0.0117678 -0.01075392 0.05507302 -0.0116567 -0.01088637 0.05487293 -0.005587697 -0.01531279 0.05487293 -0.005649626 -0.01582664 0.05487293 -0.005080282 -0.01603341 0.05507302 -0.006923854 -0.003650546 0.05487293 -0.00630784 -0.0036394 0.05487293 -0.006020486 -0.001508772 0.05487293 -0.00481528 -1.11628e-4 0.05487293 -0.0066064 -0.002959132 0.05487293 -0.008564651 -1.79976e-4 0.05487293 -0.007225394 -0.001530647 0.05487293 -0.007225394 -0.001530647 0.05507302 -0.0066064 -0.002959132 0.05507302 -0.006020486 -0.001508772 0.05507302 -0.007502377 -9.10737e-4 0.05487293 -0.005759418 -8.78964e-4 0.05487293 -0.005452871 -1.23251e-4 0.05487293 -0.005759418 -8.78964e-4 0.05507302 -0.007502377 -9.10737e-4 0.05507302 -0.005452871 -1.23251e-4 0.05507302 -0.007847011 -1.66897e-4 0.05487293 6.97643e-4 -0.01625633 0.05507302 3.87262e-4 -0.01677089 0.05487293 0.001121044 -0.01621896 0.05487293 5.47588e-4 -0.003514409 0.05507302 0.001823961 -0.01662278 0.05487293 0.00287044 -0.0159192 0.05487293 0.001126229 -0.01671826 0.05507302 0.003106474 -0.01637989 0.05487293 0.002576053 -0.01598548 0.05507302 0.004408299 -0.01548749 0.05507302 0.004819512 -0.01587182 0.05507302 0.002933502 -0.01641994 0.05507302 3.64791e-4 -0.02713471 0.05507302 0.006727337 -0.01500737 0.05507302 0.008177638 -0.0141173 0.05507302 0.009621202 -0.01298785 0.05507302 0.01116967 -0.0113914 0.05507302 -3.72206e-4 -0.02717393 0.05507302 -9.62756e-4 -0.02737194 0.05507302 -0.001831114 -0.0280109 0.05507302 -0.002116203 -0.02840131 0.05507302 -0.002332448 -0.02883553 0.05507302 -0.001401782 -0.02762597 0.05507302 -8.74941e-4 -0.02935141 0.04557287 -0.002291679 -0.02909469 0.04427289 -0.003308713 -0.02917957 0.05407291 -0.005297899 -0.02722251 0.05407291 -0.005282402 -0.02719181 0.05127125 -0.003101885 -0.0284416 0.05407297 -0.003985106 -0.02785378 0.04727298 -0.002987265 -0.02840578 0.04727298 -0.003104448 -0.02880048 0.04427289 -0.002094447 -0.0286054 0.04427289 -9.11771e-4 -0.0294578 0.04687303 -0.002186119 -0.02884459 0.04557287 -6.83735e-4 -0.02904105 0.04557287 -8.04123e-4 -0.02921152 0.04687303 -0.001911938 -0.02834892 0.04557287 -0.002028405 -0.02851545 0.04687303 -0.001587569 -0.02796405 0.04557287 -0.00177735 -0.02812844 0.04427289 -5.9224e-4 -0.02895098 0.04687303 -0.001592755 -0.02797019 0.04687303 -0.001301586 -0.02770191 0.04427289 -0.002028048 -0.02717638 0.04427289 -0.002048671 -0.0270397 0.05407291 -4.38162e-4 -0.0288406 0.04557287 -0.001214504 -0.02767425 0.04687303 -0.00120747 -0.02767032 0.04557287 -1.95637e-4 -0.0287255 0.04557287 -8.59585e-4 -0.02745801 0.04427289 -0.001387953 -0.02675461 0.04427289 -8.64563e-4 -0.0264154 0.05407291 -8.09843e-4 -0.02653026 0.04427289 -7.44074e-4 -0.02743035 0.04557287 -8.07607e-5 -0.02869462 0.04687303 -7.70149e-4 -0.02744245 0.04687303 -3.42235e-4 -0.02878731 0.04687303 -3.56431e-4 -0.02729713 0.04427289 -1.90836e-4 -0.02729541 0.04557287 -3.06995e-4 -0.02731508 0.04687303 -2.61707e-4 -0.02641505 0.04427289 -5.29081e-5 -0.02627414 0.05407291 1.48468e-4 -0.02727079 0.04687303 1.94257e-4 -0.02866923 0.04557287 2.14882e-4 -0.02724981 0.04427289 2.45172e-4 -0.02867722 0.04687303 0.0125308 -0.009468734 0.05507302 0.01211726 -0.009168744 0.05487293 0.01248121 -0.009530782 0.05487293 0.007346451 -0.003390491 0.05507302 0.004842758 -0.003430366 0.05507302 0.008315086 -0.003152489 0.05507302 0.008217513 -0.002911865 0.05507302 0.01393628 -0.004249751 0.05507302 0.01344776 -0.006214916 0.05507302 0.01270222 -0.008095443 0.05507302 0.008700907 -0.003360092 0.05507302 0.008452832 -0.003286719 0.05507302 0.007473945 -0.01399159 0.05507302 0.008899509 -0.01294189 0.05507302 0.009834229 -0.01208931 0.05507302 0.01069796 -0.0111618 0.05507302 0.01168978 -0.009851813 0.05507302 0.003790736 -0.003455281 0.05507302 0.00897181 -0.001807332 0.05507302 0.008818566 -0.001985728 0.05507302 0.008862376 -0.001866638 0.05507302 0.008828043 -0.001925468 0.05487293 0.008928239 -0.001817345 0.05487293 0.008648753 -0.001186251 0.05487293 0.00786221 1.19485e-4 0.05507302 0.009169161 -0.001169264 0.05487293 0.009169161 -0.001169264 0.05507302 0.00786221 1.19485e-4 0.05487293 0.009936571 -0.001155376 0.05487293 0.008791744 1.36431e-4 0.05487293 0.008791744 1.36431e-4 0.05507302 0.01052582 1.68044e-4 0.05507302 0.01381957 0.001288414 0.05507302 0.009936571 -0.001155376 0.05507302 0.01054978 -0.00114423 0.05507302 0.01054978 -0.00114423 0.05487293 0.01052582 1.68044e-4 0.05487293 0.01115065 1.79432e-4 0.05487293 0.01121455 -0.003319919 0.05487293 0.01115065 1.79432e-4 0.05507302 0.01409095 -5.94211e-4 0.05507302 0.01413488 -0.002235591 0.05507302 0.01121455 -0.003319919 0.05507302 0.01411461 -7.99597e-4 0.05487293 0.01463544 -0.001418471 0.05487293 0.0146408 -0.00198841 0.05507302 0.01411628 -0.002566754 0.05487293 0.01460629 -0.002723276 0.05487293 0.01447075 -0.00402671 0.05487293 0.01399266 -0.003825604 0.05487293 0.01451832 -0.003686368 0.05507302 0.0142647 -0.005105614 0.05507302 0.01367545 -0.005441427 0.05487293 0.01405811 -0.005949318 0.05487293 0.01388138 -0.006491243 0.05507302 0.01298213 -0.007479965 0.05487293 0.01328057 -0.008034288 0.05487293 0.01336121 -0.007836818 0.05507302 0.01452958 1.04128e-4 0.05507302 0.01450031 2.78292e-4 0.05487293 0.01385378 0.001084148 0.05487293 0.0140745 0.002330303 0.05487293 0.01336705 0.002915322 0.05487293 0.01329076 0.003108322 0.05507302 0.01335716 0.004295706 0.05487293 0.01254236 0.0048545 0.05507302 0.0126816 0.004552721 0.05487293 0.01270532 0.005581378 0.05487293 0.01182258 0.006099045 0.05487293 0.0114879 0.006583869 0.05507302 0.01054739 0.007771849 0.05507302 0.012856 0.005310833 0.05507302 0.01874113 0.01720249 0.04557287 0.01842457 0.01579713 0.04427289 0.01810735 0.01499557 0.04427289 0.01796978 0.01491719 0.05407291 0.01859003 0.01576185 0.04557287 0.01893717 0.0156697 0.04427289 0.01879465 0.01482486 0.04427289 0.01876741 0.01470655 0.05407291 0.01913499 0.0170809 0.04557287 0.01877558 0.01557052 0.05507302 0.01408404 0.002284824 0.05507302 0.01910334 0.01708626 0.04687303 0.01943743 0.01467579 0.05407291 0.01347714 0.004010736 0.05507302 0.01820594 0.01575505 0.05507302 0.01845329 0.01581174 0.04687303 0.008974254 -0.00272423 0.05487293 0.01057827 -0.002706468 0.05487293 0.008967578 -0.002723217 0.05507302 0.008829593 -0.002555906 0.05507302 0.008704364 -0.00336045 0.05487293 0.008885979 -0.002675533 0.05487293 0.008455336 -0.003288209 0.05487293 0.008868634 -0.002657771 0.05507302 0.008309364 -0.003145158 0.05487293 0.008834719 -0.002588093 0.05487293 0.008215487 -0.00289452 0.05487293 0.01056104 -0.001769125 0.05507302 0.01057827 -0.002706468 0.05507302 0.01056104 -0.001769125 0.05487293 0.008460283 -0.001244843 0.05507302 0.008673667 -0.001183331 0.05507302 0.008401215 -0.001276552 0.05487293 0.008299648 -0.001378595 0.05507302 0.008278131 -0.001419126 0.05487293 0.008193612 -0.00165826 0.05487293 0.008192837 -0.00166893 0.05507302 0.00665766 9.75244e-5 0.05507302 0.007346451 -0.003390491 0.05487293 0.007282555 1.0892e-4 0.05487293 0.00665766 9.75244e-5 0.05487293 0.006694138 -0.001902103 0.05487293 0.006682813 -0.001277208 0.05487293 0.0050897 -0.001942515 0.05487293 0.006682813 -0.001277208 0.05507302 0.004953384 -0.002099394 0.05487293 0.005121529 -0.00193715 0.05507302 0.004319667 -0.001932084 0.05487293 0.00432527 -0.001808643 0.05507302 0.004003763 4.94458e-5 0.05507302 0.004769265 -0.003423571 0.05487293 0.006710112 -0.00277698 0.05487293 0.006694138 -0.001902103 0.05507302 0.006710112 -0.00277698 0.05507302 0.005137681 -0.002798914 0.05487293 0.005137205 -0.002799034 0.05507302 0.005013346 -0.002747535 0.05487293 0.005032062 -0.002759873 0.05507302 0.004649162 -0.003386139 0.05507302 0.004573881 -0.00334686 0.05487293 0.004460275 -0.003243684 0.05487293 0.00448352 -0.003274857 0.05507302 0.004968583 -0.002670407 0.05507302 0.004351794 -0.002999126 0.05487293 0.004352927 -0.003008127 0.05507302 0.004960954 -0.002627849 0.05487293 0.006955325 0.01074188 0.05507302 0.005486249 0.01149487 0.05507302 0.003945767 0.01206958 0.05507302 0.003726959 4.41e-5 0.05507302 0.001039922 -4.88386e-6 0.05507302 0.004411935 -0.001543104 0.05507302 0.004745304 -0.001323819 0.05507302 0.004534125 -0.001412868 0.05507302 0.004370093 -0.001620709 0.05487293 0.004958689 -0.002066135 0.05507302 0.005020558 -0.001977443 0.05507302 0.004995048 -0.002001404 0.05487293 0.004507124 -0.001432716 0.05487293 0.004723072 -0.001327693 0.05487293 0.001052439 -6.92271e-4 0.05507302 0.003726959 4.41e-5 0.05487293 0.001039922 -4.88386e-6 0.05487293 0.001052439 -6.92271e-4 0.05487293 0.003114581 -6.54683e-4 0.05487293 0.003114581 -6.54683e-4 0.05507302 0.003165841 -0.003466606 0.05507302 0.003165841 -0.003466606 0.05487293 0.003790736 -0.003455281 0.05487293 0.005446791 0.01151525 0.05487293 0.006349503 0.01163458 0.05487293 0.007022321 0.01070255 0.05487293 0.007724881 0.01086354 0.05487293 0.008325219 0.009836018 0.05507302 0.006036996 -0.01479482 0.05507302 0.008140802 -0.01354068 0.05487293 0.006419956 -0.01460433 0.05487293 0.006422221 -0.01517337 0.05487293 0.008110523 -0.01416349 0.05487293 0.0096578 -0.01295942 0.05487293 0.009597957 -0.01232296 0.05487293 0.01064699 -0.01122152 0.05487293 0.01085078 -0.01174318 0.05487293 0.01167839 -0.01073122 0.05487293 0.01142621 -0.01022183 0.05487293 0.004568696 -0.01543056 0.05487293 0.004613101 -0.01593697 0.05487293 9.09387e-4 -0.02724355 0.05507302 0.01971584 -0.03055226 0.05107301 0.01723992 -0.0320419 0.05507302 0.0179165 -0.03173154 0.05107301 0.01738297 -0.03087103 0.05107301 5.8331e-4 -0.02731353 0.04687303 8.45684e-4 -0.02737343 0.04557287 8.89668e-4 -0.02735424 0.04427289 8.54187e-4 -0.02646785 0.04427289 0.001501142 -0.02667135 0.04427289 0.001532435 -0.02655118 0.05407291 5.21895e-4 -0.02874141 0.04557287 0.001311302 -0.02755963 0.04557287 5.44692e-4 -0.02874803 0.04687303 0.001047253 -0.02743756 0.04687303 0.001419723 -0.02745294 0.05507302 8.59404e-4 -0.02893191 0.04687303 0.001492381 -0.02766883 0.04687303 7.54836e-4 -0.02885723 0.04557287 0.001762568 -0.02786523 0.04557287 0.00152558 -0.02765923 0.04427289 0.002187907 -0.02707511 0.04427289 0.002028524 -0.02808576 0.04427289 0.00221765 -0.02695149 0.05407291 0.00270605 -0.02756357 0.04427289 0.001856148 -0.0279476 0.04687303 0.001924872 -0.02781701 0.05507302 0.002299189 -0.02848756 0.04687303 0.001042068 -0.02912658 0.04557287 0.002111434 -0.0282281 0.04557287 0.001102924 -0.02922886 0.04687303 0.002376973 -0.02834248 0.05507302 0.002411723 -0.02870804 0.04557287 0.002365946 -0.02857577 0.04427289 0.003047168 -0.02803879 0.04427289 0.002898097 -0.02774912 0.04727298 0.003872632 -0.02716165 0.04727298 0.01313585 -0.03407829 0.05507302 0.01506668 -0.03319799 0.05507302 0.01451277 -0.03243315 0.05107301 0.01620626 -0.03147178 0.05407291 0.003636419 -0.03003835 0.05407291 0.002624511 -0.03028661 0.04427289 0.002634584 -0.03005081 0.04557287 0.001245021 -0.02970123 0.04557287 0.002664208 -0.02956086 0.04427289 0.002623796 -0.03012955 0.04687303 0.002791404 -0.02979004 0.05507302 0.002643704 -0.02969497 0.04687303 0.001240849 -0.02961778 0.04687303 0.00262016 -0.02937382 0.04557287 0.002710521 -0.02910232 0.05507302 0.002583801 -0.02919685 0.04687303 0.003293573 -0.02853798 0.04427289 0.003541648 -0.02891582 0.05407291 0.003331482 -0.02832454 0.05407297 0.003224611 -0.02828711 0.04727298 0.004198968 -0.02770507 0.04727298 0.003480732 -0.02919483 0.04427289 0.0025478 -0.02899986 0.04427289 0.001191794 -0.02943742 0.04557287 0.003637671 -0.02951914 0.05407291 0.003526329 -0.02993148 0.04427289 0.002742707 -0.03027069 0.05507302 0.001223623 -0.02999824 0.04557287 0.003419995 -0.03063184 0.04427289 0.002473652 -0.03069871 0.04687303 0.002625882 -0.03069353 0.05507302 0.002428948 -0.0311104 0.05507302 0.01234871 -0.03338479 0.05107301 0.01243668 -0.03445184 0.05107301 0.01081842 -0.03503423 0.05107301 0.01523488 -0.03322184 0.05107301 0.01437491 -0.03242564 0.05407291 0.003560066 -0.03055191 0.05407291 0.002916574 -0.02764004 0.05407291 0.002655446 -0.02733379 0.05407291 7.0978e-4 -0.02631574 0.05407291 3.27146e-4 -0.0263974 0.04427289 3.3123e-4 -0.02727693 0.04557287 -0.001512646 -0.02668881 0.05407291 -0.002423644 -0.02739566 0.05407291 -0.002504169 -0.02766788 0.04427289 -0.002707362 -0.02774101 0.05407297 -0.004927456 -0.0265522 0.05127286 -0.003677666 -0.02729964 0.04727298 -0.002693951 -0.0278564 0.04727292 -0.002812445 -0.02812969 0.04427289 -0.003236711 -0.02959191 0.04427289 -0.003359496 -0.02972912 0.05407291 5.47588e-4 -0.003514409 0.05487293 4.83796e-4 -1.50241e-5 0.05487293 -1.41103e-4 -2.6416e-5 0.05487293 -7.73072e-5 -0.003525674 0.05487293 -0.01745522 -0.03129774 0.04900962 -0.01679837 -0.03283649 0.04865074 -0.01687771 -0.03163677 0.04848968 -0.02070379 0.01494276 0.04687303 -0.02609902 -0.02551472 0.05507302 -0.02694487 -0.0252 0.03557288 -0.0275008 -0.02389353 0.05507302 -0.02616453 -0.02452754 0.03557288 -0.02615302 -0.02395039 0.05407291 -0.02905964 -0.02254664 0.03557288 -0.02749723 -0.02291518 0.03557288 -0.02799028 -0.02162903 0.05407291 -0.02874755 -0.02120935 0.03557288 -0.02880066 -0.02220052 0.05507302 -0.02102226 0.01638042 0.04687303 -0.02074229 0.0163387 0.04557287 -0.02114623 0.01497989 0.04557287 -0.02081418 0.01492089 0.04427289 -0.02099347 0.01407188 0.04427289 -0.02120459 0.01405489 0.04727292 -0.02142298 0.01501685 0.04427289 -0.02159708 0.01417922 0.04427289 -0.02146285 0.01295375 0.04727298 -0.02207928 0.01310116 0.04727298 -0.02181559 0.01420986 0.04727298 -0.01714479 -0.03161019 0.04337251 -7.22293e-4 -0.03317385 0.05407291 -2.61043e-4 -0.03224939 0.04557287 -3.48651e-5 -0.03086423 0.04687303 -4.25327e-4 -0.0322178 0.04687303 -5.32729e-4 -0.03309947 0.04427289 4.97983e-5 -0.03229957 0.04427289 2.83056e-4 -0.03227597 0.04557287 1.34858e-4 -0.03315836 0.04427289 -1.10916e-4 -0.03318464 0.04727298 -6.13257e-5 -0.03592187 0.04727298 -8.52467e-5 -0.03616833 0.03557288 -1.93007e-4 -0.03326064 0.05407291 5.79085e-4 -0.03313082 0.04427289 5.17884e-4 -0.03318113 0.04727292 0.02394962 -0.02751988 0.03557288 0.02395606 -0.02729827 0.04304265 0.02431911 -0.02691197 0.04422265 0.02424836 -0.02552217 0.04458296 0.02447587 -0.02672868 0.045174 0.02435785 -0.02538341 0.04539591 0.02452558 -0.02664619 0.04627585 0.0243771 -0.02533173 0.04642933 0.0242893 -0.02539837 0.04726755 0.0244013 -0.02673512 0.04746645 0.02411526 -0.02555328 0.04813241 0.02411389 -0.02698379 0.04862356 0.02342259 -0.02745598 0.05507296 0.02372401 -0.0273292 0.04957127 0.0195949 0.01569402 0.04687303 0.01965075 0.01570308 0.04557287 0.02278417 -0.02814221 0.05107295 0.02149432 -0.02790719 0.05107301 0.02262181 -0.02691763 0.05107265 0.02329504 -0.02770543 0.05036014 0.02329683 -0.02631151 0.05010914 0.02378791 -0.02585697 0.04909545 0.02957463 -0.01789015 0.03757292 0.02918833 -0.01859068 0.03757292 0.02826195 -0.01716387 0.03757292 -5.59179e-4 0.03071975 0.03757292 0.02236342 0.01983451 0.05407291 0.02209383 0.02005481 0.04427289 0.02126562 0.01972711 0.04427289 0.02017837 0.0188077 0.04557287 0.01991873 0.01907283 0.04687303 0.0208258 0.02014327 0.04557287 0.021241 0.02627855 0.03557288 0.0203554 0.02138495 0.04427289 0.0192905 0.02168071 0.05407291 -0.01216071 0.03117907 0.05507302 -0.02047646 0.02008116 0.05507302 -0.02542597 0.02267539 0.05507302 -0.02205556 0.01956719 0.04557287 -0.02123588 0.01842808 0.04687303 -0.02181661 0.01970684 0.04687303 -0.02220827 0.01963675 0.05507302 -0.02212864 0.0195434 0.04427289 -0.02259278 0.02027213 0.04427289 -0.02313375 0.01982009 0.04427289 -0.02297651 0.02001428 0.04727298 -0.01783692 0.01567167 0.04427289 0.01693022 0.01728278 0.04687303 0.01679086 0.01726239 0.05507302 0.01697289 0.01686388 0.05507302 0.01720553 0.01676225 0.04687303 -0.001478195 0.01268279 0.05487293 1.86858e-4 0.01322406 0.05487293 0.01627522 0.01635909 0.05407291 0.01600623 0.01690948 0.05407291 0.01582086 0.01755428 0.05407291 0.01576906 0.01828539 0.05407291 0.01677125 0.01778495 0.04427289 0.01580631 0.01866078 0.05407291 0.01589888 0.01872414 0.04727298 0.0147953 0.01901018 0.04727298 0.01605027 0.01933693 0.04727292 0.01599311 0.01902049 0.04427289</float_array>
          <technique_common>
            <accessor source="#rplidar_ca_edit_001-mesh-positions-array" count="1663" stride="3">
              <param name="X" type="float"/>
              <param name="Y" type="float"/>
              <param name="Z" type="float"/>
            </accessor>
          </technique_common>
        </source>
        <source id="rplidar_ca_edit_001-mesh-normals">
          <float_array id="rplidar_ca_edit_001-mesh-normals-array" count="7896">-3.62604e-6 0 -1 9.58551e-7 0 -1 -0.967675 0.2522007 -3.04376e-4 -0.9683567 0.2495697 4.38217e-4 0 0 -1 0.2531402 0.967362 -0.01143586 -0.9091405 0.2377369 -0.3419719 0.2513748 0.9678077 -0.0126149 0.2509455 0.9679242 -0.01221579 -0.9177238 0.3970401 -0.0119242 0.9359882 -0.3519309 -0.008422851 2.72905e-6 0 -1 0.9530902 -0.3025279 -0.009799659 0.9547457 -0.2971694 -0.01229447 -2.78249e-6 0 -1 0.9963374 -0.08059716 -0.0285657 0.9976143 -0.06883555 -0.005247235 0 0 1 0.9819129 0.1891858 0.007473587 0.9516895 0.3069545 -0.008135735 0.9558886 0.2933061 -0.01576048 0.8490242 0.5280699 -0.01732927 0.8428618 0.5380692 0.008109986 0.8102227 0.5860976 -0.005384445 -7.22325e-6 0 1 -0.7910217 -0.6116581 -0.01262056 -1.17388e-5 0 -1 -0.6443054 -0.7646681 -0.01239281 -1.47727e-5 0 -1 -0.6422567 -0.7663928 -0.01218456 -7.61661e-6 0 1 -0.7892398 -0.6140812 -0.002229094 -0.7893944 -0.6138864 8.79038e-5 9.18556e-6 0 1 0.614938 0.7883608 0.01839596 -9.31663e-6 0 1 0.6421765 0.766381 0.01642042 1.68485e-5 0 1 0.6443595 0.7643253 0.02465283 0.6396323 0.7682824 -0.02475428 8.43666e-6 0 1 -0.6920594 -0.7179022 0.07530128 -0.7022006 -0.7113134 -0.03078228 0.6099369 0.7924419 -0.003586232 0.5965596 0.8022916 -0.02108991 -6.72294e-6 0 -1 0.6373246 0.7705774 0.005284249 0.7187628 0.6951028 -0.01456534 0.726774 0.6866294 -0.01843428 0.7634878 0.6455438 0.01896351 -0.6103199 -0.7869158 -0.09095847 3.92621e-6 0 1 -0.5909433 -0.8001376 0.1027904 -1.5508e-6 0 1 -1.51864e-6 0 1 -9.32446e-7 0 1 3.61944e-6 0 1 -1.97705e-6 0 1 0.8067168 0.5907332 0.01557004 -0.3240668 -0.9441053 0.06038111 -1.04179e-6 0 1 -0.2932747 -0.9515579 -0.09234452 -4.75208e-6 0 1 -0.239455 -0.9645249 0.1111444 4.27721e-6 0 1 0.2203043 0.971295 -0.08973318 3.50485e-7 0 1 0.1521252 0.983142 0.1014388 0.1084135 0.9846798 -0.1365734 -2.10851e-6 0 1 1.46978e-5 0 1 0 0 1 -1.73955e-6 0 1 -0.2075717 0.9751965 0.07684826 0.1965187 -0.9773951 -0.07796984 -0.9917936 0.1269454 0.01518446 -0.9997555 -0.009633779 0.0199036 -2.0748e-6 0 1 2.06896e-7 0 1 -0.9954815 -0.09357577 0.01613622 -0.9895978 -0.1433927 -0.01161557 4.83022e-6 0 -1 -2.58912e-6 0 -1 -2.93827e-6 0 -1 -4.91253e-6 5.93687e-6 -1 0.2875137 -0.9576989 -0.01219272 2.65653e-4 0 -1 -1.87445e-5 0 -1 7.30775e-6 0 -1 -0.8806865 0.4736472 -0.007034599 0.872114 -0.4891933 -0.01035326 -0.8402076 0.5416148 -0.026546 0.6127908 -0.7876377 0.06414234 0.5985166 -0.7980248 -0.07024568 -0.5535087 0.8291001 -0.07887458 0.5053266 -0.8623909 0.03044849 -8.14382e-7 0 1 0.5083007 -0.8611788 -0.001278162 -0.4676657 0.8835494 0.02508503 -1.05089e-6 0 1 0.3965145 -0.9178015 -0.02041339 0.4021509 -0.9151796 0.02685105 -9.75158e-6 0 1 -0.4700746 0.8826256 0.001405656 -7.58927e-7 0 1 -0.3747246 0.9261319 0.04314386 -0.3522591 0.9313244 -0.09245854 -0.9511204 0.3083668 0.01673156 2.44757e-6 0 1 -5.92129e-6 0 -1 -0.9745957 0.223965 -0.001771926 -0.9873446 0.158365 -0.008447408 0.9992575 0.03616178 -0.01330119 -0.9985382 -0.05306804 -0.01026785 -0.9977765 -0.06469088 -0.01603573 -4.30095e-6 0 -1 -0.9995874 0.02765911 0.00775665 0.9966238 0.08132416 -0.01128923 0.9975347 -0.0693264 -0.01087725 -0.9883392 0.1499696 -0.02635812 -1.87617e-6 0 -1 0.9837871 -0.1787646 -0.01436161 1.46411e-6 0 -1 3.89341e-6 0 1 -0.9652126 0.2607469 0.01938444 -0.9573889 0.2886355 0.009808003 0.9653273 -0.260859 -0.009800195 -2.63378e-6 0 -1 0.9064942 -0.4219632 -0.01468354 -0.8748308 0.4842485 -0.01321727 8.23469e-6 0 1 8.68572e-6 0 1 -0.8633047 0.5043845 0.01735657 -0.8676991 0.4967639 0.01799714 -1.24996e-6 0 -1 -0.9333447 0.3575872 -0.03160798 -0.2441868 0.9637777 -0.107263 -0.2974417 0.9515414 0.07808703 0.3068046 -0.9507757 0.04354918 0.3121799 -0.9500165 0.003540873 -0.5725637 0.8169014 0.06959235 -2.61417e-6 0 1 4.61803e-6 0 1 -1.94555e-6 0 1 -1.73418e-5 0 1 1.12919e-6 0 1 -2.18091e-4 0 1 -2.83224e-6 0 1 5.27426e-4 0 1 4.51835e-6 0 1 -2.5162e-6 0 1 0.9068916 -0.4190723 -0.04388821 0.8972718 -0.4334774 0.08367162 -0.8325666 0.539983 0.1234959 0.8316003 -0.5424279 0.1192181 5.40436e-6 0 1 -2.03631e-5 0 1 0.7864046 -0.6063276 -0.1180451 0.7738088 -0.6291483 0.07343393 -0.7473909 0.6565207 0.1019186 -0.7437527 0.6684546 -7.02176e-4 -9.04005e-6 0 1 -0.649881 0.7594259 -0.03044694 -1.33899e-6 0 1 6.23505e-6 0 1 -0.7356098 0.6771917 0.01701843 -9.26484e-6 0 1 -0.7198264 0.6939114 0.01835781 7.59163e-6 0 -1 -0.6821494 0.730522 -0.03177791 -6.62748e-6 0 -1 -3.33956e-6 0 1 -0.6297511 0.7766491 -0.01516121 1.60664e-5 0 1 -0.5450714 0.8381584 0.0196895 8.61147e-6 0 -1 -0.6387826 0.769311 -0.0108428 -8.51791e-6 0 -1 0.6782675 -0.7346813 -0.01402169 9.30518e-6 0 -1 -0.2297171 -0.9732574 4.50426e-4 2.12252e-7 0 -1 -1.75417e-5 0 -1 3.83774e-6 0 -1 0.9727836 -0.2313929 -0.01222664 0.8576248 0.5142759 -7.63402e-5 0.8559925 0.5169884 7.72362e-5 0.5156982 -0.8567704 -1.39815e-6 0.5157068 -0.8567652 -1.47e-7 -6.06287e-6 3.9897e-6 -1 0 3.98962e-6 -1 -0.8560315 -0.5169238 -6.29746e-5 0.8570519 0.5147953 -0.02116435 -0.857243 -0.5149122 5.09813e-5 0.8723303 0.4884176 -0.02209389 0.2495191 0.9681744 0.01945972 0.2127366 0.9770026 0.01446008 4.3043e-7 0 1 -0.9200977 -0.3910537 0.02229797 -0.9117048 -0.4103696 0.01977652 -2.13052e-6 0 1 -0.8783681 -0.477508 0.02134668 -0.8780775 -0.4780379 0.02144563 -4.15606e-6 0 -1 0.894163 0.4473181 -0.01947122 0.899739 0.4359219 -0.02102476 0.9246604 0.3801811 -0.02157676 3.41868e-6 0 -1 0.9286962 0.3702854 -0.02030038 0.949536 0.312965 -0.02084678 0.9524475 0.3039069 -0.02200907 3.3431e-6 0 -1 -0.9599056 -0.279635 0.01963728 0.4085771 0.9125865 0.01583844 -0.974025 -0.2253769 0.02192246 -0.9777247 -0.2089411 0.01995056 -0.9878716 -0.1536707 0.02225029 4.16436e-6 0 -1 -4.61062e-6 0 1 3.27601e-6 0 1 -1.08352e-5 0 1 0.3845617 0.9230688 -0.007508337 -3.02555e-6 0 -1 -0.97299 0.2305237 -0.01221567 8.95945e-6 0 -1 0.8266966 0.5619115 -0.02878296 -0.8475877 -0.5305505 -0.01055097 -6.37436e-6 0 -1 0.8985054 0.4389598 -0.001559019 0.8333828 0.5526799 -0.004278659 0.7892918 0.6139684 0.007834613 3.62998e-6 0 -1 0.7692478 0.6389417 -0.003371536 -2.41966e-6 0 1 -0.9680161 0.2499467 0.02171677 1.23027e-6 0 1 -0.9836215 0.1790136 0.02104574 -0.9848002 0.1725186 0.02015131 -0.9933654 0.1129695 0.02152037 1.85175e-6 0 1 -0.9953098 0.09466701 0.01991677 0.6878147 0.7258273 -0.009262323 -1.13795e-5 0 -1 0.5633786 0.8261958 -0.002213001 0.524621 0.8512942 0.00843513 -3.34929e-6 0 -1 8.56109e-6 0 -1 0.4508395 0.8925564 -0.009321153 0.468785 0.8828369 -0.0289784 -0.4198739 -0.9075223 -0.0104438 3.6523e-6 0 1 0.5869525 0.8094344 0.01740485 0.9964028 0.08176195 -0.02228528 0.9886829 0.1487529 -0.0194627 0.9864972 0.162383 -0.02133369 0.974055 0.2252611 -0.02178102 0.969852 0.2429094 -0.01954936 4.60754e-6 0 -1 -0.992914 -0.1171977 0.01966148 0.9976705 0.06512737 -0.02029532 0.9997434 -0.005369067 -0.02200788 1.3047e-5 0 -1 0.9997742 0.004125535 -0.02084821 -0.9996752 0.01624184 0.01964396 1.13538e-5 0 1 -5.4047e-6 0 1 -0.9994046 -0.02661085 0.02196425 -0.9987798 -0.04499191 0.02036011 0.5894899 0.8075921 0.01722747 0.9976432 -0.06573975 -0.01965969 0.9951857 -0.09531384 -0.02281916 -1.17161e-6 0 -1 0.9889963 -0.146694 -0.01916402 -2.77737e-6 0 -1 0.980915 -0.1931133 -0.02265042 0.9763788 -0.2151076 -0.02033132 0.9614021 -0.274355 -0.02086585 -0.9645087 0.2633011 0.01988965 -4.61581e-6 0 1 0.8784145 0.4776217 0.01629984 -4.66699e-6 0 1 0.8957078 0.4442457 0.01879847 3.9503e-6 0 1 -0.9192575 0.3930852 0.02120584 -0.914983 0.4029913 0.02010726 4.51171e-6 0 -1 0.938891 0.3424783 -0.03453177 0.9592671 0.2820388 0.01615065 0.9633203 0.2680623 -0.01252019 -0.9393618 -0.3427704 -0.01038688 1.36558e-5 0 -1 -0.902301 -0.4308854 -0.01381814 -0.9727913 -0.2312572 -0.01404285 -5.66253e-6 0 -1 -2.30072e-6 0 1 0.9740044 0.2257258 0.01906347 -0.8763344 0.4813293 0.01897978 -0.8526903 0.5219042 0.02313429 0.9973701 0.07074451 0.01575803 -0.9861141 -0.1657152 -0.01083952 3.61915e-5 0 -1 0.9855822 0.1690889 -0.006064772 6.80127e-6 0 -1 0.9911734 0.1311475 -0.01938217 0.9960161 0.08787614 0.01515883 -0.9998328 -0.01248234 -0.01336735 -0.999833 0.0139029 -0.01186281 -5.4214e-5 0 -1 0.9984606 -0.05430066 -0.01130723 0.9998167 0.003879308 0.01875263 3.00345e-6 0 -1 0.9992464 -0.0342803 -0.0182119 0.8511795 -0.5244205 -0.02183461 0.8605021 -0.5090795 -0.01934361 -3.80166e-6 0 -1 1.6284e-6 0 -1 -1.59995e-6 0 -1 0.8883063 -0.4586995 -0.02251017 0.9065886 -0.421568 -0.01943427 -6.51167e-7 0 -1 0.9169627 -0.3983849 -0.02165603 -2.73741e-6 0 -1 -0.9418388 0.3354307 0.02063894 0.9368723 -0.3490809 -0.02032214 0.9385935 -0.3443904 -0.02092248 6.81055e-6 0 -1 -0.8935276 0.4484625 0.02213472 -0.985347 0.1701381 -0.01201558 0.8020544 -0.5969202 -0.01987469 0.7987255 -0.6013345 -0.02084803 8.41143e-7 0 -1 -0.9843404 0.1758447 -0.01235902 -1.92293e-6 0 -1 0.9686751 -0.2468923 -0.02669483 0.961392 -0.2748063 -0.01438605 -1.65846e-6 0 -1 -0.9418309 0.3358539 -0.01252567 3.28237e-6 0 -1 -0.9347863 0.3550353 -0.01117032 -0.7832927 0.6213235 0.02024233 4.45583e-6 0 1 0.9295016 -0.3684482 0.01651573 0.9327431 -0.3601327 0.01716798 0.9510653 -0.3085222 0.01700478 -0.7986904 0.6013251 0.02240276 -2.0187e-6 0 1 0.9906391 -0.1355418 0.0162056 0.9921702 -0.1238893 -0.01579976 -3.11154e-6 0 1 0.9848099 -0.1726898 0.01810377 -0.8262389 0.5629995 0.01899564 -2.39774e-6 0 -1 -3.36735e-6 0 -1 0.8327255 -0.5533772 0.01849544 5.46343e-6 0 1 4.1716e-6 0 -1 0.8646087 -0.5016061 -0.02903848 0.8900344 -0.4557861 -0.009891331 -0.8530418 0.5216786 -0.01309156 8.70098e-7 0 -1 -0.8402093 0.5421342 -0.01178443 0.7532157 -0.6574095 -0.02188402 0.742831 -0.6691684 -0.02039337 -0.8401626 0.5422067 -0.01178449 -0.686662 -0.7268654 -0.01273423 -0.6857438 -0.7277399 -0.01225137 -0.7651215 0.6436659 -0.01683396 -4.27062e-6 0 -1 0.7720797 -0.6354641 -0.008854925 0.7279364 -0.6853843 0.01889854 -2.99676e-6 0 1 0.6387857 -0.769249 -0.0144574 0.6275152 -0.77832 -0.02104526 0.6161872 -0.7874556 -0.01507437 0.7999989 -0.5996715 -0.01989692 -7.32115e-6 -8.13235e-6 -1 0.6976595 -0.7161445 -0.02020674 -2.33484e-6 0 -1 3.39778e-6 0 -1 0.6834006 -0.7296981 -0.02245527 3.7345e-6 0 -1 0.6434473 -0.7652419 -0.01950722 -5.4629e-6 0 -1 0.2114823 -0.9773817 -6.31738e-4 0.3098134 -0.9505952 0.01961076 4.26837e-6 0 1 -1.67668e-6 0 -1 0.622707 -0.7821357 -0.02235889 -2.63049e-6 0 -1 0.06314319 0.9979068 -0.01396656 -2.01728e-6 0 -1 0.2467263 0.9689959 -0.01316124 3.60113e-6 0 1 2.78187e-6 0 -1 -0.07748436 -0.9969936 -2.94022e-4 -0.03395849 -0.9993584 -0.01139545 0.1083192 -0.9939265 0.0194239 0.09680116 -0.995267 0.008559346 0.05012995 -0.9981102 -0.03554046 -7.76311e-7 0 -1 6.43704e-6 0 -1 -0.1021401 0.9947173 -0.01024079 -2.34102e-6 0 -1 0.225502 -0.9741216 0.0153684 -0.6113693 0.7910364 0.02211415 -0.6278116 0.7781097 0.0199505 -0.5768344 0.816621 0.01980394 2.33758e-6 0 -1 0.5695725 -0.8217025 -0.01980865 0.5570187 -0.8302174 -0.02166509 -3.84033e-6 0 -1 -3.90671e-6 0 -1 -0.5183411 0.8549442 0.01982223 2.58502e-6 0 -1 0.4438004 -0.8958659 -0.02157813 0.4341686 -0.9006029 -0.02029943 1.07251e-6 0 -1 -0.4417546 0.8969106 0.02010661 -0.4517619 0.891873 0.02176445 -0.3249488 -0.9455534 0.01835823 -0.305598 -0.9521496 -0.004577994 0.3027941 0.9529937 -0.01089775 1.16352e-5 0 -1 -0.3631787 -0.931585 0.01583516 6.67659e-6 0 1 -0.3630086 -0.9317272 -0.01044631 -1.86199e-6 0 1 0.3924727 0.9196625 -0.01365262 -1.14532e-5 0 -1 -0.4084661 -0.9122777 -0.03008186 -5.3738e-6 0 1 -0.3721976 0.9278918 0.02204352 0.3748858 -0.9268259 -0.02131903 0.3784466 -0.9253883 -0.02084952 0.5608928 0.8277749 -0.01372092 -5.71456e-6 0 -1 0.4764219 0.8791493 -0.01089423 9.4538e-7 0 -1 -0.5013874 -0.8651838 0.008227944 -0.5559088 -0.831026 0.01900792 8.97431e-6 0 -1 -0.5633389 -0.826186 -0.008129894 -1.9092e-6 0 1 -0.6011809 -0.7989645 0.01541006 -0.2793963 0.9599734 0.01972126 0.2507434 -0.9678052 -0.02193206 0.2345097 -0.9719094 -0.01993703 1.28762e-6 0 -1 -0.2392863 0.9706981 0.02207738 -1.0881e-5 0 1 -0.6222304 -0.782774 -0.009703993 0.3174605 -0.9480418 -0.02087044 0.3127613 -0.9496154 -0.02027571 1.28512e-6 0 -1 -0.182449 0.9829799 0.02151483 5.03122e-6 0 1 -0.200397 0.9795123 0.01991564 0.1633351 -0.9863549 -0.02063345 1.31103e-6 0 -1 -0.1258313 0.9918456 0.02022111 8.04211e-6 0 1 -0.7083806 -0.705788 0.007768511 -0.7042683 -0.7094668 -0.02575397 -5.19035e-6 0 -1 -0.738632 -0.6740273 -0.01049125 -0.04170101 0.9989105 0.02095407 -0.04113161 0.9989359 0.02086061 -2.91057e-6 0 1 -0.1163759 0.9929755 0.02135944 -0.7385078 -0.6739568 0.01971238 -1.71769e-6 0 -1 0.1018042 -0.9945785 -0.02120292 0.0880081 -0.9959238 -0.0197587 -2.46097e-6 0 -1 1.96982e-6 0 -1 0 -2.52855e-6 -1 0.04983985 -0.9985153 -0.02198106 -0.9998329 -0.01828652 2.57699e-6 -0.999833 -0.01827782 1.76462e-6 -0.01962858 0.9998074 -6.4219e-5 -0.01727157 0.9998509 4.98851e-5 0.01726782 -0.9996244 -0.02128523 -0.001656711 -0.9997551 -0.02207249 -0.01882606 -0.9996437 -0.01892775 2.10517e-6 0 -1 5.69701e-6 0 1 -0.7820203 -0.623054 0.01574963 0.7289374 0.6844626 -0.01270174 0.7270479 0.6864725 -0.0125305 -4.20985e-6 0 -1 0.8170183 0.5764953 -0.01158463 5.95038e-6 0 -1 0.8383194 0.5450186 -0.01324909 1.44229e-5 0 -1 -0.8411612 -0.5403816 -0.02087241 -9.69683e-6 0 -1 -0.8410893 -0.5404955 -0.02082157 -0.8507128 -0.5256193 -0.003480792 -5.80923e-6 0 1 -0.8627562 -0.5055315 -0.00947839 2.05941e-7 0 1 -1.71952e-6 0 1 -8.32924e-6 0 1 -0.8906223 -0.454406 0.01753306 -0.2861419 0.9581093 -0.01222652 -1.36725e-5 0 -1 0.9577258 0.2876826 4.5654e-4 3.19047e-6 0 -1 0.8949983 0.4459273 -0.01127547 0.9231752 0.3839347 -0.01848632 0.8992412 0.4373008 -0.01155281 -0.2890005 0.9572643 -0.01113259 -0.2866566 0.9579492 -0.01271224 5.07496e-6 1.87837e-6 -1 0.9006569 0.2679294 -0.3420981 0.900978 0.2670326 -0.3419538 0.286042 -0.9581397 -0.0121783 5.06373e-6 -1.13261e-5 -1 0.962339 0.2717345 -0.008010923 -0.9617738 -0.2735956 0.01168906 -0.9383344 -0.3455139 -0.0121932 -0.945015 -0.326283 -0.02204936 -0.8958203 -0.4440358 0.01839846 -0.9662963 -0.2568734 0.01695764 -0.9726846 -0.2314115 0.01826637 2.82686e-6 0 1 0.9703055 -0.2411487 0.01883566 0.9787355 -0.2044669 0.0164349 -3.94436e-6 0 1 0.9997732 0.01232463 0.01737028 0.9919124 -0.126757 0.006511449 0.8829072 -0.4687678 -0.0270527 4.61278e-6 0 -1 0.9054978 -0.4243045 0.006291091 -4.34636e-6 0 -1 -7.94666e-6 0 -1 -0.8753895 0.4832378 -0.01320815 -0.2068137 -0.9781881 -0.0193932 5.79125e-6 0 -1 -4.53654e-6 0 -1 -0.7813574 0.6239722 -0.01180797 -0.7776124 0.6286408 -0.0113908 7.93378e-6 0 -1 0.8545966 -0.5192427 -0.007197022 -4.97272e-6 0 -1 0.7831117 -0.6218712 -0.003529727 3.85358e-6 0 1 0.7868511 -0.6171395 -0.002073228 0.7215915 -0.6917163 -0.02888458 0.61164 -0.790951 0.01712709 7.32353e-7 0 1 0.2717245 0.962157 0.0204935 0.2779451 0.9603593 0.02137058 0.6183888 -0.7856702 0.01782351 1.65743e-5 0 1 0.1960041 0.9803804 0.02089709 0.1953951 0.9804998 0.02099913 -0.1321474 -0.9910293 -0.01995408 -0.1039798 -0.9943263 -0.02243727 2.08439e-6 0 -1 -0.0654847 -0.9976615 -0.0195831 -2.96076e-6 0 -1 0.04911893 0.9985589 0.02162146 0.03938782 0.9990144 0.02046597 0.106142 0.9941449 0.02024638 0.1158564 0.9930353 0.02141034 -4.26464e-6 0 1 -0.1817415 -0.9830995 -0.02203625 -0.6676937 0.7443217 -0.01305246 0.6001685 -0.7998513 -0.005978584 4.13385e-6 0 -1 -0.2666437 -0.9635211 -0.02298402 -3.61722e-6 0 -1 -0.2968049 -0.9547443 -0.01924604 0.3469965 0.9376335 0.02090245 0.3461672 0.9379374 0.0210188 7.11615e-6 0 -1 0.5002888 -0.8651311 -0.0354855 0.5572978 -0.8302959 -0.005279541 -1.02759e-5 0 1 0.583826 -0.8118742 0.002748072 3.72936e-6 0 -1 -0.5574209 0.830121 -0.01346009 -0.3678917 -0.9296395 -0.02064579 -0.3578485 -0.933522 -0.02193605 0.4283955 -0.9034462 0.01619488 0.4141544 0.9099481 0.02169513 0.405485 0.9138706 0.0205568 0.4258898 -0.9047396 -0.008016228 -4.58054e-6 0 -1 -0.4074563 0.9131457 -0.01201498 -0.3993337 0.9167355 -0.01134359 -2.49042e-6 0 -1 -0.4372251 -0.8991186 -0.02049303 -0.4325935 -0.9013382 -0.02127325 9.11291e-7 0 -1 0.2170814 -0.9755999 -0.03287392 -9.09312e-6 0 -1 -0.2257122 0.9741114 -0.01269644 -0.2140834 0.976741 -0.01205122 -3.05807e-6 0 -1 -0.5194219 -0.8542495 -0.02141922 0.2711396 -0.9624577 -0.01259779 -3.04123e-6 0 -1 0.2708779 -0.962585 0.007443189 0.3915752 -0.9199569 0.01865679 -0.5214875 -0.8530012 -0.02097636 0.4918237 0.8704085 0.02232778 0.2313773 -0.9726977 0.01799809 -4.29897e-6 0 1 4.43134e-7 0 1 0.5360306 0.8439717 0.01957422 0.05911165 -0.9982489 -0.002222061 0.06189 -0.9979494 0.01633167 1.86032e-5 0 1 -0.005101084 -0.9998043 0.01911622 -0.04875701 -0.9981555 -0.03617227 9.70563e-7 0 -1 -5.38605e-6 0 -1 0.08921873 0.9959394 -0.01203441 0.08908152 0.9959517 -0.0120269 1.62767e-5 0 -1 -0.603538 -0.7970196 -0.02240335 -0.1809182 -0.9834952 -0.002398014 -8.87781e-6 0 1 -7.63767e-6 0 1 -0.135749 -0.990678 0.01138067 0.5753902 0.8175774 0.0222156 -1.68007e-6 0 1 0.5841796 0.811354 0.02095282 1.77859e-5 0 1 -0.129737 -0.991428 0.01545894 -0.2382498 -0.9709894 0.0204122 6.25619e-6 0 -1 -0.3763475 -0.9263635 0.01460617 0.4060578 0.913769 -0.0119791 8.9651e-7 0 -1 -0.4244433 -0.9054139 -0.008577644 5.1788e-6 0 -1 0.4275795 0.9038755 -0.01359504 -0.4554969 -0.8902156 -0.00623691 -6.09854e-6 0 1 -0.5241701 -0.8511866 -0.02696752 -0.5773292 -0.816457 -0.009429454 0.5689879 0.8222757 -0.01074755 -0.5120252 -0.8589261 0.008739709 -6.85932e-6 0 -1 -0.5191214 -0.8544681 0.01993292 6.7193e-6 0 1 -1.51511e-6 0 1 -0.6689067 -0.7430188 -0.02206689 -0.6838054 -0.729383 -0.02026861 -0.712774 0.701287 -0.01223951 -0.7123461 0.7017176 -0.01247125 0.6059303 0.7954239 -0.01222044 5.97763e-6 0 -1 0.6351479 0.7722025 -0.01704299 0.696716 0.7173056 -0.007726132 0.7674766 0.6408301 -0.01779347 -6.39392e-6 0 -1 -0.7198685 -0.693787 -0.02118891 0.712195 -0.7018699 -0.01253002 0.7127917 -0.7012698 -0.01219999 -0.7211524 -0.692466 -0.02074199 0 9.71749e-7 -1 -0.7011758 -0.7126725 -0.02122688 0 4.13646e-6 -1 2.93577e-6 0 -1 -0.6849807 -0.728286 -0.02002912 6.00275e-6 0 1 0.7081208 0.7058184 0.01963192 1.44393e-6 0 1 -0.845939 -0.5330131 0.01686275 -0.8597405 -0.5103967 0.01848328 1.94784e-5 0 -1 -0.88778 -0.4602515 0.003908991 -1.03897e-5 0 -1 0.895065 0.4456967 -0.014602 0.7517244 0.6591596 0.02047842 0.7427209 0.6692512 0.0216484 -1.31902e-6 0 1 -0.9432407 -0.3317499 0.01546525 6.36142e-6 0 -1 -0.9001391 -0.4335172 -0.04257601 0.9246218 0.3807353 -0.01074498 -0.9594992 -0.2816838 -0.003948807 6.24516e-7 0 1 -0.9726757 -0.2312473 0.02065747 9.96016e-7 0 1 -0.9693704 -0.2455806 0.003341972 -9.19904e-6 0 -1 -0.9633859 -0.2680432 0.006366789 -0.9904258 -0.1371693 0.01554125 0.7978402 0.6025561 0.01942896 -0.7712461 -0.6361673 -0.02169442 -0.7705514 -0.6370031 -0.02185916 0.9747987 0.2227113 -0.01293307 0.9779121 0.2085558 -0.01387566 -9.7916e-6 0 -1 1.07527e-5 0 -1 0.7839679 0.6204216 0.02171093 -0.8098538 -0.5863129 -0.0193389 -2.35222e-6 0 -1 0.9972518 0.07336884 -0.010288 1.5708e-6 0 1 -0.9998638 0.01638692 -0.002010345 -0.9981566 0.06022673 0.007500708 -2.9594e-6 0 -1 -0.9974194 0.06896466 -0.01996511 0.9984096 -0.05453056 -0.01431202 5.02323e-6 0 -1 0.8519555 0.5232686 0.01902043 0.8317589 0.5546696 0.02277952 -0.8301202 -0.5571045 -0.02313637 -0.9652557 0.2611143 -0.01004713 2.621e-6 0 -1 -0.9694841 0.2441778 -0.02186357 -1.52831e-6 0 -1 0.955521 -0.2946516 -0.0126571 0.9605863 -0.2777574 -0.01117926 -0.962174 0.2722163 -0.01093935 -8.83332e-7 0 1 -0.9605776 0.277555 0.01594001 0.878347 0.4774772 0.02285212 -0.8755923 -0.4825405 -0.02220284 5.41611e-7 0 -1 -0.8955478 -0.4445233 -0.01983451 5.13546e-6 0 -1 0.8942738 0.4470995 0.0194019 -0.9418417 0.33552 0.01899343 -0.9092378 0.4161264 0.01120257 -2.6942e-6 0 1 -0.8649532 0.5015572 0.017219 -0.872065 0.4891174 0.01633667 5.67428e-6 0 1 -0.89131 0.4532494 -0.0114693 -6.93142e-6 0 -1 -0.8830966 0.468742 -0.0205304 0.8977342 -0.4403285 -0.0135715 -1.78336e-6 0 -1 -0.9107588 -0.4123276 -0.02245873 -0.8404746 0.5417024 -0.01268827 -3.70488e-6 0 -1 -0.9633283 -0.2674586 -0.02155482 -0.9684194 -0.248561 -0.01952636 0.9630774 0.2684866 0.01992499 0.9479659 0.3176194 0.0218774 0.9439237 0.3295218 0.02057909 -0.944904 -0.3266547 -0.02129 0.8276571 -0.5610836 -0.01300704 -4.3149e-6 0 -1 4.34025e-6 0 -1 0.8605149 -0.5093172 -0.01049852 -0.9232113 -0.3837849 -0.01975184 0.9231761 0.3838034 0.02099931 0.920108 0.3910509 0.02191913 -0.9442211 -0.3286441 -0.02096366 1.00602e-6 0 1 -5.24036e-6 0 1 -3.9531e-6 0 -1 -0.73618 0.6766588 0.01311731 -0.7316168 0.6815188 0.01640367 -1.13475e-5 0 1 0.9878402 0.1539696 0.0215708 2.93032e-6 0 -1 0.9770728 0.2119542 0.02010613 -9.12924e-7 0 -1 -0.9801694 -0.1968697 -0.02259016 0.268035 -0.9634091 4.49583e-4 0.2654049 -0.9641371 -2.95834e-4 -1.98788e-6 0 -1 -4.34541e-6 0 -1 7.74665e-6 0 -1 -1.09205e-5 0 -1 3.06113e-6 0 -1 -1.51463e-6 0 -1 3.02652e-6 0 -1 9.74062e-7 8.32832e-7 -1 1.5088e-6 0 -1 0.9636555 0.2668684 -0.01222008 0.9637593 0.2664867 -0.01236838 0.525721 -0.8505259 -0.01493912 5.22746e-6 0 -1 -0.513408 0.8581391 0.003095269 8.02955e-6 0 -1 0.3834581 -0.9234821 -0.01186388 -1.23711e-5 0 -1 -0.3779463 0.9257625 -0.01097512 0.4431719 -0.8963728 -0.01070058 -0.4336648 0.9005788 -0.02988135 0.3318371 -0.9431949 -0.0163533 0.9635511 0.2672575 -0.01195573 5.06265e-6 -4.73791e-6 -1 0.2629408 -0.9647793 -0.00794804 -1.16044e-5 0 -1 -0.2788637 0.9603299 -0.00129193 1.3634e-6 0 1 1.19418e-5 0 -1 -0.2311599 0.9726395 -0.02318382 0.1779104 -0.9839149 -0.01610326 -0.9638629 -0.266126 -0.0120595 0.1427417 -0.9896862 -0.01208406 -0.9637697 -0.2664532 -0.01227742 -0.96375 -0.2665279 -0.01220637 0.1121793 -0.9936244 -0.01124417 -0.07050091 0.9971987 -0.02499085 -0.01766747 0.9998388 0.003206253 -1.15339e-5 0 -1 0.6082863 -0.7932989 0.02578175 -6.11827e-6 0 1 -4.19201e-7 0 -1 -0.6189382 0.7852035 -0.01926761 4.13783e-7 0 -1 -1.04718e-6 0 -1 0 -4.28814e-6 -1 -5.3738e-7 2.76142e-6 -1 6.19935e-7 0 -1 0.8574596 0.5145513 -3.39523e-4 0.8559228 0.5171036 4.73958e-4 3.04473e-6 0 -1 5.1359e-7 0 -1 5.89452e-7 0 -1 -0.8742294 0.4855132 -7.49043e-5 -0.4841778 -0.8749698 -1.32247e-6 0 4.56009e-7 -1 -0.8590389 0.5114974 -0.02055579 -0.8577433 0.5136809 -0.02021282 0.8896573 -0.456045 0.02308845 0.9054321 -0.4240488 0.01937556 -0.9230376 0.3841378 -0.02096998 -6.72353e-6 0 -1 0.9306828 -0.3651751 0.02183729 0.9292958 -0.3687231 0.02127367 -5.53894e-6 0 1 -3.33774e-6 0 -1 0.9521468 -0.3049411 0.02067273 0.9535366 -0.3005345 0.02114295 -0.9637594 0.2659677 -0.02071183 -0.9650146 0.2613371 -0.02121126 -0.9788116 0.2037182 -0.02065944 -1.66312e-6 0 -1 -0.9797577 0.1990668 -0.0211538 6.21422e-6 0 1 0.9822313 -0.1865331 0.02067166 0.9830791 -0.1819568 0.02114611 -7.11962e-6 0 1 0.9694162 -0.244505 0.02120292 -0.404935 0.9141721 0.01780456 -0.4153623 0.9094983 0.01694881 7.21638e-6 0 1 0.968267 -0.2490576 0.02072328 -4.96419e-6 0 1 0.9919937 -0.1244959 0.02119785 0.9978168 -0.06273418 0.02064585 0.9982633 -0.05481714 0.02157491 -0.6024107 0.7979717 0.01850914 -9.96188e-6 0 1 -0.6562232 0.7540464 -0.02801954 -0.7240794 0.689699 -0.004937469 0.9885869 0.1491806 0.02100443 -3.33618e-6 0 -1 -0.9938541 -0.1086478 -0.02120995 -0.9945245 -0.1021372 -0.02211618 5.83586e-6 0 -1 0.9958757 0.08836835 0.02055668 0.9962038 0.0844748 0.0210238 0.9994891 0.02359479 0.02156215 2.72219e-6 0 1 0.999752 0.009875595 0.01996344 -0.9996733 -0.01220673 -0.02245736 3.35941e-6 0 -1 -0.9994962 0.02477896 -0.0198366 -0.9989284 -0.0418412 -0.01978486 0.7455552 -0.666345 -0.01148599 0.7137137 -0.7003042 -0.01366961 0.6229972 -0.7821592 -0.01008182 -0.5741202 0.8186022 0.01663005 -0.5650883 0.8249725 -0.009780168 -0.5526387 0.8334155 -0.00302726 1.83474e-5 0 1 -2.88725e-6 0 1 -0.9971529 0.07219195 -0.02178174 -0.9963492 0.08283162 -0.02066814 -3.36828e-6 0 -1 -0.9896649 0.1418231 -0.0212062 -0.9890025 0.1464405 -0.02071976 0.9914186 -0.129072 0.02072823 7.9175e-6 0 1 -0.9481916 0.316994 -0.02115929 -0.9466716 0.3215374 -0.02066177 -0.923848 0.3821688 -0.02125853 -7.20691e-7 0 -1 -0.8938615 0.4478747 -0.02049827 -0.8924196 0.4507227 -0.02089029 -0.2820364 0.9594016 -0.002054989 0.8650066 -0.5013812 0.01951211 -5.05488e-6 0 -1 0.8295566 -0.5580643 0.02000951 0.8140233 -0.580417 0.02196216 -1.15217e-6 0 -1 -0.8128804 0.5820881 -0.0199716 0.7716678 -0.6356493 0.02188289 4.37479e-6 0 1 0.7831825 -0.6214704 0.01999652 -0.761577 0.6477753 -0.01969015 -6.73825e-7 0 -1 -0.7396919 0.6725884 -0.02192807 0.7334443 -0.6794652 0.01965957 -5.61249e-6 0 -1 -4.87303e-6 0 1 0.7228375 -0.6906955 0.02111655 -0.7067205 0.7071663 -0.02149593 -0.6959304 0.7177768 -0.02184677 0.669935 -0.7421528 0.01991176 -0.8008269 -0.09064787 0.5919962 -0.7761999 -0.1100298 0.6208118 -0.6802399 0.732709 -0.02027624 -0.658189 0.7525169 -0.02248346 -2.25195e-4 9.56577e-5 1 -0.6740996 0.7384136 -0.01831108 -2.29512e-4 7.59613e-5 1 0.6306341 -0.7757297 0.02332687 0.6170037 -0.7867814 0.01678526 -0.6233767 0.7816923 -0.01893985 -0.6089096 0.7928625 -0.02445745 0.5783714 -0.8153474 0.02636581 -2.9882e-6 0 1 -0.57444 0.8183814 -0.01645773 -4.15181e-7 0 -1 0.543101 -0.8395178 0.01585811 0.5078492 -0.8610399 0.02645039 4.35205e-6 0 1 -0.5110687 0.8593665 -0.01726257 -0.482374 0.8756472 -0.0236091 3.33242e-6 0 -1 0.4883632 -0.872448 0.01832544 -0.4550258 0.8903023 -0.0177074 -1.44573e-6 0 -1 -0.4255518 0.9045652 -0.02583694 0.4203531 -0.9070143 0.02506649 1.96175e-6 0 -1 -2.64716e-6 0 -1 0.3617448 -0.9321318 0.016465 -1.22264e-5 -1.07743e-6 1 0.3433264 -0.9389191 0.02362167 -0.3509048 0.9361085 -0.02380424 6.16743e-5 -8.24764e-5 1 0.8101974 -0.07408368 0.5814568 0.8063833 -0.06953674 0.587291 -0.3239371 0.9458696 -0.01988571 -0.322168 0.9464676 -0.02017587 0 -3.69666e-6 -1 0.2940549 -0.9555864 0.01966202 0.2919846 -0.9562295 0.01924073 0.9252978 -0.08750098 0.369009 -0.2944853 0.9554288 -0.02083939 -0.2901273 0.9567686 -0.02049237 0.2815039 -0.9593365 0.02071386 0.9370364 -0.06183069 0.3437147 0.2736636 -0.9615963 0.02099579 0.2698105 -0.9626857 0.02094423 0.2690698 -0.9628931 0.02093815 0.2461743 -0.9690147 0.0202226 0 -6.61146e-7 -1 0.2743142 -0.9614124 0.02092999 0.9872708 -0.06114602 0.1468246 -0.2787676 0.9601304 -0.02093893 0.9908044 -0.0784586 0.1102313 0.9971423 -0.05716115 0.04939532 0.9966839 -0.08134508 -0.002088129 0.2722812 -0.9619899 0.0209338 0.9958902 -0.05836385 -0.069256 0.2657421 -0.9638117 0.02117198 -0.2801139 0.9597387 -0.02092981 0.9917351 -0.07685571 -0.1027365 0.9823409 -0.06107372 -0.1768515 0.2718544 -0.9621096 0.02098423 0.9749073 -0.07992017 -0.2077706 0.9578523 -0.05705261 -0.281539 0.2778137 -0.9604072 0.02092045 0.9412546 -0.08439618 -0.326982 -0.2901002 0.956754 -0.0215311 -0.2918039 0.9562293 -0.02182143 0.9187291 -0.05811047 -0.3905895 0.2866663 -0.9577953 0.02122884 0.2943838 -0.9554314 0.02211856 0.298753 -0.9540923 0.02132338 -3.0808e-6 0 1 -0.8833289 0.4683807 0.01869952 -0.8847107 0.4658964 -0.01508527 -0.9390247 0.3438476 0.001244425 2.89506e-6 0 -1 0.9388223 -0.3441613 -0.01287889 0 3.09523e-6 -1 -0.3380006 0.940808 -0.02521973 -0.321067 0.9468295 -0.02073377 -0.8883528 0.4581952 -0.02977347 0.8692585 -0.4941853 -0.01306056 -8.13984e-6 0 -1 -0.8110978 0.5846861 0.01620209 0 2.84451e-7 1 0.8438124 -0.5365379 -0.0103783 -0.2476481 0.9686053 -0.02177709 -0.2579979 0.9659197 -0.02088463 -0.1918885 0.9812221 -0.01954561 1.16285e-6 0 -1 -4.72737e-6 -1.3004e-6 1 0.2251014 -0.9740887 0.02192133 -0.7719933 0.6353446 0.01906955 -0.7862495 0.6174186 -0.02461636 1.03676e-5 0 -1 7.89964e-6 0 -1 -0.8229101 0.5680931 -0.009446501 -0.7905035 0.6123567 0.01111328 -1.55208e-5 0 -1 0.7794202 -0.6263547 -0.0135622 7.63137e-6 0 -1 -1.14042e-5 0 -1 0.7097666 -0.7043598 -0.01043105 -0.6970506 0.716998 -0.005860626 -0.6608384 0.7503728 0.01527416 5.38292e-6 0 1 0.1652337 -0.9860197 0.02151852 0.180525 -0.9833638 0.02016562 -1.16293e-5 0 1 -0.6432967 0.7655243 -0.01191371 9.61804e-7 0 -1 -0.1739372 0.9845159 -0.02178519 1.45799e-6 0 -1 -0.1134872 0.9933099 -0.02135795 -4.29141e-6 0 -1 -0.5032967 0.8640951 -0.005663633 0.4905279 -0.8713259 -0.01317244 -7.18375e-6 0 -1 -0.4229012 0.9056455 -0.03099763 -8.06989e-6 0 -1 0.3561628 -0.9343414 -0.01241952 -0.09938395 0.994855 -0.01966089 -1.53222e-5 0 -1 0.3750178 -0.9269483 -0.01133877 3.50754e-6 0 -1 -0.3018238 0.9533625 -0.001553952 0.2030069 -0.9790963 -0.01259678 6.83333e-6 0 -1 -0.2004329 0.979616 0.0133903 -0.09936982 0.9948982 0.01741743 0.04100191 -0.9989266 0.02155309 -0.2875087 0.9576319 0.0167343 -0.2901809 0.9569173 -0.01021611 -1.24686e-5 0 1 -0.3401768 0.9401583 0.01954722 0.1085935 -0.9938807 0.02021884 0.1018499 -0.9945776 0.02102905 5.43031e-6 0 1 -0.4624267 0.8865292 0.01508158 -0.5695515 0.821899 0.00965476 1.33964e-5 0 -1 0.6543658 -0.7560487 -0.01399707 6.36995e-6 0 -1 -0.6272885 0.7781293 -0.03199893 -0.5883592 0.8083477 0.0201894 -2.30631e-6 0 -1 -0.05275028 0.9983713 -0.02172857 -0.03448843 0.9991891 -0.0207827 0.1930435 -0.9811162 -0.01204758 1.71389e-5 0 -1 -0.1683704 0.9851695 -0.03305321 -2.37316e-6 0 1 -0.03735101 -0.9990568 0.02214699 -0.0657739 -0.9976485 0.01926988 0.3845278 0.9229779 0.01582247 0.3355152 0.941853 0.01851308 0.3386083 0.9409177 -0.00428009 3.14015e-6 0 -1 -1.12349e-5 0 -1 -0.3496227 -0.9368242 -0.01115912 -3.13039e-6 0 -1 0.03267073 0.9992248 -0.02196842 0.5015374 0.8643548 -0.03675812 -2.61815e-6 0 -1 -0.5416063 -0.8405657 -0.0105887 0.09567928 0.9952016 -0.02047818 0.09170734 0.9955642 -0.02101963 0.5241273 0.8516126 0.006822764 -3.87402e-6 0 -1 -0.1099232 -0.9936859 0.02247875 -2.48831e-6 0 1 -1.68553e-6 0 -1 0.1522592 0.9881264 -0.02057689 -1.21967e-6 0 -1 0.1617149 0.9866013 -0.02159214 -0.2236263 -0.9744631 0.02032339 -0.2332642 -0.9721791 0.02134442 0.2836372 0.9586895 -0.02155345 0.299566 0.9538695 -0.0198329 -0.2995009 -0.9538652 0.02098745 -0.3650881 -0.9307466 0.02053052 1.70426e-6 0 -1 -0.3781775 -0.9254721 0.02198421 5.08148e-6 4.76013e-7 1 0 1.51258e-7 1 -0.4156551 -0.9092971 0.02024072 0 -3.24767e-6 -1 -0.4307859 -0.9022101 0.02099275 -0.4268009 -0.9041021 0.02099066 0.4564199 0.8895155 -0.02105158 -0.9718159 -0.1765989 0.1561628 -0.9681869 -0.1641084 0.1888983 -0.437397 -0.8990234 0.02099704 -0.9342518 -0.1774975 0.3093028 -0.4430922 -0.8962324 0.02090591 -0.9211563 -0.1550325 0.3569818 -0.8566252 -0.155624 0.491909 -0.4500449 -0.8927697 0.02054268 -0.4522485 -0.8916604 0.02032363 -0.8494044 -0.1617035 0.5023587 0.4703438 0.8822566 -0.02000623 -0.4603571 -0.8874852 0.02101004 -0.7770739 -0.1318334 0.6154479 0.4848064 0.8743607 -0.02135759 -0.7474168 -0.1447127 0.648403 -0.4745285 -0.8799819 0.02132266 3.05735e-6 3.22727e-6 -1 -0.4981884 -0.8668684 0.0186429 -0.4890636 -0.8720095 0.02040117 -0.5390527 -0.09953993 0.8363696 0.511899 0.8587895 -0.02098053 -0.5302461 -0.1054223 0.8412642 0.5230927 0.8520635 -0.01902198 0 2.09499e-7 -1 -0.3703039 -0.07744377 0.9256768 -0.3527896 -0.06737518 0.9332739 -0.5127269 -0.8582829 0.02148067 0.5512084 0.8340891 -0.02155894 0.5730611 0.8192854 -0.01930099 0.5740298 0.8186 -0.01959347 -0.05198913 -0.03900986 0.9978855 -0.5621899 -0.8268057 0.01829952 -0.5612452 -0.8274551 0.0179454 0.04544448 0.001151263 0.9989663 0.5956542 0.8029328 -0.0222547 0.1213321 -0.006350278 0.9925917 0.2273311 0.02982217 0.9733608 -0.5836215 -0.811721 0.02225238 0.2686127 0.0151844 0.9631286 0.615076 0.788171 -0.02163517 3.19831e-6 0 -1 0.6286782 0.7774352 -0.01893079 0.4383569 0.05936729 0.8968383 0.4536719 0.04833745 0.8898569 0.6386173 0.7692363 -0.02105814 -0.624488 -0.780802 0.01905816 -0.6336064 -0.773377 0.02076262 0.6188098 0.09079033 0.7802765 0.6383304 0.07652628 0.7659492 0.6625871 0.7486858 -0.02116525 0.671325 0.7408982 -0.01981818 0 -6.27143e-6 -1 0.6790587 0.7337859 -0.02091997 -0.6645181 -0.7469969 0.02028137 0.8540403 0.1227363 0.5055207 0.8602555 0.1181281 0.4959901 0.6911733 0.7223773 -0.02122968 0.6989717 0.7148447 -0.02087199 0.9150703 0.1211351 0.3846723 0.9385601 0.1415352 0.3147583 -0.6748234 -0.7376759 0.02115678 0.7054412 0.7084782 -0.02028399 0.9574708 0.1298979 0.257636 0.9799372 0.1425689 0.1392744 0.7077149 0.7061831 -0.02109706 0.9823495 0.1381771 0.1260818 -0.6397625 -0.7682772 0.02130824 0.9900647 0.1384936 -0.02431869 0 6.5726e-6 -1 0.712048 0.701815 -0.02106016 0.7049334 0.7089358 -0.02188694 0.7094139 0.7044695 -0.02132445 0.7125434 0.701313 -0.02102237 0.9785159 0.1364301 -0.1545751 0.9750666 0.1406487 -0.1716486 -0.6842674 -0.7288962 0.02210253 0.9442433 0.1268005 -0.3038524 0.7057331 0.7081347 -0.02204716 0.9367355 0.1341979 -0.3232918 -0.6763398 -0.7362844 0.02120649 0.8811485 0.1271392 -0.4554262 0.8600232 0.1097669 -0.4983085 0.6929878 0.7206673 -0.02016651 -0.6589564 -0.751896 0.02071022 0.7989347 0.1169016 -0.5899469 0.750941 0.09311264 -0.6537718 0.6793031 0.7335885 -0.01988041 0.7035955 0.1026842 -0.7031425 4.72913e-6 0 1 -0.6432433 -0.7653164 0.02299892 -0.6309854 -0.7755256 0.02042967 0.624684 0.07402414 -0.7773612 0.6647636 0.7467256 -0.02214193 0.5754348 0.08253872 -0.8136721 0.6585566 0.7521377 -0.02433723 0.4999972 0.0515446 -0.8644917 -0.6098059 -0.7923033 0.01980912 0.4101023 0.05894106 -0.910133 0.3361121 0.02795833 -0.941407 0.6269645 0.7788091 -0.01928722 0.2515435 0.0295363 -0.9673953 -0.5908629 -0.8064359 0.02329057 -0.5937467 -0.8043466 0.02217113 5.41648e-6 0 1 0.1809188 0.001539826 -0.9834969 0.607742 0.7938159 -0.02249318 0.6070536 0.7943337 -0.02280205 6.53413e-7 -2.57342e-6 -1 0.09371423 0.007223546 -0.9955729 -0.5708652 -0.8207942 0.02024596 -0.01843941 -0.03179675 -0.9993243 -1.04106e-6 0 -1 0.5647199 0.8249461 -0.02357143 -0.5535015 -0.8324767 0.02487266 -0.04622679 -0.02143657 -0.998701 1.54329e-6 0 1 -0.5480121 -0.8361665 0.02254855 -0.2040661 -0.04761749 -0.9777984 -0.5342357 -0.8450992 0.01998943 -0.2164362 -0.05461907 -0.9747678 0.5553238 0.8313829 -0.02044326 -0.3836975 -0.08259695 -0.9197576 0.5344758 0.8449618 -0.01937043 -0.3924832 -0.07655197 -0.9165679 -0.510955 -0.8593922 0.01924014 -0.4924411 -0.8700699 0.02191454 -0.4845212 -0.8744505 0.02399617 2.87159e-7 0 1 5.70888e-6 0 -1 0.194456 -0.9808616 -0.00987935 0.2678521 -0.9633483 -0.01467269 -1.94115e-6 0 -1 -0.2627059 0.9648377 -0.008605718 -0.1743059 0.9845611 0.01602995 -7.29499e-6 0 -1 -0.1970244 0.9799467 -0.02976173 -0.06771284 0.9976937 -0.00473535 -0.1025168 0.9945747 0.0176512 -1.13825e-5 -8.41355e-7 1 -0.4607839 -0.887274 0.0205655 -0.7904034 -0.1325528 -0.5980738 0.4779752 0.8781404 -0.02023231 -0.8188179 -0.1567046 -0.552251 -0.8929432 -0.1533432 -0.4232475 -0.8917062 -0.1514191 -0.4265356 0.4684228 0.8832699 -0.02035695 -0.9370369 -0.1772577 -0.3009013 0.461677 0.8868051 -0.02076679 -0.4367792 -0.8993137 0.02142125 -0.9646579 -0.1562675 -0.2121693 0.4547863 0.8903441 -0.02137869 -0.9703947 -0.1787415 -0.1624368 -0.4356278 -0.8998694 0.02153021 0.458732 0.8883268 -0.0209881 -0.9850364 -0.1719269 0.01201945 0.4576749 0.8888714 -0.02101516 -0.9852327 -0.1706172 0.01437091 0.4308116 0.9021911 -0.0212779 0.4586362 0.8883764 -0.02098691 -1.80733e-5 1.48317e-4 -1 -1.93841e-6 0 -1 0.9788139 0.2027052 -0.02888005 0.9938009 0.1109978 0.006268024 0.9884825 0.1513025 -0.00315088 0.9890882 0.1461361 0.01867771 -5.40546e-6 0 1 -0.9685875 -0.2483571 -0.01253396 -0.9656672 -0.2595105 -0.01188451 1.09807e-6 0 -1 0.3523595 0.9356024 -0.02216148 0.9618041 0.2736747 -0.005926549 0.9245821 0.3806484 0.01596093 0.8639898 0.503129 0.01956665 4.15128e-6 0 1 0.8135707 0.5812819 0.0146383 0.7839809 0.6207212 -0.008915126 -0.827022 -0.5620565 -0.01127827 -3.80501e-6 0 -1 7.68769e-6 0 -1 -0.8396679 -0.5429565 -0.012497 0.227428 0.973568 -0.02102583 0.883938 0.4673867 -0.01425862 0.9018685 0.4309856 -0.02974313 -0.9131762 -0.4073958 -0.01173919 2.93259e-6 0 -1 -3.90642e-6 0 -1 -0.920023 -0.3916618 -0.01259875 8.08479e-6 0 -1 0.9132074 0.40749 0.002094328 0.9071758 0.4207492 -0.001490533 0.2209894 0.9750667 -0.02021515 -7.89971e-6 0 -1 8.52072e-6 0 -1 -0.7482818 -0.6632433 -0.01351791 -0.6922896 -0.7215409 -0.0106703 0.6010875 0.7991726 0.004143118 0.5657622 0.8245632 -0.002959609 4.63521e-6 0 1 0.6127368 0.7901537 0.01452159 -1.58125e-6 0 1 0.6960262 0.7177267 0.02039742 2.51624e-6 0 1 3.33569e-6 0 -1 0.7342507 0.677845 -0.03744447 0.7388944 0.6738173 0.002286434 0.7350159 0.6780493 9.13063e-4 -4.49011e-6 0 1 -0.1579954 -0.9872401 0.01986318 -0.1763292 -0.9840968 0.02148139 -0.633134 -0.7739248 -0.01348525 7.75853e-6 0 -1 0.9506058 0.309849 0.01850116 3.0037e-6 0 1 0.9802585 0.1970679 0.01605254 0.3652241 0.9306935 -0.02051883 -0.9972275 -0.07349824 -0.01163566 -0.9987909 -0.04736208 -0.01318037 0.9992231 0.03852474 -0.008317112 0.9961162 -0.08604675 0.01866936 0.09197986 0.995429 -0.0257067 0.09776717 0.9919967 -0.07990062 -9.60523e-7 0 1 -2.47576e-6 0 1 -1.6597e-6 0 1 -0.1009982 -0.9944797 -0.02845591 -0.09784704 -0.9952013 7.44209e-4 -0.2241873 -0.9735117 0.04489076 -0.2155909 -0.9761145 -0.02685087 1.81599e-6 0 1 3.60527e-6 0 1 -7.6615e-7 0 1 -2.05453e-6 0 1 2.9705e-6 0 1 -2.68939e-6 0 1 -3.6507e-6 0 1 0.2306624 0.972099 0.04264497 9.07475e-6 0 1 1.57307e-5 0 1 -1.54827e-5 0 1 7.39554e-6 0 1 -0.02170342 0.9994511 -0.02503532 -8.45461e-6 0 1 1.67545e-5 0 1 -1.50689e-5 0 1 0.5339694 0.8449975 0.02926039 0.5669178 0.8229282 -0.03732877 1.74437e-5 0 1 -2.03848e-5 0 1 0.7321721 0.6799246 0.04033309 0.7984558 0.5979998 -0.06974816 9.13687e-6 0 1 0.8562578 0.5140417 0.05083215 0.9523199 0.3013141 -0.04792499 0.9571312 0.2893648 -0.01296061 -7.70291e-6 0 1 -0.9956169 -0.0818991 -0.04516088 -3.30826e-6 0 1 0.9973849 0.0568524 0.04462397 0.9976562 0.01259475 -0.06725716 1.14773e-4 0 1 -0.9941949 0.08785092 0.06211912 -0.1919537 0.9796014 0.05945676 -0.9189224 0.3944315 -0.002385556 1.11515e-5 0 1 -0.9295479 0.3667614 0.03777372 0.9407806 -0.3251071 0.09611177 0.216654 -0.976145 0.01421821 -5.82421e-6 0 1 -0.2409154 0.9700908 -0.0297262 -1.76566e-6 0 1 0.2001575 -0.9795488 -0.02052354 6.60093e-6 0 1 -0.457853 0.8888373 -0.01841288 0.4774999 -0.87724 0.04943662 0.4399526 -0.8979814 -0.00843513 0.6696262 -0.7385655 -0.07824283 -7.27201e-6 0 1 4.01903e-5 0 1 -1.01873e-5 0 1 0.7773135 -0.6169756 0.122983 0.8680615 -0.4844516 -0.1085172 9.83837e-6 0 1 -0.7258898 0.6876484 -0.01495867 -0.7184531 0.6955739 -0.001433849 -0.4846619 0.8744816 0.01961696 -0.9861652 0.1603506 -0.04202359 -1.33587e-5 0 1 0.9930229 -0.1043176 0.05498504 -2.59908e-5 0 1 0.9721333 -0.220048 -0.08084398 0.02193641 -0.9997594 0 0.02312159 -0.999667 0.01146101 -0.9998341 -0.01822239 0 -2.92185e-7 0 1 -5.37314e-6 0 1 -0.01446568 0.9998954 -2.26142e-6 -0.999834 -0.01822239 -5.49549e-7 -0.01233178 0.999695 -0.02139943 1.18417e-6 0 1 0.009785354 -0.9999108 0.009096682 0.9998335 0.01825541 0 0.008477687 -0.9999641 0 0.9998334 0.01825678 0 -0.02610582 0.9996592 0 -0.9922847 -0.1206933 0.02836191 -0.9321718 -0.3595759 -0.04196387 -0.917411 -0.3973737 0.02124321 -0.7277564 -0.6857046 0.01341438 -0.7022061 -0.7109947 -0.03732609 -0.3900992 -0.9200825 0.03564918 -0.3548042 -0.9346174 -0.02458685 0.2689563 0.9621332 -0.04429721 -0.4500446 -0.8848625 0.1203259 0.4679598 0.8764191 0.1135934 -5.0075e-6 0 1 0.507364 0.8457476 -0.1652052 -0.4972373 -0.8571559 -0.1343091 0.5625507 0.81507 0.1385561 -4.24886e-6 0 1 0.6111764 0.7833043 -0.1135695 2.93876e-6 0 1 0.6601927 0.7431083 0.1092507 8.25162e-6 0 1 -6.14158e-6 0 1 -0.6362499 -0.7637708 0.1088131 -0.6106454 -0.7876663 -0.08181816 -0.6770192 -0.7275269 -0.1111294 0.7420222 0.6653308 0.08208501 -1.01978e-5 0 1 -1.30406e-5 0 1 0.7641369 0.638376 -0.09257948 0.7955634 0.6006267 0.07953971 2.02463e-5 0 1 0.8280058 0.552303 -0.09678888 -0.8524925 -0.506539 -0.1291311 0.8765881 0.4570443 -0.1506791 -1.64715e-5 0 1 -0.8737157 -0.4554892 0.1707354 1.66112e-6 0 1 6.246e-6 0 1 -4.45378e-6 0 1 -3.85059e-6 0 1 4.74152e-6 0 1 8.84928e-6 0 1 -0.9093361 -0.3776656 -0.1745755 0.9322761 0.3584105 -0.04902213 0.9129356 0.3790445 0.1512416 0.9647453 0.2621209 -0.02364796 4.60831e-5 0 1 -1.05602e-5 0 1 0.9659983 0.2537869 0.04939121 -7.40585e-5 0 1 1.71279e-5 0 1 -0.2933225 0.9558074 0.0198574 0.9992606 0.0383228 0.003094673 5.21212e-6 0 1 0.9976963 0.04447579 -0.05122727 2.2587e-5 0 1 -0.9994999 0.02228349 -0.02244013 8.86754e-6 0 1 -0.9989478 0.03146338 0.03336632 -1.8223e-5 0 1 -0.993359 0.1092516 -0.0360828 -0.9916318 0.1211533 0.04459059 -0.9720686 0.2294223 -0.0494796 3.84841e-6 0 1 0.9848894 -0.1731724 0.002086341 -1.4916e-5 0 1 0.9779546 -0.1833233 0.09998714 -0.3450589 0.9385048 -0.01196819 -4.91322e-6 0 1 0.4337248 -0.9009883 -0.01015383 0.500607 -0.8655577 -0.01423871 3.85453e-6 0 -1 -0.477519 0.8785207 -0.01330095 -3.12217e-6 0 -1 -0.498258 0.866939 0.01248162 -0.3966167 0.9178728 0.0143103 -6.27505e-7 0 1 -0.9409998 0.3384075 -7.61554e-5 -0.9408648 0.3387683 -0.003097951 0.9459171 -0.3155994 0.07508635 0.9499695 -0.2958767 -0.1000753 -6.36409e-6 0 1 1.77591e-6 0 1 -0.9709044 0.2384078 0.02250784 7.5088e-6 0 -1 -0.4441894 0.895448 -0.0294767 0.9933531 -0.08057063 -0.08220732 0.9933391 -0.05409121 0.101744 -0.9975053 -0.07059168 -4.62521e-4 -0.9972317 -0.07288932 0.01470422 0.9892993 0.1458513 0.003783285 0.9895094 0.1425784 -0.02329504 -0.966935 -0.2540911 -0.02178186 -0.9668003 -0.2506803 -0.04956454 -0.9883617 -0.1515205 -0.01352238 -0.987505 -0.1566364 0.01729005 -0.3002024 -0.9536471 0.02087885 -0.933941 -0.3436307 0.09834766 -0.3027563 -0.952609 -0.02957493 -1.00316e-4 0 1 -0.452005 -0.891155 0.03917098 1.47788e-5 0 1 0.4301308 0.9015941 0.04599618 0.9745758 0.2111847 0.0748527 0.9986103 0.01191991 -0.05133634 -0.01468074 0.9996162 0.02349704 -4.09771e-6 0 1 -0.01286929 0.9999172 0 3.94317e-5 0 1 -0.9993245 -0.01681411 -0.03268152 -0.9996658 -0.02449715 -0.00826776 -0.9189459 0.3942052 0.01185989 -1.04368e-5 0 1 -0.877318 0.4788098 -0.03247064 0.9343317 -0.3562964 0.008784532 0.9408958 -0.3366757 0.03693997 -7.91196e-6 0 1 0.7529587 -0.6570474 -0.03663516 -6.00338e-6 0 1 -0.570726 0.8199805 0.04363381 0.6688652 -0.7415567 0.05208736 -9.34286e-6 0 1 0.3573377 -0.9334312 -0.03187561 0.3269913 -0.9450229 0.002937555 0.7021615 0.7120177 0 0.01822817 -0.9998339 0 6.45543e-7 0 1 0.01822692 -0.9998339 0 -0.7484123 -0.6632338 0 -0.7483937 -0.6632548 0 0.01817435 -0.9998349 0 -1.216e-5 0 1 1.63092e-6 0 1 -0.02102905 0.9997789 0 0.9998347 0.01818108 0 0.9998348 0.01818209 0 2.48306e-5 0 1 -3.72514e-5 0 1 -0.02703726 0.9985387 0.04679352 0.01264911 -0.9999201 0 0.01491665 -0.9997261 0.01803714 -3.69253e-6 0 1 -1.25711e-5 0 1 0.0181725 -0.9998349 0 0.9998334 0.01825714 0 0.9998335 0.01825541 0 2.19766e-6 0 1 0.01822543 -0.999834 0 5.40526e-6 0 1 6.65256e-6 0 1 -0.9998337 -0.01823854 0 -0.3299111 0.9425284 -0.05290621 0.033647 -0.9994337 5.82908e-4 0.03342795 -0.9994412 0 0.702181 0.7119986 0 -1.81121e-5 0 1 -0.9998337 -0.01823961 0 0.999677 0.0172103 -0.0187084 -0.9116455 -0.4083958 0.04599481 0.9273172 0.3692574 -0.06108862 -0.7945888 -0.6054065 -0.04595571 0.8070505 0.5886608 0.046346 0.7321694 0.6804493 -0.03027999 0.3513729 0.9350351 -0.04739868 0.8499193 0.5083608 0.1385883 -0.8175309 -0.5661745 0.1053083 -0.8038451 -0.5923438 -0.05442297 -0.7480983 -0.6631751 0.02340441 1.05803e-6 0 1 -0.7397357 -0.6669742 0.08908694 0.6872799 0.7210113 -0.08825594 5.86138e-7 0 1 -0.5440667 -0.8285935 0.1320017 2.56813e-6 0 1 0.3949965 0.9185009 -0.01827758 0.3787681 0.9161476 -0.1311812 -0.3161743 -0.9479684 -0.03728103 -0.3346705 -0.9382084 0.08809489 0.3032497 0.9459996 0.1145618 0.2414045 0.958876 -0.1492673 0.208794 0.9734265 0.09405267 -2.16395e-6 0 1 5.96006e-6 0 1 -0.4005479 -0.9094588 -0.1115627 -0.0180881 0.9998365 0 -0.01808905 0.9998365 0 -0.9209615 0.3896536 0 -0.9209666 0.3896417 0 8.74936e-6 0 1 6.71718e-6 0 1 6.72827e-6 0 1 -0.9175545 -0.3976103 0 0.9271962 -0.3745761 0 0.9272025 -0.3745606 0 -0.01820087 0.9998344 0 -0.01820087 0.9998344 0 3.19003e-5 0 1 0.01822614 -0.999834 0 0.9266633 -0.3758926 0 0.01822608 -0.999834 0 -0.907339 -0.4203998 0 0.9266628 -0.3758938 0 4.05142e-6 0 1 0.01822608 -0.999834 0 0.01822692 -0.999834 0 -0.9073469 -0.4203828 0 -1.35161e-5 0 1 0.01822268 -0.9998341 0 0.01822113 -0.9998341 0 0.9040673 0.4273902 0 0.9040604 0.4274048 0 -1.70421e-6 0 1 0.006468117 -0.9978883 0.06463217 1.27285e-6 0 1 0.02977395 -0.9920438 -0.1223219 -5.31648e-6 0 1 0.1417328 -0.9830524 0.116275 0.1683557 -0.9826481 -0.07784086 -0.1620765 0.9820469 -0.09651482 -0.1859527 0.9818996 0.03598362 0.2617123 -0.9628829 0.06605392 -4.87908e-6 0 1 0.2761651 -0.9597181 -0.05171287 -0.2819919 0.9591752 -0.0215305 -0.2787627 0.9591163 -0.04886156 -5.00364e-6 0 1 0.05317968 -0.9984699 0.01516705 3.94373e-7 0 1 2.55668e-6 0 1 -1.02792e-5 0 1 1.26652e-5 0 1 1.93601e-5 0 1 -0.0323528 0.9895221 -0.1407099 -5.69709e-6 0 1 2.5865e-5 0 1 1.11536e-5 0 1 -2.62267e-5 0 1 0.00199902 0.9975486 0.06994807 -4.11634e-6 0 -1 0.9692209 -0.2441371 -0.03174537 -1.30827e-6 1.03259e-5 -1 -0.9628557 0.2698451 -0.009628534 1.24594e-6 -4.28252e-6 -1 -0.8757349 0.4827924 4.4391e-4 -0.4853366 -0.8742418 -0.01224577 -0.4848177 -0.874522 -0.01277333 -0.4840529 -0.8749538 -0.01220238 -0.9256336 0.3781766 -0.01360589 0.927474 -0.3738723 -0.003400921 0.9326044 -0.3603168 0.02051734 0.9162715 -0.4004998 -0.006830751 3.61021e-6 0 -1 0.8513517 -0.5244991 0.01004576 0.8327194 -0.5536423 -0.007666468 0.8075002 -0.5896265 0.01685696 -3.73935e-6 0 1 0.7811486 -0.6240372 0.01960849 0.7757932 -0.6308931 -0.01090848 0.6674048 -0.7445296 0.01570349 8.18003e-6 0 1 0.6160687 -0.7874704 0.01870185 0.6323145 -0.7746579 0.009148061 -4.08157e-6 0 -1 0.611239 -0.7910502 -0.02502995 0.5477174 -0.8366408 -0.006145238 0.5007368 -0.8654418 0.01652747 0.459772 -0.8879598 -0.01171022 0.4830207 -0.8752708 -0.02433609 0.4287441 -0.90341 0.005366742 -5.22068e-6 0 1 0.462401 -0.8864784 0.01848018 -0.3617831 0.9321725 -0.01294344 5.94719e-6 0 -1 0.3045339 -0.952477 -0.006833195 4.64827e-6 0 1 0.3341947 -0.942477 -0.007151067 0.3178681 -0.9480065 0.01561427 0.2651577 -0.9640238 0.0186969 -9.20418e-6 0 -1 0.2368712 -0.9711105 -0.02892333 0.09672945 -0.9951499 0.01789295 2.44796e-6 0 -1 0.1427776 -0.9896949 0.01088696 -0.171478 0.9851319 -0.01051342 0.05321937 -0.9985489 -0.008238494 -9.38969e-6 0 1 -0.09777867 -0.9950252 0.01909148 -0.1528622 -0.9882233 -0.006917536 -0.8048057 0.5697714 -0.1662782 -0.8307765 0.5555796 0.03379148 0.857271 -0.4941599 0.1445424 -2.22816e-5 0 1 5.44196e-7 0 1 3.21491e-6 0 1 -2.50013e-6 0 1 8.51009e-6 0 1 5.58648e-6 0 1 1.41118e-6 0 1 -2.38613e-6 0 1 2.12911e-6 0 1 -7.40854e-7 0 1 -1.20282e-6 0 1 -0.9367847 0.3448146 0.05947571 0.03257972 -0.9994135 0.01055181 0.02832221 -0.9995989 0 -9.86481e-6 0 1 0.7021451 0.7120339 0 0.7021448 0.7120342 0 0.01822757 -0.9998339 0 0.01822763 -0.9998339 0 -0.7484112 -0.6632351 0 7.91389e-6 0 1 -4.1952e-6 0 1 -0.748393 -0.6632556 0 5.50844e-6 0 1 0.01817262 -0.999835 0 0.9998334 0.01825612 0 0.9998335 0.01825439 0 -5.40508e-6 0 1 0.01822102 -0.999834 0 -6.65271e-6 0 1 -0.9998337 -0.01823985 0 2.73242e-6 0 1 -0.9998337 -0.01824074 0 7.68713e-7 0 1 -4.48434e-6 0 1 -2.19607e-5 0 1 3.03659e-6 0 1 0.9955326 0.02663868 0.0905832 0.9955734 9.21827e-4 -0.09398287 -5.64917e-6 0 1 0.9927499 -0.09786593 0.06978505 0.9925526 -0.09744113 0.07310682 -5.09331e-6 0 1 -0.9823193 0.1755456 -0.06505936 -1.74007e-5 0 1 3.84832e-6 0 1 -0.9702376 0.2082218 0.123624 0.9728386 -0.1910012 -0.1307817 4.18683e-6 0 1 -0.9558445 0.2644358 -0.1281994 -0.9304206 0.3470051 0.1179192 -0.9325361 0.3605204 0.02003687 -1.14064e-5 0 1 9.45071e-6 0 1 -0.8877858 0.4517616 -0.08802235 -0.8797457 0.4698899 0.07246422 8.72422e-6 0 1 0.8793111 -0.4503106 -0.1550239 0.9169371 -0.3635183 0.1645629 0.9337486 -0.3175667 -0.1651216 0.9564774 -0.2377908 0.169135 -0.9928197 0.1032519 0.06040066 -2.3741e-6 0 1 -0.993189 0.07165694 -0.09187471 -0.9956814 0.02221512 0.09013921 2.05122e-6 0 1 -0.9909615 -0.05269587 -0.1233633 -9.09422e-6 0 1 -0.9939468 -0.07912647 0.07621568 -1.44404e-5 0 1 0.9901249 0.1370933 0.02929717 0.9893512 0.1425947 -0.02917301 -1.47948e-5 0 1 0.961923 0.2556762 -0.09661173 0.9557896 0.2777359 0.09658807 0.9187281 0.3937893 -0.02947795 1.14255e-6 0 1 0.9208017 0.3854618 0.05952721 0.867512 0.4819532 -0.1230617 1.03793e-5 0 1 0.8421876 0.5135213 0.1643652 5.81659e-6 0 1 0.794517 0.5961374 -0.1155987 1.31265e-6 0 1 0.7829258 0.6198252 0.05333036 0.7242102 0.6884551 -0.03936207 0.7209967 0.6929385 -2.10987e-4 0.4788317 0.8777598 0.01606118 0.400556 0.9159003 -0.02610677 0.419142 0.9077327 -0.01847374 -1.37079e-5 0 -1 -0.4507379 -0.8925548 -0.0134688 -1.30715e-5 0 -1 -0.4765167 -0.879092 -0.01135915 6.04607e-6 0 -1 0.2412553 0.970452 -0.004355132 -0.2410724 -0.9704282 -0.01238214 9.94029e-6 0 -1 -0.2552732 -0.9668028 -0.0113188 0.141262 0.9894419 -0.03240084 9.31579e-6 0 -1 0.2949721 0.9555004 0.003251791 0.3031595 0.9529396 7.43205e-4 -3.53917e-6 0 1 -0.9797623 -0.2001619 0.001144409 -0.9785768 -0.2030714 -0.03390628 0.2297186 0.97306 0.01959401 0.05473154 0.9983879 0.0150361 0.01403659 0.9998944 -0.003764629 -9.60253e-7 0 -1 -0.03674632 -0.9992507 -0.01216369 -0.04585736 -0.9988651 -0.01287263 0.01955217 0.9997893 -0.006257414 -6.93737e-7 0 1 -9.2321e-6 0 1 -0.942933 -0.3315824 -0.0305069 6.66242e-6 0 1 -0.9367575 -0.3419129 0.07470613 0.416655 0.9088693 0.0188471 -0.8999098 -0.4299626 -0.07276415 0.308185 0.9511941 0.01586693 -0.8903132 -0.4513713 0.06005263 -0.8504386 -0.5255808 0.02278178 -0.8556857 -0.5148873 -0.05189609 1.85863e-7 0 1 -0.01616477 0.9998694 0 -0.0159831 0.9998697 -0.002274036 -0.4826697 -0.8757248 -0.01167088 -6.0402e-5 0 1 -0.5513449 -0.8338618 0.02632945 0.7000394 0.7140961 0.003407716 1.20427e-5 0 1 0.6978423 0.7162224 0.006456077 0.9266218 0.3757837 -0.01259779 -9.64525e-6 0 1 -0.8623895 -0.505362 -0.02989542 -0.93337 -0.3573356 0.03364175 9.42182e-6 0 1 0.999807 0.01770728 -0.008511781 -0.9986808 -0.01013857 -0.05033946 -0.9995595 -0.01942569 -0.02244329 1.73821e-5 0 1 -0.0240224 0.9987109 -0.04471623 -2.18714e-6 0 1 2.36804e-5 0 1 0.01108604 -0.9999236 0.005474627 0.01040565 -0.9999459 0 0.9998323 0.01831579 0 0.9998323 0.01831191 0 1.30359e-6 0 1 3.7238e-5 0 1 -1.21601e-5 0 1 -0.02952694 0.9995641 0 0.9362425 0.3507258 0.02100819 1.02229e-5 0 1 0.2786442 0.9603902 0.002870202 0.2834852 0.9589699 -0.00361973 0.01817446 -0.9998348 0 -0.4756752 0.8775954 0.05966222 0.638319 -0.7668464 -0.06704956 3.88046e-5 0 1 -0.7315359 0.6778032 -0.07374405 2.58541e-5 0 1 0.9422707 -0.3331671 -0.03355062 0.9384141 -0.3451979 -0.0147444 0.7561306 -0.652421 0.05112117 0.3423017 -0.9383873 0.04752713 -1.50372e-5 0 1 0.2770045 -0.9606505 -0.02047425 0.9997913 0.01984423 0.004879295 0.01823276 -0.9998339 0 -0.9998334 -0.01825612 0 -0.9998335 -0.01825577 0 0.0182327 -0.9998339 0 -2.97359e-6 0 1 0.02576851 -0.999532 0.01648813 0.9998328 0.0182926 0 0.0240671 -0.9997104 0 0.9988512 0.02301812 -0.04202961 0.9995388 0.03008913 -0.004114091 -0.9992655 -0.0163443 0.03466272 -0.9994852 -0.01423728 0.02875196 6.7076e-7 0 1 0.01397639 -0.9999023 -5.92559e-4 0.01405197 -0.9999014 0 0.9998334 0.01825469 0 0.9998334 0.01825618 0 -0.02230936 0.9994814 -0.02322244 -0.02521216 0.9996821 0 -7.46958e-6 0 1 1.41916e-6 0 1 -0.01591372 0.9990871 0.03964632 -0.012847 0.9999175 3.52722e-6 -0.3817601 -0.9242603 -0.001568615 -0.3490535 -0.9367688 -0.02501875 0.222405 0.9737352 -0.04874289 8.85636e-6 0 1 1.60364e-5 0 1 0.6716594 0.7399196 0.03731912 -0.8148367 -0.5782682 0.04058623 0.9140818 0.4053106 0.01333492 1.74626e-5 0 1 0.8975538 0.4394554 -0.03572273 -0.9148772 -0.4005878 -0.05028963 -9.84744e-6 0 1 0.5568872 0.8292758 -0.04667365 -8.50296e-6 0 1 0.3651773 0.929841 0.04518204 6.03092e-6 0 1 3.33732e-6 0 1 -6.29833e-6 0 1 0.002840638 0 0.999996 1.41149e-4 0 1 2.2142e-5 0 1 -7.34347e-6 0 1 -4.08683e-5 0 1 3.95406e-6 0 1 -0.00171709 0 0.9999986 0.9477019 -0.3094072 -0.0782836 0.7290177 -0.6838167 -0.0304616 0.8066959 -0.5879817 0.05932497 -2.14423e-5 0 1 0.4371806 -0.8988652 0.03024291 5.22557e-6 0 1 9.11831e-5 0 1 0.3883801 -0.9211512 -0.02532821 7.0368e-5 0 1 -0.3702096 0.9283245 0.03403776 -0.9196373 0.3906608 -0.04063582 -1.76839e-5 0 1 0.9846724 -0.1593614 0.07088249 -0.5277535 0.8487064 -0.03426426 -0.819521 0.5719071 0.03616482 1.9027e-5 0 1 0.9998343 0.01820647 0 0.01822584 -0.999834 0 0.01822757 -0.999834 0 0.9998343 0.01820671 0 5.13124e-6 0 1 -0.01822489 0.999834 0 -0.01822489 0.999834 0 7.83978e-7 0 1 0.999834 0.0182265 0 -0.01812005 0.9998359 0 -0.01811999 0.9998359 0 -0.9998341 -0.01822227 0 -0.9998341 -0.01822245 0 -3.73759e-6 0 1 1.04041e-6 0 1 0.2491502 0.9659094 0.07030957 7.37107e-6 0 1 0.3376553 0.9388082 -0.0680297 -4.3606e-6 0 1 -0.4108151 -0.911098 0.03363996 0.458316 0.8885315 -0.02140951 0.456116 0.8899202 5.6396e-4 -2.38358e-6 0 1 -0.4954859 -0.8653535 -0.07521361 -0.4890084 -0.8722792 -1.72608e-4 0.5514608 0.8339483 0.0205273 0.5536686 0.8327366 0.001054942 -0.3945786 -0.91619 -0.07002484 0.3494263 0.936592 0.02639764 0.9998328 0.01829439 0 -3.27014e-6 0 1 2.01004e-6 0 1 0.5187871 -0.8393134 -0.1625211 7.4121e-6 0 1 -0.5120702 0.8560261 0.07073622 -0.5229576 0.8520922 -0.02131181 0.5853635 -0.7949525 0.1593745 -7.84731e-6 0 1 -0.6139578 0.7889812 0.02376133 -0.6161997 0.7875894 -9.02675e-4 0.635473 -0.7604085 -0.1339898 0.7232199 -0.6888321 -0.0496329 0.7317007 -0.68141 0.0171622 -5.70289e-6 0 1 -0.7685111 0.6285075 0.1198719 1.1211e-5 0 1 0.7955305 -0.6023191 0.06590223 0.7886151 -0.6146445 -0.01727592 -0.7108314 0.697205 -0.09286516 -0.7174304 0.6958738 -0.03245609 0.6723924 -0.7371733 0.06681334 0.485343 -0.8683137 0.1023399 0.4059384 -0.9095582 -0.0889827 0.3908321 -0.9190012 0.05183941 -3.8293e-6 0 1 -0.386874 0.9166331 0.10056 -0.4094251 0.9036974 -0.1253079 0.8329388 -0.5465716 -0.08644419 -1.56235e-7 0 1 0.5480527 -0.8361927 0.0205 0.5399452 -0.841297 0.02605003 -5.31146e-6 0 1 1.0784e-5 0 1 -0.2582274 -0.9659068 0.01850974 -0.1959596 -0.9804789 0.01615864 -1.9777e-5 0 1 -0.2299681 -0.9731935 0.003013968 -8.67848e-6 0 -1 -0.2151956 -0.9765704 -0.001171827 -0.371164 -0.9281961 -0.0262537 4.95997e-6 0 -1 -0.445234 -0.8954084 0.003272533 -0.3795242 -0.9250519 0.0155031 -0.4610211 -0.8871798 0.01927596 -0.5045377 -0.8633428 -0.009004294 -1.06182e-5 0 1 -0.5845872 -0.8111696 0.0161795 -0.6081357 -0.793635 0.01773834 -0.6467624 -0.762686 -0.002927899 0.6577126 0.7531812 -0.0114991 0.6858777 0.7275913 -0.01351815 -0.683882 -0.729475 0.01310747 9.80738e-6 0 -1 -0.7579646 -0.6520808 0.01674008 -0.7729644 -0.634178 0.01855468 -0.7205649 -0.6927428 -0.02989614 -0.7730668 -0.6341769 -0.01369524 1.01861e-5 0 1 -0.8474791 -0.5302816 -0.0240941 7.06484e-6 0 -1 -0.8235979 -0.5670936 -0.009572029 0.8122899 0.5830365 -0.01593267 -0.5162274 0.856368 -0.01196891 0.8548548 0.5188115 -0.007615149 -0.9155486 -0.4018973 0.01579654 1.57719e-6 0 1 -5.76941e-7 0 1 0.4694939 -0.8825816 0.02500379 -0.4780077 0.878279 -0.01161313 -0.4618235 0.8866621 -0.02343946 -0.997395 0.0717113 -0.007785856 -0.9973933 0.07173758 -0.007778823 -0.9985074 0.05457526 -0.002179265 -0.9987823 0.04572886 0.0185213 -0.9930173 -0.1167824 0.01669234 -0.9927135 -0.1193637 0.01649832 1.96537e-6 0 1 -4.72142e-6 0 1 -0.9279113 -0.3723353 0.0186327 -0.9424464 -0.3341828 -0.01080906 0.9421712 0.3349539 -0.01093584 0 4.68406e-6 -1 0.9171451 0.398366 -0.01222038 0.5128102 -0.8584068 -0.01278591 0.5157514 -0.8566507 -0.01225101 0 1.68966e-6 -1 0.805593 0.4837197 -0.3421042 0.8061695 0.4828679 -0.3419493 0.8965764 0.4425859 -0.01639127 -0.9190084 -0.3941628 -0.007716715 -0.9009029 -0.4339464 0.008036255 0.5158129 -0.8566147 -0.01218676 -4.814e-7 0 -1 0.9616287 0.274008 -0.0137782 -0.9538139 -0.2986013 -0.03280699 -0.9802353 -0.1976038 0.009565949 -0.9791425 -0.2031369 -0.003932297 0.9875164 0.1571587 -0.01061213 8.48044e-7 0 -1 0.9979965 0.06171566 -0.01393806 -0.9992999 -0.02126693 -0.03078216 0.9999338 -0.002357661 -0.01126402 -0.5125375 0.8581688 -0.0291844 -4.53753e-7 0 -1 0.4857169 -0.8739985 0.01433992 -0.5600706 0.828314 -0.01472961 -2.33976e-6 0 -1 0.5957522 -0.8029661 0.01802498 -0.5689485 0.8220595 -0.02271699 -3.88799e-6 0 -1 5.95281e-6 0 1 -0.9947763 0.1007916 0.01616013 -1.22524e-5 0 -1 0.9885978 -0.1500265 -0.01290518 0.9890434 -0.1470765 -0.0127201 -0.9719691 0.2325396 -0.03466033 1.55943e-6 0 -1 -0.9637305 0.266289 0.01772052 -0.9667626 0.2550126 0.01840889 4.47608e-6 0 1 -4.61057e-6 0 1 -0.9417788 0.3360566 0.01089864 4.29104e-6 0 1 -0.9040782 0.4270482 0.01651149 0.9484622 -0.3167004 -0.01097249 -0.3507108 0.9362923 -0.01893961 4.28175e-4 3.54592e-5 -1 0.3515116 -0.9358238 0.02595067 2.12794e-4 -5.97668e-4 -0.9999998 0.3385815 -0.9407255 0.01995509 0.3141291 -0.9491728 0.01984691 0.8068522 -0.06827044 -0.5867953 0.8255012 -0.08842891 -0.55743 4.70338e-6 0 -1 0.4023636 -0.9153546 0.01514917 -0.4024551 0.9151884 -0.02144736 -0.401691 0.9155402 -0.02074784 0.4147394 -0.9096531 0.02286213 -3.55794e-6 0 1 0 5.06956e-6 -1 -0.5156604 0.8567055 -0.01225268 -0.515737 0.8566582 -0.01233649 0.7858356 0.6183181 -0.01205676 0.7608885 0.6487846 -0.01128333 -1.77825e-6 0 1 -0.5605254 -0.8276315 -0.02894091 1.08822e-5 0 -1 0.5067812 0.8619886 -0.01219022 0.5043946 0.8633839 -0.0124247 -2.3277e-6 0 -1 -0.4324882 -0.901637 -0.00217241 0.3000559 0.9538376 -0.01265668 0.2750745 0.9613617 -0.01086437 -0.1842678 -0.9826573 -0.02074009 0.1324546 0.9910982 -0.01342684 0.05450171 0.9984591 -0.01044511 -0.02998328 0.9994561 -0.01373368 0.03540319 -0.9990851 -0.02399003 2.009e-5 0 -1 7.28406e-6 0 -1 0.08246135 -0.9965516 -0.009222269 -6.19828e-6 0 -1 -0.2056553 0.9785432 -0.01261538 -0.388628 0.9213276 -0.01113533 -8.2715e-6 0 -1 -0.5501551 0.8349645 -0.01280522 5.65985e-6 0 -1 -0.547656 0.8366089 -0.01258939 1.41876e-6 0 -1 -5.99657e-6 0 -1 -0.6884591 0.725183 -0.01156485 -0.7181743 0.6957338 -0.01342296 0.7642887 -0.6441712 -0.03010469 -0.7726442 0.6347391 -0.01128137 3.28591e-6 -8.37152e-6 -1 0.4839512 0.8750101 -0.01219785 -0.87439 0.4852238 -3.15866e-4 -0.8213056 0.4566506 -0.3419464 0.4840189 0.8749717 -0.01226794 -7.26106e-6 3.19798e-6 -1 -0.8216773 0.455882 -0.3420791 0.4925384 0.8701815 -0.01379317 -0.7930735 0.6090099 -0.01189678 3.33224e-6 0 -1 -0.831598 0.5550952 -0.01772385 0.8747541 -0.4837945 -0.02735072 -0.8820986 0.470996 -0.008067965 -0.9167574 0.3990952 -0.01670432 -5.12308e-6 -1.04691e-5 -1 0.6675271 -0.7445783 -0.003279387 -6.49802e-6 0 -1 4.55536e-6 0 -1 0.8950334 -0.4457195 0.01579123 -5.33333e-6 0 -1 -0.9862254 0.1647982 -0.01417922 -0.9956889 0.09207838 -0.01118946 0.9994729 -0.01983171 -0.02570539 0.9873464 -0.1584218 -0.00705403 0.9718444 -0.2354791 0.008255064 0.966659 -0.2555904 0.01561731 0.9868257 -0.1615874 -0.008051216 -0.1018521 0.9879737 0.1163364 -0.9998339 -0.01822668 1.42048e-7 -0.9998339 -0.01822668 2.79836e-7 0.01822727 -0.9998339 0 0.01822715 -0.9998339 0 -1.33047e-5 0 1 0.9998339 0.01822775 0 0.9998339 0.01822775 0 -0.0181182 0.9998359 0 -0.01811909 0.9998359 0 0.9983676 -0.05463337 0.01665461 6.02744e-6 0 -1 0 -5.0419e-5 -1 0.5092924 0.8602111 -0.02565753 0.5063576 0.8619832 -0.02422881 -0.5583142 -0.1160266 -0.8214762 -0.5324233 -0.09989976 -0.8405626 -0.4753755 -0.8795106 0.02189671 -0.6668758 -0.1128727 -0.7365707 -0.7066063 -0.1398416 -0.6936511 0.4917402 0.8704799 -0.02136451 0.4209551 0.9068589 -0.02009689 -0.4481973 -0.8936965 0.02063715 -0.1369922 0.9904491 0.01560896 0.02972471 -0.9994585 -0.01411867 -1.00903e-5 4.34398e-7 1 -3.58867e-7 0 1 0.08584946 0.9961488 0.01782214 0.1354729 0.9906658 0.01511621 -0.7562453 -0.6539099 0.02224874 1.81429e-6 0 1 3.35106e-6 -5.35561e-6 -1 1.06127e-5 8.13719e-6 -1 -0.714372 -0.699489 0.01969707 -0.7089635 -0.7049402 0.02074152 0.7374842 0.6750216 -0.02151459 0.7276859 0.685609 -0.02033811 0 -2.95108e-6 -1 0.7706183 0.6369721 -0.02034819 -7.19882e-6 0 1 -0.7930088 -0.6088365 0.02134013 -0.7818503 -0.6231626 0.01945883 0.8063921 0.5910565 -0.01959866 0.060171 0.9977402 -0.02990055 1.78953e-5 0 -1 0.05741018 0.9981569 -0.01966828 1.00236e-5 0 1 -0.02977299 -0.9994974 -0.01089918 -0.08562415 -0.9962592 -0.01167565 0.1556832 0.9877941 -0.005050957 3.40562e-6 0 -1 1.38786e-5 0 -1 -0.1750169 -0.9844028 -0.01789873 0.9735285 -0.2282965 -0.0110985 0 -6.40707e-6 -1 -0.2184947 -0.913918 -0.3420735 -1.27575e-5 0 -1 0.2663839 0.9634213 -0.02931219 -0.3519628 -0.9358761 -0.01606827 -0.9729092 0.2308487 -0.01251536 -0.9727888 0.2313738 -0.01216751 -0.3684214 -0.9295678 -0.01301574 -0.2458936 -0.9692639 -0.008001208 -1.51938e-5 2.73531e-6 -1 -0.2191191 -0.9138042 -0.3419778 0.9729158 -0.2308075 -0.01276862 6.3849e-6 0 1 -0.8347247 -0.5502843 0.02054077 -0.8334861 -0.5521462 0.02087175 0.8471421 0.5309994 -0.01975446 0.8349356 0.5499197 -0.02170014 0 0 -1 4.59753e-7 0 -1 0.7839339 0.6204458 -0.0222404 0.5821298 0.8128547 -0.01980364 0.6485898 0.7608417 -0.02124583 0 2.26481e-7 -1 -0.6476441 -0.7616279 0.0219168 -0.6691191 -0.7428668 0.02070254 -0.6742289 -0.7382288 0.02082538 -0.678066 -0.7347081 0.02075022 0.9892281 0.1419755 -0.03564751 -2.01391e-5 3.71358e-6 -1 -0.6796578 -0.7332211 0.02126139 0.699227 0.7145907 -0.02101683 -0.6627804 -0.7485475 0.01997339 -0.6524863 -0.7575104 0.02096867 0.7628126 0.1027556 0.638403 0.7670315 0.1059134 0.6328073 0 9.3582e-7 -1 -6.33216e-6 0 -1 -0.610077 -0.7920361 0.02201664 -0.5348996 -0.8446209 0.02232098 -0.1601536 -0.03013145 0.9866322 -0.2275035 -0.06158298 0.9718281 0.5321922 0.846372 -0.02063912 0.4961873 0.8679443 -0.02170032 -0.6647217 -0.1245926 0.7366287 -0.6544032 -0.1168587 0.7470613 -1.93627e-6 2.45336e-6 -1 0 -3.3181e-6 -1 0.4707321 0.8820481 -0.02006524 0.460657 0.8873328 -0.02087724 7.31962e-7 0 -1 0.5065959 0.8619663 0.01936101 -0.48429 -0.8748018 -0.01360094 0.2775723 0.9603462 -0.02625107 0.2975472 0.9546828 -0.006812036 9.8966e-6 0 1 0.124078 0.9922346 -0.00867021 0.04884427 0.9984441 -0.02690154 0.005568504 -0.9999501 -0.008295059 -1.69077e-5 -2.14645e-7 -1 -0.107467 0.9939928 -0.02071952 -0.01785832 0.9996196 -0.02102077 1.04473e-5 -2.72877e-6 -1 -0.9997606 -0.01811271 -0.01227176 -0.9997633 -0.0179094 -0.01235145 -2.04453e-6 0 -1 -0.1618019 -0.9867662 -0.01061654 6.82165e-6 0 -1 -0.111958 -0.9936348 -0.01245808 -0.0878489 -0.9960066 -0.01591742 -0.02967184 0.9993525 -0.02035206 2.93906e-7 0 -1 -0.06208866 0.9980462 -0.006982564 0.2122802 -0.9771345 -0.01205611 0.9997506 0.01821643 -0.01292258 0.9997258 0.01995682 -0.01226037 0.0618968 -0.9979627 -0.01547366 -1.89539e-5 0 -1 4.77748e-7 0 -1 0.0288521 0.9995173 -0.01151955 1.33931e-5 0 1 0.1094279 0.9938212 0.01857209 -1.84765e-5 0 1 0.01876151 0.9996158 -0.02040904 1.62559e-6 0 -1 0.152661 0.9881533 0.01574152 3.03895e-6 0 -1 0.2068644 0.9783006 0.01161885 -0.3159874 -0.9486701 -0.01331019 0.02434021 -0.9995114 0.01961028 -0.1026267 0.9945718 0.01717227 0.5377912 -0.8430119 -0.01057285 1.36759e-5 6.01969e-6 1 0 -3.64297e-6 -1 0.868517 -0.05693644 -0.4923785 -0.3052254 0.9520591 -0.0205174 0.8933248 -0.08415317 -0.4414624 -0.2832976 0.9588015 -0.02102702 -0.2805414 0.9596139 -0.02092593 -0.2773989 0.9605276 -0.02089798 -0.2834928 0.9587477 -0.02085089 0.9714924 -0.08161866 0.2225777 0.9668539 -0.06328737 0.2473625 0 -3.51556e-6 -1 0.8804652 -0.05485272 0.4709271 0.8652866 -0.08092606 0.4947019 -0.3092478 0.9507473 -0.02110725 2.18592e-6 0 -1 0.3095023 -0.9506535 0.02159821 -0.3840215 0.923202 -0.01502233 0.4288488 -0.9031421 0.02056759 1.47e-6 0 -1 -0.5423511 0.8397455 -0.02613168 -1.7055e-6 0 -1 1.48867e-6 0 -1 0.6706405 -0.7415201 0.01972854 0.6824371 -0.73064 0.0210911 -0.8597416 -0.1085234 0.4990661 -0.8770374 -0.0934779 0.4712403 -0.9099785 -0.1189982 0.3972136 0.6965247 -0.7172402 0.0204932 0.6974151 -0.7163698 0.02065533 -0.9440754 -0.08550298 0.3184507 -0.7182016 0.6955436 -0.02013862 -0.9578077 -0.1168506 0.2625843 0.7033587 -0.7105255 0.02097851 -0.9789367 -0.09649449 0.1799216 -0.9822223 -0.111144 0.1512824 -0.722811 0.6907406 -0.02053809 -0.9940397 -0.0958082 0.05201989 -0.9930647 -0.1150452 0.02423286 -0.7285507 0.6846659 -0.02113401 -0.7237135 0.6897825 -0.02095311 -0.9889351 -0.09882879 -0.1106358 -0.9887803 -0.09944272 -0.1114674 0.7066817 -0.707222 0.02093327 -0.9699119 -0.1133379 -0.2154655 -0.9622144 -0.08760869 -0.2578146 0.7014017 -0.7124543 0.02108794 -0.9277224 -0.1204273 -0.3533106 0.6948253 -0.7188466 0.02184933 0.6913269 -0.7222303 0.02122676 -1.00029e-5 -4.03003e-7 1 7.301e-6 1.3234e-7 1 -0.1772615 0.9840347 0.0159446 1.81553e-5 0 1 -4.2056e-6 0 -1 -0.1829255 0.9830718 -0.01040363 7.2044e-6 0 1 -0.02133721 0.9995894 0.01912504 0.6433172 -0.7653897 0.01793384 -4.4802e-5 1.7466e-6 -1 0.6594872 -0.7513442 0.02363604 -8.73301e-5 -2.48257e-4 -1 -0.6595349 0.7514685 -0.01757055 -0.6738838 0.738431 -0.02450042 0.6667736 -0.7449538 0.0213772 -0.7774119 -0.1031928 -0.6204693 -0.6840345 0.7291622 -0.02047854 -0.7802511 -0.1098939 -0.6157367 -0.856159 -0.09052991 -0.5087203 -0.8726186 -0.115497 -0.4745495 -0.7017138 0.7121598 -0.02064752 -0.9085772 -0.09223526 -0.4074069 -0.708199 0.7056725 -0.02192622 0.6801539 -0.7327864 0.02037101 -0.7127897 0.7010587 -0.02115935 -0.7205792 0.6930578 -0.02089178 0.6972094 -0.7165615 0.02094316 -0.7258797 0.6875047 -0.02088207 0.7065771 -0.7073223 0.02107149 -0.7191286 0.6945895 -0.01999032 1.82266e-6 0 -1 -0.2201513 0.9752939 0.0183112 3.1191e-6 0 1 -0.7825402 0.6222097 -0.02205008 -3.74632e-6 0 1 0.8479854 -0.5295681 0.02187269 -0.8191644 0.573164 -0.02128267 0.8757131 -0.4828321 -6.38742e-5 0.8745398 -0.4849538 5.3468e-5 -0.8743418 0.4848426 -0.02131259 -3.03152e-6 -4.07462e-6 -1 -0.4841581 -0.8749805 -3.38046e-6 -4.35794e-6 -4.07486e-6 -1 0.4841387 0.8749914 1.84924e-6 0.4841315 0.8749953 2.93984e-6 -0.8757225 0.4828149 7.49038e-5 -1.26913e-6 0 -1 -1.24881e-5 0 -1 0.01668709 -0.9998608 -7.22192e-5 0.01966726 -0.9998066 7.21585e-5 1.21275e-5 0 -1 2.84223e-7 0 -1 0.9998341 0.01821422 -1.29039e-6 0.9998337 0.01823842 -3.48628e-6 -0.6246724 0.7805179 -0.02400517 -9.45147e-6 0 -1 -1.44539e-6 0 -1 0.2486423 -0.9062244 -0.3419568 0.2493646 -0.9059822 -0.3420728 -4.30545e-6 0 -1 -0.9853976 -0.1691284 -0.01967889 7.0538e-6 -8.77702e-7 -1 -0.7494 0.6618736 0.01797604 -0.7809094 0.6240364 -0.02755445 0.9713315 0.2366829 0.02227956 -6.90646e-6 0 -1 -0.859463 -0.5108349 -0.0192635 0.994215 -0.1068099 -0.01131904 1.39628e-6 0 -1 -0.996094 0.08629071 0.01872628 -0.995585 0.09206962 0.01827311 -0.9997411 0.02245557 -0.003683984 -0.9895107 -0.1402035 -0.03480911 -0.7281052 -0.6851702 -0.02011394 2.03875e-6 0 -1 0.8289105 0.5592879 -0.01022821 -0.8491566 -0.5281314 -0.003253579 -0.730592 -0.6824978 -0.02078783 -0.7347233 -0.678122 0.01823127 -0.7330218 -0.6801967 0.00342065 -0.7022622 -0.7118999 -0.005135893 -3.9527e-6 0 1 -0.7186145 -0.6952072 0.01673746 -0.7206683 -0.6927402 -0.02735847 3.64532e-6 0 -1 -1.75799e-5 0 -1 -2.13921e-6 0 1 -0.8641858 -0.5031555 -0.004201829 -5.27327e-6 0 -1 0.6900534 0.7234189 0.02217096 0.7951483 0.6062945 -0.01209396 2.64275e-6 0 1 0.6424238 0.7660731 0.02058857 -1.35282e-5 0 1 0.6418373 0.7665675 0.02047216 -6.63123e-6 0 -1 -0.63029 -0.7761039 -0.0199353 -0.5559523 -0.8310379 0.01712065 -0.2183215 -0.9758769 -3.89443e-4 5.582e-6 0 -1 0.2329731 0.9724012 -0.01262617 0.2467679 0.9690022 -0.01185524 -0.3164796 -0.9480996 -0.03078943 1.64974e-6 0 -1 -0.5887224 -0.808076 -0.02047348 -0.07055932 0.9974312 -0.01235502 2.95889e-6 0 -1 -0.0733639 0.9972307 -0.01220512 0.2114888 -0.9773288 -0.01004737 0.2141325 -0.976661 0.01675528 2.65514e-6 0 -1 0.4760969 0.8791613 0.02017819 -2.90426e-7 0 1 -0.6161559 0.787558 -0.01022863 0.7377101 -0.6748445 -0.01920419 0.7737001 -0.633289 0.01825225 0.7953019 -0.6060019 0.01602387 -9.61432e-6 0 1 0.8924102 -0.4508518 0.01835811 -0.897547 0.440784 -0.01090741 0.9076288 -0.4194526 0.0164135 0.9997709 0.01248908 0.01738446 0.9763982 0.2154546 -0.01503217 0.9817209 0.1898784 -0.01304614 0.2869027 -0.9578747 -0.01276355 0.9585459 0.284938 -3.2557e-4 0 2.45294e-6 -1 1.81205e-6 0 -1 0.1712075 -0.9849984 -0.02159166 5.25538e-6 0 -1 -0.3037841 0.9524892 0.02189803 5.50694e-6 0 1 -0.3538246 0.9351034 0.01974207 -3.35424e-6 0 -1 0.6014192 0.7988532 -0.01134175 -0.5585981 -0.8293688 -0.01075732 0.4975602 -0.8671748 -0.02102166 0.5033477 -0.8638478 -0.02020418 -0.5376682 0.842857 0.02247256 -0.1701978 -0.9852647 0.01691722 -0.1296296 -0.9913867 0.01866871 -0.005141496 -0.9998667 0.01550042 -0.1944233 0.9808078 -0.014687 2.93445e-5 0 -1 -0.2152177 -0.9764916 0.01206547 -2.12896e-6 0 -1 -0.2128893 -0.9766317 -0.02947366 0.1154348 0.9932546 -0.01096248 -0.6800909 0.7327813 0.0225389 0.4414849 -0.8969842 -0.02259689 5.00155e-6 0 -1 -0.4424138 0.8966919 -0.01461589 0.4702078 -0.8824958 -0.01029753 -0.5199735 0.854135 -0.009008049 0.5620907 -0.8268391 0.01977854 -0.695252 0.7184959 0.01971071 -0.7457652 0.6658677 0.02132081 -0.7471382 0.6643178 0.02159506 0.7269322 -0.6863853 -0.02109223 0.7404333 -0.6718374 -0.0198276 -8.41418e-6 1.87463e-6 -1 0.7435652 -0.6683073 -0.02182161 -0.7164202 0.6976276 -0.007618308 0.6866745 0.7268368 -0.01365739 -0.6332965 0.7737733 -0.01451057 -0.6411233 0.7672696 -0.01607203 8.43148e-6 8.59275e-6 -1 0.7235856 -0.6900241 0.01704794 -5.14749e-6 0 -1 0.6430217 -0.765685 0.01580417 0.4672908 -0.8839805 0.0147618 0.381071 -0.9244819 0.01087468 -0.2874848 0.9577311 -0.0101915 0.2650566 -0.963994 -0.02146279 -1.09156e-5 0 -1 0.2904352 -0.9568472 -0.009534001 0.6847015 0.7287148 -0.01259624 0.8006882 -0.5988772 0.01563721 0.8883377 -0.4589378 -0.01524013 -9.32655e-7 0 1 0.9267801 0.3755483 0.006509125 -0.9444792 0.3278621 0.02157622 0.9603648 -0.277925 -0.0213809 -3.75629e-6 0 -1 -2.36247e-6 0 -1 9.84736e-7 0 1 -0.9983977 0.05203354 0.02224165 5.13144e-6 0 -1 -0.9951459 -0.09602975 0.02151489 -0.5649273 -0.8250333 -0.01332229 -0.5824199 -0.8127991 -0.01203733 0.6768703 0.7352342 -0.03574073 1.47093e-5 0 -1 -0.7064017 -0.7077131 -0.01178455 -0.7106435 -0.7034466 -0.0121963 0.7406298 0.6716715 0.018027 0.7347961 0.6780648 0.01740205 -0.8202691 -0.5718279 -0.01309579 -0.2323411 -0.9726344 -2.86974e-4 7.95683e-6 0 -1 0.4378697 0.8988637 0.01772689 2.15344e-6 0 1 4.33429e-6 0 -1 -0.9410635 -0.3376315 0.02011364 -0.9488558 -0.3149278 0.02220815 -5.82604e-6 0 -1 5.26402e-6 0 -1 0 -3.21948e-6 -1 -0.5156877 0.8567767 -3.08664e-6 -0.5156705 0.8567871 -1.46942e-6 0.6045512 -0.7964999 -0.01028919 -0.5999607 0.7998626 0.01634186 0.7569193 -0.6534197 -0.01076155 9.11853e-6 0 -1 0.7972941 -0.6034415 -0.01344656 -6.92082e-6 0 -1 -0.7759362 0.6307691 -0.007308006 -5.7994e-6 0 -1 -0.8023321 0.596667 0.01586461 0.6940966 -0.7178617 -0.05389463 0.692937 -0.7204037 -0.02927285 -0.8096102 0.5692087 -0.1432934 0.8546271 -0.5061485 -0.1158714 -0.891267 0.4501378 -0.05494719 -0.8910501 0.4530025 -0.0286104 -0.6495903 0.7598199 -0.0265761 0.9671319 0.2540991 -0.009457945 0.9706169 0.2399218 0.01844727 2.00972e-6 0 1 0.9656279 0.2593688 0.01705324 0.9094903 0.4153983 0.01648694 3.48826e-6 0 1 0.8837836 0.4674984 0.01928323 4.47317e-6 0 1 0.1795985 -0.9802215 0.08312803 2.10957e-6 0 1 -0.1313359 0.9896742 0.05741077 -0.1191693 0.9909693 -0.0614705 0.05006945 -0.9971117 -0.05710679 0.03868287 -0.997601 0.05741041 -1.50632e-6 0 1 0.0193901 0.9861797 0.1645409 -0.01832973 0.9934242 -0.1130155 -0.08342558 -0.9937683 -0.07392448 -0.1112132 -0.9840353 0.1389468 -0.1830238 -0.9748254 -0.1273494 -7.42014e-6 0 1 0.5800438 0.8144599 -0.01429438 7.00599e-6 0 -1 2.8455e-5 0 -1 -0.7962943 -0.6047917 -0.01194018 -0.8983792 -0.4390692 -0.01155054 -0.9094738 -0.4155552 -0.01309013 -0.961016 -0.2762557 -0.0114488 -0.9648032 -0.2626882 -0.01224398 -0.9954997 -0.09387588 -0.01295173 -0.9974374 -0.07064217 -0.01133298 -0.9950374 0.09876877 -0.01205468 -3.87274e-6 0 -1 -0.9939109 0.1094749 -0.0125035 -0.2515224 -0.9677715 -0.01244342 -0.9900817 0.1394194 -0.01733583 -0.2510303 -0.9679018 -0.01224869 -0.2508792 -0.9679422 -0.01214736 -5.07071e-6 1.66015e-6 -1 -0.9092879 0.2370087 -0.3420854 -0.9408863 0.3382573 -0.01775354 -5.056e-6 -1.14268e-5 -1 -0.9707813 0.2398696 -0.006806433 0.9999988 9.31931e-4 0.00128895 0.9917089 0.1251899 -0.0289992 -6.1065e-6 0 -1 0.8490198 0.5280768 -0.01733499</float_array>
          <technique_common>
            <accessor source="#rplidar_ca_edit_001-mesh-normals-array" count="2632" stride="3">
              <param name="X" type="float"/>
              <param name="Y" type="float"/>
              <param name="Z" type="float"/>
            </accessor>
          </technique_common>
        </source>
        <vertices id="rplidar_ca_edit_001-mesh-vertices">
          <input semantic="POSITION" source="#rplidar_ca_edit_001-mesh-positions"/>
        </vertices>
        <triangles count="3342">
          <input semantic="VERTEX" source="#rplidar_ca_edit_001-mesh-vertices" offset="0"/>
          <input semantic="NORMAL" source="#rplidar_ca_edit_001-mesh-normals" offset="1"/>
          <p>1 0 2 0 0 0 0 1 2 1 3 1 4 2 0 2 7 2 4 3 5 3 0 3 0 4 5 4 6 4 6 4 1 4 0 4 1661 5 8 5 7 5 7 6 8 6 4 6 1661 7 7 7 9 7 9 8 7 8 0 8 10 9 1661 9 9 9 13 10 14 10 15 10 12 11 13 11 16 11 11 12 12 12 17 12 17 13 12 13 16 13 1662 4 11 4 17 4 1662 14 17 14 18 14 17 15 16 15 20 15 16 4 19 4 20 4 19 16 15 16 21 16 22 17 21 17 456 17 19 18 21 18 28 18 23 4 19 4 28 4 24 4 1657 4 25 4 1657 19 23 19 26 19 25 4 1657 4 27 4 1657 20 26 20 27 20 25 4 27 4 30 4 26 4 28 4 58 4 57 21 26 21 58 21 28 22 29 22 56 22 58 4 28 4 56 4 56 23 29 23 54 23 1650 24 54 24 29 24 30 4 57 4 31 4 32 25 30 25 31 25 31 26 36 26 34 26 32 27 31 27 34 27 33 28 32 28 35 28 32 29 34 29 35 29 34 4 36 4 37 4 43 17 44 17 1355 17 46 30 44 30 43 30 42 31 46 31 43 31 45 32 46 32 42 32 45 17 42 17 41 17 40 33 39 33 53 33 41 34 40 34 53 34 59 35 45 35 41 35 41 36 53 36 59 36 46 37 47 37 44 37 48 38 47 38 1452 38 48 17 1452 17 49 17 1452 39 47 39 50 39 51 40 50 40 47 40 46 41 52 41 51 41 45 17 59 17 52 17 46 42 45 42 52 42 53 17 39 17 54 17 39 43 1359 43 54 43 38 44 36 44 55 44 55 4 1359 4 38 4 55 45 56 45 1359 45 54 46 1359 46 56 46 58 4 56 4 55 4 55 47 36 47 57 47 55 48 57 48 58 48 53 17 54 17 1650 17 59 49 53 49 1650 49 52 17 59 17 60 17 51 50 52 50 60 50 1451 51 50 51 51 51 51 52 60 52 1451 52 59 53 61 53 60 53 66 17 61 17 59 17 59 54 63 54 62 54 59 55 65 55 63 55 59 56 64 56 65 56 64 57 59 57 1649 57 59 58 1650 58 1649 58 62 17 66 17 59 17 67 59 66 59 68 59 68 60 69 60 67 60 68 61 66 61 62 61 70 62 69 62 68 62 68 63 62 63 70 63 70 64 72 64 69 64 71 65 69 65 72 65 73 66 71 66 74 66 71 67 72 67 74 67 74 68 72 68 75 68 70 69 75 69 72 69 1652 17 75 17 70 17 73 70 74 70 76 70 81 71 78 71 76 71 76 17 78 17 79 17 76 17 79 17 83 17 80 17 81 17 76 17 74 17 77 17 76 17 82 17 76 17 83 17 76 72 77 72 80 72 132 17 84 17 85 17 80 73 84 73 81 73 132 74 64 74 120 74 93 17 86 17 120 17 120 17 86 17 87 17 86 75 89 75 87 75 86 76 91 76 89 76 91 77 88 77 89 77 93 78 92 78 86 78 92 79 91 79 86 79 91 17 451 17 88 17 90 80 88 80 451 80 96 81 103 81 97 81 98 82 176 82 96 82 96 83 97 83 99 83 99 84 100 84 96 84 100 85 101 85 96 85 96 86 176 86 102 86 96 87 102 87 103 87 1646 88 104 88 123 88 104 89 129 89 123 89 102 90 1646 90 103 90 166 4 130 4 129 4 104 91 166 91 129 91 109 92 106 92 107 92 107 17 108 17 109 17 109 93 110 93 106 93 109 17 108 17 113 17 111 94 113 94 108 94 109 95 114 95 110 95 115 96 110 96 114 96 112 97 114 97 109 97 109 17 113 17 112 17 112 17 113 17 116 17 111 98 116 98 113 98 115 99 114 99 119 99 118 100 119 100 114 100 118 101 114 101 112 101 112 102 116 102 118 102 117 17 111 17 78 17 117 103 116 103 111 103 78 104 134 104 117 104 134 105 116 105 117 105 134 106 133 106 116 106 118 17 116 17 133 17 87 107 131 107 115 107 119 108 120 108 87 108 115 17 119 17 87 17 128 109 123 109 126 109 123 110 122 110 126 110 124 111 121 111 88 111 89 17 88 17 121 17 127 4 126 4 95 4 99 112 127 112 95 112 95 4 126 4 450 4 126 113 125 113 450 113 450 114 125 114 94 114 90 115 94 115 125 115 125 4 124 4 90 4 124 116 88 116 90 116 99 117 95 117 100 117 97 118 127 118 99 118 126 119 122 119 125 119 122 120 124 120 125 120 97 121 128 121 127 121 128 122 126 122 127 122 89 123 121 123 131 123 87 124 89 124 131 124 122 4 130 4 124 4 130 125 121 125 124 125 103 126 128 126 97 126 1646 127 123 127 128 127 103 128 1646 128 128 128 131 17 121 17 169 17 130 129 169 129 121 129 131 130 169 130 105 130 106 17 110 17 163 17 163 131 110 131 115 131 115 132 105 132 163 132 115 133 131 133 105 133 129 134 130 134 122 134 123 135 129 135 122 135 81 136 84 136 133 136 132 17 133 17 84 17 81 137 133 137 134 137 81 17 134 17 78 17 118 17 133 17 132 17 132 138 120 138 118 138 118 139 120 139 119 139 111 140 108 140 135 140 78 141 111 141 136 141 136 142 111 142 135 142 144 17 136 17 137 17 137 143 136 143 139 143 138 144 148 144 136 144 136 145 140 145 138 145 136 17 147 17 78 17 136 17 145 17 140 17 136 17 141 17 139 17 144 146 146 146 136 146 146 17 145 17 136 17 136 147 135 147 143 147 136 148 148 148 147 148 136 149 143 149 142 149 136 150 142 150 141 150 1153 17 149 17 150 17 1152 151 1153 151 151 151 151 152 1153 152 150 152 151 17 152 17 1152 17 155 153 141 153 142 153 150 17 155 17 157 17 156 154 150 154 157 154 157 17 155 17 161 17 159 155 158 155 156 155 152 156 156 156 158 156 157 157 159 157 156 157 160 158 159 158 157 158 143 159 161 159 142 159 143 160 162 160 161 160 160 17 161 17 162 17 160 161 162 161 107 161 143 162 108 162 162 162 107 17 162 17 108 17 163 163 159 163 106 163 159 164 163 164 158 164 163 165 105 165 158 165 105 166 169 166 164 166 158 167 105 167 164 167 170 168 165 168 166 168 166 169 167 169 170 169 171 170 167 170 168 170 164 171 169 171 153 171 169 172 165 172 153 172 164 173 153 173 1138 173 152 174 164 174 1138 174 156 17 152 17 151 17 171 175 154 175 167 175 170 176 167 176 154 176 98 177 172 177 176 177 176 178 171 178 168 178 174 179 173 179 172 179 177 180 172 180 173 180 175 4 174 4 172 4 175 181 172 181 98 181 181 182 180 182 172 182 178 4 179 4 172 4 179 4 176 4 172 4 172 183 180 183 178 183 181 184 172 184 177 184 182 4 173 4 174 4 183 185 182 185 174 185 183 186 174 186 184 186 184 187 185 187 186 187 174 188 185 188 184 188 184 189 186 189 183 189 183 190 186 190 187 190 186 191 185 191 187 191 189 192 188 192 185 192 187 193 185 193 188 193 201 194 188 194 189 194 195 195 192 195 209 195 192 17 1574 17 209 17 1574 196 1575 196 193 196 194 4 193 4 1576 4 196 17 197 17 195 17 195 197 197 197 199 197 197 198 198 198 199 198 199 199 198 199 200 199 195 200 199 200 191 200 199 201 190 201 191 201 199 202 200 202 190 202 200 4 189 4 190 4 200 203 202 203 189 203 202 204 201 204 189 204 202 205 203 205 201 205 202 206 204 206 203 206 182 207 203 207 204 207 205 208 204 208 202 208 206 4 207 4 205 4 206 4 205 4 198 4 207 209 204 209 205 209 207 210 253 210 204 210 208 211 207 211 206 211 196 212 208 212 206 212 195 213 209 213 213 213 213 17 196 17 195 17 211 214 208 214 196 214 211 215 212 215 208 215 212 4 210 4 208 4 214 216 212 216 211 216 212 217 249 217 210 217 213 218 214 218 211 218 215 219 1574 219 244 219 209 220 1574 220 215 220 194 221 1580 221 243 221 222 4 173 4 278 4 278 222 173 222 182 222 217 223 218 223 173 223 219 4 217 4 173 4 220 4 219 4 173 4 173 224 221 224 220 224 222 4 221 4 173 4 224 225 226 225 239 225 225 4 224 4 223 4 222 226 225 226 221 226 225 227 273 227 224 227 273 228 226 228 224 228 226 4 227 4 239 4 227 229 274 229 228 229 227 230 228 230 229 230 239 231 227 231 229 231 239 232 241 232 224 232 223 4 224 4 241 4 233 233 231 233 232 233 232 234 234 234 233 234 231 235 233 235 235 235 233 236 234 236 235 236 231 17 235 17 237 17 235 237 234 237 236 237 235 238 236 238 238 238 237 239 235 239 238 239 238 240 236 240 257 240 246 17 244 17 228 17 244 241 229 241 228 241 239 4 229 4 240 4 242 242 241 242 216 242 216 4 241 4 243 4 240 243 243 243 241 243 244 244 193 244 229 244 240 245 229 245 193 245 240 246 193 246 194 246 1574 247 193 247 244 247 194 248 243 248 240 248 219 249 216 249 217 249 213 250 245 250 214 250 215 17 244 17 246 17 213 251 215 251 246 251 247 4 248 4 249 4 249 252 250 252 251 252 251 4 250 4 182 4 249 253 251 253 210 253 210 254 251 254 252 254 182 4 252 4 251 4 210 255 252 255 253 255 182 4 253 4 252 4 210 256 253 256 207 256 208 257 210 257 207 257 247 4 249 4 212 4 214 258 247 258 212 258 248 259 250 259 249 259 255 260 254 260 250 260 250 261 254 261 182 261 255 262 250 262 248 262 256 4 255 4 248 4 257 4 255 4 256 4 258 263 257 263 256 263 237 264 258 264 213 264 213 265 258 265 245 265 258 266 256 266 245 266 245 267 256 267 247 267 256 4 248 4 247 4 213 268 246 268 237 268 259 269 254 269 255 269 259 270 260 270 254 270 182 271 254 271 260 271 261 272 260 272 259 272 182 273 260 273 262 273 261 274 262 274 260 274 263 275 262 275 261 275 234 4 263 4 261 4 264 276 262 276 263 276 234 4 264 4 263 4 232 277 265 277 234 277 265 4 264 4 234 4 230 278 228 278 274 278 231 279 230 279 268 279 267 280 231 280 268 280 268 281 230 281 272 281 269 282 267 282 268 282 269 283 271 283 267 283 269 284 270 284 271 284 226 285 280 285 227 285 273 286 279 286 226 286 279 4 280 4 226 4 276 17 275 17 268 17 268 287 272 287 276 287 272 17 274 17 281 17 280 288 281 288 274 288 278 289 277 289 222 289 277 290 273 290 225 290 222 291 277 291 225 291 278 292 286 292 277 292 286 293 273 293 277 293 272 294 281 294 282 294 276 295 272 295 282 295 275 296 283 296 270 296 314 297 283 297 275 297 276 17 314 17 275 17 314 17 276 17 292 17 276 298 282 298 292 298 286 4 285 4 273 4 287 299 286 299 278 299 287 300 278 300 182 300 285 301 279 301 273 301 284 4 290 4 279 4 279 302 290 302 280 302 285 303 284 303 279 303 290 304 281 304 280 304 287 305 301 305 286 305 297 306 301 306 287 306 182 307 297 307 287 307 289 308 288 308 285 308 301 4 289 4 285 4 292 309 282 309 291 309 281 17 291 17 282 17 288 310 290 310 284 310 285 311 288 311 284 311 293 312 294 312 295 312 293 313 295 313 296 313 283 314 293 314 296 314 283 315 296 315 270 315 297 316 298 316 295 316 296 317 295 317 298 317 182 4 298 4 297 4 296 318 298 318 299 318 270 4 296 4 299 4 270 319 299 319 271 319 299 320 298 320 300 320 182 4 300 4 298 4 271 321 264 321 265 321 271 4 299 4 264 4 267 322 271 322 265 322 299 323 300 323 264 323 264 324 300 324 266 324 182 325 266 325 300 325 275 326 270 326 269 326 297 4 295 4 294 4 303 327 301 327 297 327 294 4 303 4 297 4 323 328 294 328 293 328 323 329 302 329 294 329 302 330 303 330 294 330 303 331 304 331 301 331 304 332 289 332 301 332 289 333 317 333 288 333 317 4 290 4 288 4 304 4 305 4 289 4 305 334 317 334 289 334 317 4 316 4 290 4 319 335 305 335 304 335 303 336 319 336 304 336 302 337 320 337 303 337 320 338 319 338 303 338 309 339 310 339 311 339 312 340 308 340 309 340 312 341 307 341 308 341 306 17 307 17 313 17 312 342 313 342 307 342 316 343 306 343 290 343 309 344 311 344 314 344 314 345 312 345 309 345 314 17 292 17 312 17 292 346 291 346 312 346 290 347 306 347 281 347 306 348 291 348 281 348 306 17 313 17 291 17 312 349 291 349 313 349 314 350 311 350 283 350 311 351 293 351 283 351 311 4 323 4 293 4 310 352 323 352 311 352 309 17 308 17 1637 17 308 353 307 353 315 353 330 354 315 354 307 354 328 355 316 355 317 355 318 356 328 356 317 356 318 357 317 357 305 357 319 4 318 4 305 4 320 358 321 358 319 358 321 359 318 359 319 359 325 360 321 360 320 360 325 4 320 4 322 4 322 4 320 4 302 4 323 361 322 361 302 361 323 362 324 362 322 362 326 363 321 363 325 363 325 364 322 364 326 364 326 365 322 365 324 365 326 366 1644 366 321 366 1644 367 327 367 321 367 321 4 327 4 318 4 327 368 328 368 318 368 331 369 329 369 315 369 330 370 331 370 315 370 1639 17 331 17 330 17 332 371 1639 371 330 371 327 4 1644 4 1643 4 1642 372 1638 372 327 372 327 373 1638 373 333 373 327 4 1643 4 1642 4 334 374 335 374 336 374 334 375 341 375 337 375 334 376 336 376 338 376 349 377 338 377 339 377 339 378 338 378 336 378 334 379 338 379 340 379 340 4 341 4 334 4 340 380 370 380 341 380 340 381 338 381 342 381 346 382 347 382 365 382 365 383 343 383 346 383 366 17 371 17 1639 17 371 384 344 384 1640 384 1639 385 371 385 1640 385 345 386 369 386 332 386 340 387 342 387 350 387 351 388 342 388 349 388 352 389 354 389 353 389 355 390 354 390 382 390 357 391 382 391 354 391 360 392 361 392 364 392 365 393 353 393 354 393 355 394 356 394 365 394 365 4 354 4 355 4 363 395 360 395 366 395 360 17 364 17 366 17 364 396 367 396 371 396 366 17 364 17 371 17 363 397 366 397 369 397 369 4 343 4 363 4 365 398 356 398 343 398 363 399 343 399 356 399 340 400 352 400 370 400 350 4 352 4 340 4 352 401 353 401 370 401 365 402 347 402 353 402 371 403 367 403 344 403 344 17 367 17 348 17 368 404 351 404 348 404 348 17 367 17 368 17 348 405 351 405 349 405 372 4 342 4 351 4 368 406 372 406 351 406 372 407 373 407 342 407 350 408 342 408 373 408 350 409 373 409 374 409 357 410 350 410 374 410 376 411 373 411 372 411 375 412 376 412 372 412 376 413 377 413 373 413 378 414 377 414 379 414 379 4 383 4 378 4 386 4 388 4 377 4 379 415 377 415 388 415 386 416 377 416 376 416 380 417 386 417 376 417 380 418 376 418 375 418 375 17 362 17 380 17 393 419 362 419 361 419 361 17 360 17 393 17 381 420 358 420 355 420 355 4 382 4 381 4 383 421 382 421 357 421 374 422 383 422 357 422 393 423 384 423 362 423 380 424 362 424 384 424 359 425 385 425 360 425 393 426 360 426 385 426 383 427 391 427 382 427 381 4 382 4 391 4 359 428 358 428 392 428 381 429 392 429 358 429 380 430 384 430 1635 430 1635 431 386 431 380 431 379 432 387 432 389 432 379 433 388 433 387 433 386 4 387 4 388 4 389 4 390 4 379 4 390 434 415 434 391 434 381 435 391 435 415 435 390 436 391 436 383 436 379 437 390 437 383 437 359 4 392 4 394 4 394 438 385 438 359 438 406 439 384 439 393 439 393 17 385 17 406 17 394 440 392 440 401 440 381 441 401 441 392 441 395 442 384 442 407 442 406 443 407 443 384 443 396 4 397 4 405 4 395 444 396 444 405 444 404 445 397 445 398 445 398 446 397 446 410 446 396 447 410 447 397 447 399 448 396 448 395 448 395 17 407 17 399 17 406 449 385 449 400 449 394 450 400 450 385 450 404 4 403 4 389 4 389 451 387 451 404 451 404 452 387 452 397 452 405 453 397 453 387 453 408 454 409 454 399 454 399 455 407 455 408 455 399 456 409 456 396 456 409 4 410 4 396 4 409 4 411 4 410 4 412 457 410 457 411 457 418 458 411 458 409 458 408 459 418 459 409 459 406 460 400 460 413 460 429 461 400 461 394 461 394 4 414 4 429 4 402 462 414 462 401 462 394 463 401 463 414 463 434 464 414 464 402 464 416 465 417 465 418 465 416 466 418 466 419 466 419 467 407 467 416 467 419 468 418 468 408 468 408 17 407 17 419 17 413 469 407 469 406 469 418 470 420 470 411 470 412 471 411 471 421 471 421 472 411 472 420 472 96 473 412 473 421 473 96 474 421 474 98 474 422 475 98 475 421 475 421 476 420 476 422 476 98 477 422 477 423 477 423 478 422 478 424 478 424 479 422 479 425 479 425 480 422 480 426 480 420 481 426 481 422 481 427 482 1 482 420 482 1 483 426 483 420 483 417 484 427 484 420 484 416 485 407 485 428 485 407 486 413 486 428 486 431 487 430 487 415 487 431 488 415 488 403 488 398 489 431 489 403 489 402 4 415 4 430 4 402 4 430 4 434 4 432 490 430 490 431 490 398 491 432 491 431 491 432 492 441 492 430 492 441 493 433 493 430 493 433 494 440 494 414 494 430 495 433 495 434 495 433 496 414 496 434 496 439 497 400 497 429 497 429 4 414 4 439 4 439 4 414 4 440 4 413 498 400 498 451 498 439 499 451 499 400 499 435 500 436 500 438 500 435 501 438 501 473 501 428 502 436 502 435 502 428 503 413 503 436 503 442 4 432 4 398 4 443 504 442 504 444 504 442 505 398 505 96 505 444 506 442 506 96 506 442 507 443 507 432 507 443 508 441 508 432 508 446 509 449 509 441 509 449 4 433 4 441 4 446 510 441 510 443 510 446 511 444 511 445 511 443 512 444 512 446 512 447 513 446 513 445 513 444 514 447 514 445 514 101 515 447 515 444 515 448 516 447 516 101 516 447 517 448 517 446 517 448 518 449 518 446 518 439 4 94 4 90 4 90 519 451 519 439 519 450 520 440 520 433 520 439 4 440 4 94 4 450 521 94 521 440 521 449 4 450 4 433 4 413 17 451 17 452 17 436 522 413 522 452 522 436 523 452 523 92 523 438 17 436 17 92 17 92 524 452 524 91 524 452 525 451 525 91 525 454 17 453 17 92 17 92 17 93 17 454 17 92 17 453 17 438 17 455 17 15 17 14 17 456 17 15 17 455 17 453 526 456 526 455 526 454 527 456 527 453 527 456 528 21 528 15 528 93 529 456 529 454 529 13 530 15 530 19 530 16 4 13 4 19 4 11 531 467 531 12 531 467 532 458 532 12 532 458 533 14 533 13 533 12 534 458 534 13 534 466 535 11 535 10 535 457 536 466 536 10 536 0 4 3 4 457 4 460 537 3 537 461 537 3 538 462 538 457 538 463 539 464 539 465 539 463 4 465 4 466 4 457 540 463 540 466 540 462 541 463 541 457 541 466 542 465 542 11 542 465 543 467 543 11 543 467 544 468 544 458 544 468 545 14 545 458 545 459 546 14 546 471 546 468 547 471 547 14 547 459 17 471 17 469 17 470 4 468 4 467 4 464 548 470 548 467 548 472 549 485 549 473 549 474 550 473 550 485 550 474 17 485 17 484 17 474 551 475 551 476 551 484 552 475 552 474 552 472 553 473 553 469 553 469 554 471 554 472 554 474 555 478 555 477 555 477 17 473 17 474 17 474 556 476 556 478 556 478 4 460 4 461 4 476 4 460 4 478 4 478 4 461 4 479 4 461 557 2 557 479 557 478 4 479 4 437 4 479 558 2 558 1 558 437 559 479 559 427 559 479 560 1 560 427 560 437 561 427 561 417 561 435 562 437 562 416 562 416 563 437 563 417 563 435 564 478 564 437 564 477 565 478 565 435 565 435 566 473 566 477 566 461 567 3 567 2 567 462 568 480 568 463 568 480 4 464 4 463 4 490 569 470 569 464 569 480 570 490 570 464 570 460 571 482 571 3 571 482 4 462 4 3 4 482 572 481 572 462 572 475 4 460 4 476 4 475 4 483 4 460 4 483 573 482 573 460 573 484 17 485 17 486 17 486 574 475 574 484 574 486 575 487 575 475 575 496 576 489 576 470 576 490 577 496 577 470 577 489 578 488 578 471 578 472 579 471 579 488 579 489 580 471 580 468 580 470 581 489 581 468 581 481 582 491 582 480 582 492 4 481 4 482 4 493 583 492 583 483 583 483 584 492 584 482 584 487 4 483 4 475 4 487 4 493 4 483 4 472 585 494 585 485 585 486 17 494 17 495 17 495 586 499 586 486 586 499 4 493 4 487 4 486 587 499 587 487 587 497 588 496 588 490 588 491 589 497 589 490 589 504 4 497 4 491 4 481 590 504 590 491 590 506 591 504 591 481 591 498 592 506 592 481 592 499 4 505 4 493 4 505 593 498 593 493 593 498 4 481 4 492 4 493 594 498 594 492 594 501 595 496 595 503 595 502 596 503 596 496 596 502 597 504 597 515 597 506 598 515 598 504 598 514 599 515 599 506 599 514 600 498 600 513 600 506 4 498 4 514 4 505 601 513 601 498 601 502 602 496 602 497 602 497 4 504 4 502 4 496 603 501 603 489 603 501 604 488 604 489 604 472 17 488 17 500 17 500 605 494 605 472 605 507 606 513 606 505 606 508 4 507 4 505 4 494 17 510 17 509 17 495 17 494 17 509 17 509 607 508 607 495 607 517 608 510 608 494 608 517 609 488 609 516 609 509 610 510 610 511 610 509 611 512 611 508 611 512 4 507 4 508 4 514 4 513 4 1634 4 502 4 515 4 518 4 518 612 503 612 502 612 517 613 511 613 510 613 517 614 516 614 528 614 528 615 511 615 517 615 518 616 519 616 503 616 501 617 503 617 519 617 518 618 520 618 524 618 521 619 520 619 1634 619 521 620 524 620 520 620 513 621 521 621 1634 621 522 4 521 4 513 4 523 622 522 622 513 622 525 623 526 623 516 623 527 624 516 624 526 624 528 625 516 625 527 625 525 626 516 626 501 626 501 4 519 4 525 4 529 627 512 627 509 627 511 628 529 628 509 628 529 629 1632 629 512 629 511 630 530 630 529 630 528 631 530 631 511 631 527 632 530 632 528 632 525 633 519 633 537 633 527 634 531 634 530 634 534 635 1633 635 533 635 522 636 534 636 533 636 532 4 536 4 538 4 538 637 537 637 532 637 532 638 1633 638 536 638 534 639 536 639 1633 639 525 640 1630 640 526 640 527 641 526 641 1630 641 538 642 1631 642 537 642 540 643 1631 643 538 643 538 4 536 4 540 4 541 644 536 644 534 644 539 645 1630 645 525 645 525 646 537 646 1631 646 525 4 1631 4 539 4 542 647 531 647 527 647 527 648 1630 648 542 648 544 649 531 649 543 649 535 650 546 650 522 650 546 4 534 4 522 4 541 4 534 4 546 4 535 651 547 651 546 651 548 652 546 652 547 652 541 653 546 653 548 653 548 654 536 654 541 654 540 655 536 655 549 655 548 656 549 656 536 656 550 657 549 657 548 657 540 4 549 4 1628 4 1627 658 549 658 550 658 1628 659 549 659 1627 659 564 660 551 660 552 660 551 661 553 661 550 661 554 662 553 662 551 662 554 663 551 663 564 663 551 664 550 664 547 664 551 665 547 665 552 665 547 666 550 666 548 666 545 667 552 667 535 667 552 668 547 668 535 668 555 669 543 669 556 669 555 670 557 670 545 670 555 671 556 671 560 671 556 672 558 672 560 672 560 673 558 673 568 673 568 17 559 17 569 17 1629 674 561 674 570 674 570 675 569 675 1629 675 562 676 1627 676 563 676 1626 677 563 677 1627 677 566 4 565 4 557 4 567 678 566 678 557 678 567 679 557 679 555 679 555 680 560 680 567 680 567 17 560 17 573 17 560 681 568 681 573 681 570 682 561 682 571 682 562 683 571 683 561 683 581 684 563 684 1626 684 581 4 1626 4 564 4 570 685 572 685 569 685 568 17 569 17 572 17 567 686 573 686 574 686 573 687 568 687 586 687 568 688 572 688 586 688 577 689 572 689 570 689 570 690 571 690 577 690 584 691 571 691 562 691 573 692 586 692 576 692 574 17 573 17 576 17 574 693 575 693 566 693 577 4 571 4 585 4 579 4 581 4 564 4 564 694 565 694 579 694 579 695 565 695 580 695 578 4 581 4 579 4 578 696 563 696 581 696 578 697 583 697 563 697 584 698 563 698 583 698 562 699 563 699 584 699 566 4 580 4 565 4 574 700 566 700 567 700 579 701 580 701 592 701 575 4 592 4 580 4 575 702 580 702 566 702 583 4 596 4 584 4 582 703 583 703 578 703 587 704 586 704 572 704 577 705 587 705 572 705 585 4 589 4 577 4 589 706 587 706 577 706 588 707 589 707 585 707 596 708 588 708 585 708 582 709 595 709 583 709 595 710 596 710 583 710 591 711 603 711 575 711 590 17 591 17 576 17 591 712 575 712 574 712 579 713 592 713 593 713 594 4 579 4 593 4 589 714 600 714 587 714 600 17 601 17 587 17 597 715 589 715 588 715 596 716 597 716 588 716 593 717 615 717 594 717 615 718 595 718 594 718 615 719 598 719 595 719 598 4 599 4 595 4 595 4 599 4 596 4 599 720 597 720 596 720 591 17 602 17 629 17 591 721 590 721 602 721 590 722 601 722 602 722 629 723 603 723 591 723 593 724 604 724 605 724 605 725 615 725 593 725 603 4 606 4 604 4 605 726 604 726 606 726 628 727 606 727 603 727 629 728 628 728 603 728 600 17 608 17 601 17 602 729 601 729 608 729 597 4 607 4 589 4 607 730 600 730 589 730 609 731 602 731 626 731 626 732 608 732 611 732 602 733 608 733 626 733 600 734 611 734 608 734 613 735 612 735 597 735 598 736 613 736 599 736 614 4 613 4 598 4 613 737 597 737 599 737 615 738 614 738 598 738 616 739 615 739 605 739 605 740 606 740 616 740 607 741 617 741 600 741 617 17 611 17 600 17 621 742 619 742 620 742 620 743 622 743 621 743 621 744 622 744 634 744 622 4 624 4 634 4 624 4 622 4 623 4 625 745 624 745 623 745 623 4 622 4 610 4 625 746 623 746 609 746 609 747 623 747 610 747 609 17 626 17 625 17 610 4 622 4 627 4 616 748 627 748 622 748 619 749 618 749 614 749 618 750 613 750 614 750 616 751 619 751 615 751 619 752 614 752 615 752 616 753 606 753 627 753 628 4 627 4 606 4 610 4 627 4 628 4 609 754 610 754 628 754 609 755 628 755 629 755 629 17 602 17 609 17 616 756 622 756 620 756 620 4 619 4 616 4 626 757 630 757 625 757 617 758 720 758 611 758 631 759 721 759 607 759 617 760 607 760 721 760 626 761 720 761 719 761 719 762 630 762 626 762 632 763 633 763 630 763 719 17 632 17 630 17 634 764 633 764 725 764 634 4 624 4 633 4 630 765 633 765 624 765 635 766 621 766 645 766 621 767 634 767 645 767 637 768 648 768 635 768 637 769 635 769 638 769 635 770 640 770 647 770 641 771 646 771 635 771 635 772 642 772 640 772 642 773 635 773 643 773 644 774 643 774 635 774 635 775 639 775 644 775 645 776 639 776 635 776 635 777 646 777 636 777 635 778 647 778 641 778 648 4 621 4 635 4 648 4 650 4 621 4 659 779 648 779 637 779 649 780 648 780 659 780 649 4 650 4 648 4 650 781 657 781 723 781 657 782 651 782 723 782 653 783 721 783 655 783 656 784 655 784 652 784 659 785 657 785 649 785 657 786 662 786 651 786 656 787 651 787 662 787 649 788 657 788 650 788 652 789 651 789 656 789 658 4 662 4 657 4 659 790 658 790 657 790 659 791 637 791 660 791 660 792 661 792 659 792 661 793 658 793 659 793 656 794 663 794 655 794 669 795 655 795 663 795 669 796 1614 796 697 796 1615 797 663 797 656 797 656 798 662 798 1615 798 661 799 665 799 658 799 661 800 664 800 638 800 665 801 661 801 666 801 661 802 638 802 666 802 666 803 638 803 635 803 1371 804 665 804 666 804 1615 805 667 805 668 805 668 4 663 4 1615 4 669 806 663 806 1367 806 668 807 1367 807 663 807 673 808 674 808 672 808 671 809 672 809 674 809 1617 810 673 810 675 810 676 811 1617 811 675 811 677 812 679 812 678 812 688 813 679 813 677 813 677 814 681 814 682 814 687 815 681 815 677 815 677 4 682 4 680 4 677 4 680 4 676 4 677 816 676 816 683 816 684 817 677 817 686 817 684 818 685 818 677 818 677 819 685 819 688 819 677 820 678 820 687 820 688 821 1282 821 175 821 33 4 688 4 175 4 689 822 688 822 33 822 685 4 1282 4 688 4 689 823 690 823 688 823 690 824 679 824 688 824 691 825 679 825 692 825 679 826 690 826 692 826 692 4 693 4 691 4 694 827 693 827 695 827 694 17 695 17 696 17 695 828 693 828 698 828 699 4 698 4 693 4 646 829 702 829 699 829 702 4 698 4 699 4 702 830 700 830 698 830 695 831 698 831 700 831 695 832 700 832 701 832 696 833 695 833 701 833 703 834 700 834 702 834 701 835 700 835 704 835 703 4 704 4 700 4 701 836 704 836 705 836 647 837 706 837 703 837 706 4 704 4 703 4 640 838 706 838 647 838 706 4 707 4 704 4 640 839 708 839 706 839 708 840 707 840 706 840 708 4 709 4 707 4 642 841 708 841 640 841 711 842 712 842 710 842 712 843 707 843 709 843 712 844 709 844 710 844 711 845 705 845 712 845 705 846 707 846 712 846 711 847 654 847 696 847 696 848 654 848 697 848 653 849 697 849 654 849 696 17 705 17 711 17 705 850 704 850 707 850 711 851 710 851 713 851 710 852 714 852 713 852 716 4 714 4 715 4 716 4 717 4 714 4 713 853 714 853 717 853 713 854 717 854 718 854 719 855 720 855 654 855 617 856 654 856 720 856 631 857 722 857 652 857 652 4 721 4 631 4 723 4 722 4 613 4 631 858 613 858 722 858 632 859 724 859 633 859 725 4 633 4 724 4 725 860 724 860 726 860 645 861 725 861 726 861 645 862 726 862 639 862 726 863 724 863 727 863 632 864 727 864 724 864 728 865 727 865 632 865 719 17 728 17 632 17 726 4 727 4 729 4 718 866 727 866 728 866 719 867 718 867 728 867 729 4 727 4 717 4 718 868 717 868 727 868 639 869 729 869 644 869 729 870 717 870 716 870 644 871 729 871 716 871 639 872 726 872 729 872 730 873 618 873 619 873 730 4 619 4 621 4 730 874 723 874 618 874 650 875 723 875 730 875 650 4 730 4 621 4 719 876 654 876 711 876 617 877 721 877 653 877 653 17 654 17 617 17 723 4 651 4 722 4 652 878 722 878 651 878 711 879 713 879 719 879 719 880 713 880 718 880 723 4 613 4 618 4 644 881 716 881 643 881 643 882 716 882 715 882 715 883 709 883 708 883 715 4 714 4 709 4 643 884 715 884 642 884 642 885 715 885 708 885 710 886 709 886 714 886 696 887 701 887 705 887 647 888 703 888 641 888 641 889 703 889 702 889 641 890 702 890 646 890 699 891 693 891 692 891 646 892 699 892 692 892 646 893 692 893 636 893 653 894 655 894 669 894 669 17 697 17 653 17 694 895 731 895 693 895 691 896 693 896 731 896 691 4 731 4 732 4 733 897 732 897 731 897 734 898 732 898 733 898 691 899 732 899 735 899 735 900 678 900 691 900 737 901 734 901 736 901 696 902 736 902 734 902 732 903 734 903 737 903 735 4 732 4 737 4 738 904 687 904 735 904 735 905 737 905 738 905 738 906 681 906 687 906 737 907 736 907 739 907 738 908 737 908 739 908 671 909 740 909 736 909 739 910 736 910 740 910 741 911 743 911 742 911 744 912 743 912 741 912 745 913 747 913 746 913 745 914 744 914 747 914 748 915 747 915 744 915 748 916 744 916 741 916 748 917 752 917 749 917 749 918 747 918 748 918 748 919 741 919 752 919 749 920 750 920 747 920 746 921 747 921 750 921 746 922 750 922 751 922 749 923 752 923 753 923 749 924 753 924 754 924 754 17 750 17 749 17 751 925 750 925 756 925 754 926 756 926 750 926 754 927 753 927 755 927 753 928 751 928 755 928 751 929 756 929 757 929 755 4 751 4 757 4 757 930 756 930 759 930 758 931 759 931 756 931 758 932 755 932 760 932 758 933 760 933 761 933 761 17 759 17 758 17 760 934 757 934 762 934 757 935 759 935 762 935 761 936 760 936 763 936 760 937 762 937 763 937 761 938 763 938 768 938 768 17 759 17 761 17 768 17 764 17 759 17 765 939 759 939 764 939 763 940 765 940 766 940 766 941 765 941 770 941 765 942 764 942 770 942 768 943 767 943 764 943 770 944 764 944 767 944 768 945 766 945 769 945 769 946 767 946 768 946 767 947 769 947 771 947 771 948 769 948 773 948 772 949 769 949 766 949 772 950 773 950 769 950 772 4 770 4 774 4 774 951 770 951 775 951 775 952 770 952 776 952 770 953 771 953 776 953 776 954 777 954 778 954 772 955 778 955 777 955 774 956 778 956 772 956 776 957 779 957 775 957 776 958 778 958 779 958 783 959 780 959 775 959 775 960 781 960 782 960 782 961 783 961 775 961 775 962 780 962 785 962 784 963 775 963 785 963 775 964 779 964 781 964 781 965 786 965 782 965 787 966 786 966 774 966 782 967 786 967 787 967 782 968 787 968 783 968 783 969 787 969 788 969 780 970 783 970 789 970 783 971 788 971 791 971 783 972 791 972 789 972 790 973 792 973 788 973 791 974 788 974 792 974 791 975 792 975 793 975 791 976 793 976 789 976 793 977 792 977 794 977 793 978 794 978 795 978 793 979 795 979 789 979 795 980 794 980 796 980 790 981 796 981 794 981 797 982 796 982 790 982 795 983 796 983 798 983 789 984 795 984 798 984 789 985 798 985 799 985 799 986 798 986 800 986 799 987 1534 987 789 987 1534 988 1532 988 801 988 1532 17 802 17 801 17 801 17 802 17 803 17 813 4 804 4 805 4 804 989 803 989 802 989 811 990 805 990 1508 990 811 4 1531 4 810 4 1508 991 1531 991 811 991 806 992 810 992 1531 992 797 993 806 993 807 993 807 994 808 994 797 994 797 995 808 995 809 995 811 996 813 996 805 996 806 997 814 997 810 997 811 998 810 998 814 998 1534 999 801 999 812 999 812 1000 780 1000 1534 1000 815 1001 814 1001 806 1001 815 4 806 4 816 4 790 1002 784 1002 816 1002 816 4 806 4 790 4 790 1003 774 1003 784 1003 816 1004 784 1004 817 1004 784 1005 785 1005 817 1005 780 1006 812 1006 818 1006 785 1007 780 1007 818 1007 812 1008 801 1008 819 1008 801 17 803 17 819 17 820 1009 824 1009 813 1009 824 1010 804 1010 813 1010 811 1011 814 1011 820 1011 820 1012 813 1012 811 1012 803 1013 804 1013 821 1013 824 1014 821 1014 804 1014 815 1015 822 1015 814 1015 820 1016 814 1016 822 1016 820 1017 822 1017 823 1017 830 1018 822 1018 815 1018 824 1019 820 1019 823 1019 812 1020 819 1020 851 1020 818 1021 812 1021 851 1021 818 17 851 17 825 17 826 1022 818 1022 825 1022 785 1023 818 1023 826 1023 819 1024 803 1024 834 1024 803 1025 821 1025 834 1025 816 1026 830 1026 815 1026 827 4 830 4 816 4 816 1027 817 1027 827 1027 817 1028 785 1028 826 1028 827 1029 817 1029 828 1029 828 4 829 4 827 4 827 1030 829 1030 830 1030 832 1031 823 1031 836 1031 831 4 836 4 823 4 829 1032 837 1032 831 1032 837 1033 836 1033 831 1033 832 1034 836 1034 838 1034 838 1035 833 1035 832 1035 839 4 836 4 837 4 841 1036 839 1036 837 1036 828 1037 817 1037 840 1037 841 1038 829 1038 828 1038 841 1039 837 1039 829 1039 839 1040 842 1040 836 1040 838 1041 836 1041 842 1041 841 1042 1598 1042 839 1042 1598 4 842 4 839 4 838 1043 843 1043 833 1043 844 1044 833 1044 843 1044 846 1045 845 1045 856 1045 846 17 856 17 847 17 850 1046 848 1046 847 1046 848 17 846 17 847 17 849 1047 845 1047 846 1047 849 17 846 17 848 17 834 1048 833 1048 844 1048 845 1049 834 1049 844 1049 849 1050 835 1050 845 1050 835 17 834 17 845 17 825 17 849 17 848 17 826 1051 825 1051 850 1051 850 1052 825 1052 848 1052 825 1053 851 1053 849 1053 851 1054 835 1054 849 1054 834 1055 821 1055 833 1055 832 1056 833 1056 821 1056 830 1057 831 1057 822 1057 823 1058 822 1058 831 1058 832 4 821 4 824 4 824 1059 823 1059 832 1059 851 1060 819 1060 835 1060 819 17 834 17 835 17 817 4 826 4 850 4 817 1061 850 1061 840 1061 828 1062 840 1062 852 1062 852 1063 840 1063 853 1063 852 4 854 4 828 4 854 1064 1598 1064 841 1064 828 1065 854 1065 841 1065 1592 4 843 4 838 4 838 1066 842 1066 1592 1066 856 17 858 17 847 17 847 1067 858 1067 859 1067 857 1068 847 1068 859 1068 861 4 860 4 857 4 857 1069 859 1069 861 1069 858 17 862 17 859 17 858 1070 877 1070 862 1070 858 1071 1589 1071 877 1071 1589 17 875 17 877 17 864 1072 865 1072 866 1072 1590 1073 866 1073 865 1073 869 1074 866 1074 1590 1074 870 1075 869 1075 1586 1075 867 1076 870 1076 1586 1076 868 1077 860 1077 867 1077 867 4 1586 4 868 4 864 1078 866 1078 1020 1078 874 4 866 4 869 4 872 4 870 4 867 4 872 1079 871 1079 870 1079 871 1080 874 1080 870 1080 867 1081 860 1081 872 1081 872 1082 860 1082 873 1082 863 4 1020 4 1021 4 875 1083 863 1083 1021 1083 863 1084 864 1084 1020 1084 877 17 875 17 876 17 861 1085 859 1085 878 1085 859 1086 862 1086 878 1086 861 1087 879 1087 873 1087 872 1088 873 1088 879 1088 880 1089 872 1089 881 1089 872 1090 879 1090 881 1090 882 4 879 4 861 4 885 4 884 4 882 4 882 4 884 4 879 4 882 1091 883 1091 885 1091 885 1092 883 1092 886 1092 1018 1093 884 1093 887 1093 885 4 888 4 884 4 887 1094 884 1094 888 1094 889 4 888 4 885 4 885 1095 890 1095 889 1095 889 1096 890 1096 892 1096 889 1097 891 1097 888 1097 892 4 891 4 889 4 892 1098 890 1098 893 1098 1135 1099 893 1099 890 1099 958 1100 893 1100 1135 1100 892 1101 893 1101 895 1101 892 4 894 4 891 4 895 1102 894 1102 892 1102 895 1103 893 1103 993 1103 993 1104 896 1104 895 1104 894 1105 898 1105 897 1105 898 1106 896 1106 897 1106 898 1107 899 1107 896 1107 896 1108 899 1108 895 1108 900 1109 899 1109 898 1109 899 1110 901 1110 895 1110 900 1111 901 1111 899 1111 900 1112 903 1112 901 1112 895 1113 901 1113 903 1113 895 1114 903 1114 904 1114 905 1115 903 1115 900 1115 902 1116 905 1116 900 1116 904 1117 903 1117 906 1117 905 1118 906 1118 903 1118 902 1119 1585 1119 905 1119 1585 1120 906 1120 905 1120 904 1121 906 1121 907 1121 908 1122 902 1122 904 1122 904 1123 909 1123 908 1123 904 1124 907 1124 909 1124 910 1125 909 1125 907 1125 902 1126 911 1126 910 1126 911 1127 909 1127 910 1127 912 1128 911 1128 902 1128 908 1129 912 1129 902 1129 914 1130 909 1130 911 1130 914 1131 913 1131 909 1131 908 1132 909 1132 913 1132 912 1133 915 1133 914 1133 917 1134 915 1134 912 1134 918 1135 915 1135 917 1135 918 1136 916 1136 915 1136 919 4 917 4 908 4 908 1137 916 1137 919 1137 919 1138 916 1138 920 1138 918 1139 920 1139 916 1139 917 1140 921 1140 918 1140 921 1141 920 1141 918 1141 920 1142 921 1142 922 1142 919 1143 920 1143 922 1143 922 1144 921 1144 923 1144 923 1145 921 1145 917 1145 919 1146 924 1146 917 1146 924 1147 923 1147 917 1147 922 1148 923 1148 925 1148 925 1149 923 1149 926 1149 926 1150 923 1150 924 1150 919 1151 925 1151 927 1151 925 1152 928 1152 927 1152 925 1153 926 1153 928 1153 928 1154 926 1154 929 1154 929 1155 926 1155 924 1155 930 1156 929 1156 924 1156 931 1157 930 1157 924 1157 930 1158 932 1158 929 1158 931 1159 933 1159 934 1159 933 1160 932 1160 934 1160 934 1161 932 1161 935 1161 930 1162 935 1162 932 1162 930 1163 936 1163 935 1163 934 1164 935 1164 936 1164 934 1165 936 1165 937 1165 934 1166 937 1166 931 1166 938 1167 936 1167 930 1167 937 1168 936 1168 938 1168 937 1169 938 1169 940 1169 941 1170 938 1170 939 1170 940 1171 938 1171 941 1171 942 1172 931 1172 940 1172 943 1173 940 1173 941 1173 175 1174 945 1174 944 1174 944 1175 941 1175 939 1175 945 1176 946 1176 944 1176 944 1177 946 1177 943 1177 944 1178 943 1178 941 1178 946 1179 947 1179 943 1179 946 1180 949 1180 947 1180 947 1181 949 1181 948 1181 950 1182 949 1182 946 1182 945 1183 950 1183 946 1183 950 1184 951 1184 949 1184 948 1185 949 1185 951 1185 950 1186 953 1186 951 1186 952 1187 953 1187 950 1187 945 1188 952 1188 950 1188 948 1189 953 1189 954 1189 952 1190 954 1190 953 1190 955 1191 954 1191 952 1191 955 1192 952 1192 945 1192 955 1193 956 1193 954 1193 958 1194 948 1194 957 1194 948 1195 956 1195 957 1195 956 1196 959 1196 957 1196 960 1197 956 1197 955 1197 945 1198 960 1198 955 1198 960 1199 959 1199 956 1199 961 1200 960 1200 945 1200 963 1201 959 1201 960 1201 957 1202 959 1202 962 1202 963 1203 962 1203 959 1203 964 1204 962 1204 963 1204 964 1205 963 1205 961 1205 964 1206 968 1206 962 1206 962 1207 968 1207 957 1207 957 1208 968 1208 965 1208 958 1209 957 1209 965 1209 966 1210 968 1210 964 1210 961 1211 966 1211 964 1211 967 1212 966 1212 961 1212 175 1213 967 1213 961 1213 968 1214 966 1214 969 1214 968 1215 969 1215 965 1215 969 1216 966 1216 971 1216 175 1217 970 1217 967 1217 970 1218 971 1218 967 1218 973 1219 969 1219 972 1219 969 1220 971 1220 972 1220 958 1221 965 1221 973 1221 965 1222 969 1222 973 1222 972 1223 971 1223 974 1223 973 1224 972 1224 974 1224 974 1225 971 1225 975 1225 975 1226 971 1226 970 1226 974 1227 975 1227 976 1227 970 1228 976 1228 975 1228 974 1229 976 1229 977 1229 973 1230 974 1230 977 1230 973 1231 977 1231 978 1231 973 1232 978 1232 986 1232 958 1233 973 1233 986 1233 980 1234 1577 1234 981 1234 180 1235 980 1235 178 1235 178 1236 980 1236 1151 1236 980 4 982 4 1151 4 980 1237 981 1237 982 1237 1150 1238 982 1238 981 1238 979 1239 983 1239 1575 1239 1150 1240 1575 1240 983 1240 985 4 1575 4 1150 4 1150 1241 981 1241 985 1241 985 1242 981 1242 1577 1242 984 17 979 17 1563 17 958 1243 984 1243 1563 1243 958 1244 986 1244 893 1244 1561 1245 987 1245 986 1245 1562 1246 987 1246 1561 1246 988 1247 989 1247 1562 1247 989 1248 987 1248 1562 1248 989 1249 990 1249 987 1249 991 1250 990 1250 989 1250 988 1251 991 1251 989 1251 992 1252 990 1252 991 1252 992 1253 991 1253 988 1253 986 1254 990 1254 993 1254 992 1255 993 1255 990 1255 988 1256 994 1256 992 1256 992 1257 994 1257 993 1257 986 1258 993 1258 893 1258 995 1259 894 1259 994 1259 897 1260 993 1260 994 1260 994 1261 894 1261 897 1261 897 1262 896 1262 993 1262 1003 1263 894 1263 995 1263 995 1264 994 1264 988 1264 988 1265 1002 1265 995 1265 995 1266 1002 1266 1003 1266 1025 1267 1027 1267 1001 1267 997 4 1001 4 1027 4 1028 1268 1029 1268 997 1268 997 4 1027 4 1028 4 997 1269 1029 1269 998 1269 1029 17 1031 17 998 17 999 1270 1000 1270 1031 1270 998 1271 1031 1271 1000 1271 996 4 1025 4 1005 4 1002 1272 996 1272 1005 1272 1002 1273 1005 1273 1004 1273 1003 1274 1002 1274 1004 1274 1003 4 1004 4 887 4 887 1275 888 1275 1003 1275 1005 4 1025 4 1006 4 1025 1276 1001 1276 1006 1276 1009 17 1008 17 886 17 1009 1277 1007 1277 1008 1277 998 17 1007 17 1010 17 1009 1278 1024 1278 1007 1278 1010 1279 1007 1279 1024 1279 1023 1280 1024 1280 1009 1280 1014 1281 1012 1281 1013 1281 1016 1282 1015 1282 880 1282 881 1283 1016 1283 880 1283 1017 1284 1014 1284 1015 1284 1016 1285 1017 1285 1015 1285 1018 4 1016 4 881 4 881 1286 884 1286 1018 1286 1017 4 1006 4 1014 4 1006 1287 1012 1287 1014 1287 1006 1288 1001 1288 1012 1288 1004 1289 1017 1289 1016 1289 887 1290 1016 1290 1018 1290 887 1291 1004 1291 1016 1291 1004 1292 1005 1292 1017 1292 1005 1293 1006 1293 1017 1293 997 1294 998 1294 1011 1294 1011 4 1001 4 997 4 1011 1295 998 1295 1010 1295 1011 4 1012 4 1001 4 881 1296 879 1296 884 1296 1015 1297 1014 1297 1013 1297 1015 1298 1013 1298 1019 1298 880 1299 1015 1299 1019 1299 880 1300 1019 1300 871 1300 1020 1301 866 1301 1013 1301 875 1302 1021 1302 1022 1302 876 1303 875 1303 1022 1303 862 1304 876 1304 1023 1304 878 1305 862 1305 1023 1305 876 17 1022 17 1024 17 1023 1306 876 1306 1024 1306 1023 1307 883 1307 878 1307 1011 1308 1020 1308 1012 1308 1020 1309 1013 1309 1012 1309 1021 4 1020 4 1011 4 1010 1310 1021 1310 1011 1310 1022 1311 1021 1311 1010 1311 1024 1312 1022 1312 1010 1312 861 1313 878 1313 882 1313 882 1314 878 1314 883 1314 874 4 1013 4 866 4 871 1315 1019 1315 874 1315 1019 4 1013 4 874 4 872 1316 880 1316 871 1316 883 17 1023 17 886 17 1023 17 1009 17 886 17 1008 1317 1007 1317 1000 1317 886 1318 1008 1318 999 1318 1008 1319 1000 1319 999 1319 998 17 1000 17 1007 17 1003 1320 888 1320 891 1320 1555 1321 996 1321 1002 1321 970 4 1555 4 1002 4 1555 1322 1554 1322 996 1322 1554 4 1026 4 1025 4 1026 1323 1027 1323 1025 1323 1028 4 1027 4 1030 4 1029 17 1032 17 1031 17 1033 1324 1031 1324 1032 1324 1035 17 1036 17 1038 17 1034 1325 1035 1325 1038 1325 1034 1326 1038 1326 1039 1326 1033 1327 1034 1327 1039 1327 1033 1328 1039 1328 886 1328 83 1329 1041 1329 1037 1329 1036 1330 1037 1330 1041 1330 1036 1331 1041 1331 1040 1331 1042 17 1041 17 83 17 1043 1332 1041 1332 1042 1332 1040 1333 1041 1333 1043 1333 1044 17 1040 17 1043 17 1042 1334 83 1334 1045 1334 1045 1335 83 1335 1051 1335 78 17 1048 17 1045 17 1045 17 1052 17 78 17 1045 1336 1046 1336 1042 1336 1049 17 1047 17 1045 17 138 17 140 17 1045 17 1045 1337 1051 1337 1050 1337 1045 1338 1108 1338 1053 1338 1045 1339 1050 1339 1049 1339 140 17 1108 17 1045 17 1047 17 1052 17 1045 17 1045 1340 1053 1340 1046 1340 1060 1341 1051 1341 1095 1341 1096 1342 1060 1342 1095 1342 1090 1343 1054 1343 1059 1343 1055 17 1054 17 1090 17 1090 1344 1056 1344 1055 1344 1090 1345 1057 1345 1056 1345 1058 1346 1071 1346 1090 1346 1059 1347 1058 1347 1090 1347 1061 1348 1060 1348 1096 1348 1061 1349 1062 1349 1060 1349 1062 1350 1050 1350 1060 1350 1062 1351 1049 1351 1050 1351 1063 1352 1062 1352 1061 1352 1063 1353 1064 1353 1062 1353 1064 1354 1049 1354 1062 1354 1064 1355 1047 1355 1049 1355 1063 1356 1065 1356 1064 1356 1065 1357 1047 1357 1064 1357 1065 1358 1052 1358 1047 1358 1067 1359 1052 1359 1065 1359 1066 17 1067 17 1065 17 1066 1360 1065 1360 1063 1360 1067 17 1066 17 1068 17 1066 1361 1057 1361 1068 1361 1067 1362 1068 1362 1069 1362 1069 1363 1052 1363 1067 1363 1069 1364 1089 1364 1052 1364 78 1365 1052 1365 1089 1365 1068 1366 1057 1366 1070 1366 1090 17 1070 17 1057 17 1071 1367 1078 1367 1090 1367 1078 17 1070 17 1090 17 1078 17 1076 17 1070 17 1073 1368 1076 1368 1088 1368 1074 1369 1073 1369 1088 1369 1073 1370 1070 1370 1076 1370 1087 1371 1075 1371 1074 1371 1074 17 1088 17 1087 17 1076 17 1078 17 1077 17 1072 1372 1080 1372 1079 1372 1081 1373 1072 1373 1079 1373 1071 17 1072 17 1081 17 1081 1374 1078 1374 1071 1374 1080 1375 1082 1375 78 1375 1072 1376 1082 1376 1080 1376 1081 1377 1079 1377 1083 1377 1084 1378 1078 1378 1081 1378 1081 17 1083 17 1084 17 1079 1379 1085 1379 1083 1379 78 17 1085 17 1080 17 1079 1380 1080 1380 1085 1380 1083 1381 1085 1381 1086 1381 1086 1382 1085 1382 78 1382 1084 1383 1083 1383 1088 1383 1088 1384 1083 1384 1087 1384 1083 1385 1086 1385 1087 1385 1087 1386 1086 1386 1075 1386 78 1387 1075 1387 1086 1387 1088 1388 1076 1388 1084 1388 1084 1389 1076 1389 1077 1389 1084 1390 1077 1390 1078 1390 1074 17 1068 17 1073 17 1068 1391 1070 1391 1073 1391 1069 1392 1068 1392 1074 1392 1074 1393 1089 1393 1069 1393 1089 1394 1075 1394 78 1394 1074 1395 1075 1395 1089 1395 1082 17 79 17 78 17 1082 1396 1091 1396 79 1396 1072 1397 1091 1397 1082 1397 1091 1398 1093 1398 79 1398 1091 1399 1071 1399 1092 1399 1072 1400 1071 1400 1091 1400 1091 17 1092 17 1093 17 1093 17 1092 17 1094 17 1093 17 1094 17 1095 17 1093 1401 1095 1401 83 1401 79 1402 1093 1402 83 1402 83 1403 1095 1403 1051 1403 1095 1404 1094 1404 1096 1404 1096 1405 1094 1405 1059 1405 1094 1406 1092 1406 1097 1406 1059 1407 1094 1407 1097 1407 1097 1408 1092 1408 1058 1408 1097 17 1058 17 1059 17 1092 1409 1071 1409 1058 1409 1066 1410 1056 1410 1057 1410 1063 1411 1056 1411 1066 1411 1063 1412 1055 1412 1056 1412 1063 1413 1054 1413 1055 1413 1061 1414 1054 1414 1063 1414 1061 1415 1059 1415 1054 1415 1096 1416 1059 1416 1061 1416 1060 1417 1050 1417 1051 1417 1098 1418 1046 1418 1053 1418 1100 17 1098 17 1099 17 1101 1419 1100 1419 1099 1419 886 1420 1101 1420 1102 1420 1101 1421 1099 1421 1102 1421 1098 1422 1053 1422 1103 1422 1099 17 1098 17 1103 17 1102 1423 1099 1423 1104 1423 1099 1424 1103 1424 1104 1424 1102 1425 1104 1425 1105 1425 886 1426 1102 1426 1105 1426 1105 1427 1104 1427 1110 1427 1104 1428 1106 1428 1110 1428 140 1429 1107 1429 1108 1429 1106 1430 1108 1430 1107 1430 1103 1431 1108 1431 1106 1431 1104 17 1103 17 1106 17 1106 1432 1107 1432 1109 1432 1111 1433 1110 1433 1112 1433 1110 1434 1109 1434 1112 1434 1112 17 1109 17 1199 17 886 1435 1111 1435 1113 1435 1111 1436 1112 1436 1113 1436 1113 1437 1112 1437 1114 1437 886 1438 1113 1438 1118 1438 1113 1439 1114 1439 1118 1439 1114 17 1115 17 1117 17 1117 17 1115 17 1119 17 1115 1440 1116 1440 1119 1440 1118 1441 1117 1441 1133 1441 886 1442 1118 1442 1133 1442 1120 17 1116 17 140 17 1119 1443 1116 1443 1120 1443 1121 1444 1120 1444 140 1444 1121 1445 1128 1445 1120 1445 1121 1446 1122 1446 1125 1446 1121 1447 1123 1447 1122 1447 1180 17 137 17 1121 17 1124 1448 1123 1448 1121 1448 1121 1449 1127 1449 1129 1449 1125 17 1180 17 1121 17 1121 17 1129 17 1126 17 137 17 1127 17 1121 17 1121 17 1126 17 1128 17 140 17 1124 17 1121 17 1119 1450 1120 1450 1130 1450 1131 17 1119 17 1130 17 1133 17 1132 17 886 17 1133 1451 1131 1451 1132 1451 1133 1452 1117 1452 1131 1452 1117 17 1119 17 1131 17 1132 1453 1131 1453 1134 1453 886 1454 1132 1454 1134 1454 1134 1455 1135 1455 886 1455 1134 1456 1131 1456 1158 1456 1135 1457 1134 1457 1136 1457 1136 1458 1137 1458 1135 1458 1135 1459 1138 1459 984 1459 1136 1460 1139 1460 1137 1460 1139 1461 1140 1461 1141 1461 1137 1462 1139 1462 1141 1462 1141 1463 1140 1463 1142 1463 1140 1464 1127 1464 1142 1464 1141 1465 1142 1465 1143 1465 1142 1466 1127 1466 1144 1466 137 17 1144 17 1127 17 1143 1467 1142 1467 1145 1467 1142 1468 1144 1468 1145 1468 137 17 1146 17 1144 17 1145 1469 1144 1469 1146 1469 1147 17 1145 17 1154 17 1145 1470 1146 1470 1154 1470 1149 17 1135 17 1137 17 1135 1471 1149 1471 1148 1471 1149 1472 1143 1472 1148 1472 1143 1473 1145 1473 1147 1473 1148 1474 1143 1474 1147 1474 153 1475 983 1475 979 1475 1138 1476 153 1476 979 1476 178 1477 1151 1477 179 1477 179 1478 1151 1478 171 1478 1151 1479 982 1479 154 1479 1151 4 154 4 171 4 170 1480 154 1480 982 1480 170 1481 983 1481 165 1481 153 1482 165 1482 983 1482 152 1483 1138 1483 1135 1483 1152 1484 152 1484 1135 1484 1153 17 1154 17 149 17 1154 1485 139 1485 149 1485 1154 1486 1155 1486 139 1486 1152 1487 1147 1487 1153 1487 1147 17 1154 17 1153 17 1148 1488 1147 1488 1152 1488 1148 1489 1152 1489 1135 1489 1155 1490 1146 1490 137 1490 1154 1491 1146 1491 1155 1491 137 17 139 17 1155 17 1150 1492 983 1492 170 1492 170 1493 982 1493 1150 1493 1137 1494 1143 1494 1149 1494 1137 1495 1141 1495 1143 1495 1139 17 1156 17 1140 17 1156 1496 1127 1496 1140 1496 1156 1497 1129 1497 1127 1497 1139 17 1157 17 1156 17 1158 17 1157 17 1139 17 1134 1498 1158 1498 1139 1498 1134 1499 1139 1499 1136 1499 1130 1500 1126 1500 1157 1500 1158 17 1130 17 1157 17 1131 17 1130 17 1158 17 1130 1501 1128 1501 1126 1501 1157 1502 1129 1502 1156 1502 1157 1503 1126 1503 1129 1503 886 17 1135 17 890 17 885 1504 886 1504 890 1504 1138 17 979 17 984 17 1130 1505 1120 1505 1128 1505 1168 1506 1167 1506 1160 1506 1160 17 1161 17 1168 17 1159 1507 1163 1507 1167 1507 1160 1508 1167 1508 1163 1508 1160 1509 1162 1509 1161 1509 1162 1510 1123 1510 1161 1510 1166 1511 1125 1511 1165 1511 1164 17 1166 17 1165 17 1166 1512 1181 1512 1125 1512 1166 17 1164 17 1181 17 140 1513 1161 1513 1124 1513 1168 17 1161 17 1169 17 1169 1514 1161 1514 1170 1514 1170 1515 1161 1515 140 1515 1171 1516 1159 1516 1167 1516 1171 1517 1164 1517 1159 1517 1172 17 1171 17 1167 17 1175 1518 1164 1518 1171 1518 1175 1519 1171 1519 1176 1519 1181 1520 1175 1520 1177 1520 1175 1521 1176 1521 1177 1521 137 17 1180 17 1179 17 1178 1522 1179 1522 1180 1522 1178 1523 1180 1523 1181 1523 1178 17 1181 17 1177 17 137 1524 1179 1524 1183 1524 1178 1525 1183 1525 1179 1525 1177 1526 1197 1526 1182 1526 1177 1527 1176 1527 1172 1527 1182 1528 1183 1528 1178 1528 1177 17 1182 17 1178 17 137 1529 1183 1529 1186 1529 1182 1530 1186 1530 1183 1530 1197 1531 1186 1531 1182 1531 1185 1532 1184 1532 137 1532 1184 1533 1187 1533 137 1533 137 1534 1186 1534 1185 1534 137 1535 1187 1535 144 1535 1187 1536 1188 1536 144 1536 1187 17 1184 17 1188 17 144 1537 1188 1537 1190 1537 1188 1538 1189 1538 1190 1538 1191 1539 1189 1539 1188 1539 1188 17 1184 17 1174 17 1188 17 1174 17 1191 17 1174 1540 1173 1540 1191 1540 1191 1541 1173 1541 1192 1541 1193 1542 1191 1542 1192 1542 1169 1543 1191 1543 1193 1543 1169 1544 1170 1544 1191 1544 1191 1545 1170 1545 1189 1545 1192 1546 1173 1546 1172 1546 1193 17 1192 17 1167 17 1167 1547 1169 1547 1193 1547 1168 1548 1169 1548 1167 1548 1167 1549 1192 1549 1172 1549 144 1550 1190 1550 1194 1550 1190 1551 1189 1551 1194 1551 1189 1552 1195 1552 1194 1552 1194 1553 1195 1553 146 1553 1194 1554 146 1554 144 1554 1195 1555 1196 1555 146 1555 1189 1556 1196 1556 1195 1556 1170 1557 1196 1557 1189 1557 1196 1558 1170 1558 145 1558 146 1555 1196 1555 145 1555 1173 17 1197 17 1177 17 1177 1559 1172 1559 1173 1559 1197 17 1173 17 1174 17 1197 1560 1174 1560 1186 1560 1186 1561 1174 1561 1185 1561 1174 1562 1184 1562 1185 1562 1176 17 1171 17 1172 17 1181 1563 1164 1563 1175 1563 145 1564 1170 1564 140 1564 1125 1565 1181 1565 1180 1565 1164 1566 1163 1566 1159 1566 1165 1567 1125 1567 1122 1567 1164 17 1165 17 1160 17 1160 1568 1163 1568 1164 1568 1160 17 1165 17 1162 17 1165 1569 1122 1569 1162 1569 1162 1570 1122 1570 1123 1570 1161 1571 1123 1571 1124 1571 1118 1572 1114 1572 1117 1572 1116 17 1198 17 140 17 1115 1573 1198 1573 1116 1573 1199 1574 1198 1574 1115 1574 1114 17 1199 17 1115 17 1112 17 1199 17 1114 17 1109 1575 1198 1575 1199 1575 140 1576 1198 1576 1107 1576 1109 1577 1107 1577 1198 1577 1105 1578 1110 1578 1111 1578 1110 17 1106 17 1109 17 886 1579 1105 1579 1111 1579 1103 1580 1053 1580 1108 1580 1100 17 1200 17 1098 17 1201 1581 1200 1581 1100 1581 1101 1582 1201 1582 1100 1582 1202 1583 1201 1583 1101 1583 1201 17 1043 17 1200 17 1043 1584 1042 1584 1200 1584 1200 1585 1042 1585 1046 1585 1202 1586 1044 1586 1201 1586 1044 17 1043 17 1201 17 1039 17 1202 17 886 17 1039 1587 1044 1587 1202 1587 1039 1588 1038 1588 1044 1588 1038 1589 1040 1589 1044 1589 886 1590 1202 1590 1101 1590 1200 1591 1046 1591 1098 1591 1045 1592 1203 1592 138 1592 1204 1593 1203 1593 1045 1593 1048 1594 1204 1594 1045 1594 1206 1595 1204 1595 1048 1595 1205 1596 1207 1596 1204 1596 1206 1597 1205 1597 1204 1597 1207 1598 1203 1598 1204 1598 1209 17 1208 17 1207 17 1207 17 1208 17 1203 17 1209 1599 1207 1599 1210 1599 1210 1599 1207 1599 1211 1599 1207 1600 1205 1600 1211 1600 1212 17 1210 17 1211 17 1211 1601 1205 1601 1212 1601 1205 1602 1209 1602 1212 1602 1212 1603 1209 1603 1210 1603 1213 17 1209 17 1214 17 1213 1604 1208 1604 1209 1604 1214 17 1209 17 1205 17 1213 1605 1214 1605 1217 1605 1214 17 1205 17 1206 17 1206 17 1215 17 1214 17 1214 1606 1215 1606 1216 1606 1217 1607 1214 1607 1216 1607 1217 17 1216 17 147 17 147 1608 1213 1608 1217 1608 1216 1609 1215 1609 1218 1609 147 1610 1216 1610 1218 1610 1218 1611 1206 1611 1048 1611 78 17 1218 17 1048 17 78 17 147 17 1218 17 1215 1612 1206 1612 1218 1612 1219 1613 1213 1613 147 1613 1219 1614 1208 1614 1213 1614 1208 1615 1219 1615 148 1615 148 1616 1219 1616 147 1616 1203 1617 1208 1617 138 1617 138 1618 1208 1618 148 1618 1038 17 1036 17 1040 17 83 1619 1037 1619 1220 1619 1036 1620 1220 1620 1037 1620 1221 17 1036 17 1035 17 1221 1621 1222 1621 1036 1621 1222 1622 1220 1622 1036 1622 1223 17 83 17 1220 17 1224 1623 1222 1623 1221 1623 1220 17 1228 17 1223 17 1222 1624 1228 1624 1220 1624 1225 1625 1228 1625 1222 1625 1224 17 1225 17 1222 17 1231 1626 1224 1626 1226 1626 1231 1627 1227 1627 1224 1627 1227 17 1225 17 1224 17 1225 1628 1229 1628 1228 1628 1229 1629 1223 1629 1228 1629 1464 1630 1229 1630 1225 1630 1227 17 1464 17 1225 17 1465 17 1464 17 1227 17 1230 1631 1465 1631 1227 1631 1230 17 1231 17 1237 17 1230 1632 1227 1632 1231 1632 1236 1633 1237 1633 1232 1633 1283 1634 1232 1634 1237 1634 1237 1635 1231 1635 1226 1635 1237 1636 1233 1636 1230 1636 1234 1637 1233 1637 1237 1637 1235 1638 1234 1638 1237 1638 1236 1639 1235 1639 1237 1639 1226 1640 1221 1640 1034 1640 1034 1641 1237 1641 1226 1641 1034 1642 1240 1642 1239 1642 1238 17 1237 17 1034 17 1242 17 1238 17 1034 17 1034 1643 1241 1643 1240 1643 1239 1644 1242 1644 1034 1644 1033 17 1241 17 1034 17 1034 1645 1221 1645 1035 1645 1028 4 1254 4 1243 4 1028 1646 1030 1646 1254 1646 1244 1647 1254 1647 1030 1647 970 1648 1248 1648 1245 1648 1248 1649 1251 1649 1245 1649 1246 1650 1248 1650 970 1650 1246 4 970 4 175 4 1247 1651 1246 1651 175 1651 1248 1652 1246 1652 1247 1652 1248 1653 1247 1653 1250 1653 1250 1654 1247 1654 1249 1654 1250 1655 1251 1655 1248 1655 1252 1656 1254 1656 1244 1656 1251 4 1252 4 1244 4 1253 17 1258 17 1032 17 1241 1657 1032 1657 1258 1657 1243 1658 1256 1658 1253 1658 1256 17 1258 17 1253 17 1243 1659 1254 1659 1255 1659 1255 1660 1256 1660 1243 1660 1260 1661 1257 1661 1252 1661 1240 1662 1258 1662 1239 1662 1261 1663 1262 1663 1258 1663 1262 1664 1239 1664 1258 1664 1261 17 1258 17 1256 17 1255 1665 1261 1665 1256 1665 1262 1666 1242 1666 1239 1666 1261 1667 1267 1667 1262 1667 1267 1668 1242 1668 1262 1668 1266 1669 1261 1669 1255 1669 1259 1670 1266 1670 1255 1670 1263 1671 1268 1671 1259 1671 1268 4 1266 4 1259 4 1266 1672 1277 1672 1261 1672 1277 17 1267 17 1261 17 1267 1673 1238 1673 1242 1673 1274 4 1266 4 1268 4 1263 1674 1274 1674 1268 1674 1270 1675 1274 1675 1263 1675 1269 1676 1277 1676 1266 1676 1274 4 1269 4 1266 4 1277 1677 1276 1677 1267 1677 1276 1678 1238 1678 1267 1678 1272 1679 1273 1679 1271 1679 1273 1680 1278 1680 1270 1680 1278 1681 1274 1681 1270 1681 1273 4 1270 4 1271 4 1276 1682 1277 1682 1275 1682 1269 1683 1275 1683 1277 1683 1276 1684 1237 1684 1238 1684 1276 17 1275 17 1280 17 1280 1685 1237 1685 1276 1685 1279 1686 1269 1686 1274 1686 1278 1687 1279 1687 1274 1687 1283 1688 1237 1688 1280 1688 1280 17 1275 17 1283 17 1279 1689 1284 1689 1269 1689 1284 1690 1275 1690 1269 1690 1282 1691 1281 1691 1272 1691 175 4 1282 4 1272 4 1284 1692 1286 1692 1275 1692 1283 1693 1275 1693 1286 1693 1471 1694 1232 1694 1283 1694 1283 17 1286 17 1471 17 1473 1695 1545 1695 1285 1695 1287 1696 1462 1696 1236 1696 1232 17 1287 17 1236 17 1462 17 1288 17 1463 17 1289 17 1288 17 1462 17 1287 1697 1289 1697 1462 1697 1288 1698 1296 1698 1303 1698 1303 17 1296 17 1290 17 1395 17 49 17 1290 17 1304 1699 1290 1699 1291 1699 1293 17 1395 17 1290 17 1290 17 1292 17 1293 17 1295 1700 1294 1700 1290 1700 1290 1701 1296 1701 1295 1701 1294 1702 1297 1702 1290 1702 1290 1703 1297 1703 1298 1703 1290 1704 1298 1704 1292 1704 1299 1705 1290 1705 1304 1705 1290 1706 1299 1706 1300 1706 1290 1707 1300 1707 1301 1707 1290 1708 1301 1708 1302 1708 1290 1709 1302 1709 1303 1709 1305 17 1307 17 1306 17 1308 1710 1306 1710 1307 1710 1310 1711 1312 1711 1390 1711 1390 1712 1312 1712 1313 1712 1311 1713 1390 1713 1313 1713 1312 1714 1314 1714 1313 1714 1313 1715 1314 1715 1311 1715 1315 17 1314 17 1312 17 1314 1716 1316 1716 1311 1716 1316 17 1314 17 1315 17 1311 1717 1316 1717 1317 1717 1316 1718 1315 1718 1317 1718 1317 17 1319 17 1311 17 1317 1719 1318 1719 1319 1719 1321 1720 1318 1720 1317 1720 1317 1721 1315 1721 1320 1721 1317 1722 1320 1722 1321 1722 1320 1723 1322 1723 1321 1723 1322 1724 1323 1724 1321 1724 1321 1725 1323 1725 1318 1725 1322 1726 1324 1726 1323 1726 1323 1727 1324 1727 1318 1727 1325 1728 1324 1728 1322 1728 1324 1729 1325 1729 1326 1729 1318 1727 1324 1727 1326 1727 1326 1730 1327 1730 1319 1730 1326 1731 1325 1731 1329 1731 1326 1732 1329 1732 1294 1732 1294 1733 1328 1733 1326 1733 1326 1734 1319 1734 1318 1734 1326 1735 1328 1735 1327 1735 1330 1736 1327 1736 1328 1736 1331 17 1330 17 1333 17 1330 1737 1328 1737 1333 1737 1331 1738 1333 1738 1334 1738 1334 17 1333 17 1335 17 1333 1739 1328 1739 1294 1739 1333 1740 1294 1740 1336 1740 1335 17 1333 17 1336 17 672 1741 1337 1741 1338 1741 1337 1742 1335 1742 1338 1742 1335 1743 1336 1743 1339 1743 1335 1744 1339 1744 1340 1744 1338 1745 1335 1745 1340 1745 1336 1746 1294 1746 1339 1746 672 1747 1338 1747 1341 1747 1338 1748 1340 1748 1341 1748 1340 17 1342 17 1343 17 1341 1749 1340 1749 1343 1749 1341 1750 1343 1750 1344 1750 1341 1751 1344 1751 672 1751 672 1752 1344 1752 1287 1752 1344 1753 1343 1753 1287 1753 1287 1754 1343 1754 1289 1754 1343 17 1342 17 1288 17 1343 1755 1288 1755 1289 1755 1342 1756 1296 1756 1288 1756 1342 1757 1295 1757 1296 1757 1340 17 1339 17 1342 17 1339 1758 1295 1758 1342 1758 1339 1759 1294 1759 1295 1759 1337 1760 1334 1760 1335 1760 672 1761 1332 1761 1337 1761 1332 1762 1334 1762 1337 1762 1332 1763 1331 1763 1334 1763 671 1764 1332 1764 672 1764 671 17 1345 17 1332 17 1345 1765 1331 1765 1332 1765 1346 1766 1330 1766 1331 1766 1345 1767 1346 1767 1331 1767 1346 1768 1347 1768 1330 1768 1347 1769 1319 1769 1330 1769 1330 1770 1319 1770 1327 1770 1348 1771 1347 1771 1346 1771 1349 1772 1319 1772 1347 1772 1348 17 1349 17 1347 17 1349 1773 1350 1773 1319 1773 49 17 1319 17 1350 17 1351 17 1349 17 1348 17 1349 1774 1352 1774 1350 1774 49 1775 1350 1775 1352 1775 1353 1776 1352 1776 1349 1776 1355 1777 1352 1777 1353 1777 1354 1778 1353 1778 1351 1778 1354 17 1355 17 1353 17 1355 1779 1356 1779 1352 1779 43 1780 1355 1780 1354 1780 44 1781 1356 1781 1355 1781 49 1782 1356 1782 1357 1782 44 1783 1357 1783 1356 1783 1357 1784 44 1784 47 1784 1357 1785 47 1785 48 1785 1357 17 48 17 49 17 1373 1786 40 1786 41 1786 1358 17 1373 17 42 17 41 17 42 17 1373 17 38 4 1359 4 1363 4 1363 1787 1360 1787 38 1787 38 1788 1360 1788 37 1788 1361 1789 37 1789 1360 1789 34 4 37 4 1361 4 1362 1790 34 1790 1361 1790 35 1791 1362 1791 33 1791 35 1792 34 1792 1362 1792 1361 1793 1360 1793 1364 1793 1363 1794 1364 1794 1360 1794 1361 4 1364 4 1365 4 1366 1795 1361 1795 1365 1795 1362 1796 1366 1796 33 1796 1362 1797 1361 1797 1366 1797 668 1798 1364 1798 1363 1798 1363 4 1367 4 668 4 1363 1799 1359 1799 1367 1799 1370 1800 1367 1800 1359 1800 1370 1801 1359 1801 39 1801 1374 1802 1370 1802 39 1802 1369 1803 1348 1803 1345 1803 1369 17 1345 17 1368 17 1345 1804 1348 1804 1346 1804 1368 1805 670 1805 1374 1805 671 1806 670 1806 1368 1806 1370 17 670 17 669 17 669 1807 1367 1807 1370 1807 665 1808 1364 1808 667 1808 1366 1809 1365 1809 665 1809 1365 4 1364 4 665 4 1366 1810 665 1810 1371 1810 1366 4 1371 4 33 4 668 1811 667 1811 1364 1811 1345 1812 671 1812 1368 1812 670 1813 1370 1813 1374 1813 1372 1814 1348 1814 1369 1814 1373 17 1369 17 1368 17 1373 1815 1372 1815 1369 1815 1372 1816 1351 1816 1348 1816 1351 17 1353 17 1349 17 1373 1817 1374 1817 40 1817 1374 17 39 17 40 17 1358 1818 1351 1818 1372 1818 1358 17 1372 17 1373 17 1368 1819 1374 1819 1373 1819 1358 1820 1354 1820 1351 1820 42 1821 43 1821 1354 1821 42 1822 1354 1822 1358 1822 1356 17 49 17 1352 17 1294 1823 1329 1823 1297 1823 1325 1824 1379 1824 1329 1824 1329 1825 1379 1825 1297 1825 1376 17 1379 17 1325 17 1375 17 1379 17 1376 17 1375 1826 1377 1826 1380 1826 1380 17 1381 17 1375 17 1378 1827 1382 1827 1377 1827 1380 1828 1377 1828 1382 1828 1383 1829 1298 1829 1381 1829 1380 1830 1383 1830 1381 1830 1383 1831 1292 1831 1298 1831 1383 1832 1293 1832 1292 1832 1380 1833 1385 1833 1383 1833 1384 17 1385 17 1380 17 1380 1834 1382 1834 1384 1834 1384 1835 1382 1835 1378 1835 1385 1836 1384 1836 1394 1836 1385 1837 1394 1837 1293 1837 1308 1838 1384 1838 1306 1838 1306 1839 1384 1839 1378 1839 1394 1840 1384 1840 1308 1840 1386 1841 1309 1841 1305 1841 1377 1842 1386 1842 1305 1842 1305 17 1306 17 1377 17 1306 1843 1378 1843 1377 1843 1387 17 1386 17 1377 17 1375 1844 1376 1844 1377 1844 1377 1845 1376 1845 1387 1845 1387 1846 1388 1846 1386 1846 1376 1847 1388 1847 1387 1847 1315 17 1312 17 1388 17 1312 1848 1309 1848 1388 1848 1388 1849 1325 1849 1322 1849 1388 1850 1322 1850 1315 1850 1376 17 1325 17 1388 17 1388 1851 1309 1851 1386 1851 1385 1852 1293 1852 1383 1852 1375 1853 1381 1853 1379 1853 1381 1854 1297 1854 1379 1854 1381 1855 1298 1855 1297 1855 1315 1856 1322 1856 1320 1856 1311 17 1319 17 49 17 1310 17 1309 17 1312 17 1311 17 49 17 1389 17 1389 17 1390 17 1311 17 1309 1857 1307 1857 1305 1857 1391 1858 1389 1858 1392 1858 1392 1859 1389 1859 49 1859 1309 17 1391 17 1308 17 1308 1860 1307 1860 1309 1860 1308 1861 1391 1861 1393 1861 1393 1862 1392 1862 1394 1862 1394 17 1308 17 1393 17 1394 1863 1392 1863 1395 1863 1395 17 1392 17 49 17 1391 1864 1392 1864 1393 1864 1310 1865 1389 1865 1391 1865 1309 1866 1310 1866 1391 1866 1310 1867 1390 1867 1389 1867 1293 1868 1394 1868 1395 1868 1396 1869 1398 1869 49 1869 49 1870 1397 1870 1290 1870 1398 1871 1397 1871 49 1871 1399 1872 1398 1872 1396 1872 1398 17 1399 17 1401 17 1397 17 1398 17 1400 17 1400 17 1398 17 1401 17 1400 17 1401 17 1402 17 1402 1873 1401 1873 1438 1873 1438 1874 1401 1874 1431 1874 1401 1875 1399 1875 1403 1875 1431 1876 1401 1876 1403 1876 1408 17 1304 17 1407 17 1423 1877 1406 1877 1407 1877 1423 17 1407 17 1304 17 1422 1878 1406 1878 1423 1878 1422 17 1424 17 1406 17 1434 1879 1424 1879 1421 1879 1414 17 1434 17 1421 17 1404 1880 1424 1880 1434 1880 1405 17 1434 17 1414 17 1406 17 1424 17 1404 17 1414 1881 1411 1881 1405 1881 1413 1882 1410 1882 1414 1882 1414 1883 1410 1883 1412 1883 1412 17 1411 17 1414 17 1410 1884 1400 1884 1412 1884 1412 1885 1400 1885 1411 1885 1411 1886 1402 1886 1405 1886 1400 1887 1402 1887 1411 1887 1410 17 1397 17 1400 17 1413 1888 1409 1888 1410 1888 1410 1889 1409 1889 1397 1889 1290 1890 1409 1890 1291 1890 1397 1891 1409 1891 1290 1891 1415 17 1409 17 1413 17 1413 1892 1414 1892 1415 1892 1421 17 1416 17 1414 17 1415 1893 1414 1893 1416 1893 1409 1894 1417 1894 1291 1894 1304 1895 1291 1895 1417 1895 1415 1896 1419 1896 1418 1896 1419 1897 1420 1897 1418 1897 1415 1898 1416 1898 1421 1898 1422 1899 1423 1899 1419 1899 1415 17 1422 17 1419 17 1420 1900 1423 1900 1304 1900 1419 1901 1423 1901 1420 1901 1415 1902 1421 1902 1424 1902 1422 1903 1415 1903 1424 1903 1418 1904 1420 1904 1417 1904 1304 1905 1417 1905 1420 1905 1418 1906 1417 1906 1409 1906 1415 1907 1418 1907 1409 1907 49 1908 1425 1908 1408 1908 1425 17 1426 17 1408 17 1426 1909 1427 1909 1408 1909 1408 17 1427 17 73 17 73 1910 1429 1910 1408 1910 1408 17 1428 17 1304 17 1429 1911 1428 1911 1408 1911 1408 1912 1407 1912 1430 1912 1408 1913 1430 1913 1432 1913 1432 1914 1431 1914 1408 1914 1408 1915 1431 1915 1396 1915 1408 1916 1396 1916 49 1916 1433 1917 1430 1917 1407 1917 1437 1918 1432 1918 1430 1918 1437 1919 1430 1919 1433 1919 1436 1920 1437 1920 1433 1920 1438 1921 1432 1921 1437 1921 1436 1922 1438 1922 1437 1922 1402 1923 1438 1923 1436 1923 1438 1924 1431 1924 1432 1924 1434 1925 1405 1925 1435 1925 1402 1926 1435 1926 1405 1926 1404 1927 1434 1927 1436 1927 1436 17 1433 17 1404 17 1406 1928 1404 1928 1433 1928 1433 1929 1407 1929 1406 1929 1436 1930 1435 1930 1402 1930 1436 1931 1434 1931 1435 1931 73 1932 1439 1932 1429 1932 1439 1933 1441 1933 1429 1933 1429 1934 1440 1934 1428 1934 1441 1935 1440 1935 1429 1935 1442 17 1440 17 1441 17 1442 1936 1441 1936 1439 1936 1443 1937 1440 1937 1442 1937 1444 1938 1442 1938 1439 1938 1443 1939 1442 1939 1444 1939 1445 1940 1444 1940 1439 1940 1445 1941 1443 1941 1444 1941 1223 17 1445 17 1439 17 1304 17 1445 17 1223 17 1304 1942 1446 1942 1445 1942 1446 1941 1443 1941 1445 1941 1447 1943 1446 1943 1304 1943 1446 17 1447 17 1443 17 1428 1944 1447 1944 1304 1944 1443 17 1447 17 1440 17 1440 1945 1447 1945 1428 1945 1223 1946 1439 1946 73 1946 73 1947 1427 1947 71 1947 1427 1948 69 1948 71 1948 67 1949 69 1949 1448 1949 1427 1950 1448 1950 69 1950 67 1951 1448 1951 1449 1951 1449 1952 61 1952 67 1952 1449 17 1448 17 1450 17 1425 1953 1450 1953 1448 1953 1425 1954 1448 1954 1426 1954 1449 1955 1450 1955 1451 1955 1451 1956 60 1956 61 1956 1451 1957 61 1957 1449 1957 1451 17 1450 17 50 17 1452 1958 1450 1958 1425 1958 1452 1959 50 1959 1450 1959 1452 17 1425 17 49 17 67 1960 61 1960 66 1960 1426 1961 1448 1961 1427 1961 1431 17 1403 17 1396 17 1403 1962 1399 1962 1396 1962 1223 17 1229 17 1304 17 1304 1963 1229 1963 1453 1963 1304 1964 1453 1964 1299 1964 1454 1965 1299 1965 1455 1965 1456 1966 1454 1966 1455 1966 1457 17 1454 17 1456 17 1233 1967 1457 1967 1456 1967 1234 1968 1457 1968 1233 1968 1454 1969 1300 1969 1299 1969 1458 1970 1454 1970 1457 1970 1234 1971 1458 1971 1457 1971 1235 1972 1458 1972 1234 1972 1458 17 1459 17 1454 17 1459 1973 1300 1973 1454 1973 1458 17 1460 17 1459 17 1460 1974 1301 1974 1459 1974 1460 1975 1302 1975 1301 1975 1461 17 1460 17 1458 17 1462 1976 1460 1976 1461 1976 1236 1977 1462 1977 1461 1977 1462 1978 1463 1978 1460 1978 1463 1979 1303 1979 1302 1979 1463 1980 1302 1980 1460 1980 1236 1981 1461 1981 1458 1981 1236 1982 1458 1982 1235 1982 1459 1983 1301 1983 1300 1983 1455 1984 1299 1984 1453 1984 1456 17 1455 17 1464 17 1455 1985 1453 1985 1464 1985 1464 1986 1453 1986 1229 1986 1456 1987 1464 1987 1465 1987 1230 1988 1456 1988 1465 1988 1233 1989 1456 1989 1230 1989 1288 1990 1303 1990 1463 1990 1287 1991 1466 1991 672 1991 1467 1992 672 1992 1469 1992 672 17 1466 17 1468 17 1469 1993 672 1993 1468 1993 1470 4 1467 4 1469 4 1480 1994 1286 1994 1479 1994 1471 1995 1286 1995 1480 1995 1480 1996 1466 1996 1471 1996 1471 1997 1466 1997 1232 1997 1287 1998 1232 1998 1466 1998 1472 4 1284 4 1545 4 1284 1999 1479 1999 1286 1999 1472 2000 1477 2000 1284 2000 1477 2001 1479 2001 1284 2001 1475 4 1473 4 1474 4 1478 4 1477 4 1472 4 1473 2002 1478 2002 1472 2002 1478 2003 1484 2003 1477 2003 1484 2004 1479 2004 1477 2004 1480 2005 1481 2005 1466 2005 1466 17 1481 17 1468 17 1480 17 1479 17 1483 17 1483 2006 1481 2006 1480 2006 1484 2007 1482 2007 1479 2007 1483 2008 1479 2008 1482 2008 1483 2009 1492 2009 1481 2009 1481 17 1492 17 1468 17 1491 2010 1492 2010 1483 2010 1487 4 1488 4 1486 4 1488 2011 1485 2011 1486 2011 1542 2012 1487 2012 1489 2012 1542 4 1489 4 685 4 1542 2013 1490 2013 1487 2013 1490 4 1488 4 1487 4 1494 2014 1482 2014 1484 2014 1485 2015 1494 2015 1484 2015 1491 2016 1497 2016 1492 2016 1491 17 1482 17 1493 17 1493 2017 1497 2017 1491 2017 1495 4 1494 4 1485 4 1488 2018 1495 2018 1485 2018 1494 2019 1496 2019 1482 2019 1493 2020 1482 2020 1496 2020 1499 2021 1498 2021 1495 2021 1498 4 1494 4 1495 4 1488 2022 1500 2022 1499 2022 1499 2023 1495 2023 1488 2023 1488 4 1490 4 1500 4 1501 2024 1500 2024 1490 2024 1501 2025 684 2025 1502 2025 1522 2026 1500 2026 1501 2026 1497 2027 1493 2027 1517 2027 1497 17 1517 17 799 17 1497 2028 799 2028 1503 2028 1497 2029 1504 2029 1468 2029 1497 17 1503 17 1504 17 1538 2030 1468 2030 1504 2030 1506 2031 1470 2031 1505 2031 1470 4 1538 4 1505 4 1506 2032 1505 2032 1539 2032 1540 4 1507 4 1506 4 1539 4 1540 4 1506 4 1509 4 1530 4 1510 4 1530 2033 802 2033 1510 2033 1510 2034 802 2034 1515 2034 1508 2035 1509 2035 1511 2035 1513 2036 1514 2036 1512 2036 799 17 1517 17 1513 17 1517 2037 1518 2037 1513 2037 1513 2038 1518 2038 1514 2038 1518 2039 1515 2039 1514 2039 1493 2040 1496 2040 1518 2040 1517 2041 1493 2041 1518 2041 1526 2042 1515 2042 1496 2042 1518 17 1496 17 1515 17 1520 2043 1519 2043 1521 2043 1520 2044 1521 2044 677 2044 1499 4 1519 4 1525 4 1519 2045 1522 2045 1521 2045 1522 2046 1523 2046 1521 2046 1521 2047 1523 2047 686 2047 1522 2048 1502 2048 1523 2048 684 2049 1523 2049 1502 2049 686 2050 1523 2050 684 2050 1499 4 1500 4 1519 4 1522 2051 1519 2051 1500 2051 1498 4 1526 4 1494 4 1525 2052 1498 2052 1499 2052 1526 2053 1496 2053 1494 2053 1521 2054 686 2054 677 2054 683 2055 1520 2055 677 2055 1520 2056 1524 2056 1519 2056 1525 4 1519 4 1524 4 1516 4 1526 4 1498 4 1525 2057 1516 2057 1498 2057 1516 4 1510 4 1526 4 1510 2058 1515 2058 1526 2058 1511 2059 1516 2059 1525 2059 1525 4 1524 4 1511 4 1527 2060 1524 2060 1520 2060 683 2061 1527 2061 1520 2061 1527 2062 1528 2062 1524 2062 1511 4 1524 4 1528 4 1511 2063 1509 2063 1516 2063 1507 2064 1528 2064 1527 2064 1507 4 1527 4 683 4 1511 4 1528 4 1508 4 683 2065 1470 2065 1506 2065 1506 2066 1507 2066 683 2066 1470 4 1469 4 1538 4 1469 2067 1468 2067 1538 2067 683 2068 675 2068 1470 2068 675 2069 1467 2069 1470 2069 673 2070 672 2070 1467 2070 675 4 673 4 1467 4 676 2071 675 2071 683 2071 1509 2072 1510 2072 1516 2072 1514 2073 1515 2073 1512 2073 1512 17 1515 17 802 17 1513 2074 1512 2074 1529 2074 1508 2075 1528 2075 1531 2075 1540 2076 1531 2076 1528 2076 1540 2077 1528 2077 1507 2077 1508 2078 805 2078 1509 2078 805 2079 1530 2079 1509 2079 1529 2080 1532 2080 1533 2080 1529 2081 1512 2081 1532 2081 1512 2082 802 2082 1532 2082 799 2083 1529 2083 1533 2083 805 4 804 4 1530 4 804 2084 802 2084 1530 2084 799 2085 1533 2085 1534 2085 1533 2086 1532 2086 1534 2086 806 2087 1531 2087 1540 2087 807 4 806 4 1540 4 807 2088 1535 2088 808 2088 1535 2089 1536 2089 808 2089 1536 2090 1503 2090 799 2090 808 2091 1536 2091 1537 2091 1536 2092 799 2092 1537 2092 800 2093 1537 2093 799 2093 800 2094 808 2094 1537 2094 800 2095 809 2095 808 2095 1535 2096 1538 2096 1536 2096 1538 2097 1503 2097 1536 2097 1505 4 1538 4 1535 4 807 2098 1505 2098 1535 2098 1539 2099 1505 2099 807 2099 807 4 1540 4 1539 4 1538 2100 1504 2100 1503 2100 799 2101 1513 2101 1529 2101 1502 2102 1522 2102 1501 2102 1541 2103 685 2103 684 2103 1541 2104 684 2104 1501 2104 1501 2105 1490 2105 1541 2105 1541 4 1542 4 685 4 1541 2106 1490 2106 1542 2106 1468 2107 1492 2107 1497 2107 1485 4 1484 4 1478 4 1486 2108 1485 2108 1478 2108 1487 2109 1486 2109 1475 2109 1476 2110 1487 2110 1475 2110 1489 2111 1487 2111 1476 2111 685 2112 1489 2112 1476 2112 1486 2113 1478 2113 1473 2113 1475 4 1486 4 1473 4 1483 17 1482 17 1491 17 1476 2114 1475 2114 1474 2114 685 4 1476 4 1543 4 1476 2115 1474 2115 1543 2115 1473 2116 1472 2116 1545 2116 1474 4 1473 4 1544 4 1543 2117 1474 2117 1544 2117 1543 2118 1544 2118 1282 2118 1543 4 1282 4 685 4 1544 4 1285 4 1281 4 1282 2119 1544 2119 1281 2119 1285 2120 1545 2120 1279 2120 1545 2121 1284 2121 1279 2121 1281 2122 1285 2122 1278 2122 1285 2123 1279 2123 1278 2123 1544 2124 1473 2124 1285 2124 1272 2125 1281 2125 1273 2125 1281 4 1278 4 1273 4 175 4 1272 4 1546 4 1272 2126 1271 2126 1546 2126 1271 2127 1270 2127 1263 2127 1265 2128 1271 2128 1264 2128 1271 2129 1263 2129 1264 2129 1546 2130 1271 2130 1265 2130 1265 2131 175 2131 1546 2131 1265 2132 1547 2132 175 2132 1265 2133 1264 2133 1547 2133 1264 4 1260 4 1548 4 1547 2134 1264 2134 1548 2134 1260 2135 1259 2135 1257 2135 1259 4 1255 4 1257 4 1547 2136 1548 2136 1549 2136 175 2137 1547 2137 1549 2137 1549 2138 1550 2138 175 2138 1247 2139 175 2139 1550 2139 1550 2140 1551 2140 1247 2140 1549 2141 1551 2141 1550 2141 1551 2142 1552 2142 1249 2142 1247 2143 1551 2143 1249 2143 1552 2144 1551 2144 1549 2144 1548 2145 1552 2145 1549 2145 1548 2146 1260 2146 1553 2146 1552 2147 1548 2147 1553 2147 1553 4 1260 4 1252 4 1252 2148 1257 2148 1254 2148 1552 2149 1553 2149 1250 2149 1250 2150 1553 2150 1251 2150 1553 4 1252 4 1251 4 1249 2151 1552 2151 1250 2151 1263 2152 1259 2152 1260 2152 1264 2153 1263 2153 1260 2153 1255 2154 1254 2154 1257 2154 1241 2155 1258 2155 1240 2155 1251 2156 1244 2156 1554 2156 1245 2157 1251 2157 1554 2157 1245 2158 1554 2158 1555 2158 1555 4 970 4 1245 4 1026 2159 1030 2159 1027 2159 1253 17 1032 17 1029 17 1028 2160 1253 2160 1029 2160 1243 2161 1253 2161 1028 2161 1033 2162 1032 2162 1241 2162 1244 2163 1030 2163 1026 2163 1554 4 1244 4 1026 4 1226 2164 1224 2164 1221 2164 82 17 83 17 1223 17 1557 2165 1556 2165 73 2165 73 2166 1556 2166 1223 2166 76 2167 1557 2167 73 2167 1558 2168 1557 2168 76 2168 1558 2169 1556 2169 1557 2169 1559 2170 1558 2170 82 2170 82 2171 1558 2171 76 2171 1559 17 1556 17 1558 17 1223 2172 1559 2172 82 2172 1556 2173 1559 2173 1223 2173 999 2174 1031 2174 1033 2174 999 17 1033 17 886 17 1554 2175 1025 2175 996 2175 970 2176 1002 2176 988 2176 1560 2177 976 2177 988 2177 988 2178 976 2178 970 2178 978 2179 976 2179 1560 2179 977 2180 976 2180 978 2180 986 2181 978 2181 1561 2181 1560 2182 1561 2182 978 2182 1562 2183 1561 2183 1560 2183 1562 2184 1560 2184 988 2184 1003 2185 891 2185 894 2185 986 2186 987 2186 990 2186 1135 2187 984 2187 958 2187 1578 4 1577 4 980 4 180 2188 1578 2188 980 2188 958 2189 942 2189 948 2189 958 2190 1564 2190 942 2190 958 2191 1563 2191 192 2191 958 2192 192 2192 195 2192 195 17 1564 17 958 17 1566 2193 1565 2193 1564 2193 195 2194 1566 2194 1564 2194 1565 2195 1567 2195 939 2195 1565 2196 939 2196 931 2196 1564 2197 1565 2197 931 2197 1564 2198 931 2198 942 2198 944 2199 1567 2199 1568 2199 944 2200 939 2200 1567 2200 175 2201 944 2201 1568 2201 1568 2202 1567 2202 1570 2202 1565 4 1570 4 1567 4 195 2203 1573 2203 1566 2203 1573 2204 1569 2204 1566 2204 1566 2205 1569 2205 1565 2205 1569 4 1570 4 1565 4 1571 2206 1570 2206 1572 2206 1569 4 1572 4 1570 4 985 2207 1577 2207 1576 2207 1576 2208 1575 2208 985 2208 979 2209 1575 2209 1574 2209 1563 2210 979 2210 1574 2210 181 2211 1578 2211 180 2211 1579 2212 1578 2212 181 2212 1576 2213 1577 2213 1580 2213 1578 2214 1580 2214 1577 2214 1581 2215 1580 2215 1578 2215 1579 2216 1581 2216 1578 2216 1579 2217 177 2217 1582 2217 1583 2218 1579 2218 1582 2218 177 2219 1583 2219 1582 2219 1576 2220 193 2220 1575 2220 1576 2221 1580 2221 194 2221 216 4 1580 4 1581 4 1581 2222 1584 2222 216 2222 1584 2223 218 2223 217 2223 1584 2224 1583 2224 218 2224 217 2225 216 2225 1584 2225 1584 2226 1581 2226 1579 2226 1583 2227 1584 2227 1579 2227 218 2228 1583 2228 177 2228 181 2229 177 2229 1579 2229 1563 17 1574 17 192 17 191 2230 1573 2230 195 2230 191 2231 190 2231 1569 2231 191 2232 1569 2232 1573 2232 190 4 1572 4 1569 4 185 2233 1572 2233 189 2233 190 4 189 4 1572 4 1571 2234 1572 2234 185 2234 185 2235 174 2235 1571 2235 175 2236 1571 2236 174 2236 175 4 1568 4 1571 4 1568 2237 1570 2237 1571 2237 967 2238 971 2238 966 2238 961 2239 963 2239 960 2239 175 2240 961 2240 945 2240 948 2241 954 2241 956 2241 948 2242 951 2242 953 2242 942 2243 947 2243 948 2243 940 2244 947 2244 942 2244 943 2245 947 2245 940 2245 931 2246 939 2246 930 2246 931 2247 937 2247 940 2247 939 2248 938 2248 930 2248 927 2249 933 2249 931 2249 928 2250 933 2250 927 2250 928 2251 932 2251 933 2251 928 2252 929 2252 932 2252 931 2253 924 2253 927 2253 927 2254 924 2254 919 2254 922 2255 925 2255 919 2255 908 4 917 4 912 4 908 2256 913 2256 916 2256 915 2257 916 2257 913 2257 915 2258 913 2258 914 2258 914 2259 911 2259 912 2259 910 2260 1585 2260 902 2260 910 2261 907 2261 906 2261 910 2262 906 2262 1585 2262 904 2263 902 2263 894 2263 904 2264 894 2264 895 2264 902 2265 900 2265 894 2265 900 2266 898 2266 894 2266 861 2267 873 2267 860 2267 862 2268 877 2268 876 2268 870 2269 874 2269 869 2269 864 4 863 4 1587 4 1587 2270 865 2270 864 2270 1588 2271 863 2271 875 2271 1589 2272 1588 2272 875 2272 1587 2273 1591 2273 865 2273 1587 4 843 4 1592 4 1592 2274 1591 2274 1587 2274 1594 2275 1593 2275 1599 2275 1599 2276 1595 2276 1594 2276 868 2277 1595 2277 1596 2277 1596 2278 1595 2278 853 2278 1599 2279 853 2279 1595 2279 1594 2280 1595 2280 1597 2280 1597 2281 1595 2281 868 2281 868 2282 1586 2282 1597 2282 1586 2283 1590 2283 1597 2283 1590 2284 865 2284 1591 2284 1590 2285 1594 2285 1597 2285 1590 4 1591 4 1593 4 1594 2286 1590 2286 1593 2286 840 4 850 4 1596 4 1596 2287 853 2287 840 2287 1596 2288 850 2288 857 2288 1592 2289 842 2289 1591 2289 1599 2290 1598 2290 854 2290 852 2291 1599 2291 854 2291 853 2292 1599 2292 852 2292 1599 2293 1593 2293 1598 2293 1593 2294 842 2294 1598 2294 1593 2295 1591 2295 842 2295 844 2296 843 2296 1588 2296 855 2297 844 2297 1588 2297 856 2298 855 2298 1589 2298 855 2299 1588 2299 1589 2299 868 2300 1596 2300 860 2300 857 2301 860 2301 1596 2301 856 2302 1589 2302 858 2302 1587 2303 863 2303 843 2303 1588 2304 843 2304 863 2304 1586 2305 869 2305 1590 2305 850 2306 847 2306 857 2306 845 17 844 17 855 17 856 2307 845 2307 855 2307 829 2308 831 2308 830 2308 789 2309 1534 2309 780 2309 790 2310 806 2310 797 2310 798 2311 809 2311 800 2311 809 2312 796 2312 797 2312 798 2313 796 2313 809 2313 790 2314 794 2314 792 2314 790 2315 787 2315 774 2315 788 2316 787 2316 790 2316 774 2317 786 2317 778 2317 781 2318 778 2318 786 2318 779 2319 778 2319 781 2319 774 2320 775 2320 784 2320 771 2321 777 2321 776 2321 771 2322 773 2322 777 2322 772 2323 777 2323 773 2323 766 2324 770 2324 772 2324 770 2325 767 2325 771 2325 768 2326 763 2326 766 2326 763 4 762 4 765 4 762 2327 759 2327 765 2327 755 2328 757 2328 760 2328 758 17 756 17 754 17 754 2329 755 2329 758 2329 752 2330 746 2330 753 2330 753 4 746 4 751 4 741 2331 1600 2331 752 2331 752 4 1600 4 746 4 1600 2332 745 2332 746 2332 745 2333 1600 2333 1601 2333 745 2334 743 2334 744 2334 1601 2335 743 2335 745 2335 1601 2336 742 2336 743 2336 739 2337 1602 2337 1601 2337 739 2338 1601 2338 1600 2338 1602 2339 742 2339 1601 2339 742 2340 1603 2340 741 2340 1602 2341 1603 2341 742 2341 739 2342 1604 2342 1602 2342 1604 2343 1603 2343 1602 2343 1604 2344 1605 2344 1603 2344 738 2345 1603 2345 1605 2345 1606 2346 1605 2346 1604 2346 1606 2347 1607 2347 1605 2347 738 2348 1607 2348 681 2348 681 2349 1607 2349 1608 2349 1609 2350 1607 2350 1606 2350 1609 2351 1608 2351 1607 2351 1609 2352 1606 2352 740 2352 1609 2353 1610 2353 1608 2353 1611 2354 1610 2354 1609 2354 740 2355 1611 2355 1609 2355 1611 2356 1621 2356 1610 2356 1612 2357 1611 2357 740 2357 1612 2358 1613 2358 1611 2358 671 2359 1612 2359 740 2359 671 2360 674 2360 1612 2360 696 2361 1614 2361 671 2361 671 2362 736 2362 696 2362 665 4 662 4 658 4 665 2363 667 2363 662 2363 1615 2364 662 2364 667 2364 669 2365 670 2365 1614 2365 671 2366 1614 2366 670 2366 1616 2367 674 2367 673 2367 1617 2368 1616 2368 673 2368 1612 2369 674 2369 1616 2369 1618 2370 1616 2370 1617 2370 680 2371 1618 2371 1617 2371 682 2372 1618 2372 680 2372 1612 2373 1616 2373 1619 2373 1616 2374 1618 2374 1619 2374 682 2375 1620 2375 1618 2375 1619 2376 1618 2376 1620 2376 1619 2377 1620 2377 1613 2377 1613 2378 1620 2378 1621 2378 682 2379 1621 2379 1620 2379 1613 2380 1621 2380 1611 2380 681 2381 1621 2381 682 2381 1612 2382 1619 2382 1613 2382 681 2383 1610 2383 1621 2383 681 2384 1608 2384 1610 2384 739 2385 740 2385 1606 2385 738 2386 1605 2386 1607 2386 739 2387 1606 2387 1604 2387 741 2388 1603 2388 738 2388 741 4 739 4 1600 4 738 2389 739 2389 741 2389 696 2390 697 2390 1614 2390 696 2391 734 2391 733 2391 735 2392 687 2392 678 2392 696 2393 733 2393 694 2393 733 2394 731 2394 694 2394 691 2395 678 2395 679 2395 1622 2396 636 2396 1623 2396 1623 2397 636 2397 690 2397 692 2398 690 2398 636 2398 689 2399 1622 2399 1623 2399 1623 2400 690 2400 689 2400 1624 2401 1622 2401 689 2401 1624 2402 636 2402 1622 2402 33 2403 636 2403 1624 2403 689 2404 33 2404 1624 2404 175 4 98 4 33 4 33 2405 98 2405 5 2405 6 2406 5 2406 98 2406 1625 2407 6 2407 98 2407 1625 2408 98 2408 423 2408 423 2409 424 2409 1625 2409 1625 2410 424 2410 425 2410 1625 2411 426 2411 6 2411 425 2412 426 2412 1625 2412 680 2413 1617 2413 676 2413 33 2414 1371 2414 635 2414 635 2415 1371 2415 666 2415 638 2416 664 2416 637 2416 664 4 661 4 660 4 637 2417 664 2417 660 2417 652 2418 655 2418 721 2418 645 2419 634 2419 725 2419 33 2420 635 2420 636 2420 626 2421 611 2421 720 2421 612 2422 613 2422 631 2422 631 4 607 4 612 4 630 2423 624 2423 625 2423 612 2424 607 2424 597 2424 593 2425 592 2425 604 2425 603 4 604 4 592 4 603 4 592 4 575 4 594 2426 595 2426 582 2426 594 2427 582 2427 579 2427 574 17 576 17 591 17 587 17 601 17 586 17 576 2428 586 2428 601 2428 576 2429 601 2429 590 2429 596 2430 585 2430 584 2430 584 2431 585 2431 571 2431 579 4 582 4 578 4 557 4 565 4 552 4 564 2432 552 2432 565 2432 564 2433 1626 2433 553 2433 1626 2434 1627 2434 553 2434 1628 4 1627 4 562 4 562 2435 561 2435 1628 2435 1628 2436 561 2436 540 2436 558 2437 556 2437 542 2437 542 17 559 17 558 17 1629 2438 559 2438 539 2438 539 2439 559 2439 1630 2439 542 2440 1630 2440 559 2440 542 2441 556 2441 543 2441 540 2442 561 2442 1631 2442 539 2443 1631 2443 561 2443 539 2444 561 2444 1629 2444 553 4 554 4 564 4 558 2445 559 2445 568 2445 1629 2446 569 2446 559 2446 557 2447 552 2447 545 2447 555 2448 545 2448 544 2448 544 17 543 17 555 17 1627 2449 550 2449 553 2449 529 2450 531 2450 544 2450 544 2451 545 2451 529 2451 529 2452 530 2452 531 2452 529 2453 545 2453 1632 2453 545 4 535 4 1632 4 1632 2454 535 2454 523 2454 535 2455 522 2455 523 2455 542 2456 543 2456 531 2456 518 4 1633 4 532 4 532 2457 519 2457 518 2457 518 2458 524 2458 1633 2458 521 2459 1633 2459 524 2459 533 2460 1633 2460 521 2460 533 4 521 4 522 4 532 2461 537 2461 519 2461 1632 2462 507 2462 512 2462 1632 4 523 4 507 4 523 2463 513 2463 507 2463 1634 2464 520 2464 515 2464 518 2465 515 2465 520 2465 1634 2466 515 2466 514 2466 501 2467 516 2467 488 2467 500 17 488 17 517 17 517 2468 494 2468 500 2468 508 2469 505 2469 499 2469 495 2470 508 2470 499 2470 486 2471 485 2471 494 2471 491 4 490 4 480 4 481 2472 480 2472 462 2472 464 2473 467 2473 465 2473 469 2474 473 2474 459 2474 459 2475 473 2475 438 2475 455 2476 14 2476 459 2476 438 2477 455 2477 459 2477 457 2478 10 2478 9 2478 457 4 9 4 0 4 453 2479 455 2479 438 2479 93 2480 22 2480 456 2480 448 2481 95 2481 449 2481 95 4 450 4 449 4 100 2482 95 2482 448 2482 448 2483 101 2483 100 2483 444 2484 96 2484 101 2484 416 17 428 17 435 17 426 2485 1 2485 6 2485 417 4 420 4 418 4 96 2486 398 2486 412 2486 398 2487 410 2487 412 2487 398 2488 403 2488 404 2488 395 2489 405 2489 1635 2489 1635 2490 384 2490 395 2490 1635 2491 405 2491 386 2491 405 4 387 4 386 4 389 2492 403 2492 390 2492 403 2493 415 2493 390 2493 402 2494 401 2494 381 2494 381 4 415 4 402 4 378 4 383 4 374 4 374 2495 377 2495 378 2495 374 2496 373 2496 377 2496 375 2497 372 2497 368 2497 368 17 1636 17 375 17 362 17 375 17 1636 17 361 2498 362 2498 1636 2498 361 2499 1636 2499 364 2499 364 2500 1636 2500 367 2500 367 17 1636 17 368 17 352 4 350 4 357 4 370 2501 353 2501 347 2501 363 2502 356 2502 359 2502 359 2503 360 2503 363 2503 359 2504 356 2504 358 2504 355 2505 358 2505 356 2505 357 2506 354 2506 352 2506 348 2507 349 2507 1637 2507 1637 17 344 17 348 17 345 4 332 4 1638 4 346 2508 345 2508 1638 2508 346 2509 1643 2509 347 2509 341 2510 347 2510 1643 2510 346 2511 1638 2511 1642 2511 341 2512 1643 2512 337 2512 1642 4 1643 4 346 4 1639 17 1640 17 331 17 1640 2513 1641 2513 331 2513 1637 2514 349 2514 339 2514 329 17 1641 17 1637 17 339 4 336 4 323 4 1637 2515 339 2515 310 2515 339 4 323 4 310 4 1637 2516 310 2516 309 2516 336 2517 335 2517 324 2517 336 2518 324 2518 323 2518 335 2519 326 2519 324 2519 327 2520 333 2520 328 2520 1645 2521 1644 2521 326 2521 1645 2522 335 2522 337 2522 337 2523 1643 2523 1645 2523 1644 2524 1645 2524 1643 2524 335 2525 1645 2525 326 2525 332 2526 330 2526 316 2526 333 2527 332 2527 316 2527 333 4 316 4 328 4 331 2528 1641 2528 329 2528 1640 2529 344 2529 1641 2529 1641 17 344 17 1637 17 349 4 342 4 338 4 369 2530 1639 2530 332 2530 370 2531 347 2531 341 2531 346 2532 343 2532 345 2532 343 2533 369 2533 345 2533 369 2534 366 2534 1639 2534 337 2535 335 2535 334 2535 1638 4 332 4 333 4 315 2536 329 2536 308 2536 1637 17 308 17 329 17 316 2537 330 2537 306 2537 330 17 307 17 306 17 301 4 285 4 286 4 269 2538 268 2538 275 2538 280 2539 274 2539 227 2539 230 17 274 17 272 17 267 2540 265 2540 232 2540 232 17 231 17 267 17 264 2541 266 2541 262 2541 182 2542 262 2542 266 2542 234 2543 261 2543 236 2543 236 4 261 4 259 4 236 4 259 4 257 4 237 2544 238 2544 258 2544 238 2545 257 2545 258 2545 257 2546 259 2546 255 2546 245 2547 247 2547 214 2547 219 2548 242 2548 216 2548 220 2549 242 2549 219 2549 240 2550 241 2550 239 2550 223 2551 241 2551 242 2551 221 2552 223 2552 242 2552 221 2553 242 2553 220 2553 246 17 228 17 230 17 231 2554 246 2554 230 2554 237 2555 246 2555 231 2555 221 2556 225 2556 223 2556 177 2557 173 2557 218 2557 216 2558 243 2558 1580 2558 213 2559 209 2559 215 2559 213 2560 211 2560 196 2560 182 2561 204 2561 253 2561 197 2562 206 2562 198 2562 196 2563 206 2563 197 2563 198 2564 205 2564 202 2564 198 2565 202 2565 200 2565 182 4 201 4 203 4 188 2566 201 2566 182 2566 187 2567 188 2567 183 2567 183 2568 188 2568 182 2568 179 2569 171 2569 176 2569 158 2570 164 2570 152 2570 176 2571 168 2571 102 2571 168 2572 167 2572 104 2572 102 2573 168 2573 1646 2573 168 2574 104 2574 1646 2574 166 2575 104 2575 167 2575 166 2576 165 2576 130 2576 165 2577 169 2577 130 2577 160 2578 106 2578 159 2578 107 2579 106 2579 160 2579 157 17 161 17 160 17 155 2580 142 2580 161 2580 151 2581 150 2581 156 2581 155 2582 139 2582 141 2582 149 2583 139 2583 155 2583 150 17 149 17 155 17 135 2584 108 2584 143 2584 22 17 29 17 21 17 28 2585 21 2585 29 2585 1647 17 29 17 22 17 93 2586 1647 2586 22 2586 93 2587 120 2587 64 2587 1648 2588 1647 2588 93 2588 1648 17 93 17 64 17 1649 2589 1647 2589 1648 2589 1649 2590 1648 2590 64 2590 1649 2591 1650 2591 1647 2591 1650 2592 29 2592 1647 2592 23 4 28 4 26 4 85 2593 64 2593 132 2593 85 2594 84 2594 1651 2594 77 2595 1651 2595 84 2595 77 2596 84 2596 80 2596 85 17 1651 17 1652 17 85 2597 65 2597 64 2597 1652 2598 65 2598 85 2598 1652 2599 1651 2599 75 2599 74 2600 75 2600 77 2600 77 2601 75 2601 1651 2601 1652 2602 63 2602 65 2602 70 2603 63 2603 1652 2603 70 2604 62 2604 63 2604 31 4 57 4 36 4 51 2605 47 2605 46 2605 38 2606 37 2606 36 2606 33 2607 5 2607 1653 2607 1653 2608 32 2608 33 2608 1653 2609 30 2609 32 2609 30 4 27 4 57 4 1654 2610 30 2610 1653 2610 1654 4 1653 4 5 4 1654 2611 25 2611 30 2611 5 4 1655 4 1654 4 1655 2612 25 2612 1654 2612 1655 2613 24 2613 25 2613 1655 2614 18 2614 24 2614 1656 4 1655 4 5 4 1656 2615 18 2615 1655 2615 18 4 17 4 1657 4 1658 2616 18 2616 1656 2616 5 2617 1658 2617 1656 2617 1659 2618 18 2618 1658 2618 1658 2619 5 2619 1659 2619 1659 2620 1662 2620 18 2620 1659 2621 5 2621 4 2621 1659 2622 4 2622 1660 2622 8 2623 1661 2623 1660 2623 4 2624 8 2624 1660 2624 1662 2625 1661 2625 10 2625 10 4 11 4 1662 4 1660 2626 1661 2626 1659 2626 1661 2627 1662 2627 1659 2627 17 2628 20 2628 1657 2628 1657 2629 20 2629 23 2629 20 4 19 4 23 4 18 2630 1657 2630 24 2630 27 2631 26 2631 57 2631</p>
        </triangles>
      </mesh>
    </geometry>
  </library_geometries>
  <library_visual_scenes>
    <visual_scene id="Scene" name="Scene">
      <node id="rplidar_ca_edit_001" name="rplidar_ca_edit.001" type="NODE">
        <matrix sid="transform">1 0 0 0 0 1 0 0 0 0 1 -0.035574 0 0 0 1</matrix>
        <instance_geometry url="#rplidar_ca_edit_001-mesh" name="rplidar_ca_edit.001"/>
      </node>
    </visual_scene>
  </library_visual_scenes>
  <scene>
    <instance_visual_scene url="#Scene"/>
  </scene>
</COLLADA>