<?xml version="1.0" encoding="utf-8"?>
<COLLADA xmlns="http://www.collada.org/2005/11/COLLADASchema" version="1.4.1" xmlns:xsi="http://www.w3.org/2001/XMLSchema-instance">
  <asset>
    <contributor>
      <author>Blender User</author>
      <authoring_tool>Blender 3.0.1</authoring_tool>
    </contributor>
    <created>2025-12-17T21:08:52</created>
    <modified>2025-12-17T21:08:52</modified>
    <unit name="meter" meter="1"/>
    <up_axis>Z_UP</up_axis>
  </asset>
  <library_images/>
  <library_geometries>
    <geometry id="shape0-mesh" name="shape0">
      <mesh>
        <source id="shape0-mesh-positions">
          <float_array id="shape0-mesh-positions-array" count="17163">-0.01089924 0.00996685 0.02207297 -0.009451925 0.01202648 0.02207303 -0.009446084 0.01201486 0.02234137 -0.0101546 0.01030606 0.02557295 -0.00665915 0.0134921 0.02207303 -0.006350219 0.01360696 0.02235651 -0.003789484 0.0143854 0.02207297 -0.00781542 0.01296055 0.02237814 -0.01133537 0.0104925 0.02209627 -0.01177567 0.01149535 0.02257287 -0.01152932 0.01060611 0.02255511 -0.01138263 0.01182246 0.03107297 -0.01146554 0.01015275 0.02557301 -0.01077175 0.01106101 0.02557212 -0.01129436 0.01018023 0.0224269 -0.01123183 0.01017552 0.0220732 -0.01107704 0.01002424 0.02557295 -0.01117634 0.0107091 0.02233988 -0.0107609 0.01105314 0.03207296 -0.01139169 0.01183027 0.03207296 -0.01170152 0.01221501 0.03157109 -0.01170074 0.01221334 0.03107297 -0.01327443 0.01078206 0.03107297 -0.01321411 0.01083964 0.03157293 -0.01435679 0.009548187 0.03107297 -0.01396912 0.009234309 0.03107297 -0.01327294 0.01005989 0.02257364 -0.01396679 0.009232342 0.024073 -0.01319879 0.008612453 0.03207296 -0.01320743 0.008622169 0.02557295 -0.01435828 0.009549677 0.03157407 -0.0139997 0.00927335 0.03207302 -0.01229411 0.00919485 0.02557301 -0.01235467 0.009250044 0.02249854 -0.01224505 0.009649217 0.02557295 -0.0123502 0.009441137 0.0225709 -0.01209264 0.009986579 0.02257299 -0.01207238 0.00984925 0.03207296 -0.01203525 0.009885668 0.02821093 -0.01278251 0.01056981 0.03107297 -0.0118103 0.01009166 0.02557289 -0.01152664 0.01020354 0.02256864 -0.0130847 0.009058475 0.02256554 -0.01471114 0.00826478 0.02257293 -0.01470851 0.008262217 0.024073 -0.01348972 0.00613749 0.024073 -0.01293963 0.004208743 0.02997297 -0.01386857 0.006041288 0.024073 -0.01599538 0.009162366 0.024073 -0.01595169 0.009131729 0.02007287 -0.01552623 0.00697118 0.024073 -0.01389384 0.006049394 0.02997297 -0.01492118 0.005129337 0.02997297 -0.01433306 0.006281554 0.02997297 -0.01434665 0.006287992 0.03107297 -0.01552408 0.006970107 0.03107297 -0.01573675 0.006650924 0.02007287 -0.01577949 0.006563067 0.02257299 -0.01471984 0.008269071 0.02007287 -0.01716637 0.007306993 0.024073 -0.01706409 0.007360935 0.02007287 -0.01467931 0.006882786 0.02256435 -0.01607763 0.003617823 0.02249544 -0.01476246 0.00632137 0.0224117 -0.01266795 0.009198367 0.02234756 -0.01545274 0.004965066 0.02238678 -0.01385539 0.007755219 0.02235323 -0.01286786 0.009005188 0.02207279 -0.01237726 0.009145855 0.02207881 -0.01214283 0.008780121 0.02207297 -0.01245439 0.008007705 0.02557295 -0.01231461 0.00783801 0.024073 -0.0124154 0.008007943 0.02997297 -0.01542496 0.005011439 0.02207297 -0.01419341 0.007246434 0.02207297 -0.01609033 0.003246068 0.0223214 -0.01684421 -4.83329e-4 0.02241313 -0.01688307 -0.001889288 0.022372 -0.01679033 -0.003589868 0.0224086 -0.01537132 -0.008705794 0.02239942 -0.01617866 -0.006640851 0.02243912 -0.01656818 -0.005008101 0.02235108 -0.01653498 0.001593291 0.02236425 -0.01175773 0.008535325 0.02207297 -0.0169053 -0.001641333 0.02207297 -0.01183032 0.008709192 0.02997297 -0.01191747 0.008663058 0.02557295 -0.01644372 0.00206083 0.02207297 -0.01234078 0.00776571 0.02997297 -0.01657521 -0.004966259 0.02207297 -0.01432818 -0.01063644 0.02236068 -0.01414567 -0.01119434 0.02256035 -0.01632601 0.003408849 0.02257025 -0.01696366 0.003796875 0.02257299 -0.01680475 0.004322588 0.02007287 -0.01713907 -6.34105e-4 0.0225709 -0.01276892 -0.01292186 0.02256196 -0.01533037 -0.009223639 0.02256095 -0.01666682 -0.005727052 0.02256822 -0.0230686 -0.002774834 0.01907289 -0.02311539 -8.11421e-4 0.01907289 -0.0236442 -0.001145482 0.01907289 -0.02229005 -0.002616286 0.01907289 -0.02190828 -0.002060413 0.01907289 -0.02386862 -0.001827538 0.01907283 -0.02365398 -0.002393066 0.01907289 -0.02192294 -0.001435875 0.01907289 -0.02239084 -8.80191e-4 0.01907289 -0.01789671 -0.002185165 0.02007287 -0.0176782 0.001124739 0.02007287 -0.02191549 -0.001425683 0.02007287 -0.01760339 0.001316606 0.02257299 -0.02238988 -8.59597e-4 0.02007287 -0.01760548 0.006257712 0.02007287 -0.02483791 0.009630262 0.02007287 -0.01761567 0.006285548 0.02157288 -0.01640772 0.005249202 0.024073 -0.01638978 0.005299329 0.03107297 -0.01545959 0.003983199 0.03107297 -0.0129382 0.004014313 0.02357292 -0.01224422 0.005260407 0.02207297 -0.0113849 0.006776869 0.02997297 -0.01137071 0.008645892 0.02997297 -0.01120609 0.008536159 0.02207297 -0.01026803 0.007836163 0.02207297 -0.009257376 0.008941829 0.02997297 -0.01079124 0.008878231 0.02207297 -0.01101565 0.008826255 0.02997297 -0.01078695 0.009220361 0.02997297 -0.007653176 0.009953796 0.02207297 -0.01065045 0.009262681 0.02207297 -0.007671654 0.01006579 0.02997297 -0.004706442 0.01131767 0.02207297 -0.006350219 0.0107851 0.02997297 -0.006168007 0.01078444 0.02357292 -0.007130324 0.01272457 0.02357298 -0.006732523 0.01304644 0.03107297 -0.005403995 0.01341891 0.02357298 -0.004456818 0.01385307 0.03107297 -0.006165981 0.01642924 0.024073 -0.005247294 0.01664483 0.02157288 -0.006916224 0.02335321 0.02327299 -0.00893557 0.02273863 0.02157288 -0.008434176 0.01549416 0.02157288 -0.005144536 0.01507264 0.024073 -0.007444977 0.01423531 0.024073 -0.006972789 0.01443576 0.03107297 -0.009079933 0.01520276 0.024073 -0.009122908 0.0133897 0.03107297 -0.007276952 0.01277405 0.02997297 -0.008180677 0.01169097 0.02997297 -0.008178412 0.01167535 0.024073 -0.01040536 0.01255571 0.024073 -0.008303761 0.01132595 0.02997297 -0.008311808 0.01131767 0.024073 -0.009908854 0.01019179 0.02997297 -0.0113815 0.0118218 0.024073 -0.009989976 0.01016545 0.024073 -0.01086503 0.009688615 0.02997297 -0.01080805 0.009750127 0.02557295 -0.002736747 0.01457411 0.02235358 -0.004856586 0.01411175 0.02237862 -0.006899058 0.01362627 0.02256619 -0.009667754 0.01203113 0.02253866 -5.67048e-5 0.01482087 0.02248382 1.24577e-4 0.01498305 0.02257084 0.003769457 0.01444822 0.02256721 0.009257853 0.01185733 0.02255982 0.01212239 0.01053243 0.02257317 0.01064854 0.01182264 0.024073 0.01064836 0.01182162 0.03107297 0.01098388 0.01222032 0.03107297 0.01096701 0.01221346 0.03157472 0.01068735 0.01185214 0.03207302 0.01003944 0.0110591 0.03207296 0.01208859 0.01053476 0.03107297 0.01363569 0.009593248 0.03107297 0.01266574 0.01065742 0.03157299 0.01324504 0.009243249 0.03207296 0.01167058 0.009516298 0.03207296 0.01362174 0.009546875 0.03157287 0.01323437 0.009233176 0.03107297 0.01323401 0.009232759 0.024073 0.01477205 0.005340754 0.02256476 0.01210373 0.009331405 0.02255278 0.01476055 0.007029294 0.02257299 0.01397234 0.00826025 0.02257293 0.01404386 0.008262932 0.02007287 0.01521426 0.009129106 0.02007287 0.01526403 0.009163737 0.024073 0.01480597 0.006976902 0.024073 0.01397234 0.00826025 0.024073 0.01358813 0.006275951 0.02997297 0.01419216 0.005132675 0.02997297 0.01462548 0.004208743 0.03107297 0.01361799 0.006288528 0.03107297 0.01481246 0.0069772 0.03107297 0.01590538 0.004679501 0.03107297 0.01413559 0.004981577 0.02357298 0.01688653 0.006287097 0.02157288 0.01640897 0.007336795 0.024073 0.016873 0.006258368 0.02007287 0.01605051 0.007853746 0.02007287 0.01571029 0.005209267 0.02007287 0.01583099 0.004877209 0.02257299 0.01619464 9.47447e-4 0.02256822 0.01656043 0.002794325 0.02007287 0.01677709 0.001860797 0.02257299 0.02581715 0.004872977 0.02007287 0.01712065 -3.21321e-4 0.02007287 0.02641111 0.001798868 0.02177298 0.02578061 0.005015015 0.02177298 0.02917182 0.002945542 0.02177298 0.03352797 6.90576e-4 0.02707296 0.0333293 0.003186106 0.02907294 0.03863316 0.003219068 0.02907288 0.03323489 0.003246963 0.02707296 0.03866118 0.003247022 0.02707296 0.03866118 -0.001308739 0.02707296 0.03360188 -0.001308739 0.02707296 0.03363287 -0.001280605 0.02907288 0.03863316 -0.001280725 0.02907288 0.0396052 -0.002252817 0.02707296 0.02863872 -9.89585e-4 0.02707296 0.03866118 -0.006808698 0.02707296 0.0396052 0.003247022 0.02707296 0.0396052 -0.001308739 0.02707296 0.03866118 -0.002252817 0.02707296 0.03360557 -0.002252995 0.02707296 0.04093724 -0.002252817 0.02707296 0.03323107 -0.006808698 0.02707296 0.03866118 -0.01230859 0.02707296 0.03866118 -0.01325279 0.02707296 0.03866118 -0.007752776 0.02707296 0.0396052 -0.006808698 0.02707296 0.0396052 -0.007752776 0.02707296 0.0396052 -0.01230859 0.02707296 0.04385828 -0.007519781 0.02707296 0.02929192 -0.006418645 0.02707296 0.0332669 -0.006780624 0.02907288 0.03863316 -0.006780743 0.02907288 0.03348153 -0.004822611 0.02707296 0.03355562 -0.004254996 0.02907288 0.02874302 -0.003959119 0.02707296 0.0264303 -0.005213975 0.02177298 0.02641117 -0.005360245 0.02007287 0.02918165 -0.006490826 0.02177298 0.02591937 -0.007983148 0.02177298 0.0165708 -0.006303191 0.02007287 0.01672464 -0.005617856 0.02257299 0.01582247 -0.00605756 0.0225687 0.01202934 -0.01298296 0.02256411 0.01511281 -0.00998938 0.02257299 0.01397013 -0.01182001 0.02257299 0.01399683 -0.01183581 0.02007287 0.01607805 -0.0113613 0.02007287 0.01556211 -0.00914371 0.02007287 0.01687365 -0.009820282 0.02007287 0.01688218 -0.009847164 0.02157288 0.02410447 -0.01319193 0.02007287 0.02501785 -0.01104182 0.02007287 0.02506881 -0.01090097 0.02177298 0.02706074 -0.01368063 0.02177298 0.02815592 -0.01077359 0.02177298 0.02825284 -0.01089924 0.02707296 0.03194832 -0.01230633 0.02707296 0.03201597 -0.01227253 0.02907288 0.03863316 -0.01228076 0.02907288 0.03863316 -0.00778079 0.02907288 0.033113 -0.007782876 0.02907288 0.03311747 -0.00776124 0.02707296 0.02588701 -0.008118867 0.02007287 0.01607191 -0.007784307 0.02257299 0.02624839 -0.01570421 0.02707296 0.03163981 -0.01326268 0.02707296 0.02534222 -0.01709383 0.02177298 0.02409482 -0.01321524 0.02177298 0.02312451 -0.01278388 0.02327299 0.02406853 -0.01323837 0.02327299 0.02315425 -0.01277178 0.02157288 0.01767492 -0.008070409 0.024073 0.01590532 -0.008241295 0.024073 0.01588684 -0.008295416 0.03107297 0.01481246 -0.01053881 0.024073 0.01480644 -0.01053762 0.03107297 0.01362025 -0.009850442 0.03107297 0.01418775 -0.008690893 0.02997297 0.01641088 -0.01089012 0.024073 0.01526558 -0.01272583 0.024073 0.01521545 -0.01269155 0.02007287 0.01397496 -0.01182383 0.024073 0.01281005 -0.00964421 0.024073 0.01272982 -0.009728014 0.02997297 0.01221632 -0.007784485 0.02997297 0.014135 -0.008543014 0.02357298 0.01220464 -0.007576048 0.02357292 0.01110059 -0.01228237 0.02997297 0.01308959 -0.009590744 0.02997297 0.01217299 -0.007538974 0.02207297 0.01476204 -0.00703752 0.02357298 0.01481831 -0.007299125 0.03107297 0.01661878 -0.006065368 0.024073 0.01664239 -0.005970656 0.03107297 0.01559674 -0.004263162 0.03107297 0.01534056 -0.004877269 0.02357298 0.01320785 -0.004377901 0.02357298 0.01303374 -0.005039155 0.02207297 0.01335942 -0.003021121 0.02207297 0.01561331 -0.002801775 0.02357298 0.01703321 -0.00371921 0.03107297 0.0171436 -0.002750158 0.024073 0.01845127 -0.005000114 0.024073 0.01845109 -0.004939734 0.02157288 0.01874351 -0.00172621 0.024073 0.01577383 -8.88908e-4 0.03107297 0.01868879 -0.001178324 0.02157288 0.01559239 -4.31324e-4 0.02357298 0.01346248 -0.001257956 0.02357298 0.01340395 -0.0010975 0.02207297 0.0171436 -8.113e-4 0.03107297 0.01703321 1.57791e-4 0.024073 0.01838165 0.001866638 0.024073 0.0183323 0.001913547 0.02157288 0.02522826 0.002558648 0.02327299 0.02778697 0.002757668 0.02857297 0.03159469 0.004524707 0.03177297 0.03284907 0.002684772 0.03177297 0.03284001 0.002792358 0.03057295 0.0316742 0.003777742 0.02857297 0.03216862 -2.68856e-4 0.03177297 0.03216499 -0.001020848 0.02857297 0.02814388 -9.52668e-4 0.02857297 0.03311967 -5.2412e-4 0.03177297 0.02811253 1.29204e-4 0.02327299 0.02557235 -0.001034498 0.02327299 0.02550548 6.27308e-4 0.02157288 0.02558451 -0.002751111 0.02157288 0.0254361 -0.004635632 0.02327299 0.0280168 -0.004593789 0.02327299 0.03208142 -0.004528105 0.03177297 0.02800244 -0.004682838 0.02857297 0.02729499 -0.008760511 0.02327299 0.03180259 -0.006682097 0.02857297 0.03155654 -0.008182942 0.03177297 0.03078383 -0.01109844 0.02857297 0.03255516 -0.008085846 0.03177297 0.03128296 -0.012887 0.03177297 0.03037977 -0.01257234 0.03177297 0.02733379 -0.008604824 0.02857297 0.02619063 -0.01215696 0.02857297 0.02622163 -0.0120663 0.02327299 0.0244143 -0.009639084 0.02157288 0.01751977 -0.008362829 0.02157288 0.02492725 -0.007529675 0.02327299 0.024208 -0.01013129 0.02327299 0.02531331 -0.005674719 0.02157288 0.02963781 -0.01430666 0.02857297 0.028553 -0.01673853 0.03177297 0.03182846 -0.01111209 0.03057295 0.03261876 -0.007686376 0.03057295 0.03309148 -0.003920972 0.03057295 0.04143452 -0.01923829 0.03057295 0.04130971 -0.02030581 0.02837318 0.04148638 -0.0202673 0.02507299 0.04191637 -0.01926606 0.02857297 0.04066312 -0.01945376 0.02857297 0.0407167 -0.02057838 0.02837347 0.04052352 -0.02046096 0.02857279 0.03986448 -0.01999711 0.02857297 0.04021471 -0.0196743 0.03057295 0.04070049 -0.02058672 0.02507299 0.04031181 -0.02105182 0.02837306 0.03942859 -0.0205273 0.03057295 0.03791522 -0.01927578 0.02707296 0.0377916 -0.01941615 0.02907288 0.02907794 -0.01878064 0.02907288 0.03834134 -0.01875287 0.02707296 0.02908474 -0.01875907 0.02707296 0.03737759 -0.02029728 0.02907288 0.03827589 -0.01878124 0.02907288 0.03745144 -0.02017331 0.02707296 0.04030108 -0.02107638 0.02507299 0.03865534 -0.02129971 0.02707296 0.04000878 -0.02123439 0.02857291 0.03933751 -0.02075111 0.02857297 0.04011893 -0.0216872 0.02837252 0.04012334 -0.02165287 0.02507299 0.03912013 -0.02167862 0.02857297 0.0391516 -0.02132034 0.03057295 0.03995019 -0.02214431 0.02857285 0.03867745 -0.02146089 0.02507299 0.03867614 -0.02236241 0.02707296 0.03716981 -0.02241373 0.02907288 0.02778887 -0.02087897 0.02907288 0.03718841 -0.02118432 0.02707296 0.03714209 -0.0213235 0.02907288 0.02447783 -0.01860076 0.02707296 0.02442556 -0.01859825 0.02507299 0.02772957 -0.02087765 0.02707296 0.02962124 -0.01780104 0.02707296 0.03866118 -0.01780867 0.02707296 0.03863316 -0.01778078 0.02907288 0.03165644 -0.01328438 0.02907288 0.03863316 -0.01328068 0.02907288 0.02966958 -0.01777595 0.02907288 0.02254766 -0.01603043 0.02177298 0.02133035 -0.01782065 0.02177298 0.02245759 -0.01893168 0.02327299 0.02340871 -0.01989924 0.02177298 0.02393937 -0.01938134 0.02707302 0.02327847 -0.02016532 0.02474457 0.02343976 -0.01994395 0.02440667 0.0271902 -0.02165263 0.02707296 0.02688443 -0.02133649 0.03057295 0.03418225 -0.02948898 0.03057295 0.04011303 -0.02655661 0.03057295 0.03960937 -0.02332586 0.03057295 0.02931982 -0.01733505 0.03057295 0.03913062 -0.02220314 0.03057295 0.02368324 -0.02513039 0.03057295 0.04022818 -0.02232748 0.02837306 0.04020899 -0.02227509 0.02507299 0.03872478 -0.02236342 0.02507299 0.03719919 -0.02250152 0.02707296 0.03760623 -0.02375429 0.02707296 0.03748643 -0.02357977 0.02907288 0.03625994 -0.02681636 0.02907288 0.03900504 -0.02316385 0.02507299 0.04047763 -0.02306246 0.02857279 0.03930914 -0.02277719 0.02857297 0.03978008 -0.02412641 0.02507299 0.03904134 -0.02331858 0.02707296 0.04064553 -0.02457123 0.02507299 0.03976386 -0.02414923 0.02707296 0.03812092 -0.02460676 0.02907288 0.03812909 -0.02456825 0.02707296 0.03900295 -0.02543008 0.02707296 0.03895956 -0.02542316 0.02907288 0.03627008 -0.02689069 0.02507299 0.0365051 -0.0285691 0.02507299 0.03532969 -0.027318 0.02507299 0.02975565 -0.03141689 0.02507299 0.02733206 -0.03218895 0.03057295 0.03077536 -0.02934634 0.02507299 0.0220679 -0.03231453 0.02507299 0.02272087 -0.03378015 0.02507299 0.02088361 -0.02769708 0.03057295 0.02102208 -0.02758294 0.03177297 0.022367 -0.02504235 0.02857297 0.01913291 -0.02780544 0.02857297 0.0179435 -0.02363401 0.02857297 0.01884418 -0.02286344 0.024773 0.02020061 -0.02153462 0.02857297 0.02332156 -0.02413481 0.03177297 0.02401751 -0.02479034 0.03177297 0.02110087 -0.0205391 0.024773 0.0252037 -0.02187246 0.02857297 0.02217316 -0.02152073 0.024773 0.02224928 -0.02151781 0.02707296 0.01983249 -0.02392524 0.024773 0.02318912 -0.02628028 0.02707296 0.01990514 -0.0239129 0.02707296 0.02206408 -0.02738755 0.02907288 0.02384555 -0.03173905 0.02907288 0.0317794 -0.02886229 0.02907288 0.02536368 -0.02402812 0.02907288 0.02560526 -0.02370238 0.02707296 0.02719926 -0.0216934 0.02907288 0.03521895 -0.02730858 0.02907288 0.02391695 -0.01932656 0.02507299 0.01982456 -0.02914333 0.02707296 0.01741307 -0.02596896 0.0270729 0.01804953 -0.03038525 0.02907288 0.01580405 -0.02693873 0.02177298 0.01568108 -0.0234965 0.02177298 0.01775008 -0.02555459 0.02177298 0.01566225 -0.02346825 0.02327299 0.01676267 -0.02456754 0.02327299 0.01780331 -0.02558284 0.02444225 0.01676923 -0.02455371 0.02441728 0.01619297 -0.02498966 0.02857297 0.01698833 -0.02438741 0.02474838 0.01804184 -0.02540743 0.02475368 0.02019691 -0.02703094 0.03177297 0.01696801 -0.02934783 0.03177297 0.01630467 -0.02969026 0.02857297 0.01361328 -0.02665728 0.02327299 0.01367264 -0.02479666 0.02327299 0.01318484 -0.02511149 0.02177298 0.01443409 -0.0278818 0.02707296 0.0158441 -0.03165853 0.02707296 0.01170146 -0.02917402 0.02177298 0.01106244 -0.02623426 0.02177298 0.01117986 -0.02950984 0.02707296 0.01211112 -0.03339999 0.02707296 0.009328961 -0.02699244 0.02177298 0.01105797 -0.02630007 0.02007287 6.12201e-4 -0.02448439 0.02007287 6.18063e-4 -0.02410709 0.02007287 6.14885e-4 -0.02408999 0.02007287 6.22085e-4 -0.02442848 0.02007287 6.29719e-4 -0.02436357 0.02007287 6.32724e-4 -0.02430689 0.02007287 6.32877e-4 -0.02425456 0.02007287 6.31012e-4 -0.0242154 0.02007287 6.25901e-4 -0.0241611 0.02007287 0.0106303 -0.02531862 0.02157288 0.007683575 -0.01903361 0.02007287 0.007700622 -0.01905584 0.02157288 0.01063692 -0.02527672 0.02327299 0.01047563 -0.02814352 0.02327299 0.007265686 -0.0266003 0.02327299 0.006850361 -0.0177316 0.024073 0.008385956 -0.01694148 0.024073 0.007702648 -0.01576542 0.03107297 0.0083853 -0.01694023 0.03107297 0.007689952 -0.01573562 0.02997297 0.01057779 -0.01741176 0.024073 0.00884056 -0.01850438 0.024073 0.009676098 -0.01612514 0.02257299 0.01055681 -0.01738935 0.02007287 0.009671986 -0.01611757 0.024073 0.007552921 -0.01489883 0.024073 0.007453739 -0.01527857 0.024073 0.01051074 -0.0144841 0.02256906 0.008128523 -0.01623308 0.02256929 0.009686887 -0.01614892 0.02007287 0.007683575 -0.01734745 0.02007287 0.007082998 -0.01764035 0.02257299 0.007604718 -0.01626181 0.02241402 0.01108115 -0.01367032 0.03207296 0.01100653 -0.01578909 0.03156918 0.01003676 -0.01462143 0.02557188 0.01103132 -0.01369285 0.02557259 0.01092648 -0.01375889 0.02257758 0.01067525 -0.01407283 0.02242922 0.005632519 -0.01728397 0.02251678 0.003212034 -0.01790863 0.02234524 0.01056283 -0.01374071 0.02245193 0.01001811 -0.01460504 0.03207296 0.01064717 -0.01538187 0.03107297 0.01064801 -0.01538336 0.024073 0.009246885 -0.01372671 0.024073 0.01112151 -0.01499128 0.02257299 0.009179711 -0.01375347 0.02997297 0.005640327 -0.01436573 0.02997297 0.0101279 -0.0132488 0.02997297 0.007469236 -0.01532799 0.02997297 0.007527709 -0.01492345 0.02997297 0.006546735 -0.01633977 0.02997297 0.006398022 -0.01629102 0.02357298 0.005465924 -0.01429027 0.02357298 0.003308236 -0.01790344 0.02207297 0.003167688 -0.01512366 0.02207297 0.01000428 -0.01333278 0.02207297 0.009923815 -0.01275175 0.02207297 0.001831471 -0.01541864 0.02357298 0.003740012 -0.01727992 0.02357298 0.003583669 -0.01743721 0.03107297 0.00347656 -0.01888597 0.03107297 0.001871287 -0.01915919 0.024073 0.002343118 -0.02068358 0.024073 0.004706859 -0.01854759 0.024073 0.002067506 -0.02069044 0.02157288 0.005856275 -0.01985472 0.024073 0.003939151 -0.01490646 0.02357298 0.01005458 -0.01284903 0.02997297 0.005745828 -0.01671987 0.03107297 0.006522893 -0.01788663 0.03107297 0.006698906 -0.02679222 0.02157288 0.004832208 -0.02011114 0.02157288 0.007419168 -0.02922654 0.02327299 0.003965973 -0.02735847 0.02327299 5.25686e-4 -0.01792132 0.03107297 9.8682e-4 -0.01773309 0.02357298 0.003165602 -0.02750885 0.02157288 8.32809e-4 -0.02771341 0.02327299 0.003770709 -0.0299915 0.02327299 0.003187358 -0.03007566 0.02857297 0.005190849 -0.03383535 0.02857297 8.60587e-4 -0.03433519 0.03177297 0.003802418 -0.03503042 0.03177297 0.002057135 -0.03678685 0.03057295 5.99481e-4 -0.03528153 0.03177297 2.38631e-4 -0.02774733 0.02157288 -1.48282e-4 -0.02086466 0.024073 -5.82098e-4 -0.02082985 0.02157288 -7.2271e-4 -0.01928764 0.024073 4.9692e-5 -0.03030645 0.02327299 9.63198e-4 -0.03426778 0.02857297 1.24648e-4 -0.03529733 0.03057295 0.001648068 -0.03691273 0.02507299 -0.006470859 -0.03667986 0.03057295 -0.003375828 -0.03515547 0.03057295 -0.004068851 -0.0351178 0.03177297 -0.003398716 -0.03419822 0.03177297 -0.006771266 -0.03370356 0.03177297 -0.005259931 -0.03392475 0.02857297 -0.001032233 -0.0303086 0.02857297 -0.005242526 -0.02987802 0.02857297 -0.003670811 -0.03010118 0.02327299 -0.006859958 -0.02954888 0.02327299 -0.006111145 -0.0270825 0.02327299 -0.009145021 -0.03309959 0.02857297 -0.01115727 -0.03252768 0.03177297 -0.01109284 -0.03354525 0.03057295 -0.02597159 -0.03059279 0.03057295 -0.02599656 -0.03062605 0.02857297 -0.02665996 -0.02990186 0.02857291 -0.01567453 -0.0316168 0.03057295 -0.02585834 -0.02978867 0.02857297 -0.02540123 -0.02990496 0.02507299 -0.0253539 -0.02973377 0.02707296 -0.02395331 -0.03063029 0.02707296 -0.02385365 -0.02994966 0.02907288 -0.01520448 -0.03236323 0.02707296 -0.01393181 -0.02857261 0.02707296 -0.01752156 -0.02641403 0.02707296 -0.01516783 -0.02776277 0.02177298 -0.01383197 -0.02518641 0.02177298 -0.01679658 -0.0251035 0.02327299 -0.0160498 -0.02562028 0.02857297 -0.01791411 -0.02915346 0.02857297 -0.02090245 -0.02699607 0.02857297 -0.02230381 -0.02585572 0.03177297 -0.02328807 -0.0262252 0.03057295 -0.02015477 -0.02885383 0.03057295 -0.02622097 -0.02841365 0.03057295 -0.02596902 -0.02903425 0.02857297 -0.0268507 -0.02893197 0.02857255 -0.02552735 -0.02877461 0.02707296 -0.02406162 -0.0283634 0.02907288 -0.02192789 -0.02809554 0.02907288 -0.02406865 -0.02615541 0.02707296 -0.02483457 -0.02696752 0.02907288 -0.02405399 -0.02617526 0.02907288 -0.02599298 -0.02796584 0.02507299 -0.02699422 -0.02912473 0.02837312 -0.01938939 -0.02302622 0.02857297 -0.02024352 -0.02224552 0.02327299 -0.01658862 -0.02333444 0.02327299 -0.01690042 -0.02311635 0.02177298 -0.01844513 -0.0256204 0.02177298 -0.02476054 -0.02549237 0.02707296 -0.02135634 -0.02850055 0.02707296 -0.02422493 -0.02803558 0.02707296 -0.02687007 -0.02955722 0.02507299 -0.02583396 -0.02958971 0.03057295 -0.0207023 -0.02843594 0.03177297 -0.0189706 -0.02850776 0.03177297 -0.02685856 -0.02981436 0.0283727 -0.02548885 -0.02904736 0.02507299 -0.02390807 -0.02931445 0.02707296 -0.01837646 -0.03064984 0.02907288 -0.01729792 -0.03070425 0.03177297 -0.01557582 -0.03057515 0.03177297 -0.01394635 -0.03135251 0.02857297 -0.01212006 -0.0277692 0.02857297 -0.01043224 -0.02846831 0.02327299 -0.01360344 -0.02703458 0.02327299 -0.01179951 -0.02619272 0.02327299 -0.01368176 -0.02523601 0.02327299 -0.01181048 -0.02628493 0.02177286 -0.01236993 -0.02916795 0.02177298 -0.01399326 -0.03296691 0.02907288 -0.02549874 -0.03070485 0.02707296 -0.01056492 -0.03000366 0.02707296 -0.008960306 -0.02739363 0.02007287 -0.008448421 -0.01906013 0.02007287 -0.00781846 -0.01764589 0.02007287 -0.001200377 -0.02372884 0.02007287 -0.01178127 -0.02626085 0.02007287 -0.001159846 -0.0236721 0.02007287 -0.001124143 -0.02362805 0.02007287 -3.8791e-4 -0.02529716 0.01907289 -0.001236855 -0.02378845 0.02007287 -0.001267254 -0.02384626 0.02007287 -0.001283824 -0.02385175 0.01907289 -0.003125905 -0.01776498 0.01907289 -0.01783627 -0.02599179 0.01907289 -9.20517e-4 -0.02343291 0.01907289 -2.57295e-4 -0.02326303 0.01907289 0.01333326 -0.02168077 0.01907289 0.001495778 -0.001780748 0.01907289 -0.01066076 -0.01367461 0.01907289 -0.01039165 -0.01296228 0.01907289 -0.01096224 -0.01389902 0.02007287 -0.01785892 -0.02565371 0.02007287 -0.01786667 0 0.02007287 -0.01225471 -0.01375913 0.02007287 -0.0115813 -0.01402634 0.02007287 -0.01260668 -0.01308774 0.02007287 -3.66718e-4 -0.02549785 0.02007287 -0.01261854 -0.01295673 0.01907289 -0.01248019 -0.01236498 0.02007287 -0.0124104 -0.01225674 0.01907289 -0.01200723 -0.01192814 0.02007287 -0.01167392 -0.01179897 0.01907289 -0.01134461 -0.01180356 0.02007287 -0.01087468 -0.01199173 0.01907289 -0.01067864 -0.01216471 0.02007287 -0.0105037 -0.01244312 0.01907289 -0.01038265 -0.01280933 0.02007287 -0.01053237 -0.0134505 0.02007287 0.02813315 -0.02528095 0.02007287 -0.01142334 0.008233547 0.02007287 -0.01063024 0.008642196 0.02007287 -0.01039099 0.009373545 0.02007287 -0.005885064 0.0150876 0.02007287 -0.001088976 0.02002769 0.02007287 -0.001191794 0.02015465 0.02007287 -8.74183e-4 0.0198577 0.02007287 -7.49411e-4 0.01979529 0.02007287 -9.85772e-4 0.01993387 0.02007287 -0.001030743 0.01997178 0.02007287 -0.001124143 0.02006649 0.02007287 -8.24567e-4 0.01983016 0.02007287 -7.81419e-4 0.01980918 0.02007287 -6.38155e-4 0.01975679 0.02007287 -5.16669e-4 0.01973068 0.02007287 -4.45186e-4 0.0197224 0.02007287 -3.92917e-4 0.01971948 0.02007287 -0.01090151 0.01029735 0.02007287 -0.01052945 0.009882211 0.02007287 -9.33042e-4 0.01989519 0.02007287 -0.001157224 0.02010697 0.02007287 -6.94292e-4 0.01977455 0.02007287 -5.87417e-4 0.01974385 0.02007287 -3.6674e-4 0.01971918 0.02007287 -0.0103957 0.009459912 0.01907289 -0.01048088 0.008930325 0.01907289 -0.01077902 0.008511841 0.01907289 -0.01140064 0.008241891 0.01907289 -0.01199376 0.008363068 0.01907289 -0.01225364 0.008509516 0.02007287 -0.01243585 0.008738338 0.01907289 -0.01261067 0.009215295 0.02007287 -0.01262903 0.009494781 0.01907289 -0.01249027 0.009879589 0.02007287 -0.01219636 0.01023805 0.01907289 -0.01201212 0.01035171 0.02007287 -0.01154136 0.01046687 0.01907289 -0.01144462 0.01046133 0.02007287 -0.01097899 0.01033729 0.01907289 -0.01057457 0.009960591 0.01907289 -0.01336008 0.02670568 0.01907289 -0.01434421 0.02650219 0.01907289 -0.01529765 0.02610218 0.01907289 -0.01339107 0.02670234 0.02007287 -0.01486504 0.026335 0.02007287 -0.0163021 0.02537941 0.02007287 -0.01785498 0.02215909 0.01907289 -0.01712411 0.02436083 0.01907289 -0.0163415 0.02533626 0.01907289 -0.01763606 0.02326577 0.01907289 -0.01718664 0.02426403 0.02007287 -0.01760935 0.02331781 0.02007287 -0.01784294 0.02232629 0.02007287 -8.93538e-4 0.02159458 0.01907289 -3.18331e-4 0.02172666 0.01907289 -0.001106798 0.02139139 0.02007287 -0.001079916 0.02142 0.02007287 -0.003332853 0.02508276 0.02007287 -8.10372e-4 0.02162873 0.01907289 -0.001051783 0.02144736 0.02007287 -0.001012742 0.02148228 0.02007287 -9.65006e-4 0.02152025 0.02007287 -9.18574e-4 0.02155286 0.02007287 -0.003014862 0.02510511 0.02177298 -8.49468e-4 0.02159446 0.02007287 -0.001932859 0.02808368 0.02177298 -0.005160689 0.02787977 0.02707296 -0.004977464 0.02775937 0.02177298 -0.007246673 0.02434974 0.02007287 -0.001140952 0.02135169 0.02007287 -0.001178145 0.02130329 0.02007287 -0.001202821 0.02126735 0.02007287 -0.001228272 0.0212267 0.02007287 -0.006252408 0.02458626 0.02177298 -0.001241326 0.02120399 0.02007287 -0.001259505 0.02116918 0.02007287 -0.001325786 0.0210554 0.01907289 -0.00127834 0.02112978 0.02007287 -0.009404718 0.02367866 0.02177298 -0.00803554 0.02712619 0.02177298 -0.009728312 0.02674007 0.02707296 -0.01070368 0.03059059 0.02707296 -0.001293838 0.02109378 0.02007287 -0.001307725 0.02105695 0.02007287 -0.001320362 0.02101975 0.02007287 -0.001330256 0.02098637 0.02007287 -0.0112552 0.02606832 0.02177298 -0.01117032 0.03048455 0.02907288 -0.0238918 0.02680116 0.02907288 -0.007416725 0.03148972 0.02907294 -0.01215028 0.03108584 0.02907288 -0.01067954 0.03133034 0.02507299 -0.01557022 0.03234612 0.02507299 -0.01608675 0.03213065 0.03057295 -0.009708762 0.03285539 0.03057295 -0.006498098 0.03320676 0.02507299 -0.002465307 0.03325414 0.03057295 -0.01091432 0.03003084 0.03057295 -0.01391464 0.02886837 0.03057295 -0.01679396 0.02743178 0.03057295 -0.01407504 0.02879697 0.03177297 -0.0131793 0.02817124 0.03177297 -0.01679241 0.02627933 0.02857297 -0.01248854 0.02403175 0.02857297 -0.01325154 0.02808392 0.02857297 -0.01074439 0.02478688 0.02327299 -0.008785843 0.0254774 0.02857297 -0.009788572 0.02933371 0.02857297 -0.007675111 0.02577495 0.02327299 -0.009153187 0.02957004 0.03177297 -0.00742501 0.03098779 0.03177297 -0.006384968 0.03121674 0.03057295 -0.003672301 0.03157043 0.03177297 -0.0011487 0.03173667 0.03057295 -0.001693248 0.03073275 0.02857297 -0.004906475 0.02637273 0.02857297 -0.004751682 0.02639722 0.02327299 -0.002916395 0.0240435 0.02327299 -0.005456387 0.02369993 0.02157288 -0.002086758 0.01725894 0.024073 -0.001996815 0.01567482 0.024073 -0.001789867 0.01567506 0.03107297 -0.00153774 0.01432377 0.03107297 -8.80375e-4 0.01422703 0.02357298 -0.0013659 0.01199126 0.02357298 2.74587e-4 0.01201206 0.02207297 -0.002305209 0.01718145 0.02157288 -0.001872718 0.02414906 0.02157288 -0.001282572 0.02672165 0.02327299 -7.4239e-4 0.03078752 0.03177297 -4.48172e-4 0.02676224 0.02857297 0.002695679 0.02658307 0.02327299 2.39523e-4 0.02416193 0.02327299 7.07341e-4 0.03173577 0.03177297 0.004107177 0.03146135 0.03057295 0.00676012 0.03299558 0.03057295 0.002081751 0.03336113 0.02507299 0.005361914 0.0312463 0.03177297 0.008963942 0.03041452 0.03057295 0.008783996 0.03045547 0.03177297 0.007423877 0.02985143 0.03177297 0.003688693 0.03049814 0.02857297 0.004506587 0.02632862 0.02857297 0.003231942 0.03057861 0.03177297 0.004051387 0.0238071 0.02327299 0.005086302 0.02361893 0.02157288 0.006609678 0.02586978 0.02327299 0.008132994 0.02543532 0.02857297 0.007860302 0.02967536 0.02857297 0.009411454 0.03281116 0.02507299 0.01335722 0.02881598 0.03057295 0.01210415 0.02933317 0.03177297 0.01148438 0.0285446 0.03177297 0.007339477 0.02299016 0.02327299 0.004684269 0.01663076 0.024073 0.003771901 0.01524519 0.024073 0.002930641 0.01541095 0.03107297 0.004889607 0.01350748 0.03107297 0.001417338 0.01428037 0.03107297 0.001056551 0.01567506 0.024073 8.05771e-4 0.01569753 0.03107297 0.002186596 0.01404851 0.02357298 5.563e-4 0.01200217 0.02357298 0.002820312 0.01166379 0.02357298 0.005021452 0.01329803 0.02357298 0.005439698 0.0147612 0.03107297 0.006239235 0.01443576 0.024073 0.004302263 0.01672148 0.02157288 0.008337795 0.02269083 0.02157288 0.01184654 0.02400898 0.02857297 0.01082956 0.02873998 0.02857297 0.01433712 0.0272637 0.03177297 0.01370906 0.02752858 0.02857297 0.01554608 0.02771514 0.03177297 0.01552462 0.03176993 0.03057295 0.01558828 0.03025996 0.02507299 0.009176194 0.03124392 0.02507299 0.01167505 0.03088021 0.02907288 0.01533693 0.02839815 0.02907288 0.01310342 0.02943557 0.02707296 0.01004922 0.02637803 0.02707296 0.009671986 0.0232973 0.02177298 0.0110442 0.02269047 0.02007287 0.009110569 0.02351844 0.02007287 0.0110591 0.02266573 0.02177298 0.01461493 0.02410286 0.02177298 0.01338368 0.02489691 0.02707296 0.01624941 0.02785742 0.02707296 0.01864016 0.0295397 0.02907288 0.02386116 0.02823108 0.02507299 0.01936507 0.02594923 0.02907288 0.02411031 0.0280621 0.02907288 0.0190137 0.02614527 0.02707296 0.01716965 0.02261537 0.02707296 0.01743018 0.02224814 0.02177298 0.01579058 0.01983118 0.02177298 0.01471745 0.02057248 0.02327299 0.01726138 0.0206499 0.02327299 0.02083694 0.02290296 0.02857297 0.01903045 0.01913905 0.02857297 0.02005839 0.0235815 0.03177297 0.0220012 0.02320295 0.03177297 0.01705253 0.02572655 0.03177297 0.01694285 0.02574914 0.02857297 0.01572215 0.02177095 0.02857297 0.01396065 0.02287584 0.02327299 0.01348626 0.02138513 0.02177298 0.01854205 0.02589023 0.03177297 0.0172196 0.02674901 0.03057295 0.02410316 0.02969586 0.03057295 0.01671338 0.03166443 0.02507299 0.02456742 0.02964866 0.02507299 0.02010691 0.02475339 0.03057295 0.02362442 0.0216602 0.03057295 0.02299648 0.02090382 0.03177297 0.03175002 0.02695459 0.03057295 0.03081315 0.02745461 0.02507299 0.03180354 0.0253511 0.02507299 0.03074306 0.02573722 0.02907288 0.02321583 0.02274817 0.02907288 0.02581381 0.01992762 0.02907288 0.02534258 0.02044814 0.02707296 0.02395451 0.0158624 0.02707302 0.02073383 0.01956951 0.02707296 0.02247458 0.02340209 0.02707296 0.01811021 0.01790261 0.02177298 0.01765 0.01831257 0.02327299 0.02037692 0.01779562 0.02327299 0.02423483 0.01948618 0.02857297 0.02304959 0.01451522 0.02327299 0.02174258 0.01623046 0.02857297 0.02505916 0.0185433 0.03177297 0.02033036 0.01553869 0.02177298 0.02315342 0.01667606 0.02177298 0.02060341 0.01956897 0.02177298 0.02719318 0.01809322 0.02707296 0.02719652 0.01812964 0.02907288 0.03521895 0.02374678 0.02907288 0.03532969 0.02375626 0.02507299 0.0239166 0.01576477 0.02507299 0.02252894 0.01254642 0.02177298 0.02067363 0.01511037 0.02327299 0.02417856 0.01277291 0.02857297 0.02614331 0.01703023 0.02857297 0.02784055 0.01440149 0.02857297 0.02689456 0.01603078 0.03177297 0.02278274 0.01205891 0.02327299 0.02507781 0.01394897 0.02177298 0.02873128 0.01282691 0.03177297 0.02496021 0.01131534 0.02327299 0.0258457 0.009428024 0.02857297 0.02936726 0.0113632 0.02857297 0.02997356 0.01246935 0.03177297 0.03030443 0.009178876 0.03177297 0.03068089 0.007913053 0.02857297 0.03138756 0.008938074 0.03177297 0.03006529 0.0123049 0.03057295 0.03928792 0.01722419 0.03057295 0.03910696 0.01847743 0.03057295 0.0399959 0.01628601 0.03057295 0.03189373 0.00737214 0.03057295 0.02695792 0.006398379 0.02857297 0.02619069 0.008595287 0.02327299 0.02430486 0.006278991 0.02327299 0.02733373 0.005043387 0.02327299 0.0243079 0.006363511 0.02157288 0.01661872 0.002503991 0.03107297 0.01502519 0.002730131 0.02357298 0.01297247 0.001836001 0.02357298 0.01310563 0.001166403 0.02207297 0.01588696 0.004733502 0.024073 0.01755183 0.00481534 0.024073 0.0176407 0.004444122 0.02157288 0.01215177 0.004051148 0.02357298 0.01251357 0.003122448 0.02207297 0.01101762 0.008535861 0.02207297 0.01219439 0.004199802 0.02997297 0.01275247 0.006140887 0.02997297 0.01313674 0.006040573 0.02997297 0.01270985 0.006186306 0.024073 0.01305621 0.00602287 0.024073 0.01157546 0.007835626 0.024073 0.01611107 -0.003075242 0.02207297 0.01615333 -0.00150913 0.02236717 0.01606953 -0.00348562 0.02238899 0.0157656 -0.005357563 0.02238839 0.01558387 -0.006109952 0.02207267 0.01145452 -0.01239806 0.02207207 0.01172101 -0.01156932 0.02557295 0.01518148 -0.007397174 0.02238631 0.01439839 -0.009160637 0.0223487 0.01456683 -0.008826613 0.02207297 0.01151865 -0.01260596 0.02557301 0.01247388 -0.01218384 0.02557295 0.01349586 -0.01074355 0.02207821 0.01193845 -0.01277077 0.02207148 0.01310843 -0.01133555 0.02237164 0.01597732 6.31796e-4 0.02235764 0.01538807 0.003170967 0.02232468 0.01437157 0.00572884 0.02240633 0.01297527 0.007968425 0.02241039 0.01198589 0.009171187 0.02239096 0.01485818 0.004619836 0.02207297 0.01138949 0.008755981 0.02207297 0.01569604 0.002086579 0.02207297 0.01608276 -3.59411e-4 0.02207297 0.01110047 0.008724868 0.02997297 0.01115435 0.008664131 0.02557295 0.01172018 0.008007109 0.02557295 0.01145011 0.008928775 0.02557295 0.01247608 0.008625984 0.02557271 0.01245605 0.008602917 0.03207296 0.01352357 0.007170081 0.02207297 0.01193404 0.00918585 0.02208197 0.01157706 0.00903654 0.02208977 0.01161986 0.009345412 0.02256047 0.0115543 0.009599089 0.02557265 0.01152658 0.00973773 0.02257299 0.01117795 0.01003307 0.02557778 0.01124978 0.01006352 0.02257299 0.01004153 0.01106202 0.02557253 0.01075154 0.0101608 0.02557301 0.01077121 0.01020556 0.02256286 0.01056754 0.01072114 0.0225054 0.007034003 0.01299709 0.02240848 0.0103442 0.01080167 0.0223422 0.008600473 0.01207989 0.02234101 0.009164869 0.0117042 0.02207297 0.0102359 0.01003128 0.02207243 0.01027983 0.009983539 0.02557295 0.01058584 0.01019012 0.02239894 0.01058793 0.01052212 0.0220769 0.003232777 0.01435202 0.02238601 -6.83267e-4 0.01472443 0.02232438 0.001180231 0.01466578 0.02232247 -0.00361216 0.01458555 0.02254313 0.007201194 0.01316297 0.02256977 0.005523145 0.01365381 0.02237188 0.009952127 0.009611666 0.02207297 -3.83498e-4 0.01475298 0.02207297 -0.01069515 0.009635925 0.02207297 -0.002365946 0.0118581 0.02207297 0.002650797 0.0116645 0.02207297 -0.003276765 0.0117231 0.02357298 -0.003241539 0.01397162 0.02357298 -0.006484329 0.03015816 0.02857297 -0.005272865 0.03041803 0.03177297 0.01013469 0.009686946 0.02997297 0.009245157 0.01016658 0.02997297 0.009247899 0.01016819 0.024073 0.005628705 0.01079702 0.02997297 0.004463553 0.01113533 0.02207297 0.005455076 0.01075929 0.02357298 0.006395399 0.01272094 0.02357298 0.006543338 0.01277375 0.02997297 0.007466852 0.01175808 0.02997297 0.007695555 0.01218557 0.02997297 0.007702827 0.01220613 0.03107297 0.007674872 0.01546365 0.02007287 0.007775723 0.01375389 0.02007287 0.01062428 0.02174019 0.02157288 0.004810988 0.01498162 0.02007287 5.6197e-4 0.02034854 0.02007287 6.02389e-4 0.020473 0.02007287 4.8352e-4 0.02019298 0.02007287 4.23864e-4 0.02010697 0.02007287 5.46802e-4 0.02031236 0.02007287 5.8009e-4 0.02039766 0.02007287 5.9204e-4 0.02043509 0.02007287 5.30036e-4 0.0202769 0.02007287 5.09892e-4 0.02023816 0.02007287 4.54818e-4 0.02014917 0.02007287 3.85019e-4 0.02005988 0.02007287 3.55546e-4 0.02002769 0.02007287 6.11406e-4 0.02051115 0.02007287 6.16474e-4 0.02053689 0.02007287 -0.01786667 0 0.01907289 2.51499e-4 0.01989418 0.01907289 3.18368e-4 0.0199908 0.02007287 4.66583e-4 0.0201382 0.01907289 2.79315e-4 0.01995599 0.02007287 2.3152e-4 0.0199179 0.02007287 1.8509e-4 0.01988536 0.02007287 1.3698e-4 0.01985538 0.02007287 0.006290018 0.01442253 0.02257299 0.003673195 0.01525616 0.02257299 0.008389413 0.0133897 0.024073 0.008390128 0.01339226 0.03107297 0.009671509 0.01255518 0.024073 0.007440149 0.01166087 0.024073 0.007583022 0.01131522 0.024073 0.01058036 0.01385766 0.024073 0.01056218 0.0138489 0.02007287 0.009678363 0.01259189 0.02257305 0.007526099 0.01136189 0.02997297 0.00968331 0.01257246 0.02007287 -0.007672727 0.01413154 0.02257299 -0.006461739 0.01466536 0.02007287 -0.008459031 0.01548713 0.02007287 -0.004951179 0.01513093 0.02257299 -0.001333415 0.01572531 0.02257299 -0.001234769 0.0157417 0.02007287 -0.003963172 0.01537424 0.02007287 -3.49291e-4 0.0197193 0.02007287 -3.10056e-4 0.01972079 0.02007287 0.001819908 0.01561737 0.02007287 -1.71671e-4 0.01973837 0.02007287 -1.01675e-4 0.01975518 0.02007287 -4.53359e-5 0.01977229 0.02007287 -2.5518e-7 0.0197888 0.02007287 4.39342e-5 0.01980745 0.02007287 9.10845e-5 0.01983016 0.02007287 -1.42456e-4 0.01974397 0.01907289 0.001567542 0.01561522 0.02257299 -4.56449e-4 0.01970928 0.01907289 -2.1894e-4 0.01973009 0.02007287 -2.66566e-4 0.01972419 0.02007287 -9.50474e-4 0.01989567 0.01907289 -0.001328527 0.0203737 0.01907289 -0.001228272 0.02021157 0.02007287 -0.001323342 0.02042585 0.01907289 -0.001253485 0.02025747 0.02007287 -0.001276612 0.02030438 0.02007287 -0.0012905 0.02033644 0.02007287 -0.001309156 0.02038538 0.02007287 -0.001325488 0.02043509 0.02007287 -0.001334726 0.02046877 0.02007287 -0.001343786 0.02050697 0.02007287 -0.001353561 0.02055835 0.02007287 -0.001360595 0.02061027 0.02007287 -0.01179152 0.02273839 0.02007287 -0.001364171 0.02064937 0.02007287 -0.001365721 0.02067989 0.02007287 -0.001366615 0.02071917 0.02007287 -0.001366078 0.02074968 0.02007287 -0.001364171 0.02078878 0.02007287 -0.001361489 0.0208193 0.02007287 -0.001355648 0.02086687 0.02007287 -0.001351475 0.02089267 0.02007287 -0.001346528 0.02091848 0.02007287 -0.001306533 0.02107834 0.01907289 -0.001338958 0.02095258 0.02007287 -0.01179534 0.02267336 0.02177292 -0.01337331 0.02527934 0.02707296 -0.0148034 0.02442479 0.02177298 -0.01424521 0.02925556 0.02707296 -0.02480047 0.02894818 0.02707296 -0.02388441 0.02607512 0.02707296 -0.02406263 0.027538 0.02707296 -0.02421945 0.02800691 0.02907288 -0.01934391 0.03006953 0.02907288 -0.02476674 0.02892947 0.02907288 -0.02656209 0.02856546 0.02507299 -0.02798527 0.02768009 0.02507299 -0.02939653 0.02933359 0.03057295 -0.02810239 0.02791023 0.02857291 -0.02736991 0.02852123 0.02857297 -0.02762287 0.02754038 0.02837246 -0.02732503 0.02758795 0.02857279 -0.02657264 0.02799093 0.02857297 -0.02718514 0.02845537 0.03057295 -0.02737742 0.02736836 0.02507299 -0.02712529 0.02707743 0.028373 -0.02327316 0.03084468 0.03057295 -0.0267136 0.02673518 0.02857255 -0.02605241 0.02718788 0.02857297 -0.02043449 0.02992421 0.02507299 -0.02371102 0.03085917 0.02507299 -0.02632325 0.0277397 0.03057295 -0.02688664 0.02652269 0.0283727 -0.0269711 0.0267992 0.02507299 -0.02583962 0.02653294 0.03057295 -0.02685856 0.02597689 0.02507299 -0.02671062 0.0257768 0.02857291 -0.02545148 0.02567219 0.02507299 -0.02534145 0.02638643 0.02707296 -0.02556025 0.02271538 0.02707296 -0.02595704 0.02544474 0.03057295 -0.02071058 0.02488714 0.03057295 -0.02130991 0.02439951 0.03177297 -0.02179771 0.02273738 0.03177297 -0.02482676 0.02115863 0.03057295 -0.02641254 0.02460658 0.03057295 -0.02577006 0.02476066 0.02507299 -0.02635604 0.02397555 0.02707296 -0.0272035 0.02494102 0.02857273 -0.0282436 0.0236966 0.03057295 -0.02727943 0.0239191 0.03057295 -0.02857893 0.02324527 0.02507299 -0.02833235 0.02321183 0.02707296 -0.0270375 0.01932221 0.02907288 -0.0289613 0.01662307 0.02707296 -0.02326512 0.01765912 0.02707296 -0.02437543 0.01608431 0.02177298 -0.02318191 0.01267427 0.02177298 -0.02136081 0.0151779 0.02327299 -0.02371233 0.01173537 0.02327299 -0.02698755 0.01187515 0.02177298 -0.02572512 0.01427334 0.02707296 -0.02907508 0.01647239 0.02907288 -0.028728 0.0247491 0.02507299 -0.02858096 0.02472537 0.02837246 -0.02916717 0.02331441 0.02707296 -0.0300278 0.02200216 0.02907288 -0.02879261 0.02174717 0.02707296 -0.02845764 0.02170383 0.02907288 -0.03092277 0.01316249 0.02907288 -0.02773606 0.01059538 0.02707296 -0.0310707 0.01279115 0.02707296 -0.02861815 0.008031904 0.02177298 -0.02575117 0.007480502 0.02007287 -0.0230785 -7.94215e-4 0.02007287 -0.02616906 0.006225883 0.02177298 -0.02694553 0.00319463 0.02007287 -0.02356028 -0.001041591 0.02007287 -0.02703988 0.002577841 0.02177298 -0.02739995 -0.001705169 0.02007287 -0.02385246 -0.001555562 0.02007287 -0.02739995 -0.001856267 0.02177298 -0.02381509 -0.002155184 0.02007287 -0.03022283 -0.00359404 0.02177298 -0.03036254 -0.002280712 0.02707296 -0.03392612 -0.0022825 0.02707296 -0.0303213 -0.00223881 0.02507299 -0.03394681 -0.002241194 0.02507299 -0.03032231 -0.001322627 0.02507299 -0.0302062 2.67695e-4 0.02177298 -0.03393304 -0.001322031 0.02507299 -0.03391808 -0.001279532 0.02707296 -0.03037554 -0.001276671 0.02707296 -0.03004068 0.002831697 0.02707296 -0.02966237 0.00426346 0.02177298 -0.02916729 0.006663799 0.02707296 -0.03368675 0.004929006 0.02707302 -0.03366988 0.00517553 0.02907299 -0.0337035 0.005367934 0.02507299 -0.03539252 0.00416994 0.02507299 -0.03542172 -0.001122295 0.03057295 -0.03389453 -8.08703e-4 0.03057295 -0.03355431 0.003081321 0.03177297 -0.03336173 0.00412923 0.03057295 -0.03502994 0.007362306 0.03057295 -0.03240829 0.004065215 0.03177297 -0.0318982 0.006174623 0.02857297 -0.02805548 0.005042672 0.02857297 -0.02824425 0.004225134 0.02327299 -0.02676147 0.009063482 0.02857297 -0.03039479 0.01075756 0.02857297 -0.03136503 0.008196115 0.03177297 -0.02738016 0.007342338 0.02327299 -0.02500873 0.006353557 0.02327299 -0.02525854 0.005637168 0.02157288 -0.01843053 0.004342377 0.02157288 -0.01852858 0.00414741 0.024073 -0.02391219 0.009218335 0.02157288 -0.0238648 0.009224295 0.02327299 -0.0173605 0.002507388 0.024073 -0.01721233 0.002998709 0.03107297 -0.01616328 0.001533925 0.03107297 -0.019216 0.001049101 0.02157288 -0.01789134 -0.001116931 0.024073 -0.01769542 7.5904e-4 0.03107297 -0.01646393 -5.57665e-4 0.03107297 -0.01612925 0.001186788 0.02357298 -0.01416373 -0.001097917 0.02357298 -0.01638275 -0.002294838 0.02357298 -0.01946282 -0.002657115 0.024073 -0.01943165 -0.00221765 0.02157288 -0.0263049 -5.83938e-4 0.02157288 -0.02622032 4.03126e-4 0.02327299 -0.02879524 5.34341e-4 0.02327299 -0.02880835 6.25218e-4 0.02857297 -0.03250408 0.003101289 0.02857297 -0.01769548 -0.004320442 0.024073 -0.01886701 -0.006549119 0.024073 -0.01900845 -0.005799293 0.02157288 -0.0259906 -0.005980551 0.02157288 -0.02605205 -0.00544703 0.02327299 -0.02879524 -0.004095971 0.02857297 -0.03273373 -0.005269289 0.03177297 -0.0336672 -0.005667924 0.03177297 -0.03364849 -0.005772173 0.03057295 -0.03518956 -0.008608043 0.03057295 -0.03278225 -0.0103684 0.03057295 -0.03286826 -0.009981513 0.03177297 -0.0320881 -0.009200215 0.03177297 -0.03189367 -0.009839653 0.02857297 -0.02738016 -0.01090407 0.02857297 -0.02793216 -0.00908637 0.02327299 -0.02824419 -0.007787048 0.02857297 -0.02537065 -0.008762419 0.02327299 -0.02542144 -0.008628487 0.02157288 -0.02861726 -0.00567162 0.02327299 -0.01617115 -0.005044817 0.03107297 -0.0140559 -0.003744423 0.02357298 -0.01342302 -0.006233274 0.02207297 -0.01407152 -0.003424942 0.02207297 -0.0164712 -0.002953231 0.03107297 -0.01789134 -0.002444624 0.03107297 -0.01411807 -7.81237e-4 0.02207297 -0.0138871 0.001051723 0.02357298 -0.01363366 0.002064049 0.02207297 -0.01491141 0.004982709 0.02357292 -0.02483659 0.00965178 0.02177286 -0.02477866 0.009651958 0.02327299 -0.02628016 0.01011258 0.02327299 -0.02521145 0.01219367 0.02857297 -0.02847707 0.01454967 0.02857297 -0.02968811 0.012416 0.03177297 -0.03001934 0.01387923 0.03177297 -0.03142321 0.01086884 0.03057295 -0.03296357 0.02132284 0.03057295 -0.03220546 0.008771657 0.03177297 -0.03263163 0.007254719 0.03057295 -0.03426903 0.01394474 0.03057295 -0.03432822 0.01448214 0.02507299 -0.03295081 0.01283687 0.02507299 -0.03270596 0.01415777 0.02907288 -0.02918809 0.02494579 0.02837318 -0.02889692 0.02374321 0.02857297 -0.02930593 0.02477413 0.02857279 -0.0290746 0.0237866 0.03057295 -0.03001159 0.02431362 0.02857297 -0.03002721 0.02430087 0.03057295 -0.02930688 0.02503764 0.02507299 -0.03069883 0.02436697 0.02507299 -0.02977293 0.02359545 0.02507299 -0.03001648 0.02369922 0.02707296 -0.03109663 0.02265894 0.02707296 -0.03110808 0.02264487 0.02907288 -0.03173017 0.01997464 0.02507299 -0.03273981 0.02280312 0.02507299 -0.03006964 0.02207046 0.02707296 -0.02973222 0.02556353 0.02507299 -0.03146952 0.02762275 0.02507299 -0.02992248 0.02549737 0.02857291 -0.03086942 0.02584385 0.03057295 -0.0313819 0.0275312 0.03057295 -0.03060531 0.02504628 0.03057295 -0.03070342 0.02525532 0.02857297 -0.02968841 0.02548319 0.02837294 -0.03069567 0.02431488 0.02707302 -0.03007614 0.02643704 0.02857285 -0.02988624 0.02624547 0.02837276 -0.02987718 0.02622151 0.02507299 -0.02976459 0.02678525 0.02507299 -0.03053373 0.02753257 0.02857297 -0.0296638 0.02700054 0.02837318 -0.03084546 0.0267117 0.03057295 -0.03060126 0.0273962 0.03057295 -0.03090453 0.02830189 0.03057295 -0.03007143 0.02809715 0.03057295 -0.03019583 0.02895545 0.03057295 -0.02959465 0.02842009 0.02857297 -0.02966403 0.02735364 0.02857279 -0.030869 0.02852678 0.02507299 -0.02985501 0.02929544 0.02507299 -0.02888447 0.02785199 0.02857291 -0.02918195 0.02749037 0.0283727 -0.02868854 0.02770042 0.02507299 -0.02939969 0.02733278 0.02507299 -0.02907437 0.02865844 0.03057295 -0.02845674 0.0277419 0.0283724 -0.02843463 0.0287497 0.02857297 -0.02804267 0.02872705 0.03057295 -0.03087604 0.02640026 0.02857297 -0.02949273 0.01479965 0.03057295 -0.02710551 0.01682913 0.03177297 -0.02770447 0.01760667 0.03177297 -0.02759897 0.01775455 0.03057295 -0.02629172 0.01787316 0.02857297 -0.02495622 0.02101987 0.03177297 -0.02443188 0.02014976 0.03177297 -0.02329802 0.02127736 0.02857297 -0.02052474 0.01618582 0.02177298 -0.02164059 0.01923233 0.02177298 -0.01769042 0.01892483 0.02177298 -0.01815015 0.01851934 0.02327299 -0.02013534 0.01880842 0.02327299 -0.01932424 0.01952999 0.02857297 -0.02009391 0.02407968 0.02857297 -0.01795244 0.02565175 0.03177297 -0.01597303 0.0221008 0.02857297 -0.016658 0.0216248 0.02327299 -0.01518559 0.02074927 0.02327299 -0.01746314 0.02705913 0.03177297 -0.02585411 0.02634495 0.02857297 -0.01390343 0.02331328 0.02327299 -0.01182132 0.022659 0.02327299 -0.01135832 0.02174168 0.02157288 -0.0113691 0.02173745 0.02327299 -0.009119451 0.01337981 0.024073 -0.008436083 0.01220387 0.03107297 -0.008427262 0.01218193 0.02997297 -0.01131689 0.01386195 0.024073 -0.01128023 0.01380556 0.02007287 -0.01041275 0.01257652 0.02257299 -0.01041716 0.01257383 0.02007287 -0.008820354 0.01357388 0.02007287 -0.01449435 0.02123117 0.02177298 -0.01634138 0.02362281 0.02707296 -0.01872503 0.02184391 0.02177298 -0.01761025 0.02750098 0.02707296 -0.019544 0.0213381 0.02707296 -0.02052915 0.02558565 0.02707296 -0.02407103 0.02259778 0.02707296 -0.02406895 0.02265113 0.02907288 -0.02413284 0.02464735 0.02907288 -0.02413344 0.02470254 0.02707296 -0.01952052 0.02636027 0.02907288 -0.02388316 0.02574992 0.02907288 -0.01521933 0.0288254 0.02907288 -0.02482736 0.0234093 0.02907288 -0.02486526 0.02341252 0.02707296 -0.02472501 0.02190935 0.02707296 -0.02477413 0.02191454 0.02907288 -0.02557069 0.02264779 0.02907294 -0.02659326 0.02382254 0.02507299 -0.02735382 0.0250768 0.02507299 -0.02735036 0.02510178 0.02837222 -0.02750694 0.02383381 0.02857297 -0.02794021 0.02476656 0.02837336 -0.02733391 0.02337563 0.02707296 -0.02655494 0.02212172 0.02707296 -0.02824753 0.0244981 0.02857279 -0.02809816 0.02473342 0.02507299 -0.02755558 0.02336478 0.02507299 -0.02751672 0.02181744 0.02707296 -0.02653586 0.01989734 0.02707296 -0.02710384 0.02188098 0.02907288 -0.02647674 0.02455288 0.02857297 -0.0232473 0.01524901 0.02327299 -0.02160346 0.01723849 0.02857297 -0.02363491 0.01471555 0.02857297 -0.02501928 0.0125364 0.02327299 -0.01587796 -0.007440447 0.02207297 -0.01341521 -0.006315112 0.02357298 -0.01590675 -0.005752205 0.02357298 -0.01736056 -0.006068825 0.03107297 -0.01721239 -0.006560027 0.024073 -0.01766866 -0.009845852 0.02157282 -0.0175029 -0.01025104 0.024073 -0.0163899 -0.008860707 0.024073 -0.0148769 -0.008545637 0.02357298 -0.0128743 -0.007613003 0.02357298 -0.01294636 -0.007778704 0.02997297 -0.01492148 -0.008691072 0.02997297 -0.01552134 -0.007381677 0.03107297 -0.0164079 -0.00881046 0.03107297 -0.01435142 -0.009850203 0.03107297 -0.01552623 -0.01053279 0.03107297 -0.01432937 -0.009841382 0.02997297 -0.01552408 -0.01053172 0.024073 -0.01470595 -0.0118218 0.024073 -0.01599758 -0.01272535 0.024073 -0.015953 -0.01269423 0.02007287 -0.0147342 -0.01183432 0.02007287 -0.01473319 -0.01182758 0.02257305 -0.01396745 -0.01279431 0.024073 -0.01285469 -0.01409518 0.02257299 -0.01271748 -0.01419645 0.03107297 -0.01243919 -0.01305735 0.03207296 -0.01247811 -0.0129885 0.02256941 -0.01261878 -0.01429724 0.03207296 -0.01275789 -0.01270139 0.0223841 -0.01343816 -0.01185786 0.02207297 -0.01071596 -0.01088631 0.02207297 -0.01233768 -0.01134616 0.02997297 -0.01221859 -0.008855938 0.02207297 -0.01475059 -0.009912073 0.02207303 -0.01349252 -0.009692788 0.02997297 -0.01345986 -0.009724318 0.024073 -0.01383453 -0.009592771 0.024073 -0.01388102 -0.009605109 0.02997297 -0.01231473 -0.01139807 0.024073 -0.01240277 -0.01154619 0.02997297 -0.01245367 -0.0115686 0.02557295 -0.01188713 -0.01222574 0.02557295 -0.01212549 -0.01232415 0.02207297 -0.01259118 -0.01277536 0.02207297 -0.01214504 -0.0124439 0.02557295 -0.01319235 -0.01216697 0.02557295 -0.01229816 -0.01274216 0.02557295 -0.01319092 -0.01216572 0.03207296 -0.01258391 -0.01284909 0.02557313 -0.01231878 -0.01264435 0.02207297 -0.01397061 -0.01279711 0.03207296 -0.01437503 -0.01315408 0.03156918 -0.0132398 -0.01438385 0.03107297 -0.01159673 -0.01387488 0.02256906 -0.01143521 -0.01399344 0.02557313 -0.01125526 -0.01420265 0.02240473 -0.0109775 -0.01474571 0.02257037 -0.0104112 -0.01612305 0.02257293 -0.01040977 -0.01612275 0.024073 -0.009292662 -0.01247894 0.02997297 -0.009909212 -0.0137521 0.02997297 -0.01016968 -0.01384061 0.02997297 -0.009981453 -0.01372671 0.024073 -0.01137983 -0.01538085 0.024073 -0.0101552 -0.01386851 0.02557295 -0.01075363 -0.01460736 0.02557295 -0.01081234 -0.01335287 0.02557295 -0.01089859 -0.01352757 0.02207297 -0.00880438 -0.01271063 0.02207297 -0.01131016 -0.01378619 0.02207303 -0.01075297 -0.01460647 0.03207296 -0.01132285 -0.01370483 0.02557295 -0.01171785 -0.01577788 0.03157567 -0.01138049 -0.01538169 0.03207296 -0.01138186 -0.01538318 0.03107297 -0.011698 -0.01577329 0.03107297 -0.01129758 -0.01413029 0.02207291 -0.009785056 -0.01536041 0.02238035 -0.008164644 -0.01635003 0.02241867 -0.001005768 -0.01845508 0.0225566 -0.004374742 -0.0179876 0.02255642 -0.003516256 -0.01799517 0.02235913 0.001042366 -0.01832866 0.02250671 7.28314e-4 -0.01826351 0.02231514 -0.001667022 -0.01824396 0.02233731 0.005492687 -0.01722693 0.02233535 -5.87042e-4 -0.01832288 0.02207291 -1.65515e-4 -0.01559215 0.02207297 -8.92179e-5 -0.01558625 0.02357298 -0.001530766 -0.01776272 0.02357298 2.94872e-4 -0.01928591 0.03107297 -0.003819346 -0.02754771 0.02157288 -0.002995193 -0.02760213 0.02327299 -0.003070652 -0.02064913 0.02157288 -0.002970397 -0.02070826 0.024073 -0.002908289 -0.01912724 0.03107297 -0.002427816 -0.0177924 0.03107297 -0.002251088 -0.01547265 0.02357298 -0.004283785 -0.0173105 0.02357298 -0.004909873 -0.01727974 0.03107297 -0.005509734 -0.01747876 0.02237474 -0.00434184 -0.01782327 0.02207303 -0.003273069 -0.01526582 0.02207297 -0.006838262 -0.01807421 0.024073 -0.009147524 -0.01875483 0.024073 -0.00843364 -0.01903295 0.02157288 -0.006150841 -0.01994788 0.02157288 -0.01136583 -0.02532625 0.02157288 -0.01136982 -0.02527213 0.02327299 -0.008928835 -0.02627742 0.02327299 -0.00778222 -0.02667337 0.02157288 -0.006055891 -0.02000534 0.024073 -0.003459632 -0.01903229 0.024073 -0.006023347 -0.01836001 0.03107297 -0.008628487 -0.02907496 0.02857297 -0.01338279 -0.03268545 0.03177297 -0.009125828 -0.0169754 0.03107297 -0.006895184 -0.01653689 0.03107297 -0.008435666 -0.01576066 0.03107297 -0.006347179 -0.01434177 0.02997297 -0.007132589 -0.01631301 0.02357298 -0.006199061 -0.01428884 0.02357298 -0.005225777 -0.01467543 0.02207297 -0.004712998 -0.01489669 0.02357298 -0.006658196 -0.01404303 0.02207297 -0.006881594 -0.01694899 0.02207297 -0.00728631 -0.01634454 0.02997297 -0.009118795 -0.01694023 0.024073 -0.008422493 -0.01573389 0.02997297 -0.008199632 -0.01532095 0.024073 -0.01130992 -0.01740956 0.024073 -0.0112794 -0.01736593 0.02007287 -0.01042616 -0.01616442 0.02007287 -0.008947253 -0.01703655 0.02257299 -0.00804156 -0.01669967 0.02257102 -0.007023572 -0.01797544 0.02257299 0.003507435 -0.01802778 0.02256453 -0.006671428 -0.01705843 0.02243536 -0.001946806 -0.01926422 0.02007287 -7.31117e-4 -0.02334976 0.02007287 -6.67438e-4 -0.02332705 0.02007287 -2.87511e-4 -0.02327734 0.01907289 -6.17075e-4 -0.02331274 0.02007287 -5.46787e-4 -0.02329736 0.02007287 -4.69075e-4 -0.02328628 0.02007287 -4.1908e-4 -0.02328217 0.02007287 -3.92917e-4 -0.02328109 0.02007287 -3.58015e-4 -0.02328079 0.02007287 -3.18769e-4 -0.02328199 0.02007287 -2.57888e-4 -0.02328675 0.02007287 -2.01727e-4 -0.02329456 0.02007287 -1.5031e-4 -0.02330446 0.02007287 -1.12166e-4 -0.02331376 0.02007287 0.001569211 -0.01921296 0.02007287 -6.19097e-5 -0.02332836 0.02007287 -1.65496e-5 -0.02334409 0.02007287 1.59275e-5 -0.02335697 0.02007287 4.38642e-4 -0.02364671 0.01907289 5.18737e-5 -0.02337265 0.02007287 0.002572476 -0.01904994 0.02257299 1.40777e-4 -0.0234192 0.02007287 1.06529e-4 -0.02339994 0.02007287 4.07992e-4 -0.02361273 0.01907289 1.81495e-4 -0.02344459 0.02007287 0.005011022 -0.01849144 0.02007287 2.17445e-4 -0.02346926 0.02007287 2.59116e-4 -0.02350097 0.02007287 0.004794359 -0.0185033 0.02257299 2.95851e-4 -0.02353185 0.02007287 3.24698e-4 -0.02355837 0.02007287 3.58604e-4 -0.02359247 0.02007287 3.90744e-4 -0.02362805 0.02007287 4.23864e-4 -0.02366858 0.02007287 4.57226e-4 -0.02371448 0.02007287 4.94722e-4 -0.02377337 0.02007287 5.28022e-4 -0.02383458 0.02007287 5.50283e-4 -0.02388197 0.02007287 5.65169e-4 -0.02391839 0.02007287 5.82857e-4 -0.02396768 0.02007287 5.96853e-4 -0.02401357 0.02007287 6.06535e-4 -0.0240516 0.02007287 6.47299e-4 -0.02424305 0.01907289 0.01333326 -0.03028064 0.01907289 5.05716e-4 -0.02479058 0.01907289 -7.86101e-7 -0.02523875 0.01907289 0.003760099 -0.0284754 0.02007287 3.74759e-4 -0.02495139 0.02007287 3.19847e-4 -0.02500736 0.02007287 0.003972589 -0.03088778 0.02177298 0.006205558 -0.02799046 0.02177298 0.007060587 -0.03498053 0.02707308 0.007188558 -0.03493899 0.02907294 0.008155822 -0.03490841 0.02507299 0.007269382 -0.03028041 0.02707296 0.01419758 -0.0340479 0.02907288 0.007464587 -0.03052788 0.02177298 0.007433354 -0.0307148 0.02707296 0.007347464 -0.03014248 0.02177298 0.00673902 -0.02784562 0.02007287 5.62629e-4 -0.0246492 0.02007287 6.30016e-4 -0.02445805 0.01907289 5.30874e-4 -0.02472096 0.02007287 5.07876e-4 -0.02476555 0.02007287 4.8808e-4 -0.02479946 0.02007287 4.55929e-4 -0.02484875 0.02007287 4.1306e-4 -0.02490657 0.02007287 5.85553e-4 -0.0245856 0.02007287 6.00203e-4 -0.02453529 0.02007287 0.007647693 -0.03057801 0.02177298 0.01063662 -0.03397238 0.02907288 0.01377379 -0.03415417 0.02507299 0.01445198 -0.032404 0.02907288 0.01482963 -0.03556829 0.02507299 0.01450908 -0.03551858 0.03057295 0.008248686 -0.03650897 0.02507299 0.008501946 -0.0341131 0.03057295 0.007929503 -0.03641545 0.03057295 1.0893e-4 -0.03540122 0.02507299 0.004205942 -0.03498762 0.03057295 0.005376338 -0.03383463 0.03177297 0.007553756 -0.03435832 0.03177297 0.009788095 -0.03273516 0.03177297 0.00959748 -0.03273618 0.02857297 0.006852149 -0.02937477 0.02857297 0.01329463 -0.03129166 0.02857297 0.01173144 -0.03304153 0.03177297 0.02097064 -0.03409802 0.03057295 0.01372838 -0.03113055 0.03177297 0.01062214 -0.0281015 0.02857297 0.01373809 -0.02656012 0.02857297 0.01107949 -0.02621287 0.02327299 0.01492542 -0.03159809 0.03177297 0.0170775 -0.03042954 0.03057295 0.0179696 -0.02984106 0.03177297 0.0126453 -0.0326724 0.03057295 1.34444e-4 -0.03532916 0.02707296 1.33262e-4 -0.0317766 0.02707296 0.001133084 -0.03174507 0.02707296 9.13665e-5 -0.03173536 0.02507299 -8.248e-4 -0.03173637 0.02507299 0.001019954 -0.03164994 0.02177298 -0.002634048 -0.02870666 0.02177298 0.00102216 -0.03113687 0.02177298 0.001133859 -0.03124934 0.02707296 0.004311025 -0.0309301 0.02707296 2.64167e-4 -0.02505636 0.02007287 2.83134e-4 -0.02503973 0.01907289 2.04907e-4 -0.025101 0.02007287 1.55738e-4 -0.02513337 0.02007287 2.61577e-5 -0.02881121 0.02007287 1.21828e-4 -0.02515316 0.02007287 5.77015e-5 -0.02518576 0.02007287 -1.66018e-5 -0.02521729 0.02007287 -8.4892e-5 -0.02523988 0.02007287 -1.54586e-4 -0.02525788 0.02007287 0.001820147 -0.02873271 0.02177298 -2.01701e-4 -0.025267 0.02007287 -2.4922e-4 -0.02527368 0.02007287 -3.20957e-4 -0.0252794 0.02007287 -3.92914e-4 -0.02528017 0.02007287 -4.45196e-4 -0.02527755 0.02007287 -4.84268e-4 -0.02527368 0.02007287 -5.59625e-4 -0.02526158 0.02007287 -6.21316e-4 -0.02524769 0.02007287 -6.4281e-4 -0.02525287 0.01907289 -6.96286e-4 -0.02522438 0.02007287 -7.69446e-4 -0.02519595 0.02007287 -0.004877984 -0.02844226 0.02007287 -8.34117e-4 -0.02516436 0.02007287 -8.89219e-4 -0.02513337 0.02007287 -0.001146078 -0.0249378 0.01907289 -9.22254e-4 -0.02511215 0.02007287 -0.001062154 -0.02499723 0.01907289 -9.80535e-4 -0.02506989 0.02007287 -0.001029133 -0.02502959 0.02007287 -0.001070618 -0.02499085 0.02007287 -0.001106798 -0.02495306 0.02007287 -0.001140952 -0.02491337 0.02007287 -0.001170456 -0.02487558 0.02007287 -0.006795942 -0.02803844 0.02177298 -0.001193165 -0.02484345 0.02007287 -0.001235723 -0.02477496 0.02007287 -0.001320183 -0.0245577 0.01907289 -0.001267254 -0.02471518 0.02007287 -0.001288712 -0.0246675 0.02007287 -0.001306891 -0.02462059 0.02007287 -0.001373767 -0.02437853 0.01907289 -0.001325488 -0.02456468 0.02007287 -0.00134027 -0.0245077 0.02007287 -0.001349866 -0.02446299 0.02007287 -0.001356482 -0.02442204 0.02007287 -0.001364648 -0.02433955 0.02007287 -0.001366436 -0.02426767 0.02007287 -0.001318931 -0.0239495 0.01907289 -0.0013628 -0.02419579 0.02007287 -0.001357436 -0.0241459 0.02007287 -0.001348972 -0.02409428 0.02007287 -0.001337885 -0.02404308 0.02007287 -0.00132215 -0.02398639 0.02007287 -0.001303255 -0.02393054 0.02007287 -0.001288712 -0.02389407 0.02007287 -0.005651772 -0.03122943 0.02177298 -0.007004618 -0.03510695 0.02707296 -0.007357716 -0.03505653 0.02907288 -0.009877383 -0.03443849 0.02907288 -0.02562266 -0.03095072 0.02507299 -0.02691656 -0.03019833 0.02507299 -0.02406513 -0.03113925 0.02907288 -0.02025985 -0.0334593 0.02907288 -0.02037882 -0.03351467 0.02507293 -0.01258981 -0.03460788 0.02907288 -0.01093536 -0.03484404 0.02507299 -0.01158851 -0.03637623 0.02507299 -0.004254877 -0.03686201 0.02507299 -8.36288e-4 -0.03539884 0.02507299 -8.67921e-4 -0.03533214 0.02707296 -0.003692388 -0.03161978 0.02707296 -0.001912236 -0.03164058 0.02177298 -8.66953e-4 -0.03177815 0.02707296 -0.006853163 -0.03466737 0.03057295 -0.008954405 -0.03418231 0.03177297 -0.01557809 -0.03576469 0.03057295 -0.01878595 -0.03537499 0.02507299 -0.02365326 -0.03433609 0.03057295 -0.02508682 -0.03412121 0.02507299 -0.02700179 -0.03190016 0.03057295 -0.02642261 -0.03140878 0.03057295 -0.02766835 -0.03221577 0.03057295 -0.02874201 -0.03229403 0.03057295 -0.02780216 -0.03118211 0.028373 -0.02819585 -0.03129142 0.02507299 -0.02646821 -0.03209209 0.02507299 -0.02751904 -0.03126555 0.02857291 -0.02701413 -0.03189498 0.02857297 -0.02733659 -0.03091382 0.02507299 -0.02728432 -0.03083425 0.02837342 -0.02691841 -0.03070944 0.02857279 -0.02645087 -0.03210699 0.02707302 -0.02643734 -0.03138548 0.02857297 -0.02586674 -0.03144967 0.02707296 -0.02440017 -0.0318697 0.02707296 -0.0248208 -0.03250879 0.02707296 -0.02470099 -0.03243893 0.02907294 -0.02696734 -0.03034162 0.0283727 -0.02842968 -0.0315141 0.02857261 -0.02924472 -0.03214114 0.02857297 -0.02965199 -0.03280591 0.03057295 -0.02975475 -0.03189986 0.03057295 -0.02939116 -0.03115552 0.02857291 -0.03038197 -0.0323711 0.03057295 -0.03003942 -0.03165543 0.02857297 -0.02918928 -0.03104639 0.0283727 -0.02896702 -0.03117066 0.02507299 -0.02993422 -0.03281664 0.02507299 -0.02947366 -0.03080463 0.02507299 -0.03081637 -0.03213477 0.02507299 -0.03047704 -0.03118479 0.03057295 -0.03100168 -0.03174793 0.03057295 -0.02961522 -0.03062963 0.02837282 -0.03000658 -0.03034037 0.02857267 -0.03058725 -0.03095543 0.02857297 -0.02980452 -0.03026515 0.02507299 -0.03145492 -0.03123968 0.02507299 -0.03142279 -0.03097724 0.03057295 -0.0298261 -0.03014981 0.02837312 -0.03262692 -0.02634143 0.03057295 -0.02986824 -0.02969563 0.02507299 -0.03086495 -0.03007453 0.02857297 -0.03090018 -0.03007942 0.03057295 -0.02985805 -0.02947002 0.02837145 -0.03000694 -0.02924978 0.02857279 -0.02975153 -0.02916586 0.02507299 -0.03076601 -0.02898645 0.02857297 -0.03074043 -0.02889162 0.03057295 -0.02942711 -0.02869302 0.02837324 -0.03019064 -0.02804958 0.02857297 -0.03022199 -0.02805775 0.03057295 -0.02957671 -0.027565 0.03057295 -0.02951782 -0.02755188 0.02857297 -0.03070193 -0.02794849 0.02507299 -0.02933967 -0.02834486 0.02857261 -0.02886104 -0.02835798 0.02837318 -0.02868795 -0.0272842 0.02857297 -0.02842128 -0.02807193 0.02857291 -0.02889114 -0.02730828 0.03057295 -0.0282247 -0.02827095 0.02837228 -0.02834814 -0.02826428 0.02507299 -0.02776527 -0.02734446 0.02857297 -0.02801835 -0.02727103 0.03057295 -0.02763777 -0.02822738 0.02857291 -0.02767813 -0.02843743 0.02507299 -0.02765679 -0.02685898 0.02707296 -0.02487963 -0.02696782 0.02707296 -0.03109616 -0.02620786 0.02707296 -0.02669739 -0.02725785 0.02707296 -0.02594268 -0.02799701 0.02707296 -0.02555412 -0.02629774 0.02707296 -0.02555489 -0.0262587 0.02907288 -0.02476412 -0.02547025 0.02907288 -0.02645736 -0.02571678 0.02707296 -0.02350288 -0.02074086 0.02177298 -0.01967597 -0.02065652 0.02177298 -0.01972299 -0.02058732 0.02327299 -0.02192908 -0.01801037 0.02177298 -0.02265506 -0.01699852 0.02327299 -0.02859139 -0.02076137 0.02707296 -0.02674549 -0.02325493 0.02907288 -0.0275889 -0.02534282 0.02907288 -0.02929717 -0.01970523 0.02907288 -0.02887463 -0.02527964 0.02907288 -0.02794998 -0.02530103 0.02707296 -0.02754843 -0.01454669 0.02707296 -0.02563643 -0.01797419 0.02707296 -0.02563101 -0.01777601 0.02177298 -0.02360808 -0.01550698 0.02177298 -0.02479726 -0.01322615 0.02327299 -0.02627992 -0.01367467 0.02857297 -0.03023046 -0.0146681 0.02857297 -0.02972602 -0.0158829 0.03177297 -0.03142297 -0.01443094 0.03177297 -0.03436315 -0.01710522 0.03057295 -0.02956944 -0.0182085 0.03057295 -0.03115046 -0.01506215 0.03057295 -0.0310238 -0.01272094 0.03177297 -0.0269227 -0.01216059 0.02327299 -0.02481383 -0.01320672 0.02177292 -0.02388501 -0.01278316 0.02327299 -0.02393102 -0.01278376 0.02157282 -0.02484911 -0.0131964 0.02007287 -0.02276897 -0.002790927 0.02007287 -0.01762658 -0.009878635 0.02007287 -0.01626896 -0.009189128 0.02007287 -0.01657247 -0.008442044 0.02257299 -0.01757103 -0.005125343 0.02257299 -0.0174998 -0.005626857 0.02007287 -0.02217072 -0.002524316 0.02007287 -0.02763479 -0.0141111 0.02177298 -0.03121709 -0.01609593 0.02907288 -0.03273004 -0.01231014 0.02907288 -0.03313308 -0.0145272 0.02907288 -0.02913761 -0.009945571 0.02177298 -0.02694559 -0.006756007 0.02177298 -0.02610379 -0.01001149 0.02007287 -0.02570348 -0.01118224 0.02177298 -0.02338123 -0.002658486 0.02007287 -0.03116041 -0.01618987 0.02707296 -0.03265279 -0.01239633 0.02707296 -0.02936661 -0.009637832 0.02707296 -0.02703988 -0.006139278 0.02007287 -0.02982383 -0.006895542 0.02177298 -0.03024417 -0.00474143 0.02707296 -0.0336768 -0.008569657 0.02707302 -0.03360658 -0.01029145 0.02507299 -0.03548675 -0.004374623 0.02507299 -0.03388082 -0.001580834 0.03177297 -0.03278362 -0.004525125 0.02857297 -0.02886033 -0.002702534 0.02327299 -0.02630591 -0.002527296 0.02327299 -0.02629649 -0.003288507 0.02157288 -0.03283697 1.03379e-5 0.02857297 -0.03294324 -0.001019597 0.03177297 -0.0350756 -0.01185822 0.02507299 -0.03288137 -0.01683086 0.02507299 -0.03033137 -0.02571636 0.02907288 -0.02964699 -0.02546769 0.02707296 -0.03203725 -0.02167975 0.02907288 -0.03173625 -0.02353936 0.02507299 -0.03365302 -0.02212709 0.02507299 -0.03107702 -0.02618581 0.02907288 -0.03069669 -0.0278899 0.02707296 -0.03024846 -0.02742552 0.02707296 -0.03000164 -0.02729737 0.02507299 -0.02949076 -0.02698999 0.02707296 -0.02895224 -0.02686101 0.02507299 -0.02855193 -0.02676987 0.02707296 -0.0280016 -0.02683788 0.02507299 -0.03364342 -0.008773326 0.02907288 -0.02891659 -0.01938664 0.03177297 -0.02777892 -0.01934945 0.03177297 -0.02800381 -0.01894396 0.02857297 -0.02477121 -0.01653367 0.02857297 -0.0278778 -0.0209313 0.03057295 -0.02635347 -0.02293747 0.03177297 -0.02544164 -0.02256751 0.03177297 -0.02551108 -0.02239489 0.02857297 -0.02233403 -0.01999408 0.02857297 -0.02341485 -0.02470815 0.02857297 -0.0240035 -0.02554851 0.03177297 -0.02552914 -0.02391862 0.03057295 -0.02753293 -0.02851611 0.0283727 -0.02716308 -0.02885913 0.02507299 -0.02696502 -0.02769213 0.02857297 -0.02705758 -0.02761024 0.03057295 -0.02703356 -0.02711302 0.02507299 -0.02633452 -0.02830618 0.02857297 -0.02119547 -0.02322947 0.02177298 -0.02039498 -0.02414053 0.02707296 -0.02331829 -0.02114677 0.02707296 -0.02288937 -0.01927256 0.02327299 -0.02524232 -0.01576238 0.02327299 -0.02653968 -0.02564847 0.02907288 -0.02919363 -0.02849835 0.02507299 -0.02851289 -0.03129285 0.02837312 -0.02802461 -0.03228777 0.02857297 -0.01088839 -0.03411722 0.02707296 -0.007557928 -0.03092485 0.02707296 -0.009441316 -0.0302726 0.02177298 0.02808219 -0.02613884 0.02007287 0.02747637 -0.02782106 0.02007287 -0.01367431 -0.0302419 0.01907289 -0.01740145 -0.02742713 0.01907289 -0.0154072 -0.02962446 0.01907289 -0.01664179 -0.02857953 0.01907289 -0.0164951 -0.02874326 0.02007287 -0.01717317 -0.02783364 0.02007287 -0.0176472 -0.02680158 0.02007287 -0.01526391 -0.02969628 0.02007287 -0.01365053 -0.03024709 0.02007287 0.02627313 -0.02920508 0.02007287 0.02493011 -0.02996206 0.02007287 0.02408903 -0.03022211 0.01907289 0.02063316 -0.02898079 0.01907289 0.02782392 -0.02707326 0.01907289 0.02811861 -0.02576988 0.01907289 0.02813315 -0.02130568 0.01907289 0.02813315 -0.01864928 0.02007287 0.01187002 -0.01279509 0.02007287 0.0118007 -0.01334685 0.02007287 0.01123863 -0.01394784 0.02007287 0.02813315 -0.01422417 0.01907289 0.02813315 -0.001780748 0.02007287 0.01162761 -0.01218473 0.02007287 0.0117861 0.008904278 0.02007287 0.01146858 0.008496105 0.02007287 0.01143109 0.008463859 0.01907289 0.01670819 -0.00800246 0.01907289 0.01164644 -0.01223766 0.01907289 0.01187771 -0.01277703 0.01907289 0.01260167 -0.01422417 0.01907289 0.01089775 0.008249044 0.01907289 0.01182663 0.008975386 0.01907289 0.01158636 0.01010715 0.01907289 0.01098603 0.01046019 0.01907289 0.01184707 0.009633243 0.01907289 0.02813315 0.02671909 0.01907289 0.01019227 0.01032024 0.01907289 0.01079905 0.01046735 0.02007287 0.0101965 0.01031464 0.02007287 0.009744286 0.009786427 0.01907289 0.009733557 0.009777903 0.02007287 0.009666979 0.009236156 0.01907289 0.009671032 0.00924313 0.02007287 0.009832441 0.008750855 0.02007287 0.009838581 0.008754849 0.01907289 0.01026761 0.008358478 0.01907289 0.01031851 0.008337795 0.02007287 0.01096659 0.008255362 0.02007287 0.01140242 0.01028311 0.02007287 0.01186877 0.009616613 0.02007287 -3.66718e-4 0.02671909 0.02007287 0.0240404 0.02666699 0.02007287 0.02812296 0.02211868 0.01907289 0.02539372 0.02618741 0.02007287 0.02637976 0.02554291 0.02007287 0.02730798 0.02449989 0.02007287 0.02668863 0.02525478 0.01907289 0.02741062 0.02432566 0.01907289 0.02792179 0.02321225 0.01907289 0.02811574 0.02227562 0.02007287 0.02785122 0.02340394 0.02007287 0.02579838 0.02595859 0.01907289 0.02482038 0.02643895 0.01907289 0.02367538 0.02670019 0.01907289 -4.10361e-4 0.02171808 0.02007287 -3.58016e-4 0.02171885 0.02007287 -3.05697e-4 0.02171719 0.02007287 -2.70901e-4 0.02171444 0.02007287 -1.69564e-4 0.02169919 0.02007287 8.12886e-5 0.02161276 0.02007287 2.13938e-4 0.02153319 0.02007287 2.95752e-4 0.02146786 0.02007287 3.3414e-4 0.02143228 0.02007287 4.97001e-4 0.02122288 0.02007287 5.20235e-4 0.02118074 0.02007287 5.82857e-4 0.02103227 0.02007287 5.69895e-4 0.02106928 0.02007287 5.57104e-4 0.02110177 0.02007287 -2.36223e-4 0.02171045 0.02007287 -1.03737e-4 0.02168375 0.02007287 -3.50797e-5 0.02166217 0.02007287 2.79611e-5 0.02163785 0.02007287 1.57477e-4 0.02157038 0.02007287 2.45411e-4 0.02150976 0.02007287 3.61552e-4 0.0214042 0.02007287 3.9641e-4 0.02136516 0.02007287 4.29175e-4 0.02132427 0.02007287 4.66985e-4 0.02127099 0.02007287 5.37617e-4 0.0211457 0.02007287 6.23528e-4 0.02085828 0.02007287 6.19504e-4 0.02088409 0.02007287 6.26793e-4 0.0208323 0.02007287 6.10387e-4 0.0209313 0.02007287 6.32914e-4 0.02074086 0.02007287 6.30403e-4 0.02079319 0.02007287 5.97944e-4 0.0209822 0.02007287 0.01065582 0.02604115 0.02177298 0.009498298 0.03073775 0.02707296 0.01102113 0.03029125 0.02907288 0.007507264 0.02702039 0.02177298 0.00662595 0.03147321 0.02707296 0.007190704 0.03137356 0.02907294 0.003622889 0.03169375 0.02507299 0.004277825 0.02724403 0.02177298 0.003067433 0.025016 0.02177298 0.006512463 0.02434992 0.02177298 0.005751669 0.02453851 0.02007287 0.001350998 0.02520501 0.02007287 0.004152476 0.02739334 0.02707296 3.31789e-5 0.0252279 0.02177298 0.001030564 0.02760344 0.02177298 0.001021683 0.0280838 0.02177298 0.001133382 0.02768605 0.02707296 9.13089e-5 0.02817481 0.02507299 1.33258e-4 0.02821499 0.02707296 0.001132965 0.02818483 0.02707296 1.34023e-4 0.03176194 0.02707296 9.13665e-5 0.03177368 0.02507299 -8.27267e-4 0.03179931 0.02507299 -8.68542e-4 0.03177845 0.02707296 -8.2485e-4 0.02817368 0.02507299 -8.68519e-4 0.02822297 0.02707296 -0.007155954 0.03152918 0.02707302 -6.46544e-4 0.0216791 0.02007287 -6.84036e-4 0.02166736 0.02007287 -7.33174e-4 0.02164936 0.02007287 -6.0866e-4 0.02168947 0.02007287 -5.70364e-4 0.02169805 0.02007287 -5.1885e-4 0.02170735 0.02007287 -4.62568e-4 0.02171427 0.02007287 -8.63931e-5 0.02168333 0.01907289 3.8492e-4 0.02137023 0.01907289 6.27558e-4 0.02085345 0.01907289 -7.85356e-4 0.02162718 0.02007287 0.007349967 0.02660244 0.02177298 0.00726974 0.02672046 0.02707296 0.007444083 0.02715134 0.02707296 5.45668e-4 0.02114504 0.01907289 2.12851e-4 0.02155286 0.01907289 6.4642e-4 0.02059531 0.01907289 6.32686e-4 0.02068859 0.02007287 6.29719e-4 0.02063626 0.02007287 6.2402e-4 0.02058428 0.02007287 0.01130646 -0.01390564 0.01907289 0.01055037 -0.01401323 0.01907289 0.01177638 -0.01338469 0.01907289 0.01053822 -0.01400125 0.02007287 0.01001054 -0.01374012 0.02007287 0.009842872 -0.01357603 0.01907289 0.009681284 -0.01315039 0.02007287 0.009664833 -0.01282083 0.01907289 0.00974977 -0.01244729 0.02007287 0.009840428 -0.01231104 0.01907289 0.01027947 -0.01191449 0.02007287 0.01031684 -0.01189589 0.01907289 0.01094919 -0.01181614 0.02007287 0.01109278 -0.0118345 0.01907289 0.01333326 -0.02168077 0.01577287 0.01333326 -0.02898079 0.01577287 0.01333326 -0.02898079 0.01907289 0.02063316 -0.02898079 0.01577287 0.02063316 -0.02168077 0.01577287 0.02063316 -0.02168077 0.01907289 0.02244228 -0.02082163 0.01907289 0.02151578 -0.02038943 0.01907289 0.02074801 -0.01967734 0.01907289 0.02031898 -0.01890927 0.01907289 0.02009385 -0.01808792 0.01907289 0.02370995 -0.01444673 0.01157289 0.02215272 -0.02072817 0.01157289 0.02106475 -0.01531749 0.01157289 0.02109491 -0.02006715 0.01157289 0.02010709 -0.01818227 0.01157289 0.02011954 -0.01710492 0.01157289 0.02042108 -0.01621979 0.01157289 0.02452301 -0.02072644 0.01157289 0.02566415 -0.01998519 0.01157289 0.02631944 -0.0189895 0.01157289 0.02660393 -0.01786166 0.01157289 0.02201533 -0.01469981 0.01157289 0.02288848 -0.01444929 0.01157289 0.02453786 -0.0146479 0.01157289 0.02552956 -0.0152558 0.01157289 0.02635604 -0.01640766 0.01157289 0.02332389 -0.02094882 0.01157289 0.02042227 -0.0191527 0.01157289 0.02049142 -0.01605153 0.01907289 0.02114909 -0.01526737 0.01907289 0.02181756 -0.01479077 0.01907289 0.02295321 -0.01442915 0.01907289 0.02400243 -0.01449328 0.01907289 0.02483242 -0.01478224 0.01907289 0.02581954 -0.01554477 0.01907289 0.02639228 -0.01655626 0.01907289 0.02660173 -0.01758575 0.01907289 0.02646648 -0.01856935 0.01907289 0.02607911 -0.01945286 0.01907289 0.02543324 -0.02017015 0.01907289 0.02474522 -0.02061957 0.01907289 0.02365642 -0.02093845 0.01907289 0.02012181 -0.01712429 0.01907289 0.025855 -0.02950674 0.01907289 0.02705132 -0.02841359 0.01907289 0.0236954 -0.03026151 0.02007287 -6.23576e-4 -0.01930105 0.02257299 -9.14217e-4 -0.02344691 0.01907289 -8.16639e-4 -0.02338814 0.02007287 -9.02059e-4 -0.02343636 0.02007287 -0.004111886 -0.01890325 0.02257299 -0.005395948 -0.01858359 0.02007287 -9.73613e-4 -0.02348625 0.02007287 -0.001019358 -0.02352327 0.02007287 -0.001078248 -0.02357846 0.02007287 -0.008187234 -0.01528209 0.02997297 -0.007399797 -0.0137965 0.02997297 -0.008283019 -0.01490044 0.02997297 -0.008263468 -0.01492047 0.024073 -0.009302318 -0.01569175 0.02207291 -0.01078838 -0.01287674 0.02997297 -0.01085656 -0.01323896 0.02997297 -0.01064592 -0.01306211 0.02207297 -0.01075327 -0.012492 0.02207297 -0.01091468 -0.01248806 0.02997297 -0.01132738 -0.01039594 0.02997297 -0.01129114 -0.01222896 0.02997297 -0.01142889 -0.01206284 0.02207297 -0.01183098 -0.01225626 0.02997303 -0.01179784 -0.0121141 0.02207297 -0.01106351 -0.01218336 0.02207297 -0.002152085 -0.03424137 0.02857297 0.009418129 -0.01508939 0.0223816 0.009071886 -0.0153259 0.02207297 0.006726861 -0.01670998 0.02207297 0.009421169 -0.01386773 0.02557295 0.01036274 -0.01361489 0.02557301 0.0094195 -0.01382941 0.02997297 0.01007819 -0.01330178 0.02557295 0.01054733 -0.01415133 0.02207648 0.01055276 -0.01377868 0.02207225 -0.01396995 -0.01279658 0.03107297 -0.01435625 -0.01310926 0.03107297 -0.02581351 0.003303945 0.02327299 -0.02601659 0.002338409 0.02157288 -0.01926594 9.49743e-4 0.024073 -0.0326057 0.009013533 0.02707296 -0.0325036 0.009399235 0.02907288 -0.02598035 0.02542912 0.02857297 -0.02691251 0.02576702 0.02837342 -0.02560728 0.02496665 0.02707296 -0.0254085 0.02645224 0.02507299 -0.02558034 0.02723598 0.02507299 -0.02577185 0.02777427 0.02707296 -0.02603125 0.02806311 0.02507299 -0.02646863 0.02854937 0.02707296 -8.74676e-4 0.01983672 0.01907283 0.007698297 0.01548326 0.02157288 0.01064163 0.02173966 0.02327299 0.00781238 0.01549077 0.024073 0.01110714 0.02265983 0.02327299 0.01039379 0.02464073 0.02327299 0.007157921 0.009804546 0.02207297 0.008382022 0.009086251 0.02997297 0.009936034 0.009125053 0.02207297 0.009924352 0.00743252 0.02207297 0.01004385 0.009271264 0.02997297 0.01023417 0.008879423 0.02997297 0.01018822 0.008727014 0.02207297 0.01035058 0.007106184 0.02997297 0.0105161 0.008681058 0.02997297 0.01057517 0.008515655 0.02207297 0.01088631 0.00864613 0.02997297 0.01154917 0.00542581 0.02997297 0.01165515 0.00497663 0.02207297 0.01532012 0.002032279 0.03107297 0.01664233 0.002409279 0.024073 0.02504694 0.0035308 0.02157288 0.03226453 0.005842685 0.03177297 0.009420096 0.0103048 0.02557295 0.009421348 0.010306 0.02997297 0.01007848 0.009741365 0.02557295 0.003297746 0.01434373 0.02207291 0.006681501 0.01317006 0.02207297 -0.01015275 0.01027381 0.02997297 0.01161122 0.007746934 0.02997297 0.01166999 0.00799185 0.02997297 0.01575458 0.002225279 0.02248817 0.01626515 -0.002960503 0.02254158 0.01361125 -0.01076775 0.02250897 0.01459568 -0.009228527 0.02256339 0.01716899 -0.002032458 0.02257299 0.02652806 9.52425e-4 0.02007287 0.02663004 -0.002557098 0.02007287 0.01707333 -0.003638386 0.02007287 0.02863895 -0.00388056 0.02177298 0.0266543 -0.001705765 0.02177298 0.03863316 -0.002280652 0.02907288 0.03362947 -0.002280652 0.02907288 0.02852094 -7.2914e-4 0.02177298 0.0288856 0.001149237 0.02707296 0.01246517 -0.01217406 0.03207296 0.01324355 -0.01280319 0.03207296 0.0132333 -0.01279377 0.03107297 0.0136345 -0.01312708 0.03157573 0.01362317 -0.01310974 0.03107297 0.01215684 -0.01403826 0.03107297 0.01323336 -0.01279383 0.024073 0.01268839 -0.0134589 0.02257299 0.0115785 -0.01139658 0.024073 0.01157802 -0.01139527 0.02997297 0.01116204 -0.01222324 0.02557295 0.01172012 -0.01156884 0.02997297 0.0106914 -0.01541578 0.03207302 0.01263916 -0.01423782 0.03107297 0.01097261 -0.01577824 0.03107297 0.01151013 -0.01325488 0.02557349 0.0113421 -0.01354241 0.02257299 0.01161605 -0.01280254 0.02251011 0.01157426 -0.01319473 0.0225749 0.01198762 -0.01272809 0.02238142 0.02312922 0.009222745 0.02327299 0.02315568 0.009210765 0.02157288 0.02404987 0.009654402 0.02327299 0.02408742 0.009647786 0.02177292 0.02410501 0.009630501 0.02007287 0.02692472 0.0104497 0.02177298 0.02664166 0.0113632 0.02707296 0.02817893 0.007488608 0.02707296 0.02820527 0.007053911 0.02177298 0.02492582 0.007690966 0.02177298 0.0319854 0.008718073 0.02907288 0.03863316 0.008719146 0.02907288 0.03866118 0.0087471 0.02707296 0.03920942 0.01643627 0.02707296 0.03163594 0.009698748 0.02707296 0.03866118 0.009691238 0.02707296 0.03866118 0.00419116 0.02707296 0.03863316 0.004219114 0.02907288 0.03309035 0.004192233 0.02707296 0.03313803 0.004235804 0.02907288 0.02930682 0.002946317 0.02707296 0.0319817 0.008730232 0.02707296 0.03166073 0.00972402 0.02907288 0.03863316 0.01421916 0.02907288 0.03866118 0.014247 0.02707296 0.03863316 0.009719073 0.02907288 0.02966415 0.01421552 0.02907288 0.02962738 0.01423698 0.02707296 0.02906197 0.01519119 0.02707296 0.0244885 0.01504361 0.02707296 0.029087 0.01521962 0.02907288 0.03744834 0.01652616 0.02907288 0.03819406 0.01528251 0.02907294 0.0374062 0.01670455 0.02707296 0.04013395 0.01801615 0.02837342 0.03993767 0.01792502 0.02857285 0.03712266 0.01789134 0.02907288 0.03911846 0.01802062 0.02857297 0.02777314 0.01731216 0.02907288 0.02774918 0.01732778 0.02707296 0.03627139 0.02333015 0.02507299 0.0372256 0.01917195 0.02907288 0.03625744 0.02325302 0.02907288 0.03882664 0.01930475 0.02707296 0.03916752 0.01988172 0.02507299 0.04042422 0.01912915 0.02507299 0.04022192 0.01877689 0.02837222 0.04008316 0.01897722 0.02857279 0.03990936 0.02004903 0.02857297 0.03930491 0.01919472 0.02857297 0.03944265 0.01949036 0.03057295 0.03868806 0.0187236 0.02507299 0.03862255 0.01838284 0.02707296 0.03720784 0.01900398 0.02707296 0.040955 0.01982259 0.02857255 0.04054903 0.01926171 0.02837282 0.0397365 0.02049732 0.02507299 0.03902727 0.02186286 0.02707296 0.03991019 0.02068966 0.02707296 0.04060792 0.02101963 0.02507299 0.04055356 0.02102136 0.02707296 0.03757911 0.02446633 0.02507299 0.0440036 0.0208863 0.02507299 0.0377779 0.02422493 0.03057295 0.03898316 0.0218566 0.02907288 0.03831946 0.02123606 0.02707296 0.03766852 0.02031874 0.02707296 0.03924733 0.02005559 0.02707296 0.03826934 0.0212453 0.02907288 0.03755062 0.02013421 0.02907288 0.04238295 0.02170449 0.03057295 0.04214227 0.02071195 0.03057295 0.04212409 0.01986807 0.02857279 0.04174703 0.0197426 0.02837288 0.04189121 0.02071386 0.02857297 0.04177969 0.01973348 0.02507299 0.04286301 0.02042317 0.02857297 0.04317706 0.0202282 0.03057295 0.04304945 0.01922786 0.02857255 0.04262799 0.01937246 0.02837204 0.04243648 0.01949471 0.02507299 0.04359984 0.01977694 0.02857297 0.0454806 0.01981675 0.03057295 0.04388386 0.01939457 0.03057295 0.04288285 0.01907283 0.02507299 0.04407382 0.01887053 0.02857297 0.04305255 0.01873761 0.02837347 0.04310601 0.01853221 0.02507299 0.04455983 0.01865184 0.02507299 0.04311794 0.01791477 0.02507299 0.04278957 0.01724064 0.02507299 0.04823225 0.01621073 0.02507299 0.04462856 0.01856958 0.02707296 0.05015021 0.01677674 0.02507299 0.05030614 0.01650333 0.03057295 0.04209893 0.01572984 0.03057295 0.05062592 0.01437985 0.02907288 0.04569005 0.01142066 0.02907288 0.04556274 0.01040029 0.02937322 0.04564917 0.01141148 0.02707302 0.04560959 0.0161606 0.02707296 0.04465842 0.01139849 0.02707296 0.04463249 0.01486009 0.02907288 0.04398792 0.01632803 0.02707296 0.04453885 0.01739674 0.02707296 0.04464536 0.01489591 0.02707296 0.04370814 0.01609879 0.02507299 0.04431498 0.01692169 0.02507299 0.04460084 0.01802593 0.02507299 0.0429483 0.01555001 0.02507299 0.04318153 0.01563519 0.02707296 0.04366904 0.01422321 0.02707296 0.04302173 0.01392364 0.02907288 0.04453957 0.01141512 0.02907288 0.04452186 0.01031959 0.02707296 0.04448914 0.0102961 0.02937316 0.0448845 0.01068323 0.02957248 0.04497957 0.01047444 0.02937233 0.04430162 0.01132404 0.02957296 0.04290729 0.009715795 0.03057295 0.04446953 0.01141089 0.03057295 0.04289937 0.003545105 0.03057295 0.04562854 -0.02327346 0.03057295 0.04343169 0.01074194 0.03057295 0.04231065 0.01577818 0.02857297 0.04191207 0.01650148 0.02857249 0.04173481 0.01523584 0.02507299 0.04206699 0.0152226 0.02707296 0.04141741 0.01372766 0.02707296 0.04187166 0.01371449 0.02907288 0.03963315 0.009719073 0.02907288 0.0396052 0.009691238 0.02707296 0.04295587 0.00969249 0.02707296 0.04086148 0.01377767 0.02907288 0.03965222 0.01415294 0.02907294 0.03969168 0.01415359 0.02707302 0.04086452 0.01530617 0.02707296 0.04064005 0.01542156 0.02507299 0.04099917 0.01575344 0.03057295 0.04084753 0.01692634 0.02837264 0.04084956 0.01669222 0.02857291 0.04092967 0.01687783 0.02507299 0.03992235 0.01579636 0.02507299 0.04034399 0.01605945 0.02857297 0.04026651 0.01719242 0.02857291 0.04036164 0.0174033 0.0283724 0.04027867 0.01751029 0.02507299 0.03919756 0.01649844 0.02507299 0.03950947 0.01684522 0.02857297 0.03874772 0.01751708 0.02507299 0.03876358 0.01728427 0.02707296 0.03824436 0.01524984 0.02707302 0.03989052 0.01575553 0.02707296 0.04153263 0.01670831 0.02837288 0.04120367 0.01574468 0.02857297 0.04151266 0.01671761 0.02507299 0.04268801 0.01386505 0.02707296 0.04293125 0.009732365 0.02907288 0.04318529 0.01031047 0.02707296 0.04425293 0.008313059 0.02707296 0.04380267 0.01103031 0.02707296 0.04387396 0.009336292 0.02707296 0.04395437 0.008786618 0.02707296 0.04294091 0.003341674 0.02957296 0.04365843 0.003813028 0.02957218 0.04503786 0.007739722 0.0295726 0.04416364 0.008122622 0.02957272 0.04289835 0.009565174 0.02957296 0.04365682 0.009012103 0.02957189 0.04387605 0.009118378 0.02937275 0.04401832 0.009837925 0.02937287 0.04314541 0.01029765 0.02957296 0.04409968 0.00993973 0.02707296 0.04396951 0.01012629 0.02957278 0.04362165 0.01089835 0.02957296 0.04358291 0.0108686 0.02907288 0.04317104 0.01032906 0.02907288 0.04216438 0.01679581 0.02507299 0.0421915 0.01681715 0.02837294 0.04469287 0.008044242 0.02707296 0.04485177 0.007986247 0.0293734 0.04571896 0.007043063 0.02707296 0.04546886 0.008000969 0.02937304 0.0453611 0.007960438 0.02707296 0.04393047 0.00435549 0.02937281 0.04466009 0.006144821 0.02707296 0.0452612 0.005236029 0.02707296 0.04463231 0.007024943 0.02907288 0.04463285 0.006164133 0.02907288 0.04560548 0.006142139 0.02707296 0.04606729 0.005092144 0.02957278 0.04600936 0.008313417 0.02937293 0.04612237 0.008114337 0.02957224 0.04608124 0.008381247 0.02707296 0.04635244 0.008871555 0.02937299 0.04658323 0.008987724 0.02957272 0.04635053 0.009596347 0.02937215 0.04637974 0.009424328 0.02707296 0.04634797 0.008894562 0.02707296 0.0460056 0.01015591 0.02707296 0.04737061 0.009517252 0.02957296 0.0551626 0.01254838 0.03057295 0.05770206 0.009536445 0.03057295 0.05626326 0.01150763 0.02523827 0.05624949 0.01146692 0.02707296 0.05640047 0.00874567 0.02707296 0.04736721 0.009646415 0.03057295 0.04643994 0.009899914 0.02957278 0.05726122 0.0102269 0.02707296 0.05163317 0.004219114 0.02907288 0.05163317 0.008719146 0.02907288 0.05160528 0.00419116 0.02707296 0.05160528 0.0087471 0.02707296 0.05160528 0.009691238 0.02707296 0.05066108 0.00419116 0.02707296 0.05566108 0.003247022 0.02707296 0.05160528 0.003247022 0.02707296 0.05066108 0.003247022 0.02707296 0.05093169 0.01411408 0.02707296 0.05003666 0.003719091 0.02707296 0.05066108 0.0087471 0.02707296 0.05066108 -0.001308739 0.02707296 0.05063325 -0.001280725 0.02907288 0.05063325 0.003219068 0.02907288 0.04767656 0.001642048 0.02907288 0.04899573 3.33843e-5 0.02907288 0.04841315 9.318e-4 0.02907288 0.04727888 0.003232061 0.02707302 0.04726058 0.003205001 0.02907288 0.04825484 0.001074373 0.02707296 0.04783058 6.13105e-5 0.02707296 0.04767322 2.87622e-4 0.03057295 0.0607481 0.002426207 0.03057295 0.04607152 0.001898825 0.03057295 0.04686605 0.002484798 0.03057295 0.06107044 9.50006e-4 0.02707296 0.04735606 0.00346142 0.03057295 0.04821175 -7.10727e-4 0.03057295 0.04680418 0.001017391 0.03057295 0.04897814 2.37354e-5 0.02707296 0.0483148 -0.001026034 0.02707296 0.04933989 -0.001305222 0.02707296 0.04936796 -0.00126481 0.02907288 0.06115019 -8.73762e-4 0.03057295 0.05965918 -0.001308321 0.02707296 0.05965119 -0.0012753 0.02907288 0.04840278 -0.001741588 0.03057295 0.06101322 -0.004971742 0.02707296 0.06123954 -0.001836657 0.02707296 0.05966043 -0.002253353 0.02707296 0.05300819 -0.003155708 0.02707296 0.05660516 0.003247022 0.02707296 0.05566108 -0.001308739 0.02707296 0.05160528 -0.001308739 0.02707296 0.05660516 -0.001308739 0.02707296 0.05566108 -0.002252817 0.02707296 0.05566108 -0.006808698 0.02707296 0.05660516 -0.002252817 0.02707296 0.05660516 -0.006808698 0.02707296 0.05962997 -0.002280831 0.02907288 0.05663317 -0.002280652 0.02907288 0.05663317 -0.006780743 0.02907288 0.05947208 -0.004345893 0.02907288 0.0483762 -0.00213021 0.02707296 0.04935252 -0.002271831 0.02707296 0.04936087 -0.002284884 0.02907288 0.05063325 -0.002280652 0.02907288 0.05066108 -0.002252817 0.02707296 0.05066108 -0.006808698 0.02707296 0.05063325 -0.006780743 0.02907288 0.04821205 -0.002862036 0.03057295 0.04783242 -0.003611981 0.02707296 0.047728 -0.003759682 0.03057295 0.04790115 -0.005010724 0.02707296 0.04859066 -0.004279255 0.02907288 0.04709225 -0.004396557 0.02707296 0.0468977 -0.004533708 0.03057295 0.04538524 -0.006291091 0.02707296 0.04585045 -0.0064888 0.02937322 0.04636323 -0.005634069 0.02957296 0.04548144 -0.006085097 0.02957236 0.04595196 -0.0065732 0.02707296 0.04627007 -0.006610512 0.0295729 0.04697704 -0.006214141 0.02957296 0.046943 -0.006162941 0.03057295 0.04623031 -0.00691843 0.02937316 0.04633283 -0.007128238 0.02707296 0.0463854 -0.007396578 0.02937269 0.04652088 -0.005786538 0.02707296 0.04735445 -0.007084071 0.02957296 0.04735124 -0.006993889 0.03057295 0.06012994 -0.008228182 0.03057295 0.05863171 -0.01155877 0.03057295 0.06014394 -0.008351445 0.02707296 0.05748212 -0.01057225 0.02707296 0.05889624 -0.01123708 0.02707296 0.05163317 -0.00778079 0.02907288 0.05163317 -0.01228076 0.02907288 0.05160528 -0.007752776 0.02707296 0.05864071 -0.007781207 0.02907288 0.05776262 -0.009924769 0.02907288 0.05638605 -0.01227802 0.02907288 0.05160528 -0.01230859 0.02707296 0.0556882 -0.01325345 0.02707296 0.05160528 -0.01325279 0.02707296 0.05637937 -0.01230859 0.02707296 0.05624848 -0.01502746 0.02707296 0.05723422 -0.01383429 0.02707296 0.0557478 -0.01443773 0.02707296 0.05570203 -0.01451051 0.02511107 0.05565255 -0.0132907 0.02907294 0.05163317 -0.01328068 0.02907288 0.05163323 -0.01708918 0.02907288 0.05160528 -0.01714497 0.02707296 0.05368018 -0.01538878 0.02907288 0.05623221 -0.01510804 0.02514088 0.04736018 -0.01325017 0.03057295 0.04736661 -0.0131343 0.02957296 0.0462709 -0.01333159 0.0293737 0.04658925 -0.0129677 0.02957278 0.04604882 -0.01366972 0.02707296 0.0473088 -0.01325339 0.02707296 0.04640209 -0.01285636 0.02707296 0.04626011 -0.01222568 0.02707296 0.04707801 -0.01388603 0.02707296 0.05063194 -0.01788884 0.02907288 0.05066108 -0.0178858 0.02707296 0.05063325 -0.01328068 0.02907288 0.04733639 -0.01332169 0.02907288 0.04677963 -0.01435923 0.02907288 0.0482406 -0.01976138 0.02507299 0.05096668 -0.01970171 0.02507299 0.05093169 -0.01767569 0.02707296 0.05209124 -0.01679205 0.02507299 0.05212032 -0.01673239 0.02707296 0.05373728 -0.01592653 0.02507299 0.05367136 -0.01591366 0.02707296 0.05407804 -0.01507019 0.02707296 0.05489778 -0.01650512 0.02507299 0.05516982 -0.01611518 0.03057295 0.04699981 -0.01406729 0.03057295 0.04637134 -0.01469051 0.03057295 0.04543542 -0.01503664 0.03057295 0.04463499 -0.01499146 0.03057295 0.04406821 -0.02111166 0.03057295 0.04376822 -0.02042555 0.03057295 0.0431326 -0.0197367 0.03057295 0.04947388 -0.02067565 0.03057295 0.04405879 -0.02109467 0.02857297 0.0432735 -0.02125787 0.02857279 0.04281985 -0.02085423 0.02837264 0.04365438 -0.02029615 0.02857297 0.04262644 -0.02064126 0.02507299 0.04394692 -0.01992046 0.02507299 0.04399955 -0.01990413 0.02707296 0.04450774 -0.02095335 0.02507299 0.04450571 -0.02086794 0.02707296 0.04308915 -0.02136683 0.02837282 0.04308187 -0.02130442 0.02507299 0.04325532 -0.02241599 0.02857244 0.04464262 -0.02205157 0.02707302 0.04457336 -0.02220004 0.02507299 0.04310756 -0.02214878 0.02837288 0.04411047 -0.02228194 0.02857297 0.04416024 -0.02192395 0.03057295 0.04396528 -0.0227549 0.03057295 0.04311299 -0.02208089 0.02507299 0.04353535 -0.02343976 0.02857297 0.04386192 -0.02438449 0.03057295 0.04274576 -0.02280324 0.02837258 0.04283082 -0.02270942 0.02507299 0.04349029 -0.0235055 0.03057295 0.04489678 -0.0239194 0.02507299 0.04277181 -0.0240367 0.03057295 0.04254883 -0.0232293 0.02857291 0.04215568 -0.02320551 0.02837234 0.04213112 -0.02322375 0.02507299 0.04155087 -0.02351731 0.02857255 0.0425927 -0.02411097 0.02857297 0.04207575 -0.02426761 0.03057295 0.0414499 -0.02328145 0.028373 0.04134857 -0.02429789 0.02857297 0.04127788 -0.02428567 0.03057295 0.0413196 -0.02325975 0.02507299 0.0405516 -0.02458417 0.02707296 0.04060828 -0.02291059 0.02507299 0.04095745 -0.02312433 0.02837306 0.04012185 -0.02380359 0.02857297 0.04044169 -0.02401387 0.03057295 0.04054713 -0.0228343 0.02837282 0.04611539 -0.02113461 0.02907288 0.04567593 -0.01499289 0.02907288 0.04639106 -0.0146417 0.02707296 0.04560756 -0.01495754 0.02707296 0.04465955 -0.01495587 0.02707296 0.04562109 -0.01973026 0.02707296 0.04565465 -0.01974117 0.02907288 0.04609262 -0.02116906 0.02707302 0.0448476 -0.01400405 0.02707296 0.04536157 -0.0140224 0.02707296 0.04463303 -0.01842498 0.02907288 0.04408621 -0.0179969 0.02907288 0.0421344 -0.02036106 0.02507299 0.0417124 -0.02004152 0.02857255 0.04294389 -0.01332074 0.02707302 0.04293131 -0.01329648 0.02907288 0.03963315 -0.01328068 0.02907288 0.0396052 -0.01325279 0.02707296 0.03960627 -0.01778715 0.02707296 0.04045104 -0.01899939 0.02707296 0.03958547 -0.01957517 0.02707296 0.03899973 -0.02031451 0.02707296 0.0389533 -0.02049618 0.02507299 0.04096329 -0.01887398 0.02507299 0.03969579 -0.01950466 0.02507299 0.04067379 -0.01739221 0.02707296 0.03964227 -0.01773262 0.02907288 0.04180181 -0.01875382 0.02707296 0.04087156 -0.01732516 0.02907288 0.04202371 -0.01731151 0.02707296 0.04207843 -0.01729476 0.02907288 0.04224818 -0.01886641 0.02507299 0.04239976 -0.01937747 0.03057295 0.04184401 -0.02028948 0.02837276 0.04294466 -0.01228648 0.02707302 0.04329019 -0.01152765 0.02707296 0.04461848 -0.00973916 0.02907288 0.04375028 -0.01102888 0.02707296 0.04361689 -0.01110553 0.02907288 0.04454731 -0.008879065 0.02957266 0.04293954 -0.01342016 0.02957296 0.04310858 -0.01176387 0.02907288 0.03963315 -0.01228076 0.02907288 0.04377657 -0.009344637 0.02907288 0.03963315 -0.00778079 0.02907288 0.0429393 -0.01227986 0.02907288 0.04312765 -0.008596122 0.02907288 0.04362088 -0.009197115 0.02707296 0.04405081 -0.008176386 0.02707296 0.04292273 -0.00694251 0.03057295 0.04365181 -0.007519602 0.02957236 0.0439251 -0.008357942 0.02957272 0.04391044 -0.007228791 0.02937328 0.0428943 -0.007231473 0.02957296 0.04311293 -0.006507277 0.02957296 0.04398328 -0.004829049 0.02707296 0.04391998 -0.006722569 0.02957296 0.0434131 -0.006053388 0.03057295 0.04429811 -0.00656253 0.02937269 0.04412412 -0.00676316 0.02707296 0.04445713 -0.006223857 0.02957266 0.04358208 -0.005890488 0.02957296 0.04403603 -0.005537927 0.03057295 0.04432106 -0.005408763 0.02957296 0.04471975 -0.006335616 0.02707296 0.04373359 -0.004735946 0.03057295 0.04374665 -0.005783021 0.02707296 0.04289144 -0.00542283 0.02907288 0.04251444 -0.005126714 0.02707296 0.04300963 -0.006780147 0.02907288 0.04330348 -0.004475116 0.02707296 0.03963315 -0.006780743 0.02907288 0.0410391 -0.002964437 0.02907288 0.03963315 -0.002280652 0.02907288 0.04164648 -0.004265427 0.02907288 0.04206442 -0.002886474 0.02707296 0.04214435 -0.003121256 0.03057295 0.04258775 -0.003830492 0.02707296 0.04159992 -0.004110932 0.02707296 0.04283314 -0.004093706 0.03057295 0.04108679 -0.003046929 0.02707296 0.04189139 -0.002083539 0.02707296 0.04185628 -0.001704692 0.03057295 0.04091238 -0.002280712 0.02907288 0.04093521 -0.0013085 0.02707296 0.04089003 -0.001225888 0.02907288 0.03963315 -0.001280725 0.02907288 0.03963315 0.003219068 0.02907288 0.04140633 3.04558e-4 0.02907288 0.0411036 -4.80306e-4 0.02707296 0.04194372 -0.00103414 0.02707296 0.04211729 -5.41741e-4 0.03057295 0.04240494 2.22415e-6 0.02707296 0.04269587 4.01837e-4 0.03057295 0.04161024 5.74324e-4 0.02707296 0.04293859 6.27193e-4 0.02707296 0.0422033 0.00131458 0.02907288 0.04356837 0.001079559 0.03057295 0.04378616 0.001198649 0.02707296 0.04254537 0.001583337 0.02707296 0.04399675 0.003424644 0.02707296 0.04433214 0.002999603 0.02707296 0.04388356 0.0038625 0.02707296 0.04400449 0.005895793 0.02707296 0.0396052 0.00419116 0.02707296 0.04334807 0.005321323 0.02707296 0.04290896 0.004299461 0.02707302 0.04305011 0.003130137 0.02707302 0.04374027 0.002217829 0.02707302 0.04304641 0.004851341 0.02907288 0.03963315 0.008719146 0.02907288 0.04357248 0.005611538 0.02907288 0.04294157 0.008611142 0.02907288 0.04294317 0.008724808 0.02707302 0.04418337 0.006015539 0.02907288 0.04330772 0.007939279 0.02707296 0.04342001 0.007743358 0.02907288 0.04490548 0.005203545 0.02937275 0.04432636 0.004952907 0.02937364 0.0440244 0.004972517 0.02957212 0.04433202 0.004974961 0.02707296 0.04392248 0.004314899 0.02707296 0.04392367 0.003575086 0.02937167 0.04410368 0.002916514 0.02957272 0.04345577 0.002455174 0.02957296 0.04335343 0.002528429 0.03057301 0.04432779 0.003000617 0.02937334 0.04411846 0.001941204 0.02957296 0.04479342 0.0027588 0.02937299 0.04436117 0.001818239 0.03057295 0.04496407 0.002510249 0.02957272 0.04496526 0.002704679 0.02707296 0.04436296 0.001384794 0.03057295 0.04480189 0.001461446 0.02707296 0.04529851 0.001687347 0.02957296 0.04526495 0.001705765 0.03057295 0.04576599 0.001422047 0.02707296 0.04523706 0.001479327 0.03057295 0.04607582 0.001336634 0.03057295 0.04692518 9.61227e-4 0.02707296 0.04622459 0.003300905 0.02707296 0.04566007 0.002827525 0.02707296 0.0473352 0.001846134 0.02707296 0.04653149 0.002203881 0.02707296 0.04642641 0.002107024 0.02957296 0.04607748 0.002800524 0.02957189 0.04595398 0.002998411 0.02937316 0.04706209 0.002780556 0.02957296 0.04628849 0.003479063 0.02937275 0.04736584 0.003602147 0.02957296 0.04639595 0.004002451 0.02937376 0.04638701 0.004120171 0.02707296 0.04662436 0.004183351 0.02957135 0.0462684 0.004505038 0.02937293 0.04605722 0.00485289 0.02707296 0.04596596 0.004915893 0.0293715 0.05063325 0.008719146 0.02907288 0.05063325 0.004219114 0.02907288 0.04732799 0.008718907 0.02907288 0.04716765 0.004986405 0.02907288 0.04649215 0.005782008 0.02907288 0.04737216 0.004222691 0.02707302 0.04737222 0.004219889 0.02907288 0.04703325 0.005138099 0.02707296 0.04638642 0.005834341 0.02707296 0.04730814 0.009691774 0.02707296 0.05066108 0.009691238 0.02707296 0.05063325 0.009719073 0.02907288 0.04733663 0.009780764 0.02907288 0.05066108 0.01432406 0.02707296 0.04674071 0.0108326 0.02907288 0.04712343 0.01022356 0.02707296 0.04665333 0.01086169 0.02707296 0.04672259 0.007643461 0.02707296 0.04731893 0.008669137 0.02707302 0.0456587 0.006174027 0.02907288 0.04717415 0.008249223 0.02907288 0.04661989 0.00750041 0.02907288 0.04564511 0.007010519 0.02907288 0.04541355 0.005199432 0.02937299 0.04518359 0.005451858 0.02957206 0.0605272 0.003516256 0.02707296 0.05958276 0.006068527 0.03057295 0.05878359 0.007884144 0.02707296 0.05785793 0.006239831 0.02707296 0.05764186 0.006584644 0.02907288 0.05639356 0.008714437 0.02907288 0.05993574 0.005343794 0.02707296 0.05865591 0.004224479 0.02907288 0.05867624 0.004191219 0.02707296 0.05899584 0.003235697 0.02707296 0.05894851 0.003218889 0.02907288 0.05663317 0.003219068 0.02907288 0.05663317 -0.001280725 0.02907288 0.0593512 0.001496374 0.02907288 0.05953305 4.81222e-4 0.02707296 0.04531759 0.002720355 0.02937251 0.04656672 0.002222537 0.02907288 0.0466448 0.002202808 0.02907288 0.04687541 0.002534627 0.02707296 0.04465651 0.007040977 0.02707296 0.04414844 0.008399248 0.02937215 0.0438705 0.007367253 0.02707296 0.04409086 0.007208585 0.02907288 0.0396052 0.0087471 0.02707296 0.03963315 0.004219114 0.02907288 0.04289561 0.004219353 0.02907288 0.04310369 0.001967132 0.02907288 0.04370594 0.002223193 0.02907288 0.04330402 0.002650976 0.02907288 0.04300487 0.003212511 0.02907288 0.04303067 -0.006808459 0.02707296 0.0432496 -0.006329119 0.02707296 0.04330796 -0.006188988 0.02907288 0.04371213 -0.00578618 0.02907288 0.04491543 -0.005041599 0.03057295 0.04512083 -0.005236625 0.03057295 0.04511439 -0.006261706 0.02937144 0.04483968 -0.00502932 0.02707296 0.04543578 -0.005275249 0.02957296 0.04630595 -0.005578041 0.03057295 0.04597103 -0.00494337 0.02707296 0.04593139 -0.004940748 0.03057295 0.0439133 -0.007858812 0.02937233 0.04420417 -0.008379042 0.02937322 0.0436716 -0.01298964 0.02957266 0.04388368 -0.0129407 0.02937269 0.04288583 -0.01307803 0.03057295 0.04410356 -0.01351606 0.02937096 0.0441904 -0.0139274 0.02957254 0.0431829 -0.01397413 0.03057295 0.04352402 -0.01436561 0.02957296 0.0443167 -0.01375001 0.02707296 0.04392135 -0.01470363 0.03057295 0.04339623 -0.01425921 0.02907288 0.04310727 -0.01751571 0.02907288 0.0433799 -0.01763981 0.02707296 0.04350954 -0.01431882 0.02707296 0.04474616 -0.0139954 0.0293731 0.04423177 -0.01486289 0.02957296 0.04413241 -0.01477324 0.02707296 0.04456657 -0.0149905 0.02907288 0.04510772 -0.01424282 0.02957296 0.0450471 -0.01503461 0.02957296 0.04547393 -0.01399654 0.02937281 0.04595869 -0.01490467 0.02957296 0.0460835 -0.01393121 0.02957201 0.04593908 -0.01374334 0.02937233 0.04695755 -0.01415508 0.02957296 0.04387772 -0.01262336 0.02707296 0.04395383 -0.01322174 0.02707296 0.04394394 -0.01234567 0.02937316 0.04395353 -0.01185745 0.02957165 0.04452973 -0.01058584 0.02907294 0.04448574 -0.01169729 0.02707296 0.04463553 -0.01058995 0.02707296 0.04564362 -0.008942484 0.02957206 0.04410004 -0.01206469 0.02707296 0.04542648 -0.008770883 0.02937167 0.04489362 -0.01133763 0.02957272 0.04519313 -0.01152163 0.02937251 0.04462158 -0.009712636 0.02707296 0.04547864 -0.008764863 0.02707296 0.04560941 -0.009707212 0.02707296 0.04563319 -0.009725153 0.02907288 0.0456053 -0.01060849 0.02707296 0.04563695 -0.01058167 0.02907288 0.04607021 -0.01075464 0.02707296 0.04524105 -0.01150649 0.02707296 0.0459333 -0.01180434 0.02707296 0.04627317 -0.01222878 0.02937263 0.04644441 -0.01212167 0.02957284 0.04640382 -0.008251309 0.0295729 0.0463342 -0.007907986 0.02937376 0.04637712 -0.007708013 0.02707296 0.04660254 -0.007429659 0.02957266 0.04638862 -0.01280081 0.02937221 0.05720269 -0.01374423 0.03057295 0.0461685 -0.00826019 0.02707296 0.04624658 -0.009504795 0.02907288 0.04605698 -0.008388161 0.02937227 0.04634219 -0.01086556 0.02907288 0.04707461 -0.0115934 0.02907288 0.04732084 -0.01228827 0.02707296 0.04683625 -0.01131361 0.02707296 0.04732781 -0.01227968 0.02907288 0.05063325 -0.01228076 0.02907288 0.05063325 -0.00778079 0.02907288 0.05066108 -0.01230859 0.02707296 0.04706037 -0.00874269 0.02907288 0.04647457 -0.009337484 0.02707296 0.04717457 -0.008457958 0.02707296 0.04737925 -0.007791936 0.02907288 0.04734688 -0.007753252 0.02707296 0.05066108 -0.007752776 0.02707296 0.05066108 -0.01325279 0.02707296 0.04580038 -0.01170462 0.02937293 0.04579728 -0.0114609 0.02957218 0.04466795 -0.008707463 0.0293734 0.04457348 -0.008675336 0.02707296 0.0444656 -0.01168727 0.02937126 0.04305887 -0.008356153 0.02707296 0.04289102 -0.007783055 0.02907288 0.04291802 -0.007754445 0.02707296 0.04274111 -0.02046751 0.02857285 0.04240703 -0.02047806 0.02837336 0.04326736 -0.01929813 0.02507299 0.0430929 -0.01913738 0.02707296 0.04464644 -0.01844853 0.02707296 0.0430358 -0.01968961 0.02857297 0.05160528 -0.002252817 0.02707296 0.05160528 -0.006808698 0.02707296 0.05868268 -0.007753431 0.02707296 0.05897015 -0.00680828 0.02707296 0.06105297 -0.004157543 0.03057295 0.05946618 -0.004606544 0.02707296 0.05895537 -0.006779789 0.02907288 0.04818934 -0.002900779 0.02707296 0.05563318 -0.006780743 0.02907288 0.05163317 -0.002280652 0.02907288 0.05163317 -0.006780743 0.02907288 0.05563318 -0.002280652 0.02907288 0.04742848 -0.005397379 0.02907288 0.04723894 -0.006686329 0.02907288 0.04687434 -0.006126642 0.02707296 0.04657828 -0.005786359 0.02907294 0.04724186 -0.006805479 0.02707296 0.04889422 -0.003742158 0.02707296 0.04912245 -0.003274381 0.02907288 0.05163317 0.003219068 0.02907288 0.05563318 -0.001280725 0.02907288 0.05163317 -0.001280725 0.02907288 0.05563318 0.003219068 0.02907288 0.05160528 0.01358336 0.02707296 0.05210119 0.0132218 0.02507299 0.05163317 0.01352685 0.02907288 0.05163317 0.009719073 0.02907288 0.05232429 0.01306295 0.02707302 0.05321955 0.0126633 0.02507299 0.05418074 0.01204431 0.02707296 0.05458301 0.01321834 0.02507299 0.05557268 0.01107823 0.02507179 0.05383676 0.01168996 0.02907288 0.05611121 0.0116952 0.02507352 0.05573976 0.01085984 0.02707296 0.05575424 0.01089626 0.02525234 0.05569767 0.009752929 0.02707302 0.05564093 0.009721875 0.02907288 0.04714041 0.01026833 0.02957296 0.04656767 0.01097995 0.03057295 0.04706341 0.0104106 0.03057295 0.04652833 0.01100987 0.02957296 0.04583722 0.01049941 0.02957296 0.0459975 0.01013588 0.02937304 0.04575407 0.01141542 0.03057295 0.04518377 0.01048874 0.02707296 0.04540759 0.01148808 0.02957296 0.04400718 0.01438683 0.02907288 0.04322701 0.01628392 0.02857297 0.04301601 0.0171656 0.02857255 0.04304212 0.0161094 0.03057295 0.04370629 0.01677298 0.03057295 0.04265218 0.01710772 0.02837252 0.04378068 0.01690804 0.02857297 0.04297101 0.01752591 0.02837336 0.04411423 0.01766842 0.03057295 0.04411053 0.01779234 0.02857297 0.04314023 0.01809448 0.02837246 0.04335039 0.01819258 0.02857285 0.04413354 0.01855683 0.03057295 0.04564547 0.01615703 0.02907288 0.04610162 0.01756465 0.02707308 0.04610842 0.01754605 0.02907294 0.04002928 0.02017337 0.03057295 0.04091209 0.02065503 0.03057295 0.04087835 0.02063202 0.02857297 0.04095739 0.01957118 0.02837294 0.04098564 0.01959002 0.02507299 0.04013067 0.01844626 0.02507299 0.03717374 0.01780295 0.02707296 0.02442556 0.0150367 0.02507299 0.02489745 0.007776975 0.02007287 0.02831012 0.01555573 0.03177297 0.02732992 0.01713871 0.03057295 0.02582466 0.01917308 0.03177297 0.001740753 0.01720315 0.024073 6.85218e-4 0.01725119 0.02157288 0.001510143 0.0241298 0.02157288 -0.01108616 0.02997332 0.03177297 -0.01245647 -0.01347738 0.01907289 -0.01214325 -0.01382678 0.01907289 -0.01145571 -0.01404094 0.01907289 -0.0187624 -0.03036481 0.02707296 0.005533397 -0.01423895 0.02207297 0.007614612 -0.0130369 0.02207297 0.008144021 -0.01280736 0.02997297 0.009349822 -0.01155489 0.02207297 0.01034617 -0.01071751 0.02997297 0.01023524 -0.01222628 0.02207297 0.01017612 -0.01251035 0.02997297 0.01042896 -0.01228624 0.02997297 0.01077115 -0.009919524 0.02207297 0.01091617 -0.01205754 0.02207297 0.01076978 -0.01219671 0.02997297 0.02224504 -0.01912951 0.0247423 0.02240872 -0.01891326 0.02441114 0.02900791 -0.01795613 0.03177297 0.02637112 -0.02039211 0.03177297 0.02776199 -0.01812565 0.02857297 0.02496075 -0.01487594 0.02857297 0.02500724 -0.01479578 0.02327299 0.0213676 -0.01781326 0.02327299 0.02294641 -0.01822227 0.02857297 0.02662831 -0.02164286 0.03177297 0.03066939 -0.01441687 0.03057295 0.03311121 -4.05234e-4 0.03057295 0.03307825 -0.004025757 0.03177297 0.01321595 -0.009629726 0.024073 0.01359963 -0.00984323 0.02997297 -0.004505455 0.01524519 0.03107297 -0.01788783 -0.001680076 0.02257299 -0.02188104 -0.002005338 0.02007287 -0.0134952 0.006125032 0.02997297 0.04913318 -0.002843677 0.007572948 0.04820573 -0.003957271 0.007572948 0.04563319 -0.01228076 0.007572948 0.04563319 -0.01528078 0.007572948 0.04868018 -0.003026008 0.007572948 0.04888045 -0.002097606 0.007572948 0.04913318 -0.01727265 0.007572948 0.04913318 -0.002843677 0.009572923 0.06030303 -0.002831935 0.009584784 0.06107056 -0.001427352 0.007572948 0.06077861 -9.74691e-4 0.007572948 0.06035101 -7.36437e-4 0.007572948 0.04913318 -7.17893e-4 0.007572948 0.04833298 2.30955e-4 0.007572948 0.04913318 0.01371109 0.007572948 0.04913318 -7.17893e-4 0.009572923 0.04882562 -0.001052021 0.007572948 0.04563319 0.008719146 0.007572948 0.04718816 0.001365482 0.004072904 0.04885566 -0.00123614 0.004072904 0.04852354 -1.38698e-4 0.004072904 0.0478906 7.76377e-4 0.004072904 0.04736346 0.00125283 0.007572948 0.04656034 0.001691937 0.007572948 0.0463677 0.00177133 0.004072904 0.04567885 0.00194472 0.007572948 0.04517668 0.001991808 0.004072904 0.04476302 0.001955568 0.007572948 0.04463315 0.008719146 0.007572948 0.04463315 0.01171904 0.007572948 0.04291021 0.001260459 0.007572948 0.04222893 5.9895e-4 0.007572948 0.04463315 0.008719146 0.005572974 0.04563319 0.008719146 0.005572974 0.04392981 0.001783549 0.007572948 0.04176139 -1.12216e-4 0.007572948 0.04113316 -7.17893e-4 0.007572948 0.04113316 -7.17893e-4 0.009572923 0.04146295 -9.78897e-4 0.007572948 0.04113316 0.01371109 0.007572948 0.04152095 -7.34605e-4 0.004072904 0.04189991 1.37106e-4 0.004072904 0.04259467 0.001004993 0.004072904 0.04376065 0.001733541 0.004072904 0.04137545 -0.001672148 0.004072904 0.04137188 -0.001955926 0.007572948 0.03002738 -0.002838611 0.009578466 0.04113316 -0.002843677 0.007572948 0.03013783 -0.004625976 0.00959593 0.02992439 -0.002827048 0.007572948 0.03147435 -0.008325874 0.009575366 0.02962476 -0.00402528 0.009812653 0.02958166 -0.002671301 0.009736835 0.03027462 -0.006213188 0.009686112 0.02920567 -0.002167463 0.01016891 0.02939963 -0.00250858 0.007572948 0.0293861 -0.003975749 0.01010912 0.02941626 -0.0047248 0.01031255 0.03001797 -0.006661057 0.01005405 0.03100067 -0.008586287 0.009811997 0.03183889 -0.009676933 0.009667694 0.03346759 -0.01166081 0.009601056 0.04113316 -0.002843677 0.009572923 0.04113316 -0.01727265 0.007572948 0.04463315 -0.01528078 0.007572948 0.04113245 -0.01657634 0.009602963 0.04463315 -0.01228076 0.007572948 0.02918279 -0.002040386 0.007572948 0.02919328 -0.001448631 0.01021397 0.02952015 0.001706659 0.01034438 0.02999728 0.00339508 0.01039958 0.03056961 0.004814565 0.01030254 0.03123849 0.006165862 0.0105161 0.03217977 0.007596731 0.01033222 0.03313297 0.008802831 0.01044094 0.03523874 0.0107972 0.0105037 0.03468817 0.01034289 0.02618402 0.03583127 0.01124072 0.02615922 0.03752183 0.01230102 0.02620035 0.03695666 0.01192623 0.02640628 0.03952097 0.01320809 0.02622383 0.03761321 0.01233392 0.0103777 0.03773349 0.01226019 0.02661854 0.04278659 0.01376569 0.02679347 0.04142189 0.01377171 0.02632945 0.03913015 0.01305454 0.01038968 0.04239481 0.01399284 0.009572923 0.04410284 0.01418435 0.02621614 0.04989939 0.01348251 0.02630764 0.04784667 0.01399689 0.02623063 0.05066162 0.01323193 0.01034349 0.05126368 0.01299071 0.02630662 0.05243533 0.01245081 0.02623677 0.05365777 0.01175433 0.02625602 0.05219936 0.01256114 0.01030492 0.05438762 0.01125413 0.0102995 0.05580741 0.0101459 0.01047104 0.05682003 0.009128987 0.01029747 0.05809199 0.007619678 0.01049393 0.05913412 0.005963325 0.01037377 0.0578159 0.007791042 0.01009041 0.05990445 0.004136979 0.01013016 0.05875563 0.006330013 0.01001256 0.06045907 0.002003788 0.009920477 0.05673754 0.008773386 0.009808301 0.05512058 0.01050144 0.009979546 0.05119991 0.01278108 0.009916245 0.05323034 0.0117557 0.00992304 0.05081021 0.01246345 0.009607374 0.05311036 0.01145952 0.00966376 0.05545938 0.009776532 0.009693443 0.05888432 0.004747867 0.009581446 0.05831879 0.006317794 0.009677171 0.06087416 -3.64696e-4 0.009954273 0.0597791 0.003587007 0.009753763 0.05917513 0.005154311 0.009811878 0.06080627 -9.83225e-4 0.009828448 0.06108707 -0.001522064 0.010266 0.06108367 -5.73154e-4 0.01038134 0.06112074 -0.001919746 0.0103619 0.06107449 -0.002113223 0.007572948 0.06104803 -0.003350079 0.01034855 0.06084161 -0.00482732 0.0104137 0.06082165 -0.004909336 0.02626889 0.06005764 -0.007542014 0.02622944 0.06040364 -0.006555259 0.01039123 0.06051021 -0.006164252 0.02630227 0.05948311 -0.008855879 0.0262109 0.06103622 -0.003600478 0.02624261 0.06001973 -0.007231771 0.02663874 0.06093978 -0.00328046 0.02658373 0.06113624 -0.001503229 0.02617675 0.06096398 5.70878e-4 0.02624261 0.06090033 8.9345e-4 0.01034432 0.06060826 0.002249002 0.02629727 0.05995655 0.004250884 0.01047134 0.06054657 0.00251919 0.01041692 0.06012785 0.00381124 0.0262016 0.06103211 -0.001338899 0.02653861 0.05961507 0.005011081 0.02627289 0.05875247 0.006610274 0.02629506 0.06055968 -0.005002796 0.02674484 0.05897855 -0.008340895 0.02705031 0.05933874 -0.008472442 0.02680951 0.05805224 -0.01068073 0.02681303 0.05721867 -0.01203274 0.0266245 0.05599355 -0.0134232 0.02650183 0.05566889 -0.01332896 0.02686446 0.05292928 -0.01527142 0.02690279 0.05455207 -0.01442342 0.02674311 0.0542494 -0.01493477 0.02625644 0.05265408 -0.0157684 0.02659291 0.05255872 -0.01595425 0.02620679 0.05094009 -0.01668214 0.02630871 0.04898309 -0.01719379 0.02657115 0.04756122 -0.01732808 0.02676683 0.04943907 -0.01718842 0.02622443 0.05060249 -0.01681852 0.01043301 0.04914313 -0.01725864 0.01030331 0.04913324 -0.01727503 0.009572923 0.04795414 -0.01753795 0.02615272 0.04646307 -0.01770454 0.02638524 0.04462432 -0.01776361 0.02633285 0.04312974 -0.01764231 0.02630108 0.04300493 -0.01764571 0.009572923 0.04508906 -0.01779687 0.009572923 0.04745328 -0.01762455 0.009572923 0.04113298 -0.01728171 0.009572923 0.0416153 -0.01738345 0.02627265 0.04260104 -0.01742815 0.02661395 0.03902608 -0.01638084 0.02668052 0.04608678 -0.01724702 0.02696329 0.05062502 -0.01646727 0.0268287 0.04430556 -0.01746422 0.02681535 0.03944724 -0.0160101 0.02703142 0.03741616 -0.01539677 0.02685534 0.03473675 -0.0129702 0.0270552 0.03266978 -0.01090753 0.0269823 0.04479271 0.008251965 0.02707296 0.04479759 0.008256375 0.02307295 0.04595988 0.008611977 0.02307295 0.04542481 0.00825262 0.02307295 0.0451563 0.01022392 0.02307295 0.0445941 0.01009267 0.02307295 0.04415988 0.009513258 0.02307295 0.0456171 0.01011115 0.02307295 0.04597508 0.009770095 0.02307295 0.04438298 0.008550584 0.02307295 0.04614502 0.009282231 0.02307295 0.04416716 0.008920669 0.02307295 0.03172731 -0.009161829 0.02705115 0.03538995 -0.0141651 0.02675938 0.03605294 -0.01489633 0.02641427 0.03743755 -0.01570075 0.02653235 0.03839117 -0.01628994 0.02619338 0.0399937 -0.01694381 0.02613437 0.03841155 -0.01629942 0.0103783 0.04113274 -0.01727104 0.01047617 0.03988426 -0.01688706 0.01034528 0.04040127 -0.01695585 0.02655535 0.03394079 -0.01284468 0.02678614 0.03694641 -0.01553934 0.02612775 0.03527927 -0.01439172 0.02618366 0.03382444 -0.01308137 0.01032102 0.03302526 -0.01224201 0.01045924 0.03277665 -0.01196002 0.02617204 0.03392004 -0.01317894 0.02633869 0.03200113 -0.01091223 0.02633708 0.03028297 -0.007711052 0.02633351 0.02995651 -0.006349802 0.02663147 0.02985429 -0.006540119 0.02619117 0.03100693 -0.009265601 0.02634352 0.03192633 -0.01082277 0.01041948 0.0357964 -0.01449686 0.009921252 0.0379976 -0.01585996 0.009926319 0.0397399 -0.01651364 0.009828686 0.0411325 -0.01712894 0.01004093 0.0331251 -0.01200586 0.009901583 0.03194153 -0.01055014 0.01000905 0.03120887 -0.009520649 0.01015698 0.02913624 -0.001259565 0.01052159 0.02913439 -0.002005398 0.02623015 0.0314486 0.006523489 0.02622169 0.03265672 0.008245527 0.02617788 0.0304414 0.004543721 0.02630984 0.02925193 1.48092e-4 0.01044815 0.0294466 0.001399219 0.02611315 0.03248429 0.007902383 0.02648335 0.03363651 0.009338557 0.02625012 0.03412246 0.009442329 0.02679914 0.03514027 0.0105853 0.02655851 0.04033881 0.01325953 0.02672547 0.04490941 0.01407051 0.02662646 0.04631465 0.01375544 0.02690297 0.0429157 0.01405149 0.02631068 0.04731202 0.0139864 0.02651458 0.04779809 0.01356023 0.02691566 0.04909181 0.01355922 0.02663183 0.05057889 0.01303458 0.02671742 0.05224174 0.01209801 0.02688783 0.05552417 0.009656429 0.02697944 0.05179309 0.01190108 0.02706825 0.05383497 0.0109201 0.02701586 0.05011659 0.01290988 0.02695012 0.04397678 0.01367479 0.02695494 0.04553824 0.01343262 0.0270701 0.04614251 0.009334444 0.02707296 0.05644941 0.00832796 0.02706784 0.05896627 0.004515528 0.02707225 0.06018549 0.001977562 0.02695 0.06065225 0.001327872 0.02667558 0.05969512 0.003769755 0.02690446 0.05466467 0.01107311 0.02617025 0.0556693 0.01024377 0.02634954 0.05777329 0.008028805 0.02618902 0.05683159 0.009136974 0.02620768 0.05787205 0.007624328 0.02665525 0.05988675 0.004115223 0.02658182 0.0587719 0.005654394 0.02693325 0.05878889 0.006188213 0.02667266 0.05678188 0.008909106 0.0266962 0.05491524 0.01059693 0.02672636 0.05301934 0.01196742 0.02663713 0.05743992 0.007618546 0.02695703 0.05342704 0.01190608 0.01049661 0.06065136 -0.002933681 0.02691531 0.06009036 -0.005670726 0.02698463 0.05773901 -0.0103591 0.02706313 0.05665498 -0.01209002 0.02698034 0.05432045 -0.01396852 0.0270496 0.04903006 -0.01685464 0.02690666 0.04787534 -0.01674348 0.02707064 0.04613471 -0.01293355 0.02307295 0.04418182 -0.01313513 0.02307295 0.04452759 -0.01195734 0.02307295 0.04559743 -0.01367741 0.02307295 0.04607468 -0.01241672 0.02307295 0.04593557 -0.01339048 0.02307295 0.04460012 -0.01365149 0.02307295 0.04515653 -0.01378935 0.02307295 0.04414981 -0.01252412 0.02307295 0.04571896 -0.01194494 0.02307295 0.04513019 -0.0117684 0.02307295 0.04591703 -0.01214772 0.02707296 0.04805612 -0.002847552 0.02707296 0.04553616 -0.01185178 0.02707296 0.04600399 -0.002299129 0.02907288 0.04614102 -0.001712024 0.03407394 0.04613012 -0.001892209 0.02907288 0.04823374 -0.002003371 0.02707296 0.06017702 -0.003499329 0.02707117 0.04598075 0.008638203 0.02707296 0.06075292 -8.51465e-4 0.02685236 0.06041526 -8.00354e-4 0.02703803 0.0461359 -0.01262015 0.02707296 0.05122435 -0.01576447 0.02705872 0.04606252 -0.01317483 0.02707296 0.04579025 -0.01354318 0.02707296 0.04480803 -0.0137391 0.02707296 0.04535901 -0.01376855 0.02707296 0.04606795 -0.002152502 0.03408885 0.04818075 -0.002485811 0.02907288 0.04546511 0.008266508 0.02707296 0.0481559 -0.001010835 0.02707296 0.04765766 4.88044e-5 0.02707296 0.04609 -0.001442611 0.02907288 0.04817026 -0.001035034 0.02907288 0.04585862 -0.00246042 0.03413635 0.04775118 -0.003451168 0.02907288 0.04718762 -0.004123806 0.02907288 0.04748517 -0.003838241 0.02707296 0.04565364 -0.002643048 0.02907288 0.04634964 -0.004662811 0.02707296 0.04545158 -0.002744436 0.03407651 0.04518812 -0.002793133 0.02907288 0.04602801 -0.004783511 0.02907288 0.04498344 -0.004898786 0.02707296 0.04505395 -0.01177608 0.02707296 0.04470348 -0.004866957 0.02907288 0.04495477 -0.002767384 0.03409451 0.04454475 -0.002603054 0.03407722 0.04426932 -0.002284109 0.03411418 0.04507678 -8.92479e-4 0.03426873 0.04598271 -0.001230001 0.03407746 0.04759556 1.32902e-4 0.02907288 0.04577022 -9.99874e-4 0.02907288 0.04674005 8.88882e-4 0.02907288 0.04691958 7.66185e-4 0.02707296 0.04611271 0.001172661 0.02707296 0.04539507 -8.08613e-4 0.02907288 0.04584008 0.001246333 0.02907288 0.04552012 -8.44892e-4 0.03410005 0.04492229 -7.88929e-4 0.03408139 0.04495495 0.001326858 0.02907288 0.04365128 9.56447e-4 0.02707296 0.04486817 0.001339137 0.02707296 0.04497557 -7.85401e-4 0.02907288 0.0440436 0.00113213 0.02907288 0.0445612 -9.4942e-4 0.02907288 0.04292094 4.05418e-4 0.02707296 0.04233217 -4.12256e-4 0.02707296 0.04328137 7.17102e-4 0.02907288 0.04447442 -0.001020967 0.03408777 0.04418694 -0.001401007 0.02907288 0.04257887 6.4071e-6 0.02907288 0.04421645 -0.001603007 0.03423041 0.04418498 -0.001436471 0.03410059 0.04214119 -9.28054e-4 0.02907288 0.042028 -0.001713573 0.02907288 0.04417991 -0.002160251 0.02907288 0.04211461 -0.002544283 0.02907288 0.0435903 -0.004492998 0.02907288 0.04319351 -0.004218757 0.02707296 0.0439853 -0.004668354 0.02707296 0.04261517 -0.003631651 0.02907288 0.04465192 -0.002672553 0.02907288 0.04258698 -0.003560602 0.02707296 0.04214757 -0.002689063 0.02707296 0.04413139 -0.001884639 0.03407829 0.04453521 -0.0119546 0.02707296 0.04413312 -0.01255309 0.02707296 0.04425972 -0.01332068 0.02707296 0.04202747 -0.001511096 0.02707296 0.0369299 -0.01460129 0.02706831 0.04122 -0.01686549 0.02690911 0.04296129 -0.01687258 0.02705413 0.0459758 -0.001456975 0.03423666 0.04517686 -0.002673745 0.03424477 0.04107701 0.01302874 0.02701979 0.0386992 0.01236027 0.02693891 0.03624588 0.01096206 0.02694094 0.0379976 0.0116409 0.02707141 0.04508763 0.01023274 0.02707296 0.04561865 0.01010507 0.02707296 0.04594528 0.009812712 0.02707296 0.04461616 0.010082 0.02707296 0.04422849 0.009687006 0.02707296 0.04412949 0.00912857 0.02707296 0.03396695 0.008551955 0.0270642 0.03288054 0.00799936 0.02683132 0.03118532 0.005660653 0.02669942 0.03205436 0.006411015 0.02700108 0.03067106 0.003912627 0.02693563 0.03010439 0.003446877 0.02652847 0.02978044 0.002682685 0.02635282 0.02917927 -0.003061234 0.01048368 0.02921313 -0.003325104 0.02624559 0.03071641 -0.008740186 0.01044344 0.02987945 -0.006636738 0.0104444 0.02942848 -0.004852831 0.02621364 0.02948516 -0.004010736 0.02671051 0.03192818 -0.01037865 0.02676397 0.03097802 -0.007382154 0.02706503 0.03077852 -0.008120059 0.02681368 0.03007847 -0.005402147 0.02697718 0.0442844 0.008668303 0.02707296 0.02991437 -0.001112937 0.02706235 0.02959066 -0.002107024 0.02693063 0.02929806 -0.002614736 0.02661544 0.0292921 -8.16522e-4 0.02658885 0.02922916 -8.89394e-5 0.02631831 0.03050178 0.00238204 0.02706515 0.02968889 -7.34298e-5 0.02692943 0.02972036 0.001439452 0.02677369 0.03452664 -0.01328516 0.009785413 0.03569918 -0.01386469 0.009614109 0.0385459 -0.01554548 0.009590148 0.03751224 -0.01530557 0.009707093 0.03684854 -0.01545768 0.0103209 0.0355181 -0.01455104 0.0102964 0.03480803 -0.01400655 0.01046109 0.04913347 -0.01709336 0.009996414 0.05201917 -0.01621586 0.01038062 0.05153775 -0.0162782 0.01002711 0.05354356 -0.01523685 0.01004958 0.05330544 -0.01518344 0.009833216 0.05521059 -0.01386612 0.009869754 0.05620932 -0.01254367 0.009666681 0.04913866 -0.016478 0.009577929 0.05193668 -0.01568025 0.009670317 0.05445778 -0.01384919 0.009587526 0.05824905 -0.009495019 0.009577631 0.05784708 -0.01087677 0.009770929 0.05669367 -0.01256692 0.009959459 0.05908554 -0.008800625 0.009748935 0.05947577 -0.007921457 0.009761512 0.05988186 -0.005952417 0.009608447 0.06036591 -0.002822756 0.007572948 0.06047463 -0.004244983 0.009715139 0.0545873 -0.01467847 0.01034486 0.05320227 -0.01559865 0.01044815 0.05579543 -0.01370984 0.01038199 0.05693501 -0.01258093 0.01040881 0.05564737 -0.01384586 0.02610373 0.05673712 -0.01279944 0.02619582 0.0579999 -0.01128804 0.02631253 0.05771982 -0.01163101 0.01028066 0.05863749 -0.01036608 0.01042091 0.06080842 -0.002560615 0.007572948 0.06083488 -0.002554953 0.009849131 0.0608142 -0.004225015 0.01004993 0.05990362 -0.007633805 0.0100947 0.06037998 -0.005895256 0.009932279 0.05912452 -0.009383559 0.01014429 0.05880904 -0.01007467 0.02626442 0.05898892 -0.00952053 0.02658945 0.05969697 -0.008436441 0.01049906 0.05010116 -0.01666629 0.009832799 0.06027847 8.65916e-4 0.009623587 0.06030541 -7.30968e-4 0.009582996 0.05600041 0.008891046 0.009578704 0.04913318 0.01290607 0.009583532 0.04913389 0.01342922 0.009863555 0.04913318 0.01371133 0.009572923 0.0411331 0.01371151 0.009572923 0.04913568 0.01369583 0.01033794 0.04727166 0.01410478 0.009572923 0.04571247 0.01421219 0.02620357 0.04448086 0.01421856 0.009572923 0.04112946 0.01360917 0.01011151 0.0411185 0.01371282 0.01049262 0.03899729 0.01281118 0.009970307 0.03620767 0.01137298 0.01008266 0.03475362 0.01010125 0.009926438 0.03693479 0.0115416 0.009794771 0.04113286 0.01333665 0.009793937 0.03958594 0.01275926 0.00973773 0.03841614 0.01196247 0.009598612 0.0411331 0.01287972 0.009582698 0.03561109 0.0101397 0.009588837 0.03364795 0.008640825 0.00968939 0.03554892 0.01044982 0.00971806 0.03218054 0.006938278 0.009767174 0.03643852 0.01164793 0.01040452 0.03420358 0.009890794 0.01034122 0.03319537 0.008628249 0.009995877 0.03095704 0.004931509 0.009821951 0.03048211 0.003047943 0.009656548 0.03136384 0.004752516 0.009581506 0.03245067 0.006595075 0.009581387 0.02989614 -7.41332e-4 0.009589374 0.03004354 0.00296545 0.009968638 0.02980357 9.9153e-4 0.009744048 0.02978229 -7.65532e-4 0.007572948 0.02951437 -9.33037e-4 0.009786486 0.03156143 0.006540238 0.01013803 0.02943331 4.16279e-4 0.01002639 0.02920794 -0.001362085 0.007572948 0.04463315 -0.01528078 0.005572974 0.04376482 -0.005285143 0.007572948 0.04160004 -0.003077864 0.007572948 0.04271757 -0.004676342 0.007572948 0.04507815 -0.00555998 0.007572948 0.0420255 -0.003889739 0.007572948 0.04463315 -0.01228076 0.005572974 0.04258137 -0.004549503 0.004072904 0.04179847 -0.003541409 0.004072904 0.04144978 -0.002519965 0.004072904 0.04341661 -0.005123734 0.004072904 0.04446822 -0.005492568 0.004072904 0.04567766 -0.005503237 0.004072904 0.04646211 -0.0053038 0.007572948 0.04652994 -0.005267024 0.004072904 0.04736393 -0.004814088 0.004072904 0.04743134 -0.004759252 0.007572948 0.04813009 -0.00405246 0.004072904 0.04858845 -0.003258228 0.004072904 0.04885882 -0.002314329 0.004072904 0.04563319 -0.01228076 0.005572974 0.04563319 -0.01528078 0.005572974 0.04563319 0.01171904 0.007572948 0.04563319 0.01171904 0.005572974 0.04463315 0.01171904 0.005572974 0.01851683 0.02775031 0.03261321 0.01618295 0.02889966 0.03257364 0.01804161 0.02739965 0.03259891 0.01235878 0.03050583 0.0325722 0.01219987 0.0301069 0.03268259 0.009033739 0.0309326 0.03285312 0.01265972 0.02944457 0.03311872 0.01508945 0.02820664 0.03341436 0.05161672 0.002114653 0.03320145 0.05264538 -0.003653347 0.03293585 0.05211561 -0.005698144 0.03269982 0.05098092 -0.006945848 0.03285861 0.0512551 -0.006333887 0.03308737 0.04961872 -0.007778525 0.0335437 0.01795929 -0.03012704 0.03339952 0.04991137 -0.007724106 0.03308939 0.01861977 -0.02984672 0.03301918 0.01669597 -0.03104978 0.0330398 0.01540559 -0.03161567 0.03334724 0.0183463 -0.02984786 0.03369075 0.05014955 -0.007536351 0.03401428 0.05016362 -0.007718086 0.03425306 0.05055189 -0.006969928 0.0336343 0.05147248 -0.005803942 0.0335114 0.0522567 -0.004145085 0.03354114 0.05219465 -0.0046916 0.03309029 0.05269604 -0.001511275 0.03324532 0.05254447 -0.003168761 0.03330844 0.05297613 -0.002408385 0.03280335 0.05268579 -1.54498e-4 0.03294837 0.053047 -9.96773e-4 0.03273212 0.05223524 7.87352e-4 0.03323316 0.0525031 -3.48609e-4 0.0335105 0.05091524 0.0030936 0.03322649 0.04996019 0.003980338 0.03355586 0.0510022 0.002906918 0.03373944 0.05173277 0.002357125 0.03427433 0.05147117 0.002285242 0.03384041 0.05001866 0.004027307 0.03395485 0.04974651 0.00440073 0.03419613 0.01827907 0.02662748 0.03424054 0.05033189 0.004329204 0.03444224 0.05254715 6.71149e-4 0.03429812 0.05274897 -7.97188e-4 0.03415101 0.05287986 -0.002334177 0.03425079 0.05249667 -0.004369854 0.03427708 0.05230385 -0.004228949 0.03393942 0.05159723 -0.005785226 0.03399491 0.05160915 -0.006254255 0.03434902 0.05289775 -0.004288315 0.03450715 0.05330485 -0.002113997 0.03452152 0.0531091 1.29198e-4 0.03453433 0.05194407 0.002883791 0.03454434 0.05034106 0.004792034 0.03457534 0.05400079 3.86942e-4 0.03438979 0.05306541 0.002099573 0.03453248 0.05172985 0.003944873 0.03455835 0.05165642 0.004723727 0.03429019 0.05066239 0.00511986 0.03452092 0.05052596 0.005654096 0.03431475 0.01949518 0.02758318 0.03427368 0.01752799 0.02869838 0.03437834 0.01447331 0.03022825 0.03442203 0.01944696 0.02721917 0.03449815 0.01637727 0.02887105 0.03457057 0.01209652 0.03095734 0.03453212 0.01474618 0.02886414 0.03439259 0.0105741 0.03054755 0.03436744 0.01177227 0.03048717 0.03453701 0.001744151 0.03264433 0.03454422 0.006819069 0.03172349 0.03445935 0.01755529 0.02783393 0.03456091 -0.006228744 0.03252053 0.0345813 0.003868341 0.03290778 0.03456306 0.008603334 0.03215998 0.03450882 -0.001275479 0.03327673 0.03453177 -0.005026817 0.03320801 0.03441792 -0.008493363 0.03250336 0.03444993 -0.01061469 0.03181535 0.03450286 0.003483951 0.03327834 0.03442883 0.00585246 0.03311061 0.03430241 0.001484751 0.03363341 0.0342884 0.008981585 0.03260809 0.03403019 0.009205043 0.03235352 0.03427487 0.01435458 0.03053027 0.03422397 0.008018851 0.03195905 0.03457874 0.01135712 0.03167939 0.0342887 0.01772874 0.02891749 0.03401309 0.05243474 0.00365895 0.03438436 0.05329704 0.002569317 0.03425377 0.05107545 0.005499839 0.03404176 0.01568865 0.03003412 0.03401672 0.006748795 0.03318363 0.03390324 0.004391729 0.03359353 0.03387677 -0.001476407 0.03380799 0.03409659 -0.007248044 0.033059 0.0342155 -0.007722079 0.03315705 0.03384292 0.001831591 0.03384894 0.03386259 0.01176816 0.03181481 0.03377664 0.009218156 0.03265666 0.03355377 6.026e-4 0.03394967 0.03364223 -0.002343475 0.03388923 0.03371584 -0.004591941 0.03364783 0.03392064 -0.009802937 0.03259432 0.03399163 -0.0125637 0.03166741 0.03408527 -0.01326799 0.03152352 0.03375709 -0.01474523 0.03076159 0.03412216 -0.01599192 0.03033208 0.0338146 -0.002997457 0.0334993 0.03434467 -0.01053541 0.03219544 0.03425937 -0.01328265 0.03107386 0.03441184 -0.01922738 0.02818197 0.03431946 -0.02125036 0.02683854 0.03430551 -0.02370715 0.02468472 0.03441637 -0.01649487 0.02959859 0.03441512 -0.01339882 0.03064143 0.03456407 -0.01838999 0.02799534 0.03457552 -0.009899437 0.03131616 0.03453397 -0.005680382 0.0320748 0.03446888 -0.01367521 0.02985638 0.03448867 -0.0158711 0.0290457 0.0345472 -0.02473998 0.02281612 0.03455907 -0.0198574 0.02645558 0.03447943 -0.02365946 0.02335351 0.03445571 -0.0282076 0.01828211 0.03448396 -0.03216058 0.01195007 0.03457325 -0.0331602 0.00873655 0.0345326 -0.03433793 0.004103899 0.03453958 -0.0349906 0.001703917 0.03457343 -0.03445881 0.005817711 0.034563 -0.03538542 0.001078546 0.03450822 -0.03501528 -0.006094992 0.03457468 -0.03364855 -0.01074892 0.03453636 -0.03438568 -0.006666481 0.03451651 -0.03496438 -0.001024544 0.03456383 -0.03460711 -9.45345e-4 0.03445303 -0.03129929 0.01303893 0.03447389 -0.02769279 0.01838731 0.03420847 -0.02460712 0.02194058 0.03417509 -0.02291005 0.0234366 0.034033 -0.0206651 0.02549546 0.03424465 -0.01930922 0.0261783 0.03388994 -0.01718407 0.0275973 0.03406 -0.01624786 0.02838778 0.03434455 -0.0264452 0.02022212 0.03437298 -0.02954876 0.01587098 0.03435814 -0.03371769 0.005932986 0.03443729 0.001628518 0.03226435 0.0343464 0.005432248 0.031659 0.03419172 0.01043456 0.03024929 0.03397721 0.01252096 0.0295149 0.03405034 0.01688086 0.02720648 0.03366857 0.01774072 0.02678108 0.03394269 0.01444458 0.02855002 0.0338028 0.007940411 0.03104555 0.03408169 0.01528966 0.02834427 0.03420168 -0.002551019 0.03235137 0.03443729 0.008209168 0.03084325 0.0336669 0.01208877 0.02956593 0.03356897 0.004737496 0.0315957 0.03382396 0.002278625 0.031852 0.03374958 2.50127e-4 0.03210294 0.03413248 -1.18891e-4 0.03195732 0.0337184 -0.003988265 0.03182065 0.03395062 -0.005850851 0.03151017 0.03375029 -0.007618069 0.03119277 0.0338748 7.96466e-4 0.03196024 0.03329813 0.005993008 0.03133928 0.03345924 0.007818698 0.03098487 0.03325957 0.003044962 0.03182703 0.03322398 0.004128873 0.03164833 0.03341847 0.009859621 0.03036004 0.03342527 0.01084041 0.03019046 0.0330246 -0.001654148 0.03199601 0.03320628 -0.002172529 0.03190892 0.03359526 -0.004933893 0.03165489 0.03335195 -0.009252309 0.0307902 0.03329366 -0.01298052 0.02949422 0.0334829 -0.01368778 0.02936887 0.03304892 -0.01507103 0.0285896 0.03338372 -0.01683044 0.02770233 0.03326833 -0.01912033 0.02628773 0.03330659 -0.02175498 0.02442646 0.03314149 -0.02395528 0.02244251 0.03318411 -0.02522629 0.02102357 0.033728 -0.02591413 0.02027326 0.03336119 -0.02883881 0.01630675 0.0334447 -0.02703392 0.01885968 0.03349661 -0.02941215 0.01558303 0.03312993 -0.02732115 0.01874089 0.03304988 -0.02300763 0.02377438 0.03274708 -0.02028203 0.02615857 0.03266048 -0.01110708 0.03036022 0.03302067 -0.005677461 0.03192615 0.03277683 5.67795e-4 0.03255808 0.03264164 0.005016684 0.03237497 0.03257858 0.003765225 0.03219729 0.03271216 0.008018434 0.03154897 0.03264528 0.005460858 0.03169745 0.03291505 0.001270115 0.03216457 0.03291267 -0.006049394 0.03165018 0.03302657 -0.002367138 0.03226721 0.03277415 -0.008153855 0.03138345 0.0328136 -0.016725 0.02802819 0.03289002 -0.0200622 0.02589243 0.03293466 -0.0256347 0.02083414 0.03299206 0.009188771 0.03189784 0.03260177 0.004676461 0.03292304 0.03261196 0.0133531 0.03048866 0.03262019 0.0189141 0.02783828 0.03277045 0.05062377 0.005007565 0.03258883 0.05345648 0.001390159 0.03265047 0.05257046 0.00338459 0.03271585 0.05082088 0.005304276 0.03275209 0.01098918 0.03159797 0.03271633 0.007462322 0.03270095 0.03277879 -0.004636943 0.03318339 0.03268563 -0.02329814 0.02407401 0.03259253 -0.02840602 0.01789242 0.0326932 -0.03065866 0.01445692 0.03263199 -0.01695984 0.0288906 0.03256994 -0.01016187 0.03164279 0.0325675 -0.01385402 0.03067344 0.03265243 -0.01010084 0.03207629 0.03268396 -0.02211856 0.02554804 0.03258299 -0.01964753 0.02758604 0.03264772 -0.02659755 0.02135545 0.03258705 0.002927184 0.03343814 0.03278684 0.009839534 0.03222876 0.03292888 0.01629936 0.02938538 0.03277069 0.0504989 0.005813062 0.03296363 0.05174857 0.004740178 0.03292661 0.05255246 0.003951251 0.03305858 0.05119007 0.005510449 0.03327149 0.01936149 0.02784031 0.03303998 0.01746487 0.02908813 0.03313553 0.01422309 0.03071928 0.03309577 0.01137274 0.03187292 0.03314691 0.0161398 0.02988606 0.03331005 0.0194168 0.02796369 0.03341287 0.0506792 0.005931079 0.03346621 0.05226945 0.004520356 0.03357958 0.05390065 0.001833021 0.03329753 0.05426067 7.61691e-4 0.03331345 0.05329298 0.003076255 0.03334909 0.05357772 0.002083182 0.03292453 0.05407547 2.67385e-4 0.03280889 0.05445837 -4.4034e-4 0.03314173 0.05432033 -0.003281593 0.03295427 0.05454003 -0.00285089 0.03328531 0.05344676 -0.00607109 0.03303486 0.05253207 -0.007253706 0.03285062 0.05267447 -0.007439613 0.03316432 0.05168551 -0.0084697 0.03303945 0.05391848 -0.004449367 0.03280717 0.05366051 -0.003660082 0.03259062 0.05304908 -0.006029009 0.03268551 0.0543102 -0.001863777 0.03279763 0.05381834 -9.18215e-4 0.03258335 0.05253911 0.002615809 0.03256809 0.05090147 0.004097402 0.03261184 0.05005896 0.004576325 0.03267902 0.04980808 0.004370033 0.03293508 0.01820874 0.02681529 0.0327968 0.05064529 0.003539562 0.03301781 0.0518915 0.002297043 0.03278708 0.05250751 9.27665e-4 0.0327984 0.05339431 -0.002049922 0.03260463 0.0528723 -0.00549972 0.03256624 0.0509907 -0.007961034 0.03256976 0.05109781 -0.007277369 0.03265863 0.04987049 -0.008220016 0.03269183 0.01539218 -0.032072 0.03275603 0.01396954 -0.03230345 0.03368604 0.01806163 -0.03022211 0.03411698 0.01843565 -0.03031849 0.03440487 0.05108046 -0.007397532 0.03452491 0.05259501 -0.005674183 0.0345841 0.05232894 -0.007022082 0.03450262 0.0535385 -0.004674732 0.03451359 0.05388128 -0.001165747 0.03456181 0.05403208 9.57759e-4 0.03418278 0.0536918 0.002231299 0.03391945 0.05245494 0.004126667 0.03404027 0.05306953 0.003430247 0.0337783 0.05439305 -0.002295911 0.03423917 0.05454462 -0.001200497 0.03399115 0.05414336 -0.003079593 0.03439092 0.05383896 -0.00505799 0.03421401 0.05301409 -0.00647211 0.0343275 0.05214619 -0.007949411 0.03415948 0.05069661 -0.009396195 0.0339629 0.05143147 -0.0088647 0.03383928 0.01982629 -0.03126096 0.03350752 0.05238431 -0.007935404 0.03362339 0.05393558 -0.005287468 0.03329885 0.0546469 -0.00170964 0.03346389 0.05435293 -0.004068851 0.03341704 0.05456739 -0.002868294 0.03375715 0.05453139 -3.06794e-4 0.03371512 0.05412334 0.001281082 0.0337432 0.05316436 -0.006776571 0.03393131 0.05419909 -0.004573345 0.03386449 0.0509963 0.005669057 0.03382146 0.005410015 0.03331047 0.03300523 0.003695189 0.03361785 0.0331 0.008396506 0.03277075 0.03313899 6.13334e-4 0.0338543 0.0331543 0.01270329 0.03147292 0.03346174 0.01699596 0.02945107 0.03366369 0.01946282 0.02793997 0.03368782 0.01975196 0.02764314 0.03397935 0.01413965 0.03087574 0.03372126 0.006407082 0.03331035 0.03343003 0.002802431 0.03381365 0.03348219 -0.002094566 0.03387385 0.03328043 -0.01648384 0.02996498 0.03305083 -0.01930981 0.02836447 0.03306674 -0.02166652 0.02680087 0.03313088 -0.01286524 0.03150486 0.03297847 -0.01019054 0.03250169 0.03315681 -0.00710535 0.03322744 0.03314679 -0.007949709 0.03313791 0.03348541 -0.005594968 0.03357273 0.03360879 -0.003904283 0.03375697 0.03331601 -0.01359677 0.03141665 0.03341275 -0.01720654 0.0297321 0.0334087 -0.02445745 0.02439987 0.03299951 -0.02660268 0.02225822 0.0330342 -0.03008383 0.01800799 0.0332753 -0.02830964 0.02036499 0.03315311 -0.03050118 0.01704603 0.03296297 -0.03158956 0.01532644 0.03306096 -0.03266012 0.01292783 0.03289335 -0.03347051 0.01049482 0.03274291 -0.0346387 0.006833195 0.03276211 -0.02957206 0.01781225 0.0326631 -0.02923518 0.01877373 0.03285747 -0.02748268 0.0208081 0.03273373 -0.02000802 0.02764284 0.03279471 -0.02300488 0.02550977 0.03286117 -0.02487665 0.02358245 0.03271204 -0.03131037 0.01497465 0.03266358 -0.03074711 0.0154128 0.03258007 -0.02795851 0.01918417 0.03257644 -0.03287273 0.009536802 0.0326144 -0.03385877 0.006929278 0.03256702 -0.03474235 -0.003020584 0.03263288 -0.03518152 9.94472e-4 0.03257495 -0.03369468 0.009104669 0.03260892 -0.03513258 0.003843128 0.03268736 -0.03550249 0.002010643 0.03275144 -0.03556072 -0.002885222 0.03268116 -0.03519648 -0.006119072 0.03263568 -0.03439235 -0.01049256 0.03264212 -0.03456407 0.001735806 0.03263032 -0.03494811 -0.006436228 0.03257441 -0.03407329 -0.008886456 0.03260833 -0.03285813 -0.01463955 0.0325846 -0.03095465 -0.01862448 0.03258401 -0.03002184 -0.02090948 0.0327202 -0.03135138 -0.01853418 0.03269505 -0.02684301 -0.02524077 0.03279876 -0.02518284 -0.02699023 0.03279447 -0.02329963 -0.02869302 0.03277122 -0.02057027 -0.03100997 0.03295743 -0.01617604 -0.03362357 0.03298956 -0.01872861 -0.03229832 0.03308409 -0.02818763 -0.02381885 0.03290516 -0.02420824 -0.02830475 0.03318977 -0.01127636 -0.03557527 0.03292495 -0.008389949 -0.03645551 0.03304398 -0.005554199 -0.03692668 0.03295409 -0.01481056 -0.03404182 0.03275859 -0.01843041 -0.03213268 0.03275215 -0.02105879 -0.03020882 0.03265482 -0.02775269 -0.02369052 0.03261774 -0.02481192 -0.02674156 0.03258574 -0.01663815 -0.03269189 0.03258079 -0.004813432 -0.03584903 0.03264558 2.27641e-4 -0.03642714 0.03257781 -6.46337e-4 -0.03603917 0.03269094 0.001743257 -0.03607052 0.03264522 0.01002734 -0.03426814 0.03277558 0.01167136 -0.03330928 0.03333789 0.01029843 -0.0337789 0.03368061 0.006863832 -0.0349608 0.03420668 0.009567797 -0.03426045 0.03423619 0.0120868 -0.03362619 0.03442138 0.01536059 -0.03214478 0.03442174 0.01476234 -0.0328536 0.03455585 0.0176723 -0.0317229 0.034563 0.01089429 -0.03486573 0.03456366 0.008979856 -0.03581488 0.03441447 0.01272416 -0.03456604 0.03441053 0.01421344 -0.03417998 0.03419017 0.01704156 -0.03287965 0.03401094 0.01649731 -0.03329551 0.03348106 0.01437956 -0.03432118 0.03376626 0.01914864 -0.03162676 0.03317534 0.01927775 -0.03125667 0.03283548 0.01653957 -0.03296691 0.03287833 0.0144636 -0.03364878 0.03265094 0.01204156 -0.03438627 0.03257679 0.006510853 -0.03571939 0.03257697 0.005924403 -0.03548032 0.03268569 -0.008127093 -0.03574734 0.03256946 -0.002882897 -0.03664726 0.03258746 -0.005016744 -0.03665846 0.03266537 -0.008047342 -0.03617417 0.03269994 0.0012905 -0.03688955 0.03264337 0.004417121 -0.03642863 0.03259104 0.00862056 -0.03558766 0.03259474 -0.01179486 -0.03499633 0.03263849 -0.00255835 -0.0371716 0.03285747 0.005325376 -0.03672963 0.03282427 0.01247072 -0.03473454 0.03277218 0.008694648 -0.03621435 0.03305345 0.01126033 -0.03538006 0.03298115 0.008035659 -0.03599125 0.03268921 0.01454097 -0.03419792 0.0332061 0.003936111 -0.03719437 0.03319346 0.00216633 -0.03722053 0.03295201 -6.76542e-4 -0.03729927 0.03293621 -0.002084493 -0.03746235 0.03334492 -0.005886673 -0.03703749 0.03323525 7.51197e-4 -0.03749036 0.03341066 0.006894826 -0.03669852 0.03318822 0.01130187 -0.03554415 0.03339689 0.009212195 -0.03621584 0.03362882 -0.007012665 -0.0368883 0.03346204 -0.009054183 -0.03645813 0.03358083 -0.003582537 -0.03737384 0.03357762 0.005655527 -0.0370022 0.03343993 -0.01134479 -0.03577852 0.03338193 -0.01400572 -0.03477233 0.03326535 -0.01305216 -0.0351696 0.03378003 -0.01024973 -0.03607958 0.03385835 -0.0166164 -0.03360319 0.03340244 -0.0198158 -0.03176468 0.03343862 -0.01622444 -0.03380906 0.03373968 -0.02067041 -0.03118759 0.03365474 -0.02271401 -0.02962321 0.03325462 -0.02497547 -0.02769559 0.03343206 -0.02655863 -0.02599638 0.03319209 -0.02829718 -0.02396249 0.03320425 -0.02982223 -0.02180457 0.03309857 -0.03071999 -0.02053695 0.03321832 -0.03278636 -0.01645272 0.03302359 -0.02676355 -0.02587145 0.03362959 -0.02890539 -0.02328491 0.03345513 -0.03281098 -0.01675206 0.03347009 -0.03368812 -0.01456248 0.03327 -0.0346027 -0.01182204 0.03322625 -0.03459537 -0.01104885 0.03287088 -0.03514134 -0.008752942 0.03286707 -0.03556859 -0.006152689 0.0328834 -0.0358777 -0.004309594 0.03306019 -0.035905 -0.001529455 0.03295993 -0.03308135 -0.01493507 0.03270751 -0.03386223 -0.01347404 0.03289979 -0.03163534 -0.01861363 0.03293502 -0.03403514 0.009728491 0.03302502 -0.02697962 0.02206844 0.03344136 -0.02301114 0.02586358 0.03344386 -0.01863747 0.02894169 0.03354805 -0.02093493 0.02744168 0.033459 -0.02435523 0.0246914 0.03373861 -0.02523082 0.02389127 0.0335341 -0.02289897 0.0258218 0.03403693 -0.0211265 0.02725309 0.03387123 -0.01908493 0.02852666 0.03405457 -0.01736468 0.02949041 0.03411149 -0.02488535 0.02392762 0.03419137 -0.02659565 0.02196735 0.03434777 -0.0286675 0.01985824 0.03405344 -0.01890635 0.02804285 0.03450727 -0.02291798 0.02496683 0.03455901 -0.02992409 0.01656723 0.03457605 -0.0325644 0.01182931 0.03456324 -0.02810645 0.01945012 0.03456687 -0.03034847 0.01662665 0.03447771 -0.02993297 -0.02045696 0.03456634 -0.0283094 -0.02291452 0.03453737 -0.02734601 -0.02454251 0.03441905 -0.02369916 -0.02821147 0.03443551 -0.02171838 -0.02954572 0.03454303 -0.01975041 -0.03117495 0.03445541 -0.01660567 -0.03265374 0.03457307 -0.01416027 -0.0340234 0.03451943 -0.01678746 -0.03301894 0.03441208 -0.01861119 -0.03222137 0.03424185 -0.02567988 -0.02654337 0.0343216 -0.02964228 -0.02182728 0.03425461 -0.03158801 -0.01824766 0.03441077 -0.03347629 -0.01430094 0.03434336 -0.03096026 -0.01973986 0.03424632 -0.03241157 -0.01616847 0.03450047 -0.03368306 -0.01268744 0.03453612 -0.0348525 -0.008712649 0.03447955 -0.03540611 -0.005981266 0.0344057 -0.0357272 5.8502e-4 0.03428936 -0.03479814 0.006062924 0.03440874 -0.03418421 0.008235454 0.03442788 -0.03333097 0.0109204 0.03438639 -0.03230005 0.01311367 0.03444755 -0.02701073 0.0211243 0.03449755 -0.03567463 -0.002781748 0.03440225 -0.03136396 0.0153591 0.03430891 -0.02956652 0.01829141 0.03431254 -0.03275632 0.01299786 0.03409332 -0.033598 0.01132756 0.03375428 -0.03441148 0.009100437 0.03370565 -0.03260451 0.01364719 0.03347748 -0.03152155 0.01572066 0.03350156 -0.03074485 0.01696974 0.03386282 -0.02912825 0.01943379 0.03365057 -0.03345811 0.0116167 0.0332846 -0.03458905 0.008534073 0.0334627 -0.03506976 0.006488859 0.03319692 -0.03552198 0.003850817 0.03304165 -0.03594702 7.06999e-4 0.03318625 -0.03600877 -0.004104137 0.03336858 -0.03571122 -0.006835222 0.03331613 -0.03456723 -0.01217228 0.03365075 -0.03374886 -0.01450812 0.0337494 -0.03548556 -0.008177042 0.03387802 -0.03608125 -0.002616226 0.03371506 -0.03608995 -0.001464724 0.03341078 -0.03604608 1.51806e-4 0.03366726 -0.03581959 0.002689123 0.03348755 -0.03540068 0.005285203 0.03355026 -0.03537791 -0.008845806 0.03334981 -0.03511053 0.006400346 0.03385454 -0.03387635 0.01020199 0.03409641 -0.03453171 0.008017361 0.03417503 -0.03548282 0.004496514 0.03394502 -0.03547042 0.00331068 0.03426462 -0.0359016 0.001339375 0.0339477 -0.03539395 -0.007665157 0.03421068 -0.03575056 -0.005036115 0.03418123 -0.03079342 -0.02040892 0.03391993 -0.02790886 -0.02450376 0.03381228 -0.02893948 -0.02311426 0.03397697 -0.03064382 -0.02078652 0.03363001 -0.02435433 -0.02821934 0.03386843 -0.02240663 -0.02986484 0.033845 -0.02031999 -0.0313217 0.03398138 -0.01848787 -0.03250575 0.03393334 -0.02366399 -0.02861815 0.0341804 -0.02125817 -0.03045994 0.0342487 -0.01325356 -0.03494971 0.03410518 -0.02641248 -0.02608132 0.03405809 -0.03185695 -0.01844388 0.03402847 -0.015823 -0.03381198 0.03413736 -0.01042526 -0.03581082 0.03425318 -0.006190061 -0.03699404 0.03390109 -8.93933e-4 -0.03745996 0.03392958 0.003093957 -0.03734654 0.03374677 0.007622182 -0.03658884 0.03378969 -0.003600895 -0.03730505 0.03393602 0.005721747 -0.03691273 0.03398787 -0.008020818 -0.03649294 0.03417176 -0.01362323 -0.03459841 0.03433632 0.001082897 -0.03740215 0.03399366 0.01168704 -0.03540569 0.03375273 0.01267307 -0.03493845 0.03402698 -8.02113e-4 -0.03705435 0.03443872 -0.004256784 -0.03697091 0.03433674 -0.0113061 -0.03529542 0.03443264 -0.006935477 -0.03638064 0.03445416 0.008414626 -0.03620857 0.03419142 0.01050734 -0.03566133 0.03410696 0.005697488 -0.03667873 0.03430318 -0.009592473 -0.03559583 0.03453248 0.001227855 -0.03691506 0.03448194 0.002938389 -0.03705137 0.03431135 -0.005342423 -0.03632128 0.0345723 -0.009997427 -0.03506797 0.03457236 0.001407086 -0.03658109 0.03457486 0.005213499 -0.03645128 0.03450363 0.007608532 -0.03558635 0.0345906 -0.01746332 -0.03165626 0.03452569 -0.01385229 -0.03344261 0.03452903 -0.01094365 -0.03437131 0.03446251 -0.02238589 -0.02817165 0.03450411 -0.006894826 -0.03537875 0.03443497 -0.00667721 -0.03573459 0.03455066 0.002159535 -0.03600805 0.03449445 -0.001703679 -0.03611743 0.03450471 0.005006909 -0.03550821 0.03440064 -0.006246685 -0.03518939 0.03417259 -0.003817617 -0.03560554 0.03426098 -9.93429e-4 -0.0357697 0.03426802 0.01048749 -0.03444969 0.03453063 0.00792849 -0.03500247 0.03444677 0.001375913 -0.03565359 0.03415673 -0.009469985 -0.03447163 0.03417253 -0.0122267 -0.03364884 0.03426373 -0.01328802 -0.03300487 0.03392899 0.003837525 -0.03537076 0.03405201 -0.01745176 -0.03101831 0.03407418 -0.02004528 -0.02929341 0.03399962 -0.02261781 -0.02743947 0.03422307 -0.02431839 -0.02612483 0.03439843 -0.02897393 -0.02069473 0.03447347 -0.0312038 -0.01648926 0.0343945 -0.02952075 -0.01927959 0.03425711 -0.02707159 -0.02283549 0.03424876 -0.02385228 -0.02613282 0.03401637 -0.01050263 -0.034011 0.03391307 -0.008648097 -0.0344901 0.03375804 -0.01116359 -0.03374028 0.03335851 -0.008591234 -0.03450399 0.03341853 0.003011286 -0.03535324 0.03371393 2.47672e-4 -0.03554844 0.03382903 -0.002657413 -0.03545337 0.03382396 -0.005748271 -0.03511971 0.03384846 -0.005462586 -0.03513759 0.0333842 0.005324184 -0.03505074 0.0338121 0.007646918 -0.03457486 0.03385859 0.005649268 -0.03497511 0.03347688 0.008344411 -0.03437572 0.03342664 -0.01312196 -0.03300452 0.03356385 -0.01623368 -0.03155189 0.03370761 -0.01785445 -0.03067958 0.03323471 -0.01552438 -0.0319271 0.03342747 -0.01866149 -0.03011208 0.03356081 -0.02234959 -0.02736413 0.03345489 -0.02386915 -0.02596163 0.03360939 -0.02585363 -0.0238794 0.0335415 -0.02806621 -0.02103018 0.03364777 -0.02561378 -0.02430254 0.03313153 -0.02552777 -0.02470731 0.03284668 -0.02806806 -0.02174627 0.03276789 -0.02842515 -0.0221855 0.03256589 -0.02452349 -0.02641141 0.03259897 -0.0237556 -0.02655023 0.032808 -0.02150523 -0.0286405 0.03274261 -0.01856571 -0.03062576 0.03279727 -0.02216255 -0.02774029 0.03301411 -0.01999348 -0.0293709 0.03306138 -0.01547777 -0.03213435 0.03301 -0.01339268 -0.03294938 0.0332635 -0.009022176 -0.03455007 0.03301298 -0.004101693 -0.03536498 0.03322368 -0.001728713 -0.03549528 0.03339201 0.001262485 -0.03549075 0.0333634 0.004390835 -0.03525209 0.03319454 -0.001153826 -0.0356965 0.03296607 0.002389609 -0.03564858 0.03290677 -0.003748357 -0.03560906 0.03288555 -0.00626564 -0.03526717 0.03288429 0.009017765 -0.03424662 0.03322482 0.006587862 -0.03509891 0.03285527 -0.009162604 -0.03490924 0.03268015 -0.01181089 -0.0337786 0.03292036 -0.01624941 -0.03205639 0.03272932 -0.01325154 -0.03355294 0.03267097 -0.01157778 -0.03448629 0.03257662 -0.01626896 -0.03245109 0.03258717 -0.02024102 -0.02993601 0.03261935 -0.02154713 -0.02935534 0.03257012 -0.02883571 -0.02116036 0.03261941 -0.0308544 -0.01801532 0.0325911 -0.03153043 -0.01574772 0.03275811 -0.03303712 -0.01168781 0.03277528 -0.03402233 -0.00688523 0.03285807 -0.0345425 -0.002018392 0.03274995 -0.03272122 -0.01173424 0.03309518 -0.03300148 -0.01047229 0.03329455 -0.03363317 -0.007590293 0.03326439 -0.03409326 -0.003286302 0.03327184 -0.0342139 -0.001563251 0.03308469 -0.03426778 5.65708e-4 0.03289651 -0.03401279 0.001906216 0.03307938 -0.03335553 -0.008760452 0.03360497 -0.0338332 -0.005972206 0.03354132 -0.03195601 -0.01362532 0.03342378 -0.03088665 -0.01635098 0.0331428 -0.02982884 -0.01833558 0.0331701 -0.03079569 -0.0163207 0.03363043 -0.0321775 -0.01307028 0.03384441 -0.03289574 -0.01072716 0.03366887 -0.03282469 -0.01129651 0.03400307 -0.0335102 -0.008643269 0.03402906 -0.03404873 -0.005307912 0.03408849 -0.034092 -0.003116846 0.03380078 -0.03407299 -6.73797e-4 0.03363621 -0.03391903 0.001605451 0.03366774 -0.03353202 0.004330694 0.03359061 -0.0329529 0.006971418 0.03344762 -0.03197991 0.01000541 0.03339636 -0.0310713 0.01219582 0.03370577 -0.03297501 0.007024884 0.03389573 -0.03426027 -0.002260088 0.03412431 -0.03416109 9.50136e-4 0.03412795 -0.03363388 0.00442028 0.03402078 -0.03228282 0.009273171 0.03387832 -0.02937215 0.01565581 0.03404456 -0.02385091 0.02244555 0.03372955 -0.0332238 0.006973147 0.03425288 -0.03058874 0.01338624 0.03396302 -0.03456902 -0.003754198 0.03446066 -0.0311762 0.01258844 0.03423947 -0.03413695 0.003006279 0.03435468 -0.03389221 -0.007828295 0.03432863 -0.03342086 -0.009971737 0.03431159 -0.03266721 -0.01263755 0.03434473 -0.0326966 -0.01418066 0.03457278 -0.0302233 -0.01920211 0.03455662 -0.02455425 -0.02687668 0.03457605 -0.02648335 -0.02410197 0.03450238 -0.02016925 -0.02955532 0.03436201 -0.017394 -0.03131055 0.03433966 -0.01488983 -0.0324124 0.03414899 -0.03083968 -0.01662003 0.03414011 -0.02847826 -0.02060335 0.03401172 -0.02701485 -0.02255922 0.03393965 -0.02536338 -0.02456903 0.0339877 -0.02223348 -0.02749705 0.03381115 -0.03147453 -0.01505583 0.03400462 -0.0296818 -0.01849639 0.03379964 -0.02614581 0.02019131 0.03408044 -0.01328635 0.02962332 0.03422188 -0.01247805 0.02973872 0.03384047 -0.01534599 0.02847123 0.03382009 -0.0095914 0.03065788 0.03365045 -0.0101751 0.03058695 0.03400218 -0.006035923 0.03164559 0.03414338 -0.00206542 0.03197634 0.0339713 0.002905964 0.03194177 0.03410196 -0.01127821 0.03048843 0.03432208 -0.008117854 0.03135752 0.03428381 -0.01696997 0.02758711 0.03363746 -0.02202063 0.02408593 0.03352516 -0.02123588 0.02474641 0.03382581 -0.01125395 0.03013765 0.03351926 -0.007261335 0.03125828 0.03331696 -0.02845036 0.01691359 0.03372317 -0.02999931 0.01431667 0.03362393 -0.03106677 0.01231157 0.03321528 -0.03229719 0.009774386 0.03292632 -0.03300577 0.007070004 0.03316891 -0.03370904 0.003747582 0.03320807 -0.03309363 0.007500648 0.03286719 -0.03020924 0.0144096 0.03293651 -0.02552062 0.02153372 0.03267639 -0.01731735 0.02807712 0.03264939 -0.01423966 0.02940052 0.03276938 -0.01121616 0.0306403 0.03273677 -0.005257129 0.03263282 0.03256452 -0.007343888 0.03193104 0.03262507 -0.001300454 0.03308302 0.03256839 -0.01241725 0.03060001 0.03258651 -0.02894055 0.01678675 0.03281927 -0.03159034 0.01206934 0.03273552 -0.03375351 0.005000174 0.03281182 -0.03406673 -0.005095899 0.03306484 -0.03286021 -0.01345407 0.03258991 -0.03442263 -0.006399989 0.03264003 -0.03211367 0.01021122 0.03420144 -0.02742415 -0.02212452 0.03307026 -0.02868431 -0.02023357 0.03317952 -0.03234446 -0.01318144 0.03296071 -0.03005439 -0.01874971 0.03272175 -0.02081817 -0.0285921 0.03347754 -0.02401828 -0.02593952 0.03317016 -0.03210723 -0.01821511 0.03346258 -0.03514277 -0.009938061 0.0337547 -0.03590774 -0.005407929 0.0337764 -0.03599405 -0.002066075 0.03403246 -0.03481376 -0.01036041 0.03422689 -0.03282123 -0.01653152 0.03400158 -0.03416037 -0.01291257 0.03412514 -0.02711462 0.02188283 0.03379499 -0.02625083 0.02271634 0.03401678 -0.03170251 0.01527619 0.03392547 0.01267468 -0.03317064 0.03288608 0.01394867 -0.03242301 0.03313994 0.01817458 -0.0305559 0.03270524 0.01414912 -0.03303313 0.03261095 0.01113212 -0.03433865 0.03259611 0.01808041 -0.03111469 0.03257107 0.01822364 -0.03149855 0.03260928 0.05144417 -0.007934093 0.03259664 0.05274283 0.001380681 0.03261774 0.05106526 -0.008578777 0.03269618 0.05062615 -0.00924015 0.03291714 0.05128014 -0.009002804 0.03326904 0.05073237 -0.009460568 0.03353643 0.05339682 -0.006508827 0.03351688 0.01821589 -0.03230828 0.03363204 0.01966565 -0.03127592 0.0339688 0.05055296 -0.009221017 0.03428953 0.0171324 -0.0325945 0.03429114 0.01515108 -0.03342044 0.0344516 0.01928591 -0.03121024 0.03434044 0.05101847 -0.008600294 0.03445351 0.01825201 -0.03157389 0.03450083 0.05084776 -0.008171498 0.03458058 0.01845592 -0.03071928 0.03455817 0.04995191 -0.008212625 0.03447008 0.01299023 -0.03304493 0.03425043 0.01554942 -0.03171581 0.0341376 0.01260793 -0.03295832 0.03387218 0.01609587 -0.03124052 0.03377521 -0.002108693 0.03373616 0.03299272 -0.005348503 0.03335148 0.03290605 -0.01622855 0.0298075 0.03276091 0.01315897 0.03095567 0.03283333 -2.16624e-4 0.03353655 0.03274732 -0.00812143 0.03274863 0.03280574 -0.01073956 0.03241646 0.03367626 0.05284011 -0.004241228 0.03266495 0.04975444 0.004217386 0.03320592 0.0185576 0.0261287 0.03353631 0.01799762 0.02663707 0.03314024 0.01518768 0.0283038 0.03308111 0.01533854 0.02852112 0.03276479 0.01820492 0.0270757 0.03448241 0.05199813 0.00131452 0.03379648 0.05238318 3.44901e-4 0.03387558 0.05263888 -0.001803755 0.03378486 0.05260616 -0.002790391 0.03386813 0.04451996 -0.02178066 0.02507299 0.04451996 -0.02178066 7.30372e-5 0.04307657 -0.01928079 7.30373e-5 0.04307657 -0.01928079 0.02507299 0.04248011 -0.02122652 0.02507299 0.04264348 -0.0217337 0.02507299 0.04255676 -0.02217978 0.02507299 0.04307657 -0.02428066 0.02507299 0.04246664 -0.02120065 7.30372e-5 0.04214841 -0.02091723 0.02507299 0.04205405 -0.02086424 7.30373e-5 0.0417357 -0.02077531 0.02507299 0.04155653 -0.02077066 7.30373e-5 0.04018986 -0.01928079 7.30373e-5 0.04018986 -0.01928079 0.02507299 0.04121828 -0.02085751 0.02507299 0.04085552 -0.02114224 0.02507299 0.03874635 -0.02178066 7.30372e-5 0.03874635 -0.02178066 0.02507299 0.04105591 -0.02095121 7.30373e-5 0.04073995 -0.02131253 7.30372e-5 0.04065752 -0.02152246 0.02507299 0.04061722 -0.02188467 7.30372e-5 0.04065036 -0.02201968 0.02507299 0.04087913 -0.02245587 7.30372e-5 0.04087996 -0.02245146 0.02507299 0.04018986 -0.02428066 7.30371e-5 0.04018986 -0.02428066 0.02507299 0.04136317 -0.02276456 0.02507299 0.04134279 -0.02275115 7.30372e-5 0.04307657 -0.02428066 7.30371e-5 0.04185771 -0.02276468 7.30372e-5 0.0418787 -0.02275484 0.02507299 0.04228019 -0.02256011 0.02507299 0.04239147 -0.02246803 7.30372e-5 0.04265099 -0.02181035 7.30372e-5 -0.02547997 0.02621906 0.02507299 -0.02547997 0.02621906 7.30393e-5 -0.02735805 0.0263133 7.30393e-5 -0.02741223 0.02657961 0.02507299 -0.02752548 0.02677327 7.30393e-5 -0.02692329 0.02871906 7.30394e-5 -0.02692329 0.02871906 0.02507299 -0.02776885 0.02703142 0.02507299 -0.02780789 0.02705579 7.30394e-5 -0.02828979 0.02723449 0.02507299 -0.02823239 0.02722156 7.30394e-5 -0.02981007 0.02871906 0.02507299 -0.02881848 0.02711933 0.02507299 -0.02916401 0.0268377 0.02507299 -0.03125339 0.02621906 0.02507299 -0.03125339 0.02621906 7.30393e-5 -0.02981007 0.02871906 7.30394e-5 -0.02867472 0.02717632 7.30394e-5 -0.02910858 0.02691519 7.30393e-5 -0.02935671 0.02641481 7.30393e-5 -0.02936023 0.02640008 0.02507299 -0.02931517 0.0258488 7.30393e-5 -0.0293309 0.0259211 0.02507299 -0.02981007 0.02371907 7.30392e-5 -0.02981007 0.02371907 0.02507299 -0.02909094 0.02551621 0.02507299 -0.02692329 0.02371907 7.30392e-5 -0.02862662 0.02523744 0.02507299 -0.02692329 0.02371907 0.02507299 -0.02895539 0.02539855 7.30393e-5 -0.02843147 0.02520477 7.30393e-5 -0.02811998 0.02524316 0.02507299 -0.02791231 0.02531945 7.30393e-5 -0.02765083 0.02549493 0.02507299 -0.02748894 0.02569901 7.30393e-5 -0.02738273 0.02599465 0.02507299 -0.02547997 -0.0297808 0.02507299 -0.02740013 -0.03010118 0.02507299 -0.02547997 -0.0297808 7.30369e-5 -0.02692329 -0.02728068 7.3037e-5 -0.02692329 -0.02728068 0.02507299 -0.02762591 -0.02908617 0.02507299 -0.02692329 -0.0322808 0.02507299 -0.02738535 -0.02955073 0.02507299 -0.02736705 -0.02966171 7.30369e-5 -0.02756166 -0.02915573 7.30369e-5 -0.02802759 -0.02883094 7.30369e-5 -0.02812492 -0.02879786 0.02507299 -0.02981007 -0.02728068 7.3037e-5 -0.02981007 -0.02728068 0.02507299 -0.03125339 -0.0297808 7.30369e-5 -0.02898895 -0.02899277 7.30369e-5 -0.02928119 -0.02934139 7.30369e-5 -0.02856659 -0.02878421 7.30369e-5 -0.02863925 -0.02880829 0.02507299 -0.02914434 -0.02912038 0.02507299 -0.03125339 -0.0297808 0.02507299 -0.0293796 -0.02972215 0.02507299 -0.0293684 -0.02996361 7.30369e-5 -0.0292468 -0.03028225 0.02507299 -0.02913355 -0.03043204 7.30368e-5 -0.02981007 -0.0322808 0.02507299 -0.02981007 -0.0322808 7.30368e-5 -0.02875655 -0.03071564 7.30368e-5 -0.02831727 -0.03078407 7.30368e-5 -0.02692329 -0.0322808 7.30368e-5 -0.02830141 -0.03080093 0.02507299 -0.02791863 -0.03068584 7.30368e-5 -0.02773523 -0.03056889 0.02507299 -0.02760469 -0.03043466 7.30368e-5 -0.0274077 -0.03009521 7.30369e-5 -0.02888435 -0.03064709 0.02507299 0.04529595 -0.002269983 0.03427296 0.04534649 -0.004277467 0.03457295 0.04601973 -0.01075166 0.03557288 0.04565435 -0.01077824 0.03497689 0.04355132 -0.01064598 0.03494173 0.0425648 -0.01041418 0.03557288 0.04414886 -0.01074403 0.03557288 0.04534852 -0.004273295 0.03557288 0.04521661 -0.00230807 0.03557288 0.0451647 -0.002795696 0.03427296 0.04426395 -0.004138767 0.03557288 0.04454725 -0.00423187 0.03457295 0.04329049 -0.007520318 0.03557288 0.04470759 -0.00778073 0.03457295 0.04470425 -0.007791936 0.03557288 0.04344248 -0.007544934 0.03457295 0.04200732 -0.01019412 0.03484678 0.04873138 -0.01002621 0.03492248 0.04738396 -0.01048851 0.03491854 0.04814755 -0.01029115 0.03557288 0.05007517 -0.009297192 0.03494483 0.04331851 -0.01044917 0.03469538 0.0411086 -0.009537458 0.03462719 0.040178 -0.009290397 0.03490483 0.03909581 -0.008435726 0.03490912 0.03822547 -0.007539212 0.03489476 0.03736376 -0.00629276 0.03486669 0.0408253 -0.009686768 0.03500455 0.03682208 -0.005254447 0.03502154 0.0395227 -0.00398457 0.03457295 0.04286038 -0.002855956 0.03457295 0.04279428 -0.002687394 0.03557288 0.04421466 -0.002194702 0.03427296 0.04466128 -0.001989364 0.03427296 0.0446608 -0.002015233 0.03557288 0.03989785 -0.004793465 0.03557288 0.04276937 -0.002525985 0.03007286 0.04279178 -0.002699017 0.03257298 0.03980779 -0.004592001 0.03157287 0.03728973 -0.006224274 0.03157287 0.03713595 -0.005939066 0.03214514 0.03928637 -0.003272771 0.03157287 0.03922384 -0.002994477 0.03257298 0.0438292 -0.002000093 0.03007304 0.03647381 -0.004317283 0.03157287 0.03669077 -0.004832804 0.03228592 0.04412513 -0.00156784 0.03427296 0.0391401 -0.002285659 0.03457295 0.03916519 -0.002783656 0.03557288 0.03614175 -0.002358853 0.03557288 0.03613144 -0.002125084 0.03501099 0.03666681 -0.004463613 0.03472167 0.0430693 -0.0101844 0.03458601 0.04173088 -0.009237885 0.03452348 0.03770124 -0.006352841 0.03459715 0.03958582 -0.008559107 0.03461772 0.03695333 -0.001522779 0.03452342 0.03734874 9.2694e-4 0.03454113 0.03796148 0.001281499 0.03429371 0.03735792 -5.49256e-4 0.03434014 0.03770124 -1.19844e-4 0.0340358 0.0380789 8.21785e-4 0.03373521 0.03867566 0.002075076 0.03376328 0.03953021 0.003291487 0.03394299 0.04043364 0.004085421 0.03372049 0.03871285 0.002504289 0.03420782 0.03848904 0.003031313 0.03452807 0.03726702 0.001902043 0.03460001 0.03662532 2.13226e-4 0.0346173 0.03957915 0.004948973 0.03460568 0.04186367 0.006365239 0.03462886 0.04390329 0.006510317 0.03454613 0.04078483 0.00510621 0.0345177 0.03946006 0.003777086 0.03439587 0.04442501 0.0060606 0.03436744 0.04276639 0.005803108 0.03439241 0.04305797 0.005488574 0.03394341 0.04402589 0.005707144 0.03393733 0.0456283 0.005995035 0.03429204 0.04996979 0.004756569 0.03450381 0.04862487 0.004944384 0.03395044 0.04961037 0.004438757 0.03412216 0.04822438 0.005419313 0.03432118 0.04726207 0.005619287 0.03417664 0.04983735 0.00407058 0.03370022 0.0488488 0.00476545 0.03350758 0.04676198 0.005651235 0.03402119 0.04593306 0.005728006 0.03388243 0.04170149 0.00504744 0.03407835 0.04046535 0.00431168 0.03413665 0.04195559 0.005064189 0.03329324 0.04179829 0.004948616 0.03365671 0.04343163 0.005546867 0.03337132 0.04486608 0.005743145 0.03332763 0.04585617 0.0058164 0.03306257 0.04448962 0.006011068 0.03284305 0.04353517 0.005758464 0.03296226 0.04074323 0.004386126 0.03319883 0.03985744 0.003674864 0.03313946 0.03887987 0.002477645 0.03325998 0.04055356 0.004595637 0.03281527 0.04099828 0.005219101 0.03263902 0.04191225 0.005312621 0.03288358 0.04324752 0.006124734 0.03264558 0.0457741 0.006275892 0.03264814 0.04340755 0.006679713 0.03255993 0.04044079 0.005541384 0.03255462 0.03778785 0.003275692 0.03238183 0.03850072 0.003956258 0.03252935 0.03637695 -0.00132668 0.03252327 0.03709924 0.001626253 0.03253465 0.03762358 0.003180742 0.03215861 0.03692072 0.001888334 0.0322383 0.03646665 6.59031e-4 0.03211081 0.03627634 -1.7126e-5 0.03157287 0.03932118 -1.22232e-4 0.03157287 0.03935527 -1.35495e-4 0.03257298 0.04000562 0.001404285 0.03257298 0.04281848 -8.14705e-4 0.03257298 0.04403609 -0.001010954 0.03007334 0.04266571 -0.001457035 0.03007286 0.04424226 -0.001291573 0.03037375 0.04261499 -0.001688718 0.03257298 0.03914386 -0.001275122 0.03257298 0.03620791 -5.8932e-4 0.03213781 0.03648245 2.53568e-4 0.03241562 0.03613829 -0.001686811 0.03221452 0.0399996 -0.004939377 0.03257298 0.04046648 -0.00559324 0.03157287 0.0432648 -0.003458499 0.03257298 0.03873568 -0.00817269 0.03157287 0.03620922 -0.002820253 0.03225332 0.03639167 -0.003863036 0.03224825 0.0379461 -0.007182717 0.03223657 0.03897261 -0.00834769 0.03218513 0.04320561 -0.003344535 0.03007286 0.0435124 -0.003715634 0.03457295 0.03846168 -0.007832467 0.03557288 0.0404033 -0.005499899 0.03457295 0.04435151 -0.002413868 0.03037327 0.03750145 -0.00658077 0.03557288 0.03961467 -0.008908867 0.03557288 0.04105675 -0.006228983 0.03557288 0.04214644 -0.007009863 0.03557288 0.04112654 -0.009855031 0.03557288 0.04235625 -0.007113575 0.03457295 0.0413497 -0.006447851 0.03457295 0.0433706 -0.003552913 0.03557288 0.04455339 -0.002615332 0.03427296 0.04471743 -0.002704441 0.03037327 0.04108023 -0.006222367 0.03257298 0.04149335 -0.006586551 0.03157287 0.04285103 -0.01052671 0.03157287 0.04254317 -0.007214844 0.03157287 0.04209691 -0.006966412 0.03257298 0.04400956 -0.004034459 0.03257298 0.04143416 -0.009971797 0.03227269 0.04519283 -0.01078224 0.03215652 0.04387241 -0.01068598 0.03221827 0.04654592 -0.01066124 0.03222197 0.0425769 -0.01039236 0.03226584 0.04361248 -0.01047253 0.03247702 0.04537761 -0.01063925 0.03243774 0.04141592 -0.009620606 0.0325576 0.04484617 -0.01041263 0.03256094 0.04686528 -0.0103302 0.03253567 0.0507102 -0.008830308 0.03224611 0.04930114 -0.009773671 0.03217822 0.04938566 -0.009555816 0.03243684 0.04827833 -0.01011443 0.03238999 0.04718387 -0.007464885 0.03157287 0.04535031 -0.002778589 0.03037309 0.04531216 -0.003085434 0.03007298 0.04611855 -0.004060626 0.03007286 0.045174 -0.004257798 0.03007286 0.04489403 -0.004279434 0.03257298 0.04493612 -0.007788121 0.03257298 0.04544848 -0.007800757 0.03157287 0.04635059 -0.007673859 0.03257298 0.04573047 -0.01079481 0.03157287 0.04382449 -0.00767219 0.03157287 0.04344135 -0.007560014 0.03257298 0.04436933 -0.002881824 0.03007334 0.04493254 -0.002245903 0.03427296 0.04411494 -0.004056811 0.03007286 0.0406568 -0.009605526 0.03157287 0.04775023 -0.01039326 0.0321331 0.04785269 -0.01037085 0.03157287 0.0460729 -0.007717907 0.03457295 0.04627931 -0.007707655 0.03557288 0.05120408 -0.008408248 0.03487378 0.05016165 -0.009267985 0.03557288 0.04905921 -0.006358385 0.03557288 0.04933738 -0.006094634 0.03457295 0.04623705 -0.004052996 0.03457295 0.04632765 -0.003984928 0.03557288 0.04589354 -0.004190504 0.03257298 0.04764157 -0.00724107 0.03257298 0.04945081 -0.009697079 0.03157287 0.04768139 -0.00724852 0.03457295 0.04780596 -0.007183372 0.03557288 0.05103176 -0.008598446 0.03157287 0.04677784 -0.003622174 0.03007286 0.04581296 -0.002520203 0.03037279 0.04613095 -0.002663791 0.03007322 0.04582297 -0.002537131 0.03427296 0.04559153 -0.002006709 0.03427296 0.04707258 -0.003352344 0.03557288 0.0518648 -0.007799625 0.03557288 0.05223786 -0.007273375 0.03485685 0.05282664 -0.006457924 0.03498691 0.05321824 -0.005785286 0.03557288 0.05002272 -0.005302369 0.03557288 0.05051451 -0.004506647 0.03457295 0.05087006 -0.003638565 0.03257298 0.05083167 -0.003804504 0.03157287 0.05348855 -0.005140006 0.0321123 0.04728734 -0.003019571 0.03007286 0.05246013 -0.007048487 0.03157287 0.0519151 -0.007514059 0.03241467 0.05291843 -0.006258785 0.03228068 0.05346935 -0.004892408 0.03240287 0.05390137 -0.003799855 0.03219169 0.05363547 -0.004839479 0.03157287 0.05409491 -0.002474904 0.03227633 0.05115395 -0.002043902 0.03157287 0.05115503 -0.00172162 0.03257298 0.04754287 -0.002494275 0.03257298 0.04757481 -0.002170324 0.03007286 0.04764091 -0.001525223 0.03257298 0.04614341 -0.00189507 0.03427296 0.04612624 -0.002050876 0.03037482 0.04765224 -0.001467883 0.03457295 0.05111902 -0.001082777 0.03457295 0.05117464 -0.001903116 0.03557288 0.05415624 -0.001719713 0.03557288 0.04758244 -0.001420497 0.03007286 0.0464521 -0.00174117 0.03007298 0.05412888 -0.002442955 0.03157287 0.05410319 -0.001240253 0.03223228 0.0540204 -2.16086e-4 0.03157287 0.05396574 -1.33192e-5 0.03215664 0.05108243 -8.56239e-4 0.03157287 0.04605716 -0.001365184 0.03037303 0.0460546 -0.00137186 0.03427296 0.04759073 -0.001323461 0.03557288 0.05407661 -7.25378e-4 0.03499341 0.05323153 0.00217396 0.03557288 0.05090045 5.43444e-7 0.03557288 0.05051636 9.55953e-4 0.03457295 0.05387449 4.38288e-4 0.03557288 0.04724907 -4.68525e-4 0.03007286 0.05342692 0.001750349 0.03157287 0.05340766 0.001792669 0.03216415 0.05294167 0.002555847 0.03236991 0.05328786 0.001255869 0.03254181 0.05246251 0.003016531 0.03252404 0.05380284 3.67553e-5 0.03245329 0.05253106 -0.006372213 0.03255259 0.050076 -0.008965969 0.03255546 0.05144804 -0.008173704 0.03224056 0.05240374 -0.007097661 0.0321471 0.05000203 -0.005329191 0.03157287 0.04992598 -0.00543493 0.03257298 0.04701441 -0.003473341 0.03257298 0.04892212 -0.006484627 0.03157287 0.04663002 -0.009988427 0.03259807 0.04825413 -0.009016036 0.03277474 0.04997134 -0.008433461 0.03261226 0.05243045 -0.005430817 0.03262901 0.05170547 -0.005682706 0.03305065 0.05247437 -0.004224777 0.03291213 0.05199205 -0.004878342 0.03335613 0.05103534 -0.006738483 0.03294807 0.0500158 -0.007883191 0.03285324 0.05150789 -0.006968736 0.03261178 0.04704833 -0.009464204 0.03276032 0.04742568 -0.009050071 0.03311234 0.04497486 -0.009367048 0.0331487 0.04682451 -0.00910747 0.03342437 0.04910653 -0.008148849 0.03352379 0.0480985 -0.008676111 0.03372675 0.05021816 -0.007345497 0.03383797 0.05160242 -0.006146609 0.03430438 0.0521692 -0.004979848 0.03420364 0.05183768 -0.005206465 0.03379362 0.05027705 -0.007263302 0.03337657 0.05131924 -0.006034314 0.03352123 0.04915785 -0.008265495 0.033077 0.05110251 -0.006410002 0.03388744 0.05227154 -0.00418365 0.03377765 0.05250972 -0.003350377 0.03333151 0.05255204 -0.002888917 0.03354012 0.05262708 -0.001534283 0.03365248 0.05256718 -0.003359675 0.03398191 0.0522626 7.98529e-4 0.03397411 0.05107259 0.002963304 0.0340119 0.05184721 0.001637458 0.03341042 0.05246299 -1.85593e-4 0.03348916 0.05163383 0.002009391 0.03379917 0.05280935 -0.002958536 0.03288 0.05330455 -0.001201987 0.03261518 0.0537948 -0.001592755 0.03255975 0.0515182 0.003544747 0.03259581 0.05191361 0.002391755 0.03273814 0.05110061 0.004628181 0.0325272 0.05180829 0.004229366 0.03226047 0.05109268 0.004958748 0.03216773 0.05047881 0.005483627 0.03157287 0.04888254 0.0029428 0.03157287 0.04693073 -2.15717e-5 0.03257298 0.04963552 0.002234816 0.03257298 0.04566496 -9.12715e-4 0.03037285 0.04607373 -8.21583e-4 0.03007346 0.04560053 -0.001543343 0.03427296 0.04731523 -5.7298e-4 0.03557288 0.04713648 -2.50839e-4 0.03457295 0.0533449 0.001957416 0.03504973 0.05004888 0.001720905 0.03157287 0.05227541 0.003754973 0.03157287 0.05254739 0.003334939 0.03210288 0.05243963 0.003455042 0.03491824 0.05335056 0.001718878 0.03479027 0.05245304 0.003037929 0.03462296 0.05091381 0.004698276 0.03459542 0.04758697 0.006642162 0.03461813 0.05055463 0.003795623 0.03424185 0.051283 0.003516733 0.03450423 0.05182576 0.00231719 0.03434652 0.05261915 0.001476645 0.03452402 0.05356615 3.97845e-4 0.03459936 0.05384802 -0.002084553 0.03460615 0.05329567 -0.001958549 0.03451788 0.05299985 1.57274e-4 0.03449696 0.05284291 -0.001897156 0.03419208 0.05261957 -4.76765e-4 0.03400832 0.0527842 -0.003626585 0.0343542 0.0526188 -0.005347728 0.03453928 0.05109775 -0.00740081 0.03453046 0.05015385 -0.008944511 0.03461092 0.0478577 -0.01006525 0.03460931 0.04913103 -0.009681284 0.03470182 0.05192941 -0.007188737 0.03459602 0.05331659 -0.004832804 0.03461307 0.05387008 -0.003325998 0.03472065 0.0541107 -0.002456307 0.0349279 0.05392956 -4.31292e-4 0.03475779 0.05380469 5.91001e-4 0.03493267 0.05391722 -0.003825545 0.03557288 0.05106365 -0.002770781 0.03457295 0.04558622 -0.002009272 0.03557288 0.04749554 -0.002642989 0.03457295 0.0534591 -0.005203306 0.03502196 0.05378955 -0.00419557 0.03489685 0.04704982 -0.00340265 0.03457295 0.04872179 -0.006605267 0.03257298 0.05305355 -0.005728542 0.03468483 0.04562658 -0.01066762 0.03473693 0.04585635 -0.01042664 0.03459042 0.04733681 -0.009669423 0.034527 0.04946202 -0.008738398 0.0345233 0.05051672 -0.007384359 0.03424638 0.04889059 -0.008415579 0.03404796 0.04718267 -0.009138166 0.03409689 0.0462138 -0.009223818 0.03378647 0.04490435 -0.00927639 0.03359639 0.04540491 -0.009424269 0.03408235 0.04243481 -0.008773446 0.03369951 0.0413742 -0.008274137 0.03361821 0.04117804 -0.008289396 0.03403866 0.04038584 -0.007642865 0.03385353 0.04042404 -0.007647871 0.03339326 0.0414164 -0.008541643 0.0329681 0.04232072 -0.008828282 0.03323304 0.0413689 -0.008857369 0.03270316 0.04317575 -0.009702861 0.03263217 0.04394197 -0.009513378 0.03284025 0.04562467 -0.009616553 0.0328111 0.04013949 -0.008375287 0.03259938 0.03873717 -0.006577253 0.03271514 0.03755563 -0.004884421 0.03262609 0.03822511 -0.00539422 0.03288632 0.03952986 -0.006946682 0.03310823 0.04003155 -0.007679343 0.03284317 0.04267412 -0.009158074 0.03287017 0.03928118 -0.006513118 0.03333884 0.03778761 -0.003451943 0.03329986 0.03751891 -0.003373324 0.03287893 0.03716135 -0.003017783 0.03265851 0.03754651 -0.001814186 0.03317773 0.03701472 -0.001165509 0.03263157 0.03811508 -0.006560266 0.03257244 0.03653645 -0.003272473 0.03253549 0.03703874 -0.004923701 0.03255122 0.03766983 -0.006497263 0.03247082 0.03901129 -0.008054792 0.0325191 0.04005688 -0.009188652 0.03230041 0.03760957 0.001320362 0.03263157 0.0379514 0.001027941 0.03296607 0.03844255 0.002258896 0.03284406 0.03882938 0.003518879 0.0326156 0.03938549 0.003604233 0.03279626 0.03798604 6.09565e-4 0.03334164 0.03770124 -8.40869e-4 0.03351825 0.03745919 -0.001722276 0.03415435 0.03756761 -0.002703785 0.03403782 0.03756201 -0.003732383 0.0343098 0.03718125 -0.003860294 0.03452998 0.03960108 -0.00778675 0.03452098 0.03810697 -0.005981564 0.03451454 0.03764384 -0.002337515 0.03361731 0.03859221 -0.005519568 0.03331565 0.03878098 -0.005847871 0.0338757 0.03948986 -0.006800413 0.03389334 0.04303276 -0.009199857 0.03419572 0.0436843 -0.009192824 0.03391557 0.0446909 -0.009629786 0.03433418 0.04462587 -0.009948253 0.03451597 0.04888063 -0.008719146 0.03434467 0.03939682 -0.007062375 0.03426373 0.04117053 -0.008620798 0.03436595 0.03813689 -0.005347013 0.03432977 0.03804469 -0.004370093 0.03379982 0.03811144 -0.004496574 0.03326129 0.0374915 -9.68613e-4 0.03298002 0.03758317 2.17001e-4 0.03282278 0.04396325 -0.009223818 0.03330659 0.0508024 -0.003863394 0.03557288 0.04756033 -0.002430737 0.03557288 0.05258029 3.46599e-4 0.03421407 0.04763019 0.00599581 0.0345115 0.05084568 0.005169868 0.03493863 0.04963141 0.005817353 0.03467053 0.04594618 0.006879031 0.03460317 0.0453599 0.007097661 0.03471755 0.04700708 0.007025182 0.03495883 0.04853212 0.006550431 0.03492474 0.04979491 0.00591278 0.03495442 0.05224657 0.003763556 0.03557288 0.05022704 0.001436829 0.03557288 0.04679977 8.57084e-5 0.03557288 0.0457167 -9.46788e-4 0.03427296 0.04560756 -0.001543641 0.03557288 0.04940289 0.002451837 0.03457295 0.05175358 0.004297733 0.03486633 0.04913014 0.002752065 0.03557288 0.0481286 0.003445267 0.03457295 0.04813092 0.003439068 0.03257298 0.04783457 0.003598213 0.03157287 0.05001741 0.005781233 0.03220397 0.04864645 0.006487429 0.03225219 0.04829299 0.006691515 0.03157287 0.04768872 0.003675222 0.03557288 0.05057787 0.005424678 0.03557288 0.04825627 0.006693661 0.03557288 0.04673373 0.004011929 0.03457295 0.04509592 -0.001258194 0.03557288 0.04605865 5.36407e-4 0.03557288 0.0462557 4.75485e-4 0.03457295 0.04549509 0.007215023 0.03500449 0.04597872 0.007196187 0.03557288 0.04609626 0.004186034 0.03557288 0.0451802 0.004244744 0.03457295 0.0451706 7.41507e-4 0.03457295 0.04587548 0.007206618 0.03157287 0.04729807 0.006961584 0.03217071 0.04592144 5.66165e-4 0.03007286 0.04955816 0.00576806 0.0325374 0.04749792 0.0067119 0.03248137 0.04932212 0.005168437 0.03265303 0.04729926 0.005641818 0.03292506 0.04724562 0.006161212 0.0326119 0.04915094 0.004723668 0.03304147 0.05072689 0.003791093 0.03276747 0.05025339 0.003846228 0.03313237 0.05145519 0.002494752 0.03306603 0.05218118 0.001168787 0.03308844 0.05256247 8.07194e-4 0.03279447 0.05281114 0.001124083 0.03262001 0.05312865 -0.0032745 0.03264486 0.05294013 -7.79584e-4 0.03280878 0.05278027 -0.001918435 0.03304153 0.05265682 -7.02032e-4 0.03314083 0.04691028 0.005523443 0.03349542 0.04534453 0.005724906 0.03366994 0.05073428 0.003201365 0.033643 0.04775458 0.005341231 0.03314721 0.04571563 0.006904125 0.03254806 0.04604005 0.007156372 0.03224581 0.04437822 0.007086396 0.03240156 0.04333859 0.007046878 0.03217226 0.04495257 0.007223248 0.03211092 0.04391282 0.007152915 0.03157287 0.04476493 0.004234194 0.03157287 0.04485303 0.004225194 0.03257298 0.04496884 7.34601e-4 0.03257298 0.04493147 7.01451e-4 0.03007286 0.04500716 -4.54867e-4 0.03007322 0.04510909 -7.65213e-4 0.03427296 0.04509723 -7.70236e-4 0.03037309 0.04647421 0.004092752 0.03257298 0.04646438 0.004113137 0.03157287 0.04426085 0.007185459 0.03557288 0.04427683 0.007169306 0.03491443 0.0427308 0.006891369 0.03492373 0.04171478 0.006561875 0.03499412 0.03919076 0.004975974 0.03493618 0.03828293 0.004036545 0.03488951 0.0373308 0.002712428 0.03494954 0.03656947 0.001013696 0.03493618 0.03797972 0.003245949 0.03460919 0.03685218 0.001546621 0.03476959 0.04026168 0.00566709 0.03474736 0.0435633 0.006858587 0.03463739 0.03630697 -0.00157845 0.03467518 0.03628128 -0.002807617 0.03476071 0.03621017 -6.98174e-4 0.03490138 0.03621023 -4.1819e-4 0.03557288 0.03917509 -8.66981e-4 0.03557288 0.03921526 -6.87534e-4 0.03457295 0.04263257 -0.001623153 0.03557288 0.03680646 0.001681149 0.03557288 0.04412531 -0.001924932 0.03037339 0.039613 6.58787e-4 0.03557288 0.0396474 6.75424e-4 0.03457295 0.03793364 0.003670752 0.03557288 0.04028242 0.001767635 0.03457295 0.04469048 -0.001524806 0.03557288 0.04467016 -0.001563549 0.03427296 0.04331898 -3.01324e-5 0.03257298 0.03819406 0.004012644 0.03157287 0.03867352 0.00448811 0.032211 0.03964787 0.005336761 0.03226804 0.04058998 0.005964815 0.03226912 0.04171454 0.006548225 0.03215587 0.04002273 0.005646586 0.03157287 0.04179626 0.00323534 0.03157287 0.04377788 3.0714e-4 0.03007286 0.04122 0.00278455 0.03257298 0.04084646 0.002450346 0.03157287 0.04452615 -9.66744e-4 0.03427296 0.04123067 0.002798616 0.03457295 0.04135304 0.002922475 0.03557288 0.04024493 0.005776226 0.03499168 0.04093444 0.006190538 0.03557288 0.04258668 0.003677487 0.03557288 0.04255944 0.00365889 0.03457295 0.0440703 0.00416547 0.03557288 0.04259663 0.006873548 0.03557288 0.04373973 0.00406146 0.03457295 0.04505318 7.32047e-4 0.03557288 0.04508471 -0.001251101 0.03427296 0.04462838 -9.08117e-4 0.0303725 0.04409402 5.02025e-4 0.03257298 0.04408979 4.8325e-4 0.03557288 0.04386836 4.2233e-4 0.03457295 0.04334574 -2.45001e-5 0.03557288 0.03952097 0.005274772 0.03557288 0.042346 0.003546357 0.03257298 0.04188358 0.006637632 0.03157287 0.04318219 0.003932714 0.03157287 0.04355949 0.004019975 0.03257298 0.04211366 0.006565511 0.0324366 0.03696489 0.002028882 0.03157287 0.04285192 -7.72719e-4 0.03557288 0.04298788 -4.68782e-4 0.03457295 0.04303449 -4.58538e-4 0.03007286 0.04005092 0.001457512 0.03157287 0.04036659 0.001898825 0.03557288 0.03910839 -0.001790821 0.03157287 0.0361272 -0.00220108 0.03157287 0.0425961 -0.001676201 0.03457295 0.03648841 -0.00254774 0.03458613 0.04605722 5.63362e-4 0.03257298 0.0465815 2.24399e-4 0.03007286 0.0537433 -0.003380954 0.0325213 0.0507853 3.11425e-4 0.03157287 0.05059462 7.35773e-4 0.03257298 0.05097091 -3.6863e-4 0.03257298 0.0473895 -6.88074e-4 0.03257298 0.03634166 -0.003745853 0.03501254 0.03650838 -0.004469275 0.03557288 0.04451996 0.01821917 0.02507299 0.04262405 0.01804727 0.02507299 0.04260015 0.01852643 0.02507299 0.04307657 0.02071917 7.30391e-5 0.04244017 0.01760405 0.02507299 0.04307657 0.02071917 0.02507299 0.04307657 0.01571917 0.02507299 0.04451996 0.01821917 7.3039e-5 0.04263639 0.0182954 7.3039e-5 0.04256772 0.01782852 7.30389e-5 0.04307657 0.01571917 7.30389e-5 0.04018986 0.01571917 0.02507299 0.0418238 0.01722347 7.30389e-5 0.04227107 0.0174396 7.30389e-5 0.04018986 0.01571917 7.30389e-5 0.04190063 0.01723355 0.02507299 0.0413503 0.01725363 0.02507299 0.04130125 0.01726603 7.30389e-5 0.04089677 0.01751589 0.02507299 0.04084682 0.01757508 7.30389e-5 0.03874635 0.01821917 0.02507299 0.03874635 0.01821917 7.3039e-5 0.04018986 0.02071917 0.02507299 0.04062372 0.01810097 0.02507299 0.04070246 0.01860111 0.02507299 0.04061853 0.0181595 7.3039e-5 0.0407471 0.01870352 7.3039e-5 0.04018986 0.02071917 7.30391e-5 0.04091322 0.01892191 0.02507299 0.0411874 0.0191403 7.3039e-5 0.04124486 0.01914852 0.02507299 0.04169267 0.01922726 0.02507299 0.04182034 0.01921302 7.3039e-5 0.04223638 0.01903951 0.02507299 0.04221969 0.01903527 7.3039e-5 0.04250979 0.01872199 7.3039e-5 0.02255487 -0.003642976 0.01843547 0.02165609 -0.003642976 0.01902669 0.02237755 -0.003642976 0.01898956 0.02223008 -0.003962874 0.01862299 0.02167922 -0.003642976 0.01864606 0.02165615 -0.003962874 0.01866918 0.02252191 -0.003962874 0.01890629 0.02167922 -0.003962874 0.01904976 0.02513325 -0.003642976 0.01837295 0.02513325 -0.003642976 0.01882296 0.02513325 -0.003962874 0.01837295 0.02513325 -0.003962874 0.01882296 0.02266317 -0.003962874 0.01837295 0.02213317 -0.004227936 0.01837295 0.02213317 -0.003377914 0.01837295 0.02582609 -0.003393232 0.018323 0.02213317 -0.002977967 0.01837295 0.02213317 -0.003377914 0.01877295 0.02213317 -0.001052916 0.01777297 0.02213317 -0.002977967 0.01877295 0.02583318 -0.002977967 0.01837295 0.02583318 -0.002977967 0.01877295 0.02583318 -0.003377914 0.01877295 0.02582556 -0.002143204 0.018323 0.02513325 -0.002393007 0.01837295 0.02513325 -0.002712965 0.01837295 0.02513325 -0.002712965 0.01882296 0.02266317 -0.002712965 0.01837295 0.02513325 -0.002393007 0.01882296 0.02237755 -0.002393007 0.01898956 0.02252191 -0.002712965 0.01890629 0.02223008 -0.002712965 0.01862299 0.02167922 -0.002393007 0.01864606 0.02255487 -0.002393007 0.01843547 0.02165615 -0.002712965 0.01866918 0.02167922 -0.002712965 0.01904976 0.02165609 -0.002393007 0.01902669 0.02213317 -0.002128005 0.01837295 0.02213317 -0.002128005 0.01877295 0.02583837 -0.001055002 0.01882404 0.02579987 -0.001552999 0.01817297 0.02583318 -0.001452922 0.01890629 0.02583318 -0.002128005 0.01877295 0.02213317 -0.001452922 0.01883965 0.02213317 -0.001052916 0.01897299 0.02303326 -0.001052916 0.01872295 0.02243316 -0.001052916 0.01777297 0.02303326 2.75565e-4 0.01868009 0.02303326 -0.00100845 0.01635622 0.02243316 -0.001052916 0.01537299 0.02583432 -8.54179e-4 0.01876127 0.02363318 -8.59909e-4 0.01876437 0.02583318 -0.001006782 0.01633059 0.02303326 -0.001052916 0.01537299 0.02300602 -0.001652956 0.01542752 0.02582377 -0.001141488 0.01433873 0.02303326 -0.001145184 0.01434987 0.02388316 -0.001352906 0.014373 0.02303326 -0.001652956 0.01467299 0.02388316 -0.001652956 0.01467299 0.02388316 -0.001352906 0.01777297 0.02388316 -0.001652956 0.01777297 0.02303326 -0.001652956 0.01777297 0.02510809 -0.002393007 0.01777297 0.02463316 -0.001502931 0.01777297 0.02463316 -0.001352906 0.014373 0.02543318 -0.001652956 0.01777297 0.02463316 -0.001652956 0.01467299 0.02543318 -0.001652956 0.01467299 0.02580589 -0.002977967 0.01435476 0.02583318 -0.002977967 0.01582288 0.02543318 -0.002977967 0.01467299 0.02542823 -0.002779424 0.01582288 0.02543318 -0.002677977 0.01697289 0.02583318 -0.002627909 0.01697289 0.02583318 -0.002627909 0.01582288 0.02579319 -0.0035429 0.01757287 0.02543318 -0.003677904 0.01697289 0.02576649 -0.004052937 0.01757287 0.02583318 -0.003727853 0.01697289 0.02576649 -0.002802968 0.01757287 0.02579319 -0.002292871 0.01757287 0.02579319 -0.002802968 0.01817297 0.02563315 -0.003302931 0.01817297 0.02563315 -0.002052843 0.01817297 0.02576649 -0.001552999 0.01757287 0.02577036 -9.27298e-4 0.01742434 0.02562034 -8.40816e-4 0.01850682 0.02569544 -2.53363e-5 0.01747095 0.02583318 1.86995e-4 0.01728296 0.02533322 -7.86149e-4 0.01756423 0.02575159 1.60093e-6 0.01777273 0.02583318 -5.6205e-4 0.01776421 0.02583318 1.86995e-4 0.017973 0.02568709 -5.51763e-4 0.01779621 0.02583324 -7.9161e-4 0.01757597 0.02583456 -5.81417e-4 0.01879763 0.02580314 -4.40508e-4 0.0187155 0.02583318 3.68046e-4 0.01856505 0.02363318 -5.84497e-4 0.01879006 0.02363318 -6.44289e-4 0.01906281 0.02583318 -6.55277e-4 0.01905924 0.0236932 5.86995e-4 0.01882296 0.02370816 5.71995e-4 0.01907289 0.02577316 5.86994e-4 0.01907289 0.0257582 5.71994e-4 0.01882296 0.02583318 4.46994e-4 0.01642286 0.02303326 4.46994e-4 0.01642286 0.02579319 -0.004792928 0.01757287 0.02583318 -0.003727853 0.01582288 0.02583318 -0.005077958 0.014373 0.02580314 -0.003377914 0.01436299 0.02583318 -0.005127966 0.01582288 0.02580589 -0.005477845 0.01435476 0.02583318 -0.003377914 0.01582288 0.02583318 -0.00485289 0.018323 0.02583318 -0.004627883 0.01837295 0.02513325 -0.004892885 0.01837295 0.02513325 -0.005212843 0.01837295 0.02576649 -0.005302906 0.01757287 0.02583318 -0.005127966 0.01697289 0.02583318 -0.005477845 0.01837295 0.02578318 -0.005302906 0.01817297 0.02582556 -0.005893111 0.018323 0.02563315 -0.005802989 0.01817297 0.02579319 -0.006042957 0.01757287 0.02579987 -0.006552934 0.01817297 0.02583318 -0.00622797 0.01697289 0.0257532 -0.006552934 0.01757287 0.02579319 -0.007292926 0.01757287 0.02578687 -0.00793606 0.01739877 0.0257532 -0.007232904 0.01817297 0.02583318 -0.007802903 0.01872295 0.02583318 -0.006727933 0.01837295 0.02561837 -0.008017539 0.0185073 0.02583318 -0.007402956 0.01883965 0.02583318 -0.006727933 0.01877295 0.02363318 -0.008018553 0.01872378 0.02583318 -0.007802903 0.01897299 0.02303326 -0.007802903 0.01872295 0.02583318 -0.008021175 0.01872342 0.02583432 -0.008274018 0.01879507 0.02363318 -0.008265972 0.01877617 0.02583318 -0.008110463 0.01902681 0.02363318 -0.008121192 0.01903325 0.02577316 -0.009442985 0.01882296 0.02575814 -0.009427964 0.01907289 0.0236932 -0.009442985 0.01907289 0.02370816 -0.009427964 0.01882296 0.02580273 -0.008415102 0.01871281 0.02583318 -0.009002983 0.01872295 0.02303326 -0.009202957 0.01862299 0.02303326 -0.00782901 0.01631855 0.02583318 -0.009302914 0.01842296 0.02583318 -0.009042978 0.017973 0.02583318 -0.008493006 0.017973 0.02561819 -0.008286774 0.01776832 0.02583318 -0.008289039 0.01776927 0.02533328 -0.008067548 0.01755404 0.02583312 -0.008069217 0.01756298 0.02571833 -0.008847892 0.01747256 0.02571415 -0.008837401 0.01777821 0.02583318 -0.009042978 0.01728296 0.02583318 -0.009302914 0.01642286 0.02553319 -0.009302914 0.01667296 0.02553319 -0.009240448 0.01747298 0.02303326 -0.009302914 0.01642286 0.02583318 -0.007862925 0.01636284 0.02583318 -0.00622797 0.01582288 0.02303326 -0.007802903 0.01537299 0.02581197 -0.007715046 0.01433658 0.02303326 -0.007710635 0.01434987 0.02463316 -0.007502913 0.014373 0.02581554 -0.005877852 0.0143612 0.02583318 -0.005877852 0.01582288 0.02543318 -0.005877852 0.01467299 0.02542853 -0.006026446 0.01582288 0.02543318 -0.007202863 0.01467299 0.02543318 -0.006177842 0.01697289 0.02543318 -0.005177915 0.01697289 0.02543318 -0.007202863 0.01777297 0.02463316 -0.007402896 0.01777297 0.02510809 -0.006462931 0.01777297 0.02463316 -0.007202863 0.01467299 0.02510809 -0.006142854 0.01777297 0.02510809 -0.005212843 0.01777297 0.02430826 -0.006142854 0.01777297 0.02430826 -0.005212843 0.01777297 0.02502542 -0.006228446 0.01552265 0.02510809 -0.006462931 0.01602298 0.02439105 -0.006377398 0.01552265 0.02430826 -0.006142854 0.01602298 0.02430826 -0.006462931 0.01777297 0.02388316 -0.007202863 0.01777297 0.02303326 -0.007027924 0.01777297 0.02303326 -0.006852924 0.01567298 0.0229274 -0.007202863 0.01542592 0.02303326 -0.007202863 0.01467299 0.02388316 -0.007502913 0.014373 0.02388316 -0.007202863 0.01467299 0.02388316 -0.007502913 0.01777297 0.02243316 -0.007802903 0.01537299 0.02252316 -0.006852924 0.01534295 0.02243316 -0.006852924 0.01777297 0.02243316 -0.007802903 0.01777297 0.02243316 -0.002002894 0.01777297 0.02213317 -0.007802903 0.01777297 0.02213317 -0.007802903 0.01897299 0.02213317 -0.007402956 0.01890629 0.02213317 -0.006727933 0.01837295 0.02213317 -0.005877852 0.01837295 0.02266317 -0.006462931 0.01837295 0.02213317 -0.005477845 0.01837295 0.02213317 -0.005477845 0.01877295 0.02213317 -0.005877852 0.01877295 0.02255487 -0.006142854 0.01843547 0.02223008 -0.006462931 0.01862299 0.02237755 -0.006142854 0.01898956 0.02513325 -0.006142854 0.01837295 0.02513325 -0.006462931 0.01837295 0.02513325 -0.006142854 0.01882296 0.02513325 -0.006462931 0.01882296 0.02252191 -0.006462931 0.01890629 0.02167922 -0.006462931 0.01904976 0.02165615 -0.006462931 0.01866918 0.02167922 -0.006142854 0.01864606 0.02165609 -0.006142854 0.01902669 0.02583318 -0.005877852 0.01877295 0.02583318 -0.005477845 0.01877295 0.02213317 -0.004627883 0.01837295 0.02266317 -0.005212843 0.01837295 0.02223008 -0.005212843 0.01862299 0.02252191 -0.005212843 0.01890629 0.02513325 -0.005212843 0.01882296 0.02255487 -0.004892885 0.01843547 0.02237755 -0.004892885 0.01898956 0.02167922 -0.004892885 0.01864606 0.02165609 -0.004892885 0.01902669 0.02167922 -0.005212843 0.01904976 0.02165615 -0.005212843 0.01866918 0.02513325 -0.004892885 0.01882296 0.02213317 -0.004627883 0.01877295 0.02213317 -0.004227936 0.01877295 0.02583318 -0.004227936 0.01837295 0.02583318 -0.004627883 0.01877295 0.02583318 -0.004227936 0.01877295 0.02579987 -0.004052937 0.01817297 0.02563315 -0.00455296 0.01817297 0.02213317 -0.006727933 0.01877295 0.02430826 -0.003962874 0.01777297 0.02430826 -0.004892885 0.01777297 0.02430826 -0.003642976 0.01777297 0.02248609 -0.002002894 0.0153377 0.02510809 -0.003642976 0.01777297 0.02303326 -0.002002894 0.01777297 0.02430826 -0.002712965 0.01777297 0.02430826 -0.002393007 0.01777297 0.02303326 -0.002002894 0.01567298 0.02273315 -0.001652956 0.01537299 0.02502542 -0.00247848 0.01552265 0.02430826 -0.002393007 0.01602298 0.02439105 -0.002627432 0.01552265 0.02510809 -0.002712965 0.01602298 0.02510809 -0.002712965 0.01777297 0.02510809 -0.003962874 0.01602298 0.02510809 -0.003962874 0.01777297 0.02502542 -0.003728449 0.01552265 0.02430826 -0.003642976 0.01602298 0.02439105 -0.003877401 0.01552265 0.02510809 -0.004892885 0.01777297 0.02502542 -0.004978418 0.01552265 0.02510809 -0.005212843 0.01602298 0.02439105 -0.00512737 0.01552265 0.02430826 -0.004892885 0.01602298 0.02542823 -0.005279302 0.01582288 0.02543318 -0.005477845 0.01467299 0.02542823 -0.003476679 0.01582288 0.02583318 -0.005477845 0.01582288 0.02543318 -0.003377914 0.01467299 0.02333319 -0.009219586 0.01667296 0.02333319 -0.009302914 0.01747298 0.02333319 -0.009052932 0.01747298 0.02553319 -0.009052932 0.01667296 0.02247315 0.008688986 0.016873 0.02247315 0.00821942 0.01847296 0.02257317 0.008688986 0.014373 0.0227732 0.008688986 0.016873 0.02247315 0.005203187 0.016873 0.02247315 0.005719363 0.01847296 0.02247315 0.006769359 0.01847296 0.02247315 0.007069468 0.01847296 0.02247315 0.009669363 0.01907289 0.02247315 0.009669363 0.014373 0.02583318 0.004169404 0.01907289 0.02583318 0.009703993 0.01894724 0.02365309 0.009672045 0.01883125 0.02247315 0.008319437 0.01907289 0.02197325 0.00821942 0.01907289 0.02247315 0.008019447 0.01907289 0.02197325 0.008119404 0.01847296 0.02247315 0.006869375 0.01907289 0.02197325 0.006969392 0.01907289 0.02197325 0.006869375 0.01847296 0.02247315 0.00581938 0.01907289 0.02247315 0.00551939 0.01907289 0.02197325 0.005719363 0.01907289 0.02197325 0.005619347 0.01847296 0.02247315 0.004169404 0.01907289 0.02247315 0.004169404 0.014373 0.02365309 0.004169404 0.01708376 0.02365309 0.004166781 0.01882839 0.02583318 0.004146158 0.01892435 0.02365309 0.003044426 0.01708376 0.02365309 0.003044426 0.01877295 0.02583318 0.003044426 0.01877295 0.02365309 0.004023432 0.01904982 0.02583318 0.003929972 0.01907026 0.02365309 0.002519369 0.01907289 0.02365309 0.002519369 0.01877295 0.02583318 0.002519369 0.01892292 0.02583318 0.004169404 0.01708376 0.02583318 0.003044426 0.01708376 0.02378058 0.004169404 0.01587295 0.02583318 0.004169404 0.014373 0.02583318 0.009669363 0.01708376 0.02583318 0.009669363 0.014373 0.02458649 0.004169404 0.01587295 0.02458649 0.004369437 0.014373 0.02458649 0.004469394 0.01587295 0.02378058 0.004469394 0.01587295 0.0227732 0.004469394 0.014373 0.02378058 0.004319429 0.014373 0.0227732 0.004469394 0.01877295 0.02553319 0.004469394 0.01877295 0.0227732 0.009369373 0.01877295 0.02425318 0.00551939 0.01877295 0.02425318 0.00581938 0.01877295 0.0227732 0.005203187 0.016873 0.02267318 0.005203187 0.014373 0.0250532 0.005619347 0.01877295 0.02499777 0.005775451 0.01479214 0.02429443 0.005767285 0.01480901 0.02425318 0.006769359 0.01877295 0.02425318 0.007069468 0.01877295 0.02429443 0.007017314 0.01480907 0.02430862 0.006813228 0.0147922 0.0250532 0.006869375 0.01877295 0.02501195 0.006821513 0.01480901 0.02553319 0.009369373 0.01877295 0.02553319 0.004469394 0.014373 0.02553319 0.009369373 0.014373 0.02458649 0.009369373 0.01587295 0.02378058 0.009369373 0.01587295 0.0250532 0.008319437 0.01877295 0.0250532 0.008019447 0.01877295 0.02501195 0.008071541 0.01480901 0.02425318 0.00821942 0.01877295 0.02430862 0.008063316 0.01479214 0.02429443 0.008267343 0.01480901 0.02499777 0.008275568 0.01479214 0.02378058 0.009669363 0.01587295 0.02378058 0.009469389 0.014373 0.0227732 0.009369373 0.014373 0.02365309 0.009669363 0.01708376 0.02458649 0.009669363 0.01587295 0.02458649 0.009569406 0.014373 0.02365309 0.01079446 0.01708376 0.02365309 0.01079446 0.01877295 0.02583318 0.01079446 0.01877295 0.02583318 0.01131939 0.01877295 0.02365309 0.009818613 0.0190491 0.02365309 0.01131939 0.01892292 0.02583318 0.009863138 0.01906108 0.02583318 0.01131939 0.01907289 0.02583318 0.01079446 0.01708376 0.02499777 0.007025539 0.01479214 0.02430862 0.005563259 0.0147922 0.02501195 0.005571544 0.01480901 0.02590817 0.01783335 0.01777297 0.02582532 0.01774775 0.01552265 0.02623325 0.01857328 0.01777297 0.02590817 0.01751327 0.01777297 0.02510809 0.01783335 0.01777297 0.02590817 0.01751327 0.01602298 0.02543318 0.01872324 0.01777297 0.02543318 0.01857328 0.01467299 0.02468317 0.01857328 0.01777297 0.02543318 0.01887327 0.014373 0.02293318 0.01688838 0.01777297 0.02383315 0.01822328 0.01777297 0.02383315 0.01857328 0.01777297 0.02383315 0.01822328 0.01567298 0.02380591 0.01857328 0.01542752 0.02323317 0.01822328 0.01777297 0.0232861 0.01822328 0.0153377 0.02353316 0.01857328 0.01537299 0.02323317 0.01917338 0.01537299 0.02383315 0.01917338 0.01537299 0.02468317 0.01857328 0.01467299 0.02383315 0.01857328 0.01467299 0.02383315 0.01908105 0.01434987 0.02468317 0.01887327 0.014373 0.02661103 0.01908445 0.01433962 0.02663326 0.01921951 0.01633071 0.02653318 0.01688838 0.014373 0.02663326 0.01688838 0.014373 0.02663326 0.01630336 0.01757287 0.02656656 0.01742339 0.01757287 0.02663326 0.01688838 0.01757287 0.02663326 0.01454329 0.01636296 0.02660065 0.01469165 0.01433807 0.0265761 0.01585328 0.01757287 0.02383315 0.01460325 0.01537299 0.02383315 0.01469558 0.01434987 0.02543318 0.01490324 0.014373 0.02543318 0.01500326 0.01777297 0.02468317 0.01490324 0.014373 0.02543318 0.01520329 0.01467299 0.02623325 0.01520329 0.01777297 0.02623325 0.01520329 0.01467299 0.02468317 0.01490324 0.01777297 0.02510809 0.01594328 0.01777297 0.02510809 0.01626336 0.01777297 0.02510809 0.01626336 0.01602298 0.02590817 0.01594328 0.01777297 0.025191 0.01602888 0.01552271 0.02468317 0.01520329 0.01777297 0.02383315 0.01537829 0.01777297 0.02383315 0.01555329 0.01567298 0.02372729 0.01520329 0.01542592 0.02323317 0.01555329 0.01777297 0.02293318 0.01460325 0.01777297 0.02323317 0.01460325 0.01777297 0.02323317 0.01460325 0.01537299 0.02332317 0.01555329 0.01534295 0.02383315 0.01520329 0.01467299 0.02468317 0.01520329 0.01467299 0.02383315 0.0145772 0.01631861 0.02383315 0.01460325 0.01872295 0.02663326 0.01460325 0.01872295 0.02443319 0.01413565 0.01878732 0.02443319 0.01440173 0.01874202 0.02383315 0.01319324 0.01863294 0.02663326 0.01460325 0.01897299 0.02293318 0.01460325 0.01897299 0.02293318 0.01500338 0.01890629 0.02663326 0.01500338 0.01883965 0.02663326 0.01567828 0.01837295 0.02293318 0.01567828 0.01877295 0.02663326 0.01567828 0.01877295 0.02656656 0.01515328 0.01817297 0.02659994 0.01585328 0.01817297 0.02659326 0.01511329 0.01757287 0.02657043 0.01446187 0.01740866 0.02663326 0.01336336 0.01728296 0.02651607 0.01355761 0.01747882 0.02643007 0.01440548 0.01849806 0.02663326 0.01310324 0.01642286 0.02383315 0.01310324 0.01642286 0.02633315 0.01316577 0.01747298 0.02633315 0.01310324 0.01667296 0.02663326 0.01316994 0.01862299 0.02413326 0.01310324 0.01747298 0.02655994 0.01353448 0.01780188 0.02648609 0.01410055 0.01778638 0.02663326 0.01411813 0.01776802 0.02663326 0.01432597 0.01755464 0.02613323 0.0143367 0.01755696 0.02663451 0.014131 0.01879984 0.02657502 0.01403623 0.01870357 0.02663451 0.01439744 0.01876896 0.02443319 0.01422202 0.01905429 0.02663326 0.01421284 0.01905542 0.0265733 0.01296329 0.01882296 0.02655827 0.01297831 0.01907289 0.02449315 0.01296329 0.01907289 0.02450817 0.01297825 0.01882296 0.02413326 0.01318663 0.01667296 0.02413326 0.01335328 0.01747298 0.02633315 0.01335328 0.01667296 0.02662271 0.01647907 0.018323 0.02663326 0.01688838 0.01817297 0.02637887 0.0168612 0.01817297 0.02639961 0.01687157 0.01757287 0.02623325 0.01688838 0.01777297 0.02623325 0.01688838 0.01467299 0.02623325 0.01857328 0.01467299 0.02644753 0.01689159 0.01757287 0.02644348 0.01689296 0.01817297 0.02663326 0.01688838 0.01877295 0.02293318 0.01688838 0.01877295 0.02663326 0.01724839 0.01837295 0.02663326 0.01724839 0.01877295 0.02663326 0.01652824 0.01877295 0.02293318 0.01652824 0.01877295 0.02293318 0.01652824 0.01837295 0.02335494 0.01626336 0.01843547 0.02346318 0.01594328 0.01837295 0.02293318 0.01567828 0.01837295 0.0259332 0.01594328 0.01837295 0.0259332 0.01626336 0.01837295 0.0259332 0.01626336 0.01882296 0.0259332 0.01594328 0.01882296 0.02332186 0.01594328 0.01890629 0.02317756 0.01626336 0.01898956 0.02303016 0.01594328 0.01862299 0.02245622 0.01594328 0.01866912 0.02247929 0.01594328 0.01904982 0.02245622 0.01626336 0.01902675 0.02247935 0.01626336 0.01864606 0.02293318 0.01724839 0.01877295 0.02293318 0.01724839 0.01837295 0.02293318 0.01917338 0.01777297 0.0259332 0.01751327 0.01837295 0.02293318 0.01809835 0.01837295 0.02346318 0.01751327 0.01837295 0.02335494 0.01783335 0.01843547 0.0259332 0.01751327 0.01882296 0.02332186 0.01751327 0.01890629 0.02303016 0.01751327 0.01862299 0.02247935 0.01783335 0.01864606 0.02245622 0.01751327 0.01866912 0.02247929 0.01751327 0.01904982 0.02317756 0.01783335 0.01898956 0.0259332 0.01783335 0.01837295 0.0259332 0.01783335 0.01882296 0.02662396 0.0180487 0.018323 0.02659994 0.01742339 0.01817297 0.02659326 0.01867336 0.01817297 0.02663326 0.01877325 0.01890629 0.02663326 0.01809835 0.01877295 0.02293318 0.01877325 0.01883965 0.02293318 0.01809835 0.01877295 0.02293318 0.01917338 0.01897299 0.02664297 0.01917093 0.01882493 0.02662706 0.01937532 0.01872724 0.02641326 0.01939338 0.01780295 0.02657991 0.01929336 0.01741963 0.02383315 0.01917338 0.01872295 0.02323317 0.01917338 0.01777297 0.02383315 0.01921784 0.01635634 0.02383315 0.02051675 0.01868385 0.02443319 0.01936894 0.01876688 0.02443319 0.019643 0.01879435 0.02663451 0.01964789 0.01880556 0.02663326 0.01953601 0.01905143 0.02443319 0.01958203 0.01906186 0.0265733 0.02081322 0.01907289 0.02655827 0.02079826 0.01882296 0.02449315 0.02081328 0.01882296 0.02450817 0.02079826 0.01907289 0.02657711 0.01974165 0.01870894 0.02641969 0.01965737 0.01776975 0.02663326 0.01986324 0.017973 0.02663326 0.01966381 0.01776391 0.02613329 0.01945048 0.01754319 0.0266332 0.01945734 0.01755315 0.02655172 0.0202279 0.01777273 0.02663326 0.02041327 0.017973 0.02663326 0.02060407 0.01858448 0.02663326 0.02041327 0.01728296 0.02663326 0.02067327 0.01642298 0.02648818 0.020204 0.0174846 0.02656656 0.01867336 0.01757287 0.02659326 0.0179333 0.01757287 0.02643316 0.01817327 0.01817297 0.02383315 0.02067327 0.01642298 0.02245622 0.01783335 0.01902675 0.02590817 0.01626336 0.01777297 0.02510809 0.01751327 0.01777297 0.02510809 0.01783335 0.01602298 0.025191 0.0175988 0.01552265 0.02582532 0.01617777 0.01552265 0.02590817 0.01594328 0.01602298 0.02468317 0.01887327 0.01777297</float_array>
          <technique_common>
            <accessor source="#shape0-mesh-positions-array" count="5721" stride="3">
              <param name="X" type="float"/>
              <param name="Y" type="float"/>
              <param name="Z" type="float"/>
            </accessor>
          </technique_common>
        </source>
        <source id="shape0-mesh-normals">
          <float_array id="shape0-mesh-normals-array" count="32637">-0.5314796 -0.8469697 -0.01311427 -5.01301e-4 3.61781e-4 -0.9999999 -0.7134771 -0.7002409 -0.02476197 -2.76765e-6 -5.22837e-6 1 -1.00198e-5 2.37182e-5 -1 -0.3194996 0.9469198 -0.0355376 -0.2923793 0.9392276 -0.1799057 -0.4018793 0.9131715 0.06790333 -0.4539917 0.8650999 -0.213293 -0.1943354 -0.03423076 -0.9803377 0.1744505 -0.9844589 -0.02019053 -5.47607e-4 0.001403391 0.9999989 -0.5228257 -0.03212785 -0.8518339 -0.1085922 -0.9939793 -0.01459974 -0.8750239 -0.4014208 -0.2705454 -0.4707397 0.789238 -0.3943443 -0.9413467 -0.2957389 -0.162496 -0.05637812 0.05409502 -0.996943 2.73628e-4 7.66302e-4 0.9999997 -0.3138955 -0.9491183 -0.02538126 -0.2474718 -0.9684014 -0.03092813 -0.6017252 0.7972806 0.04765027 -0.6109743 0.7461668 -0.2644721 0.7764102 0.6302163 0.00385648 -0.6727463 0.7398625 -0.00401175 -0.6728285 0.73979 -0.00355333 -0.4794106 0.5281714 0.700857 -0.4623855 0.4716298 0.750843 -1.00071e-6 0 -1 -0.7480396 0.6635093 0.01386547 -0.7517607 0.6594226 -0.004215061 0 0 -1 -0.7475466 0.6642014 0.003287553 -0.7666983 0.6420074 -4.37433e-4 -0.6364331 -0.7712584 0.01065999 -0.6278671 -0.7783206 -3.28834e-4 -0.6263787 -0.7795189 1.08349e-5 -0.629241 -0.7772103 4.24965e-4 -0.6204242 -0.7841799 0.01165401 0.3674201 0.3219327 -0.8725606 -3.29392e-4 0.003924131 -0.9999923 0.7324533 -0.6808171 6.26294e-4 0.7297231 -0.6837352 0.003237783 0.840189 -0.5419864 -0.01825469 0.9042657 -0.4269652 -0.002064466 4.40343e-5 -4.11153e-5 1 0.7393364 -0.6733334 -0.001988172 -5.75735e-4 4.42261e-5 -0.9999999 -0.6920447 0.7218468 -0.003373026 -0.6668266 0.7452099 0.002157986 -1.92342e-6 0 -1 0.5332322 -0.845719 -0.02056449 0.6823498 -0.7310251 0.001105427 0.6762509 -0.7366687 -0.002019226 0.6807106 -0.7325524 -3.59777e-4 8.18165e-6 -5.49383e-6 1 0.3579199 -0.9337518 -9.80088e-4 -0.008351981 0.001679897 -0.9999637 4.24748e-5 -1.67741e-5 1 0.9938569 -0.1072375 -0.02736425 -9.40342e-5 1.24536e-4 1 0 0 1 -0.7944059 0.6073823 0.002436757 -0.8226803 0.5684947 0.003312051 2.32929e-6 6.88368e-7 1 -0.8178418 0.5754432 4.52396e-4 -3.03482e-6 0 1 0.5731804 0.8194292 -1.27857e-5 0.5722549 0.8200758 4.151e-4 3.4516e-6 0 1 5.6613e-6 2.97782e-6 1 0.4673046 0.8840961 7.84575e-4 0.5012849 0.8652815 0.001137018 0.5004803 0.865748 -2.29402e-5 -0.8878933 0.4600493 3.44401e-4 -0.8901514 0.455664 -9.81009e-4 -0.01014941 0.00797981 -0.9999167 -0.00658673 0.004124522 -0.9999698 0.8469281 -0.5316936 -0.00386393 0.5736086 0.8191294 -5.85398e-4 -0.8455851 0.5336744 -0.01332485 -0.8466844 0.5318987 -0.01446926 0.8466767 -0.5320909 -0.004242718 -0.4365833 0.2054751 -0.8758853 -0.6386367 0.2885856 -0.7133454 -0.8282037 0.4145733 0.3771042 -0.5181487 0.2950574 -0.8027846 -0.7190198 0.5901892 -0.3669977 0.9916734 -0.1269174 -0.02181553 0.006433546 0.02001559 -0.999779 0.841432 0.5396584 -0.02758723 1.61841e-4 -2.08605e-4 -1 -0.791987 0.5968852 -0.1283929 1.10447e-6 -1.21448e-6 1 -0.6322161 -0.7747766 0.004894554 -0.7423892 -0.6699364 0.006608486 -0.6447288 -0.7639574 0.02634519 -1.99171e-5 9.19733e-6 -1 -0.9246071 0.3192332 -0.2078268 -0.9367368 0.3486243 -0.03138983 -0.8910704 0.4537115 -0.01180791 1.62036e-5 -1.95663e-5 -1 -0.8657146 0.4770321 -0.1515877 -0.8433931 0.5353878 0.04525661 -0.750873 0.3008684 -0.5879354 -0.5597864 -0.286862 -0.7773991 -0.8797703 0.2258282 -0.4183373 -0.9879434 -0.1548082 0.001567184 -0.9692044 -0.09622043 -0.2266815 -1.42146e-5 6.49603e-6 -1 -0.9981148 -0.05379348 0.02954822 -0.9952226 0.02474504 0.09444415 0.369499 0.9290748 -0.01704591 0 7.87443e-7 -1 -0.9864822 0.1451225 -0.07610821 -0.9642419 0.1202245 -0.2361853 0 -5.9115e-7 -1 0.5363688 0.8439602 -0.006323039 -0.7735369 0.633692 0.008674442 -0.7678167 0.640634 0.006756961 -0.9580835 0.260823 0.1185228 -0.9556382 -0.2944387 -0.007851898 -2.81195e-5 -4.29799e-6 1 -5.81771e-5 6.11125e-6 1 -0.5623036 -0.4355698 -0.7029179 -0.4919731 0.05281198 -0.8690072 -0.9355188 0.2287603 -0.269209 -0.7475733 -0.143383 0.648518 -0.4111413 -0.09151387 -0.9069664 -0.9037867 -0.08358424 -0.4197421 -0.7027263 -0.2620067 -0.6614593 -0.7681438 -0.05560636 -0.6378583 -0.4868212 0.03896278 -0.8726323 -0.3397724 0.06818121 -0.9380331 0.9646471 -0.263479 0.005911707 -0.6541251 -0.2485402 -0.7143866 -0.002474367 -2.27868e-4 -0.999997 0.9934034 0.1145495 0.005303204 0.9955564 0.09155666 -0.02201968 1.33341e-7 0 -1 -1.53794e-5 6.44016e-7 -1 3.27912e-5 1.59566e-6 -1 7.19691e-6 -1.0311e-6 -1 -1.34379e-5 1.74184e-5 -1 4.94892e-6 -1.17606e-5 -1 1.46034e-5 -2.74281e-5 -1 2.87983e-6 -2.75995e-6 -1 5.40245e-7 0 -1 0.9682632 -0.2497406 -0.009805023 -0.00372982 9.62497e-4 -0.9999926 6.04868e-6 -8.25876e-6 -1 0.766453 0.6421842 -0.01222151 3.274e-6 -7.32076e-7 -1 0.7648641 0.6440389 -0.01403301 -0.004155278 2.77954e-4 -0.9999914 -0.008944869 0.003829956 -0.9999527 0.9190295 -0.3934382 -0.02431422 0.4225835 0.9062454 -0.01194202 8.60914e-7 1.19549e-6 -1 0.4221866 0.9064021 -0.01391637 1.94576e-6 5.98276e-7 -1 -0.8976466 0.4404853 -0.01426136 0.9089423 -0.4169212 8.6828e-4 -1.99004e-6 5.18923e-7 1 -0.9221637 0.386723 0.007721424 -0.8991449 0.4373176 -0.01708632 2.01623e-6 4.80129e-7 1 0.90043 -0.434785 0.01370894 0.890048 -0.4543053 -0.03770238 0.9090446 -0.4165557 0.01092648 -0.4404098 -0.8973857 0.02717024 -0.4212301 -0.9067304 0.02013087 0.8809056 -0.4730678 0.01456838 1.40317e-5 -4.48667e-6 1 0.8554287 -0.5178818 0.006359934 0.1364201 0.9904381 -0.02053982 1.42775e-5 -2.14447e-6 1 -0.00143975 0.9999022 -0.01391875 1.59589e-5 -1.37087e-6 -1 -4.78752e-6 6.27267e-6 -1 0.7930274 -0.6084207 0.03052681 0.7132385 -0.700888 0.00684762 -4.08681e-6 -2.03268e-6 1 -2.38051e-5 -6.70682e-6 -1 -0.6361283 0.771474 -0.01299542 1.37577e-5 -2.00088e-6 1 -0.4528264 0.8913318 -0.02181655 0 -1.53792e-5 1 -0.8647258 0.501794 -0.0212633 5.22915e-6 7.53821e-7 -1 -0.9389315 0.3438037 -0.01437968 0.6290932 -0.7768168 0.02823907 -1.20201e-6 9.1593e-7 -1 0.5782137 -0.8157833 0.01291584 -1.58236e-6 -5.00153e-6 -1 1.193e-6 7.99317e-6 1 0 1.70867e-6 -1 0.4775049 -0.8785224 0.01369428 0.8955661 0.4441997 0.02545607 4.52763e-6 -1.4853e-5 1 0.373055 -0.9275932 0.02002286 0.3085793 -0.9504701 -0.03722435 -8.43633e-6 -1.0911e-5 1 7.51214e-7 0 1 0.2475726 -0.9685519 0.02480357 -5.70094e-7 1.19069e-6 1 -0.1992946 0.979875 0.01125085 0.2661789 -0.9633898 0.03207951 -5.07322e-6 -2.90314e-6 1 -0.3392745 0.9396741 -0.04365265 0 1.07767e-6 1 7.54106e-7 6.31258e-7 1 -0.4374738 0.8992233 0.003762841 -2.22635e-6 0 1 0.4433417 -0.896349 0.002567112 0.4203423 -0.9072131 0.01664012 0.9062978 0.4222773 0.01750469 -0.9475472 0.3196135 -0.001202762 -0.9369776 0.3493885 7.85106e-4 -0.57708 0.8166764 0.004290163 -0.5660224 0.8243899 -3.86809e-4 2.75798e-6 0 1 0.765567 0.643181 0.01501542 0.7739595 0.6327157 0.02564257 0.6759119 0.7369648 0.005110502 -0.6479773 0.7616564 0.002253949 -0.6348052 0.7726497 0.00592339 -0.2096229 0.9684005 0.135125 -0.4833989 0.6412175 -0.5959577 -0.4167289 0.7391715 -0.529115 -0.2706132 0.5878654 -0.7623536 -0.4106836 0.722452 -0.5562393 -0.5186499 0.6714311 -0.5293228 0.006599366 0.004202902 -0.9999695 0.2022258 0.1870593 0.9613083 0.01025903 0.01211535 -0.9998741 0.6441962 0.7644643 -0.02461099 0.6587637 0.75235 1.26818e-4 -0.7815492 0.6238438 6.73932e-5 -0.7814164 0.62401 2.95534e-5 -0.7649934 0.6438163 -0.01690167 -0.782956 0.6219698 0.0115568 -0.7743729 0.6326357 0.01089876 0.4990103 0.5440015 0.6745749 0.6751198 0.7369852 0.03265249 9.28281e-6 0 -1 0.5448377 0.4689724 0.695138 0.7553519 0.6502524 0.08133536 0.66698 -0.7433729 -0.05034214 -3.89106e-6 0 -1 0.7506089 0.660741 0.002800703 0.7599762 0.649951 -7.39106e-5 -0.01542639 0.01723873 -0.9997325 0.007691562 0.004916012 -0.9999583 -0.8418893 -0.5390858 -0.02467864 0 -7.02603e-7 -1 0.8473228 0.531028 -0.007308065 0.8361603 0.5482761 -0.01515108 -0.5731562 0.8194462 -9.2316e-6 -0.5731941 0.8194197 3.84353e-5 -1.07333e-6 0 1 -0.4786937 0.8779733 0.003898799 -0.4623448 0.886645 0.009899973 -0.8998958 -0.4359491 -0.01165926 3.43395e-6 0 1 0.9008759 0.4340761 -8.55928e-4 0.9030542 0.4295256 9.3683e-4 -0.9297902 -0.3673785 0.02287471 0.9108117 0.4128217 6.42184e-4 1.82574e-6 0 1 0.8945858 0.4465869 -0.01663279 0.8886544 0.4581222 -0.02043253 0.009917497 0.004930973 -0.9999387 -0.877701 -0.4789659 0.01525235 -0.8952447 -0.4452902 -0.01592928 0 0 -1 -0.8837962 -0.4669526 0.02932071 -0.4994614 0.8663286 0.003641009 -0.4972887 0.8675851 4.22863e-4 0.008991062 0.002819538 -0.9999557 -0.9537639 -0.2991505 -0.02904021 0.006230533 0.001229405 -0.9999799 0.004023611 -2.79681e-4 -0.9999919 -0.9937635 -0.1000422 -0.04925185 0.007043898 7.08854e-4 -0.999975 -0.9840324 -0.1769496 0.0192117 3.85095e-7 0 -1 0.9837332 0.1783873 -0.02114111 0.9813088 0.1923756 0.004999756 0 -2.44616e-7 -1 0.9925565 0.1137877 -0.04340481 0.006203234 -0.9995095 -0.03069758 0 -1.85363e-7 1 -1.47369e-6 -1.84699e-7 1 1.68125e-5 -0.999902 -0.01400405 1.17646e-6 0 1 -0.9999021 0 -0.01399892 0 0.9999014 -0.0140466 1.69382e-5 0.999902 -0.01400405 -0.999902 0 -0.01399892 1.66184e-6 -6.77936e-7 -1 0 -5.84125e-7 1 -3.15739e-6 1.95631e-6 1 1.25987e-6 -4.00486e-7 1 -9.2889e-7 0 -1 -1.26364e-6 -4.39149e-7 1 1.17646e-6 0 1 -5.67646e-6 0 1 8.04762e-7 0 1 -2.75611e-6 -1.34095e-5 -1 -1.4373e-6 -1.35278e-5 -1 0 -2.61928e-6 -1 -8.76946e-7 0 -1 1.1672e-6 7.61839e-6 -1 0 -6.8137e-6 -1 0 9.26304e-7 -1 0 0.9999028 -0.01394933 3.11305e-5 0.9999015 -0.01403391 0.9920151 -0.1250983 -0.01601892 0.9935194 -0.1135711 -0.004574656 -1.05114e-6 -6.97816e-7 -1 0 1.48741e-6 -1 0.9789351 0.203527 -0.016209 0 1.268e-6 -1 0.9757278 0.2177472 -0.02326828 0.9833918 -0.1814388 0.004538416 -1.75933e-6 2.3011e-7 -1 0.9824162 -0.1866659 -0.003813326 -0.9826323 0.1853103 0.009683907 0.005060553 -6.26576e-4 -0.9999871 -0.9915738 0.1228901 -0.04098218 0.004870653 -2.1752e-4 -0.9999881 0.009638428 -0.006013751 -0.9999356 -0.8482286 0.5294851 -0.01240223 -0.8643985 0.5025932 0.01467543 -0.4225596 -0.9062291 -0.01386517 -3.90626e-7 0 -1 -0.422564 -0.9062273 -0.01384848 0.001246333 0.9999029 -0.01388341 -0.999902 0 -0.01399892 3.14071e-7 0 -1 -3.91734e-6 -4.01435e-6 -1 3.80502e-4 -0.9999417 -0.01080149 0.974004 -0.2258777 -0.01719146 3.92535e-6 -1.11534e-6 -1 0.9714215 -0.2373607 -3.98487e-4 7.89087e-7 1.74819e-6 -1 0.968076 -0.2490258 -0.02855193 0.9722337 -0.2328497 -0.0232985 -1.16969e-6 -6.6971e-7 -1 -2.52559e-7 0 -1 -0.9572927 0.2884182 -0.02014124 2.52869e-7 0 -1 -0.9422994 0.3346154 0.01021867 0.01127797 -0.004903972 -0.9999244 -0.9166026 0.3986836 -0.02985584 0.009186327 -0.002767086 -0.9999541 0.9585098 -0.2850141 -0.005108296 0.9600308 -0.2798651 0.004054009 -3.57695e-7 0 -1 -0.9999021 0 -0.01399892 0.001533985 -0.9999011 -0.01398307 3.29872e-4 0.9998567 -0.01692628 -1.65152e-6 -5.41767e-6 -1 -5.73968e-7 0 -1 1.06078e-6 -1.81445e-7 -1 3.30516e-6 -7.36479e-6 -1 -1.3322e-6 8.79133e-7 -1 -9.94349e-7 -1.52116e-6 -1 0.921688 -0.3879057 0.004522323 0.920393 -0.3909948 -1.30353e-4 0.8926368 -0.4494331 -0.03477674 -0.4336934 -0.9008039 -0.02150386 -0.4240018 -0.9055553 -0.01386916 -0.4238271 -0.905622 -0.01481962 -3.48973e-6 1.57578e-5 1 4.90125e-6 -2.53955e-6 1 1.95648e-6 -5.04269e-7 1 -0.9257464 0.3781344 -0.002839684 -0.9276759 0.3731409 -0.01354169 -6.27067e-7 -4.52248e-7 1 0.9030446 -0.429546 -9.37322e-4 0.9125018 -0.4090706 0.001378297 0.8991757 -0.4373963 -0.01294916 0.9008702 -0.4340878 8.51924e-4 0 0 1 -0.9050106 0.424967 -0.01894432 -0.8905133 0.4545308 0.01969528 7.10697e-7 0 -1 0.8883857 -0.458667 -0.01988607 0.848391 -0.5293062 -0.008236885 -2.18069e-6 0 1 0.8389498 -0.5439975 -0.01516711 -0.572868 -0.8196477 1.54581e-4 -0.5737197 -0.8190517 -2.39308e-4 -0.574685 -0.8183743 -9.56663e-4 0.4176757 0.9084267 0.01754927 0.4477017 0.8937354 0.02829241 1.31365e-6 -2.21591e-6 1 2.35113e-6 -2.07973e-6 1 1.18168e-6 -2.61181e-6 1 0 -3.33122e-6 1 7.09285e-6 -3.22672e-6 -1 1.94682e-5 -1.07248e-5 -1 6.53081e-6 -3.9062e-6 -1 -2.07142e-5 7.98027e-6 1 0.9502221 -0.3115736 9.83843e-5 0.9510339 -0.3090853 9.75515e-4 -1.52402e-5 -9.09545e-6 1 -0.953944 0.2992351 -0.02119535 -0.9658376 0.2586374 0.01626354 -0.9685846 0.248357 0.01275295 5.38779e-6 -7.62187e-7 -1 -0.9862602 0.1591451 0.04431408 -0.9963207 0.08130288 -0.02711367 -2.04854e-6 6.30738e-7 1 0 4.93192e-7 1 0.9960373 -0.08891022 -0.002215147 0.9992257 -0.03791922 0.01050359 0 0 1 -0.9988735 0.02313601 0.04143178 4.12188e-6 0 -1 0 5.632e-7 1 -0.9985943 0.0523982 0.008003354 7.88212e-6 7.02371e-7 -1 -0.9911253 -0.1306197 0.02468132 0 -4.59749e-7 1 0.9949671 0.1002032 1.72589e-4 0.993269 0.114507 -0.01745855 -3.34985e-7 0 1 5.92416e-7 0 1 -0.9875331 -0.1564961 0.01695126 0.9832572 0.1820058 0.008895099 2.52139e-6 0 1 -0.992904 -0.1188792 0.003087937 5.87121e-6 0 1 -0.9944986 -0.1017134 0.02503877 -7.59721e-7 0 1 -0.9939967 -0.09518426 -0.05394965 -0.99826 0.03777509 -0.04527741 -1.22429e-6 0 1 -0.9992797 0.03789412 -0.002080678 -0.9997444 0.02025651 0.01004773 -0.9969946 0.06382137 0.04391759 -9.81545e-7 0 1 -0.9956072 0.09234648 0.01544338 -0.9857781 0.1680523 1.43197e-4 -0.9853214 0.1706958 0.002202033 -8.96e-7 0 1 -0.973958 0.2246699 0.03048735 -0.9658879 0.2589468 -0.002692878 6.23092e-6 0 1 -0.9411087 0.3361815 0.03600984 1.95137e-6 0 1 -5.87025e-7 5.88029e-7 1 0.9645131 -0.2624198 -0.02916067 0.9694693 -0.2451397 -0.005986034 -0.9630866 0.2662385 -0.0397666 1.03274e-6 0 1 -0.9519176 0.3063474 -0.002025902 -0.9511223 0.3088145 -2.79148e-4 -0.9750453 0.2211195 0.01982349 -0.9842987 0.173065 -0.03470891 -1.31907e-6 0 1 0.9852325 -0.1710281 -0.008144557 0.9877008 -0.1563513 -0.001214921 -0.9912068 0.1302742 0.02319383 -5.22226e-7 5.18801e-7 1 -1.21099e-6 0 1 -0.9111166 0.412145 -0.001766264 -0.9136492 0.4065005 0.001610875 -8.66505e-7 0 1 -0.8971467 0.4406616 0.03074693 -0.9158146 0.4015665 -0.005292296 0 0 1 0.9419245 -0.3303408 -0.06044304 0.9648736 -0.2556689 0.06043589 0 0 1 0.9741419 -0.2247472 -0.02316159 -0.9898007 0.1421467 -0.009433329 0.9918026 -0.1277799 -2.12515e-4 0.992151 -0.1245481 0.01115071 2.32399e-6 0 1 -1.88614e-6 -1.49376e-6 -1 8.96299e-5 -5.78028e-4 0.9999999 0.1479182 -0.9877671 0.04936063 2.92272e-4 -2.12561e-4 1 0.3364643 -0.9412688 -0.02837073 0.3045279 -0.6618628 0.6849821 0.4175978 -0.908632 2.52492e-4 0.5621548 -0.826295 0.034909 1.34822e-4 -1.90246e-4 1 0.7351899 -0.6775838 -0.01939225 0.505973 -0.433429 0.7457417 0.7599686 -0.6499566 -0.00208491 0.7748987 -0.6320818 0.002192676 2.03983e-6 0 -1 0.664017 -0.4418678 0.6031868 1.37384e-4 4.21044e-5 1 0.8193523 -0.5726652 0.02676749 1.79102e-4 -1.26112e-4 1 6.68418e-4 -0.9999415 -0.01079672 -6.07405e-5 -0.9998996 -0.01417475 -4.58117e-7 0 -1 8.19901e-7 0 -1 0 2.77907e-6 -1 0.8520481 -0.523456 -0.002778947 -5.40318e-7 -7.43626e-7 -1 -0.8881624 0.4589689 -0.0226975 0 5.93718e-7 -1 -0.9050488 0.4252492 -0.007057189 -1.73349e-6 4.07513e-7 -1 -0.9609484 0.2747809 -0.03276813 6.28185e-7 1.5053e-6 -1 0.9440466 -0.3297559 -0.006098091 0.9556163 -0.294613 -9.06913e-4 -2.06703e-6 0 -1 0.9568915 -0.2904407 -0.00173521 0.6171598 -0.1880048 0.7640471 -0.943966 0.3299443 -0.008075058 0 -2.03402e-6 -1 0.9733052 -0.228087 0.02555799 9.2494e-5 -1.9425e-5 1 0.9996522 -0.02375286 -0.01146352 -0.9997643 -0.01952981 -0.009481668 -0.9995849 -0.02541762 -0.01356452 -7.14388e-7 0 -1 -0.9996852 -0.008170306 -0.02372419 0 1.40465e-6 -1 0.5735249 0.8190692 -0.01395982 1.4589e-6 2.07472e-6 -1 1.41527e-6 7.18588e-6 -1 8.42849e-4 0.9999206 -0.01257801 -1.25961e-6 8.58075e-6 -1 2.15871e-6 -1.46765e-6 -1 5.39362e-4 0.9999027 -0.01394313 -9.26995e-7 0 -1 -0.999902 0 -0.01399892 -2.89087e-6 -2.6286e-6 -1 5.3189e-4 -0.9999027 -0.01394277 0.001412212 -0.9999401 -0.01085823 2.97892e-6 -1.79757e-6 -1 0.9135658 -0.406336 -0.01699423 0.9144536 -0.4045127 -0.01200181 -0.999902 0 -0.01399898 0.8531939 -0.5215139 -0.00913459 0.8311055 -0.5556617 -0.02244663 -0.8268154 0.5621934 0.01774603 -0.7159837 -0.6977945 0.0212199 -0.7071168 -0.707055 0.007697999 -0.7284689 -0.6847809 -0.02020752 -0.7070032 -0.7072007 -0.003694057 0.7921373 -0.6100253 -0.01969182 0.7842111 -0.620343 -0.01369112 0.793195 -0.6086331 -0.02018958 -5.67129e-6 4.31466e-6 -1 5.35882e-6 8.63227e-6 -1 -0.6561864 0.7535201 -0.04033517 -2.06166e-6 7.82544e-7 1 -1.38222e-7 -2.29929e-7 -1 3.43731e-7 0 1 0 -9.20518e-7 1 1.23133e-6 1.49031e-6 1 5.41113e-7 0 1 2.80733e-6 -2.01025e-6 -1 -0.9983332 -0.0523619 -0.02427309 0.9906596 0.1363304 0.002755284 0.9847602 0.1694245 0.03927731 1.63379e-4 2.54729e-5 1 0.9857391 0.1682527 -0.003068208 0.6259869 0.1075096 0.7723874 0 1.61522e-6 -1 -0.9650542 -0.2620369 -0.002673029 -0.9435803 -0.3303584 -0.02279591 4.75111e-6 -1.74551e-6 -1 -0.9341236 -0.3567906 -0.01065611 -0.9506354 -0.3088572 -0.0299955 0 -1.44265e-6 -1 -1.67748e-6 -3.88883e-7 -1 0.9194236 0.3920869 -0.03046602 -3.24821e-6 0 -1 0.8467578 0.5319672 0.00351262 0.8463795 0.5325697 0.003365576 0.6937151 0.3985283 0.5999456 0.6288064 0.3953871 0.669531 1.45934e-4 3.8623e-5 1 1.65449e-4 1.30745e-4 1 0.7828941 0.6199329 0.05253571 -0.7544252 -0.6562449 -0.01360845 -1.40143e-5 -6.86686e-6 -1 -2.09146e-6 6.86701e-6 -1 -0.8506994 -0.525628 -0.005095422 4.39197e-6 -1.04622e-6 -1 -0.8412848 -0.5404155 -0.01382565 -2.60611e-6 0 -1 -0.7020922 -0.7118934 -0.01656317 1.16213e-5 -7.23732e-6 -1 -0.6975049 -0.7164683 -0.01265674 1.18664e-5 -1.0279e-5 -1 -0.4638156 0.8858346 -0.01312893 -0.4683564 0.8835241 -0.005239844 -0.4585303 0.8885033 -0.01766341 9.22277e-7 -9.7757e-7 -1 0.4429092 -0.8957931 0.03723198 0 -1.30412e-6 -1 -4.50121e-7 0 -1 0.3887188 -0.9213014 0.01007896 -2.50014e-7 0 1 0.3665151 -0.9298969 0.0309627 2.42494e-7 0 -1 0.318446 -0.9479133 0.007253646 -0.6492436 0.7599089 0.03195714 -0.6810025 0.7321666 -0.01295334 -0.6797767 0.7334007 -0.005221009 -3.53673e-6 0 1 0.6818015 -0.7313333 0.01727247 -0.7447741 0.6664931 0.03314596 -8.6527e-7 0 1 8.3155e-7 2.66263e-6 1 -0.7697812 0.638127 -0.01519387 0.7163742 -0.6973428 -0.02282774 1.08476e-6 0 -1 0.7145395 -0.6993421 -0.018812 -0.3407449 0.9397332 -0.02818691 3.88011e-7 0 -1 -0.40683 0.9134652 -0.008420586 -0.4116289 0.9112511 -0.01353424 -2.2899e-7 2.01632e-7 -1 1.22015e-6 5.01004e-7 -1 0.7909858 -0.6116247 -0.01602995 0.7861239 -0.6180425 -0.0057047 -0.5735008 -0.8190863 -0.01394671 -0.5735526 -0.8190473 -0.01410692 -0.5735272 -0.819068 -0.01394218 -0.5726596 -0.8196369 -0.01601648 0.8147985 -0.5792062 -0.02497375 0 0 -1 0 -1.71547e-6 -1 0.8194404 -0.5722008 -0.03322553 0.8230552 -0.567255 -0.02831846 -7.38714e-7 7.58686e-7 -1 0.7294239 -0.683667 -0.02324491 0.7133696 -0.700661 0.01334828 -0.3226416 0.9464938 0.007220983 0.5979729 -0.8008192 0.03342318 0.5793927 -0.8146064 -0.02684348 -1.05926e-6 5.2771e-7 -1 0.7052239 0.7089703 -0.004512608 0.706759 0.7074544 -2.74426e-4 0.7020224 0.7121256 -0.006464481 0.7055136 0.7085835 -0.01264804 -0.6043118 0.7967479 -2.10554e-4 0.5520152 0.5392061 -0.6360315 0.6131984 -0.7895362 -0.02490729 0.5091019 0.5222675 -0.6841432 -0.6122975 0.7906225 -0.002834618 0.6376657 -0.7701935 -0.01358664 0.00813955 0.003179073 -0.9999619 0.007518887 0.0069983 -0.9999473 0.636317 -0.7712627 -0.01595455 0.5947071 -0.8039043 0.007837295 0.5828316 -0.8118316 -0.03516912 -0.5829898 0.8124749 -0.002795398 -0.5528845 0.8332291 0.006934404 0 -3.90083e-7 1 -0.5543733 0.8318647 0.02591335 0 -4.0808e-7 1 -0.538883 0.8423761 -0.002758204 2.00819e-6 0 1 -0.5551394 0.8314493 -0.02263623 -0.5431965 0.8396056 4.2419e-4 8.27638e-7 5.54949e-7 -1 -2.39963e-5 -9.60303e-6 -1 0.5402882 -0.8414199 -0.01006668 1.24503e-5 -2.02196e-5 -1 0.5334901 -0.8442798 -0.05079305 -2.75148e-7 0 -1 0.4893043 -0.8719743 0.01556563 0.4781888 -0.8776533 -0.0325641 3.23638e-6 -7.27638e-6 -1 0.4473838 -0.8942528 -0.01263386 -4.9883e-7 0 -1 -4.507e-7 0 -1 -7.82293e-6 -1.05077e-5 -1 1.31454e-5 3.63407e-7 -1 0.4004822 -0.9156591 0.03438681 1.24806e-6 -2.40409e-7 -1 -4.96992e-6 -3.10539e-7 -1 -1.06332e-6 2.01603e-6 -1 -9.44424e-6 2.7528e-7 -1 0 1.85044e-7 -1 0 0 -1 0 0 -1 0 0 -1 -1.30972e-5 -1.54233e-7 -1 0.905764 0.4233663 -0.01877653 0.9056273 0.4236487 -0.01899999 0.9069701 0.4211755 -0.004054009 0.4678785 -0.8836007 -0.01843172 7.6986e-7 1.26525e-6 1 -0.3653607 0.9306173 -0.02151805 0 3.70792e-7 1 0.4122099 -0.9109963 0.01299256 0.4575265 -0.8891944 0.001707434 0 1.03663e-6 1 0.453036 -0.8914923 2.0167e-4 1.28369e-6 0 1 0.8646218 0.5024102 0.003643751 0.8660725 0.4999185 1.34075e-7 0.8793445 0.4761428 0.006424725 0.8722728 0.4890163 0.001805424 -5.66332e-7 1.2711e-6 1 0.8192676 0.573411 -6.71687e-4 0.8194985 0.5730804 -0.001091957 -1.96518e-6 0 1 0.5323795 -0.8464725 -0.007529914 5.15639e-7 -1.05775e-6 -1 1.50188e-6 -1.10471e-6 -1 0.4964669 -0.8675771 -0.0288214 -0.5132872 0.857914 -0.02280062 -0.5044806 0.8633607 -0.01037859 0.002717912 -0.004642546 -0.9999856 0.002652287 -0.00372678 -0.9999896 0.451812 -0.6154777 -0.6457965 0.2605583 -0.5802859 -0.7716072 -0.674566 0.7374815 -0.0328896 -0.6749677 0.7378427 0.002612471 0.2521766 -0.8504033 -0.4617588 0.05832958 0.9980075 -0.02405327 0.3293645 0.1749205 -0.9278588 0.1157461 0.992744 -0.03259348 4.60351e-4 -0.00124067 0.9999992 -0.6603174 0.7509772 -0.003793656 -0.7692572 -0.6388201 0.01234358 -0.7806416 -0.6249788 -6.60921e-4 -0.7771191 -0.6293537 4.2014e-5 0.6382352 -0.7698414 2.46166e-4 -0.7634378 -0.6456611 0.01686728 0.617169 -0.7867562 -0.01082634 0.003098964 -0.003950655 -0.9999875 -1.37508e-6 0 1 0.601114 -0.7991431 0.005709111 6.03479e-6 -2.77312e-5 1 2.325e-6 -3.9331e-6 1 2.28467e-6 -5.46991e-7 1 2.65728e-6 -2.51015e-6 1 -0.90864 -0.4171952 0.01793348 -0.9062728 -0.4222327 0.01972895 -1.52265e-6 2.64722e-6 -1 1.19609e-5 -1.13994e-5 -1 -0.1563341 0.9875501 0.01745045 0 0 1 0.2108311 -0.9774693 -0.01019519 0.2050426 -0.9785505 -0.01991081 0.2296153 -0.9732644 0.005764663 6.56104e-7 0 1 -0.2361023 0.9715378 -0.01923877 1.48473e-6 -8.01111e-7 1 -0.3499259 0.9357206 0.04448646 0 -1.20433e-5 -1 -5.95237e-7 -8.70753e-7 1 -0.3486086 0.9369798 0.02326279 0.3557707 -0.9345645 -0.004057824 6.88548e-6 1.64522e-6 1 0.3449232 -0.9375453 -0.04513108 -0.3509483 0.9363267 0.01130783 7.54277e-7 2.27256e-6 1 -4.25979e-7 0 1 -0.2237963 0.973995 -0.03534084 -7.31158e-7 0 1 -0.1987691 0.9800221 0.006896793 0.1247067 -0.992142 0.01012754 1.28417e-6 1.39464e-6 1 -0.1623967 0.986615 0.01477217 1.21481e-6 -2.62684e-7 1 -0.1125051 0.9930394 -0.03486549 -0.1101695 0.9938937 0.006163299 1.57756e-6 0 1 -5.44802e-7 0 1 0.07565671 -0.9969926 -0.01679116 0.07814443 -0.996899 -0.009277284 -6.13392e-7 0 1 -0.08434653 0.996415 0.006539106 7.73864e-7 0 1 -0.05512422 0.9984205 -0.01084858 -0.08121955 0.99666 0.008498728 9.89586e-7 0 1 0.0525242 -0.9983542 -0.02302408 -0.01254206 -0.9996377 0.02381628 2.05671e-7 1.49185e-5 -1 -0.008588135 -0.9995236 0.02964329 5.82277e-7 0 1 8.01145e-7 0 1 -0.1388445 -0.9890961 -0.04910445 0.145109 0.9894157 1.56091e-4 -8.53725e-7 0 1 0.1017322 0.9947429 -0.01171129 0.1706345 0.9852922 0.00911802 -8.72107e-7 0 1 9.24749e-7 0 1 0.230758 0.9729599 -0.009995698 -5.18153e-7 0 1 0.2589525 0.9658405 -0.009790718 -1.55906e-6 0 1 1.57976e-6 0 1 -0.319489 -0.9451779 0.06756949 -0.9906691 0.1359141 0.01011723 0 1.83191e-6 1 -0.4504821 -0.8902252 0.06756609 -0.4895036 -0.8714935 -0.02975529 4.53893e-7 0 -1 -0.5152902 -0.856948 -0.0107758 -0.5469117 -0.8366532 -0.02998483 6.43585e-7 0 -1 0.5472353 0.836539 -0.02713114 0.6225992 0.7825165 -0.00618875 3.34296e-6 0 1 -9.34382e-7 0 1 -0.6580191 -0.7523238 0.03193604 -0.6424828 -0.7658439 -0.02644169 -4.99502e-7 -8.01327e-7 1 0 1.41549e-6 1 -0.9496469 -0.3125015 -0.02266293 0 -5.862e-7 -1 2.284e-6 9.63731e-6 -1 0.8748089 0.4844025 0.007978916 -6.85669e-6 -6.22e-6 -1 0.8523451 0.5226243 -0.01928222 -2.01117e-6 2.86348e-6 -1 -0.8933785 -0.4485151 0.02662873 -4.92745e-4 -2.47774e-4 0.9999999 0 -1.51809e-6 -1 -0.9219477 -0.3869828 0.01602661 0 -4.40817e-6 -1 0.9056339 0.4221566 -0.04013866 0.8819691 0.4710733 -0.01485049 0.6729746 0.7389997 0.03137868 0.6382434 0.7697626 0.01053333 -5.43611e-7 0 1 -0.6204695 -0.7841753 -0.009308516 -1.48972e-6 2.43743e-6 -1 -1.05375e-6 -2.32538e-6 -1 -8.74062e-7 1.38175e-6 -1 0.9698812 0.2403056 -0.03979653 0 -1.5876e-6 -1 -0.981137 -0.1929643 -0.01162636 -0.7317575 -0.1443092 0.6661126 -1.04716e-4 3.60206e-4 1 -0.733296 -0.1439263 0.6645015 -4.67391e-4 -6.93593e-5 1 -0.9890637 -0.1450895 0.02649837 0.585088 0.810428 0.02964287 4.22967e-6 -2.08525e-6 -1 0.9914124 0.1299872 0.01432043 0.994304 0.1015974 -0.03221082 0 -4.39481e-7 1 -2.08968e-6 0 1 0.4119404 0.9111444 0.0110017 -1.38431e-6 0 1 0.47975 0.8773139 -0.01266676 0 -4.06517e-7 1 0 -1.91655e-7 1 0.453056 0.8913404 -0.0158863 0.4767025 0.877187 -0.05742794 -3.32433e-5 1.75187e-5 -1 -1.31508e-5 -2.76691e-5 -1 5.88291e-7 0 -1 0.9845129 -0.1749981 0.0104919 3.91331e-7 0 -1 -0.3911496 -0.9202502 -0.01189601 -0.3527917 -0.9353026 -0.02733361 -1.08402e-5 -2.82947e-5 -1 -0.9074577 0.4200161 -0.01035159 -0.9064413 0.4223298 0.0012874 8.42202e-7 1.54028e-6 -1 9.08042e-6 8.79347e-7 -1 -4.17351e-6 -3.19485e-6 -1 2.4164e-6 1.44776e-6 -1 -1.4329e-6 9.34952e-7 -1 -1.88736e-6 7.90078e-7 -1 -2.99922e-5 9.58537e-7 -1 -3.62291e-6 -7.86371e-6 -1 -0.7757832 0.62893 -0.05106443 0.7766906 -0.6296575 0.01683133 -0.8136069 0.5805546 -0.03162753 -0.8527047 0.5222027 -0.014113 -0.884985 0.4656137 -0.002351582 -4.66853e-5 0 -1 -3.62888e-5 0 -1 0.8849228 -0.4655814 -0.01208299 0 -1.43528e-7 -1 0 1.22939e-7 -1 0 -2.50062e-7 -1 0 2.03986e-6 -1 1.83596e-7 0 -1 -9.14666e-6 -2.75416e-6 -1 3.30019e-7 0 -1 -9.37977e-7 -2.94966e-7 1 3.782e-6 1.00768e-5 -1 0 -4.10703e-6 -1 -6.18764e-6 -4.24971e-6 -1 -0.4172679 0.9054837 0.07737404 6.71707e-6 2.58398e-6 1 -0.2013633 0.978717 -0.03957206 0 1.6097e-7 1 0 -2.3278e-6 1 3.2036e-6 1.23071e-6 1 0.9844558 -0.1722641 -0.03423398 1.66662e-6 1.79535e-6 1 0.9578959 -0.2848425 0.03606021 4.56847e-6 0 -1 0.6781063 -0.7342624 -0.03210479 -4.43599e-7 -1.33081e-6 1 0.5267347 -0.8474547 0.06611418 0.1843944 -0.9806866 -0.06521177 -1.4221e-6 1.2641e-6 1 8.9995e-6 2.98169e-6 -1 -0.2338585 -0.9695596 0.07255786 -0.4758481 -0.877581 -0.05848354 0 -1.64128e-7 -1 -3.10552e-6 2.38494e-6 -1 -0.7718925 -0.6343909 0.04159748 -0.9079587 -0.4168702 -0.04278105 8.75364e-6 7.11029e-6 1 -0.9766709 -0.2107906 0.041004 -3.49749e-6 0 1 -0.9734743 0.2273133 -0.02600926 -0.9346987 0.3530851 0.04085749 -4.85671e-6 -5.9157e-6 1 -0.7205563 0.6905943 -0.06227648 1.9823e-6 -2.43179e-6 1 0 0 1 0 0 1 -9.0258e-6 4.18014e-6 -1 6.06818e-6 0 1 1.21293e-4 -4.6505e-5 -1 -1.02262e-5 0 1 1.12416e-6 0 1 -2.7667e-5 0 1 -1.62561e-7 0 1 0 2.33072e-7 1 -3.10482e-5 0 1 -4.58235e-5 0 1 5.10789e-7 0 1 2.68555e-5 0 1 2.54361e-6 0 1 4.68011e-5 0 1 3.29379e-5 0 1 -1.13843e-5 0 1 -3.3972e-5 0 1 7.99604e-5 0 1 0 -5.75313e-6 1 1.88261e-6 2.23836e-6 1 0 0 1 0 2.8058e-6 1 -0.9647263 -0.2626291 -0.0181396 9.23572e-6 -4.31532e-6 1 -0.9871541 0.158712 0.0183624 -0.9491342 0.310493 -0.05233073 -1.56417e-7 -1.93832e-7 1 0 0 -1 -0.8135923 0.5796565 0.04545503 -0.4575305 0.8879134 -0.04770231 2.52842e-6 2.47335e-6 -1 -0.3983118 0.9172491 -0.00138086 0.2001891 0.9796747 0.01272082 0.3149168 0.9474118 -0.05690509 -2.74498e-6 -1.39318e-6 1 0.6460987 0.761165 0.05643147 0.8907567 0.4506068 -0.05921095 4.15781e-6 0 1 0 0 1 0.9676236 0.2471343 0.05127698 0.9816954 -0.1779878 -0.06778442 0.8618913 -0.5017471 0.07343924 0.7017663 -0.7107518 -0.04854011 0 -2.45696e-6 1 0.3294242 -0.9430382 0.04646337 0.189603 -0.9815725 -0.02379697 -8.67978e-6 3.51375e-6 1 -0.2245318 -0.9743304 0.0163083 -0.2890015 -0.9571977 -0.01583594 -0.6813641 -0.7315653 0.02356195 -1.74519e-6 -2.22375e-7 1 -0.7445819 -0.6672677 -0.01875352 -0.9416019 -0.3363438 0.0160821 0 -1.22642e-7 1 0 1.42177e-7 1 2.5224e-6 0 1 2.19603e-4 -4.90425e-5 1 7.55703e-6 3.9005e-6 1 -3.72909e-6 0 -1 3.31636e-6 0 -1 -0.001285076 0.9999938 0.003279805 -0.2024835 0.9792811 -0.003023982 -0.2416591 0.9696845 0.03623557 9.44481e-7 0 1 -0.3864269 0.9211075 -0.04728037 -3.70476e-6 0 1 -0.9999286 0.001063764 0.01190984 -7.70995e-7 0 -1 -0.9999999 5.26299e-4 0 -1.68645e-6 0 -1 -0.5531322 0.8318431 0.04562842 -0.5915495 0.8061867 -0.01150012 -0.7799817 0.6257913 0.003707289 -0.7834828 0.6213136 0.01114672 -0.9057776 0.4234644 -0.0156517 -0.9130216 0.4078995 0.003140091 -0.9732658 0.2292516 0.01404964 -0.9807757 0.1940504 -0.02058154 0 0 -1 6.1098e-7 2.59988e-6 -1 0 0 -1 4.95746e-7 0 -1 -3.23465e-4 0.9999575 -0.009218931 0.7284448 -0.6849135 0.01617836 -0.7275081 0.6840247 -0.05331313 -2.79347e-6 0 1 -0.6969794 0.7160601 -0.03844165 7.69737e-6 0 -1 0.6664695 -0.74552 -0.004283368 -0.6662544 0.7452815 -0.02570283 -9.3753e-6 0 1 -0.6226189 0.7824419 -0.01142603 0.6226022 -0.7824192 -0.01366466 9.57767e-6 0 1 -0.5746161 0.8184231 -1.2424e-4 5.20165e-5 0 -1 0.5745036 -0.8182636 -0.01975834 -6.55824e-5 0 1 -4.95181e-6 0 -1 -0.1058826 0.9940325 -0.02623677 -2.08656e-7 0 -1 -0.1582154 0.9872645 0.01663959 -0.1840134 0.9824942 -0.02905666 4.48865e-7 0 -1 -3.76288e-5 0 -1 0.7576065 -0.6520628 0.02909505 -0.756866 0.6514385 -0.05274295 9.53175e-5 0 1 -0.7925409 0.6088037 -0.03517365 5.02792e-6 0 -1 0.7925773 -0.6088271 0.0339263 0.7795718 -0.6249631 0.04109913 -0.8241777 0.5659247 -0.02145975 -2.04921e-5 0 -1 7.21289e-5 0 -1 0.8859019 -0.463835 -0.005921363 7.79027e-5 0 1 -0.8859186 0.4638406 -4.58724e-4 -0.8672624 0.497816 -0.00594598 -0.8477273 0.5302898 -0.01229643 -0.9023388 0.431015 0.003293514 0.9022948 -0.4309858 -0.01074206 -0.2765712 0.9605818 0.02812463 -0.2420818 0.9702332 -0.006636381 -3.84091e-6 1.19302e-5 -1 1.34777e-5 3.24055e-6 -1 -0.3337172 0.9412353 -0.05204874 2.07588e-6 4.05785e-6 -1 -3.86617e-6 0 -1 -0.9353033 0.3537881 0.006463527 0.9351992 -0.3537462 -0.01631754 -1.8267e-4 0 1 -0.9466681 0.3221588 0.005775868 -0.9589948 0.2834043 0.003331959 -5.89021e-6 -4.51204e-7 -1 3.86791e-4 0 1 0.9588891 -0.2833704 -0.01525896 0.9465525 -0.3221241 -0.01657217 -0.3120102 0.9495899 -0.03047597 0.96492 0.2621611 0.01418232 8.79489e-7 0 -1 7.29354e-6 1.01341e-5 -1 -0.2586542 0.9658588 -0.01466399 -1.41631e-6 0 -1 -0.2557545 0.9667053 -0.008402585 0.08497959 -0.9959419 -0.0296334 0 -1.15413e-6 1 -0.1128589 0.9932076 0.02830928 3.23038e-7 1.29399e-6 1 -0.09443813 0.9954947 0.008465945 -2.70997e-7 2.51751e-6 -1 -0.05493432 0.9979872 0.03168511 0 -3.42741e-7 1 -1.56853e-6 8.48164e-7 1 -1.39834e-6 5.15364e-7 1 0 8.1521e-7 1 -0.4562768 0.8895705 0.0218147 -0.4464347 0.8947932 -0.006425261 -9.89517e-7 0 1 0.466805 -0.8843502 -0.004214406 0.4540219 -0.8908794 0.01407867 4.62703e-7 0 1 -0.3662269 0.9305035 0.006418883 -2.4885e-6 0 1 -0.3612692 0.9324349 -0.007047355 0.3636674 -0.9314378 -0.01303398 -1.15773e-6 -3.40377e-6 1 0.3064141 -0.9518373 0.01078039 8.8916e-7 0 1 5.3623e-7 0 1 0.2420246 -0.9699831 0.02359813 -0.1531874 0.9866392 0.05546927 -0.09856718 0.9926807 -0.06978249 4.21537e-7 0 1 0.08127933 -0.9966661 -0.007102787 7.85798e-7 0 1 0.08703714 -0.996203 -0.002065658 0.09309959 -0.9956321 -0.007029652 1.66101e-6 0 1 0.1243451 -0.9921299 0.01471549 1.1747e-6 0 1 7.11919e-7 0 1 -0.008643925 0.9999627 2.19388e-4 -0.02331143 0.9993097 -0.02893042 -5.35483e-7 0 1 0.03746861 -0.9985361 -0.0390104 -0.0376631 0.9975486 0.05897778 -3.30383e-7 0 1 -2.15753e-7 0 1 -0.0347982 -0.9993081 0.01313692 -0.05248278 -0.9984666 0.01760613 -4.46732e-7 0 1 0.0748251 0.9971932 0.002631247 -7.11335e-7 0 1 0.2104953 0.9765561 -0.04505527 0.225155 0.9743229 4.97176e-4 -0.170919 -0.9852851 3.71961e-4 -7.16678e-7 0 1 -0.08717459 -0.9960297 -0.01804506 -0.1413809 -0.9896771 0.02346724 7.35078e-7 0 1 -0.2391628 -0.9709189 -0.01084822 6.52713e-7 0 1 -0.179283 -0.9836977 0.01401859 -0.193436 -0.9807254 0.02757287 0.1384168 0.9898062 0.03353363 9.30835e-7 0 1 0.3415351 0.9386464 -0.04792666 -1.02999e-6 0 1 0.3201854 0.9472253 0.0156688 -1.81359e-6 0 1 -0.3004412 -0.9537311 0.01149618 -0.3063533 -0.951907 0.00456804 -8.20098e-7 0 1 -0.2409247 -0.9697465 -0.03933185 0.2506785 0.9680437 0.007201492 1.428e-6 0 1 -2.07704e-6 0 1 -3.95374e-7 0 1 0.1908746 0.9815933 0.006439387 1.63746e-6 0 1 0.1447826 0.9885662 -0.04212927 -0.01466637 -0.9998251 0.01160567 1.24643e-6 4.07486e-7 1 -0.1477876 -0.9887908 0.02125322 1.40336e-6 8.13381e-7 1 -1.28281e-6 0 1 0.1563639 0.9876888 -0.004598557 0.1336429 0.9910283 0.001610577 -0.2172679 -0.9760801 0.007896244 -1.15769e-6 6.52355e-7 1 -0.2800698 -0.9594725 0.03120082 0.3116878 0.9501459 -0.008572161 0.3423573 0.939393 -0.01823514 -0.3538223 -0.9343125 -0.04324233 -4.7135e-7 -2.61561e-7 1 -0.2744697 -0.9615612 0.008150696 -0.2558441 -0.9664564 0.02249348 -0.3585155 -0.9334334 -0.01299136 -0.3088818 -0.9510389 0.01081985 2.39073e-6 0 1 -0.4096201 -0.9122433 0.004867196 0.424812 0.9036629 0.05411303 0.1551252 0.9877873 0.01457935 -1.2604e-6 0 -1 3.53861e-7 1.11909e-6 -1 -0.151672 -0.9884188 0.004882395 -9.62461e-7 -4.25349e-6 -1 0.4015596 0.9154522 0.02640795 -9.8867e-7 0 -1 0.4059189 0.9138352 -0.01162993 0.3935958 0.9192246 -0.0104146 -9.86028e-6 3.31117e-6 -1 0.414352 0.910066 0.00961107 2.31312e-6 4.68887e-6 -1 0.4394797 0.8976683 -0.03239268 0.4480725 0.8932285 -0.03706699 8.19979e-7 3.00777e-7 -1 0.5194733 0.8544657 0.005990624 0 3.98676e-7 -1 0.5265316 0.8501062 -0.00916332 -0.2381809 -0.9711968 0.006840229 -0.2606897 -0.965111 -0.02453309 -0.6097818 -0.7912796 -0.04519933 -4.94616e-7 7.92902e-7 1 -0.6225004 -0.7824703 -0.01528221 -2.32523e-6 0 1 -0.5898586 -0.8070346 0.02760994 -0.5808155 -0.8139123 0.01414686 -0.5590711 -0.8290181 0.01298445 -0.5590776 -0.8290581 0.009741604 0.5498808 0.8346754 -0.03079414 -0.4996903 -0.8642555 -0.0580706 5.26566e-6 1.46486e-6 1 0.2485798 0.9685286 0.01267224 0.612669 0.7886397 0.05181074 0.6586523 0.7489953 -0.07199549 4.89198e-7 0 1 -0.6735749 -0.7390842 -0.007166683 -4.63733e-7 0 1 0.7355259 0.6774899 0.003018856 7.30702e-7 -4.31056e-6 -1 0.7169471 0.6960847 -0.03811836 -1.91856e-7 0 1 -0.708557 -0.7046316 0.03796422 3.04448e-6 0 1 -0.7313083 -0.6819244 -0.01294118 0 0 1 -0.7751936 -0.6315853 0.01323312 -0.7894194 -0.6134379 0.02260375 2.9495e-7 0 1 0.7501122 0.6612042 -0.01186817 1.31487e-6 -4.75132e-7 -1 0.7547646 0.655731 -0.01863867 -1.51687e-6 -4.31064e-7 -1 -0.7286277 -0.684311 -0.0286414 -0.7266357 -0.6861104 -0.03539937 -2.47582e-6 -3.15228e-6 -1 0.7926382 0.6095656 -0.01243126 0.7860353 0.6176981 -0.0244472 -8.61306e-7 0 -1 -0.4062601 -0.913549 -0.01952219 -0.5735011 0.8190858 -0.01396811 -0.5735191 0.8190727 -0.01399719 -0.5735084 0.8190813 -0.01392674 -0.5670107 0.8231841 -0.02944785 0.8166985 0.5762983 -0.02973324 0.83639 0.5464832 -0.04252034 1.50796e-6 0 -1 -0.8057647 -0.5920369 0.01535683 -1.32918e-6 0 -1 -0.8173941 -0.5758785 -0.01520138 -0.839775 -0.5422223 0.02780455 -0.8585062 -0.5126023 0.01435714 -0.8846746 -0.4662055 -0.001815855 0 9.44643e-7 1 -0.8949528 -0.4460638 -0.009316444 -0.8931936 -0.4488139 0.02777647 -0.9182567 -0.3959832 -0.001371264 -0.9341107 -0.3556525 0.03080064 0.9360805 0.34698 -0.05795097 4.43513e-7 0 1 0 -1.64526e-6 -1 0 1.81707e-6 -1 2.72293e-7 0 1 0 3.32572e-6 -1 1.04411e-6 0 1 0.9281574 0.3716509 0.01998674 -0.951864 -0.3063299 0.01082122 3.89257e-7 0 1 0.9645246 0.2636168 -0.01409208 3.99793e-7 0 1 0.9625899 0.270896 -0.006011366 3.11037e-6 0 1 -0.9561794 -0.2894056 0.04433256 2.30685e-6 0 1 -0.9526195 -0.3040266 0.009168386 0.951032 0.309091 -9.75274e-4 0.9502193 0.3115821 -9.73124e-5 1.37779e-6 2.46156e-6 1 -0.9376482 -0.3474093 -0.01108229 7.76854e-6 0 -1 -2.6101e-5 0 -1 -0.9066971 -0.4197673 0.04118204 -1.3743e-6 -1.6369e-6 1 -0.8919004 -0.4519332 0.01643615 0.4245582 -0.9052178 0.01819694 0 5.30664e-7 1 0.4230509 -0.905934 0.01765239 2.60012e-6 0 1 0.8239271 0.5666937 -0.001588284 0.4266766 0.904396 0.003876864 3.93438e-6 0 1 0.2526171 0.9675455 -0.006348907 0.02036893 0.01668149 -0.9996534 0.7751792 0.6311364 -0.02764713 0.7964621 0.6046886 -2.13519e-5 7.2872e-6 3.81114e-6 1 -0.3448466 0.9384702 -0.01883339 0.9961495 -0.04138767 0.07728677 0.9111659 -0.3411403 -0.2310845 0.9115077 -0.4061438 0.06481581 0.8714693 -0.4870468 -0.05767941 0.009513854 -0.008045434 -0.9999224 8.04135e-6 1.08492e-5 1 7.96771e-4 0.002722322 -0.9999961 -0.9266575 -0.3758686 -0.005346953 0.7806141 -0.5991076 -0.1780775 0.7081599 0.1553937 -0.6887397 0.5037235 0.4019821 -0.7646394 -2.18782e-6 -1.19524e-6 -1 0.8597068 0.4499185 -0.2418215 0.9214478 0.3616422 0.1419469 0.9325396 0.3084319 -0.1877223 0.9534402 0.22389 0.2020525 0.9932332 0.08201295 0.08222997 0.9562658 -0.2739803 0.1024245 -2.15518e-5 -1.12134e-5 -1 0.9806932 0.01023072 -0.1952849 -0.4067712 0.9133608 -0.01758342 -0.5093324 0.8604912 -0.01163929 0 3.54251e-6 -1 -1.46347e-5 -5.30129e-6 -1 0.9724581 0.1537446 -0.1751797 2.32435e-5 1.85048e-5 -1 -0.6665899 0.7449975 -0.02523672 -1.58586e-5 -1.22518e-5 1 3.07439e-4 8.19887e-5 1 0.7374177 -0.6754098 0.006066322 0.6332454 -0.7734686 0.02732634 0.6239522 -0.7814621 -8.54628e-4 0.6441776 -0.7647055 0.01614487 0.7692575 0.6311755 -0.09930068 0.770872 0.6087046 -0.1877102 -0.06472188 0.1027275 -0.9926018 0.008004009 0.01077079 -0.99991 -0.9804577 0.1931045 -0.03759688 4.19834e-4 4.62752e-4 0.9999999 -0.9876583 0.1534762 -0.03124475 0.4191404 0.9075067 -0.02744251 0.009225428 0.7072871 -0.7068662 -0.972915 -0.2311568 -0.001704633 -0.03201258 0.0242514 -0.9991933 -0.7259774 -0.6877056 0.004231929 -4.26839e-6 -3.0322e-5 1 -0.7554662 -0.6551674 0.005173563 1.53759e-4 1.38408e-4 -1 -0.7618746 -0.6473199 -0.0228939 -0.7554193 -0.6547761 -0.02470165 -0.6871563 -0.7264875 -0.005681931 -0.6711841 -0.7412906 -5.43947e-4 -5.23557e-5 -4.66465e-5 1 0.6445642 0.1714994 -0.7450671 0.4221936 0.7577057 -0.4976291 0.5873466 0.8013377 0.1134983 0.3517325 -0.935943 -0.01718086 0.4370604 -0.8988937 -0.03112047 -1.68363e-4 3.93846e-4 1 0.9990224 0.02741611 0.03467988 0.7015188 -0.4984714 -0.509311 0.4273777 0.5823559 -0.6915272 0.6240335 0.7504853 -0.21761 0.006488323 0.004486799 -0.9999689 0.5274302 0.7798004 -0.337237 0.5747181 0.6840352 -0.4492161 3.09655e-4 5.31772e-4 -0.9999999 0.5036219 0.8532292 -0.1355174 0.5009161 0.8615884 -0.08214992 -0.2423314 0.8177587 -0.5220595 0.3055008 0.4874597 -0.8179562 -0.06795209 0.9492459 -0.3071072 0.0873003 0.7494145 -0.6563205 0.16903 0.5707331 -0.8035501 0.06052386 0.4185895 -0.9061566 0.2937323 0.7831962 -0.5480194 0.2511414 0.5327267 -0.8081648 -0.07272821 0.9174065 -0.3912491 0.150938 0.9885304 0.00505954 -6.37872e-4 -9.12751e-4 -0.9999995 0.104433 0.9394865 -0.3262805 -2.0793e-5 -4.33172e-5 -1 0.0312705 0.9882882 0.1493609 -0.07260656 0.997009 0.02648389 -0.9239264 -0.3821783 -0.01731765 -4.47101e-6 3.25129e-6 -1 -0.8511274 -0.5248581 -0.01031327 -0.1036784 0.960784 -0.257187 1.46707e-6 -5.62034e-6 -1 -1.48711e-6 1.0838e-5 1 1.0939e-6 -1.07177e-6 -1 0 -2.94025e-6 -1 -8.91607e-7 -2.49981e-6 -1 -5.78892e-7 -1.21355e-6 -1 -9.91428e-7 -1.50741e-6 -1 0.1389833 -0.9902833 -0.004750311 0.107523 -0.9939538 0.02224087 -1.76424e-7 0 1 -1.43554e-6 0 1 -0.1563564 0.9876902 0.00458759 0.1698094 -0.9839487 -0.05486214 -1.13312e-6 0 1 -2.14498e-6 0 1 0.1190087 -0.9922572 0.0355333 3.82081e-7 0 1 -9.0143e-7 0 1 0.2134929 -0.9769436 -0.001479208 0.2248694 -0.9743595 -0.007574558 0.2081974 -0.9780856 0.001556098 -0.1794192 0.9836614 -0.01480638 -0.1878884 0.9821651 -0.007051467 0 1.1632e-6 1 0.2247177 -0.9731988 0.04884779 0.1591861 -0.9871961 0.0101872 3.09908e-6 8.56112e-6 1 4.62198e-6 -7.81341e-6 1 -0.3246101 -0.9455807 -0.02248597 -0.3872095 -0.9217974 0.01893675 -4.49438e-6 -9.48469e-6 1 -0.3961854 -0.918018 0.01673847 -0.901534 0.4321534 0.02190941 -0.9074274 0.4198442 0.01750314 0 1.24897e-6 1 5.80122e-6 0 1 -0.4545822 -0.8904882 0.0196411 -0.4197124 -0.9072909 -0.02578496 7.52304e-7 0 1 0.4879915 0.8725537 -0.02268439 0 0 -1 -0.4747967 -0.8788335 -0.04711508 0.00228089 0.004173278 -0.9999887 0.002328395 0.004208862 -0.9999885 0.9058113 -0.4235941 -0.00859797 0.9062479 -0.4225162 -0.01396167 -8.76679e-7 0 -1 2.85686e-5 0 -1 7.93088e-6 0 -1 -3.33213e-5 0 -1 1.58911e-5 0 -1 -3.23583e-5 0 -1 2.17838e-5 0 -1 -9.11369e-6 0 -1 -1.63495e-5 0 -1 6.08867e-7 0 -1 2.52748e-6 0 -1 -2.14965e-6 0 -1 0.9738801 -0.2191859 -0.05928897 0.9717724 -0.2293784 -0.05517125 4.7982e-5 0 1 1.56851e-4 0 1 -0.9731487 0.2297044 -0.01474982 -0.9809445 0.1934463 -0.01806968 -7.07584e-6 0 -1 0.9798623 -0.1932321 -0.05031061 -0.9646314 0.2634038 -0.01024329 -0.9525527 0.3043584 -0.00302869 -0.9381345 0.3462157 0.006199479 -0.9221678 0.3863961 0.01745772 -0.9038002 0.4268495 0.03073793 -1.20097e-5 1.42296e-5 1 -0.8699148 0.4899865 0.05622732 -0.8861849 0.4612631 0.04373443 -0.8626689 0.5033132 0.04978233 -0.8360178 0.5478684 0.03024214 -0.8062857 0.5913803 0.01314496 -0.7714637 0.6362689 -0.002420783 -0.7375799 0.6751275 -0.0133751 -0.704294 0.7095841 -0.02145546 0.7044573 -0.7097464 -2.17031e-4 -3.20144e-5 0 1 0.6652365 -0.7465449 -0.01145726 -1.26321e-5 0 1 -0.6650263 0.746309 -0.02762216 1.5504e-5 0 -1 -0.6230422 0.7815752 -0.03096592 0.6231363 -0.781689 -0.02576285 3.31184e-5 0 1 -1.19115e-5 0 -1 -2.23562e-5 0 1 -0.5731705 0.8188549 -0.03085732 0.5728358 -0.8183968 -0.04567229 2.37579e-5 0 -1 0.5279948 -0.8467218 -0.06545108 -0.5289201 0.8482207 -0.02766072 1.59315e-5 0 1 4.02232e-5 0 -1 -0.2078866 -0.9780693 0.01279485 0.002362489 0.00741136 -0.9999698 -0.3033818 -0.9522802 -0.03349733 0.8652331 -0.5013566 0.003673672 0.8817142 -0.4717688 0.003785431 0.8765469 -0.4812921 0.004856228 0.8666526 -0.4989124 9.64085e-5 0.820084 -0.5722379 -0.002476811 -1.4981e-6 0 1 0.8078034 -0.589354 -0.01074612 0 1.41906e-6 1 0.5996955 0.799916 0.02235537 0.5673595 0.8234702 4.79133e-4 8.34186e-7 -7.11064e-7 1 0.5708826 0.8210313 -9.88818e-4 2.24625e-6 1.97708e-6 1 0.9241487 0.3819876 0.005893886 0 2.81231e-7 1 0.9889678 0.1479699 -0.006908178 -0.5265289 -0.850139 0.00558865 0 -1.02299e-6 -1 0.5081436 0.8612622 -0.004198372 0.004826307 0.01522493 -0.9998725 0.8236351 -0.5670882 0.006043136 0.4199643 -0.9074894 0.009647727 0.3445217 -0.9381824 -0.03344786 -0.003142833 0.00855571 -0.9999585 0.2729041 -0.9619358 0.01424622 -2.80918e-4 0.004852771 -0.9999882 -0.01563847 0.07756614 0.9968646 -3.5874e-4 0.002185583 -0.9999976 0.1334785 -0.9910509 -0.001232564 -1.73651e-5 0 -1 0.1620321 -0.9862685 -0.03193837 -3.20668e-5 0 -1 -7.09335e-6 0 -1 -1.02398e-4 0 -1 3.54505e-5 0 -1 1.16838e-4 0.0031237 -0.9999952 -0.03791648 -0.99927 -0.004694879 -4.52049e-5 0 -1 -0.2903145 0.9564478 0.0304172 -0.3436782 0.9390048 0.01246535 -0.3897304 0.9209285 -0.001042485 -0.4337528 0.9009532 -0.01190441 -0.4811833 0.8763656 -0.02111786 -3.86692e-6 -1.03701e-6 -1 0.5424732 -0.8380531 -0.05822372 0.4809641 -0.875967 -0.03681761 0.4336625 -0.9007651 -0.02364736 0.3896967 -0.9208346 -0.01415735 0.3436879 -0.9390594 -0.00679183 0.2904515 -0.9568891 -0.0011276 4.6956e-5 0 1 -5.90212e-5 0 -1 -0.168058 -0.9856161 -0.01782089 7.40799e-6 0 -1 -3.70186e-4 0.004238665 -0.999991 0.001241862 0.007277965 -0.9999728 5.5445e-5 0 -1 -3.7497e-5 0 1 9.70817e-7 0 1 -1.00889e-5 0 1 -1.79852e-5 0 -1 -2.86276e-5 0 1 -3.20572e-6 0 -1 0.2333742 -0.972386 0.001372396 0.1729433 -0.9849317 -4.59556e-4 -4.92665e-5 0 1 -0.1729078 0.9847227 0.02059519 8.3386e-6 0 -1 -4.51969e-6 0 1 -0.1229553 0.9923755 0.008546888 0.1229591 -0.992402 -0.004387199 -2.23261e-5 0 -1 -4.20968e-5 0 1 0.07792049 -0.9969088 -0.01006954 -0.07792562 0.9969592 -6.25474e-5 -5.01832e-6 0 -1 -0.03818845 0.9992532 -0.005906641 -0.005764067 0.9999389 -0.009433627 0.01145428 0.9998747 -0.01093429 0.05539464 0.9983704 -0.01371508 0.1153239 0.9932247 -0.01432722 0.1834119 0.9829853 -0.01000189 0.2463861 0.9691709 -0.001285552 0.3022568 0.9531778 0.009636223 -4.02818e-6 2.49791e-6 -1 0.3529577 0.9353579 0.02294713 0.3514816 0.9359252 0.02246993 0.3982838 0.9171831 0.01205337 0.4376385 0.899143 0.003790497 0.4847727 0.8746322 -0.003743588 0.5372923 0.8433489 -0.008937954 0.5916483 0.8061354 -0.009905099 0.644201 0.7648289 -0.006477177 0.6924019 0.7215118 6.92824e-4 0.7408354 0.6715406 0.01400566 2.44739e-6 -1.97365e-6 -1 0.7839763 0.6200516 0.03028935 0.7738857 0.6322948 0.0361135 0.8099895 0.5861794 0.01762926 0.8417053 0.5399281 0.003161609 0.8763825 0.4815164 -0.009780704 -0.8762514 -0.4814455 -0.0198428 -3.04987e-5 -7.29059e-7 -1 -3.90741e-6 0 -1 -0.8968733 -0.4421308 -0.01177686 -0.918059 -0.3964095 -0.005233347 0.9178849 0.3963344 -0.02016228 -2.10315e-5 -6.07802e-7 -1 -7.02629e-5 0 -1 0.8968226 0.4421047 -0.01589578 0.9340574 0.3564286 -0.02226072 -0.9342883 -0.3565166 -0.001132726 0 -5.51664e-7 -1 6.2286e-5 0 -1 0.9496311 0.3125932 -0.02205193 -0.9498617 -0.3126691 8.65833e-4 -2.6104e-6 -4.89769e-7 -1 -8.91594e-5 0 -1 0.9642277 0.2643836 -0.01913601 -0.9644044 -0.264432 3.90421e-4 0 -4.2115e-7 -1 -0.9731807 -0.2300392 -0.001184523 0.982185 0.1876491 -0.01002788 0.9910014 0.1338518 1.28073e-4 0.9957135 0.091928 0.01019972 0 1.51212e-7 -1 2.38934e-4 0 -1 -0.9955639 -0.09191501 -0.02010387 -0.9909275 -0.133843 -0.01220142 -0.9822232 -0.1876556 -0.004806041 -0.9982786 -0.05073767 -0.02942132 0.9992851 0.02262848 0.03028601 -1.30989e-5 0 -1 -0.9990743 -0.02261841 -0.03659224 0.9984768 0.05074852 0.02164888 -0.9983804 0.02572435 -0.05074417 -0.9984052 0.01931494 -0.05304849 0.9988104 -0.01932358 0.0447719 -1.78102e-6 0 -1 -2.48844e-4 0 -1 0.9992305 -0.003998339 0.03901857 0.9985507 -0.04724836 0.02576971 0.9959965 -0.08816504 0.01476466 0.9925101 -0.1219813 0.006653964 0.9873085 -0.1588144 -4.48112e-4 0.981718 -0.1902561 -0.005705952 -0.9816948 0.1902585 -0.008790612 5.71387e-6 -3.00869e-7 -1 -0.002382576 0 0.9999972 -0.976409 0.2158831 -0.004485487 6.47227e-6 -3.95412e-7 -1 -0.9684315 0.2492797 -2.60589e-5 0.9683532 -0.2492523 -0.01286303 -1.44457e-5 -3.41723e-7 -1 -0.3873965 0.9212732 0.03435051 1.92156e-5 1.502e-5 -1 -0.4200725 0.9068949 -0.03287875 -9.12912e-6 1.9546e-5 -1 -0.3791176 0.9252374 0.0143491 9.22947e-7 0 -1 -4.87049e-7 0 -1 -0.3525403 0.9352267 -0.03265357 -0.371973 0.9281844 -0.01048761 -1.17503e-6 0 -1 0 -9.7831e-7 -1 -6.63895e-6 -3.26181e-7 -1 7.36256e-7 0 -1 0.8853668 0.4632375 -0.03920179 0.8600097 0.5101848 -0.009736776 -1.29308e-6 4.84181e-6 -1 0.2056875 -0.978402 -0.02054762 0.2126034 -0.9770559 -0.01272332 0.216484 -0.9762785 -0.003871798 0.2324622 -0.972426 -0.01868069 -1.51046e-6 1.10244e-6 -1 -1.60366e-6 6.69443e-7 -1 -0.246586 0.9688671 0.02218312 -0.2395634 0.9707905 0.01323747 9.1176e-6 5.67499e-6 -1 0 2.38608e-6 -1 -0.2097163 -0.9773011 0.03002804 -0.302 -0.9533017 -0.003481984 1.66896e-6 0 1 -0.3006439 -0.725407 0.6191914 6.65166e-5 -1.62438e-4 1 -0.2348929 -0.9718999 -0.01536077 -0.1481403 -0.6128118 0.7762192 -8.89616e-6 -6.21328e-5 1 -0.4563074 -0.8897354 0.01243567 -1.16166e-4 -1.71015e-4 1 -0.553621 -0.83243 0.02375185 -0.681137 -0.7320492 -0.01250821 -0.4392889 -0.4712076 0.7648454 -0.6729764 -0.4826346 0.5605058 -3.68692e-5 -3.13471e-4 1 -0.8138504 -0.5809713 0.01095157 -4.22408e-4 -2.70171e-4 1 -0.838757 -0.5432928 0.03632771 0 -1.45567e-6 1 -0.1761097 0.9841245 0.02201253 -2.16731e-7 1.07954e-6 -1 0.1426681 -0.9897662 -0.002951741 -5.82862e-7 0 -1 -0.6387541 -0.7692232 -0.01699751 0 -2.9992e-6 1 -0.1796593 0.9835839 0.01689511 -0.9279892 -0.371894 -0.02304595 -0.5834199 -0.2513985 0.7722825 -0.9185255 -0.3952454 -0.009597539 -5.22857e-4 -1.24614e-4 1 -0.9730317 -0.2288955 0.02857083 -0.990661 -0.1356276 0.01400429 -0.9993136 0.03423172 -0.01416414 0.9828554 -0.1840109 0.01163351 2.18768e-5 -4.46602e-6 -1 -0.6709533 0.7407144 -0.03411895 -7.23808e-7 3.81351e-7 1 -3.91048e-7 -2.10085e-6 1 -0.5759767 0.3778278 0.7249118 -0.8352808 0.5498137 -0.00328958 -4.20017e-6 -4.98245e-6 -1 0.7978802 -0.6028092 -0.00288701 -7.24338e-7 0 1 1.78372e-6 3.95853e-7 1 4.53718e-6 1.98436e-6 1 -0.06415182 0.997916 -0.006955921 -0.04129409 0.6258521 0.7788479 0.05497658 -0.9980114 -0.0308358 1.11434e-6 8.27278e-7 -1 -0.8134554 0.5816222 -0.002453863 1.63502e-6 0 -1 0.824208 -0.5629985 -0.06094354 -2.61138e-7 0 -1 -0.8491267 0.5269486 -0.03618347 -0.1219417 -0.992536 -0.00156027 0 2.39206e-6 -1 -0.2810838 -0.9584034 -0.04954534 0 -3.71056e-7 -1 -0.2453187 -0.9690395 -0.02794843 5.7293e-6 5.49382e-7 -1 -0.8730895 0.487388 -0.01294904 -0.8757705 0.4820937 -0.02473837 -0.9219555 0.387278 -0.003716707 -0.9261398 0.3763324 -0.0252791 -1.88695e-5 -2.61961e-5 -1 -0.9313036 0.3622152 0.03838807 -3.71816e-6 0 -1 -0.9625769 0.2682391 -0.03864705 -0.4567934 0.8895715 0.001525402 -0.9954918 0.09232062 -0.02175396 -4.91297e-7 0 -1 -1.02213e-6 -4.01883e-6 -1 -0.8691295 0.4941128 0.02160048 -0.9476073 0.3117836 -0.06950867 8.5289e-7 9.32725e-6 -1 -0.9975197 -0.06216984 0.03300625 -0.9966943 -0.08092492 -0.007192015 -9.24893e-7 0 -1 -0.9987407 -0.04805177 -0.01442718 -1.65944e-6 0 -1 -0.9995511 -0.02129131 -0.02107954 5.05898e-4 -0.9997807 -0.02093642 -1.0953e-6 0 -1 6.65726e-4 -0.9997866 -0.02064836 -0.9995682 -0.001120984 -0.02936434 -0.9994433 0.004291057 -0.03308665 -0.9994921 0.01695585 -0.0269832 -8.02497e-4 0.9997351 -0.02300351 0 -4.04515e-6 -1 1.73868e-4 0.9997742 -0.02124911 -0.996662 0.08122992 -0.008165121 9.99898e-7 -1.8993e-6 -1 -0.9902821 0.1347845 -0.03427404 -6.38483e-7 0 -1 -0.9749534 0.2222039 -0.009564459 -7.82661e-6 1.64698e-6 -1 0.9999646 -1.91057e-4 -0.008423388 -5.03479e-6 4.41015e-6 -1 0.9991701 -0.03722262 -0.0165438 1.97996e-6 7.0098e-7 -1 0.9993892 -0.03428769 -0.006765663 -0.9920784 0.1070389 -0.06575137 -0.9981736 0.04609555 0.03904783 -5.60303e-6 0 1 -0.9720391 0.2304256 0.04521298 0.9745421 -0.2239448 0.01079577 0.9663175 -0.2550241 -0.03454351 0.9636391 -0.2671186 0.006880521 8.82283e-7 0 1 0.9518549 -0.3063284 -0.01163506 0.9494706 -0.311478 0.03856235 1.11104e-6 2.42757e-6 1 0.9359785 -0.3518934 0.01073092 0.9286903 -0.3700425 -0.02455472 1.83042e-6 5.95791e-7 1 -1.52687e-6 0 1 -0.9445948 0.3282387 7.05443e-5 -0.9416239 0.3366466 -0.003695249 -6.19137e-7 0 1 -0.9725226 0.2319439 -0.0200445 -0.9743756 0.2246807 -0.01053494 1.19688e-6 0 1 -0.9893814 0.144914 -0.01114666 2.44839e-6 0 1 0.9969801 -0.07258379 0.02761059 -1.96054e-6 5.56854e-7 1 -0.9980685 0.06103485 0.01157605 -0.9985098 0.05449944 -0.002853572 -0.9976781 0.06586939 -0.01731431 0.9951415 -0.09817016 0.00749576 0.9990375 -0.02917927 -0.03275394 -0.9980687 -0.06103211 -0.01157605 2.99777e-6 0 1 -0.9893825 -0.144907 0.01114404 0.9865347 0.1620265 0.02229201 -0.9827009 -0.1851989 7.45243e-4 3.05083e-6 0 1 -0.9832096 -0.1821008 -0.01176035 3.64746e-6 0 1 0.963624 0.2671186 -0.008758246 0.9804209 0.1966847 0.00949788 0.9859095 0.1651 0.02691876 0.9889836 0.1476393 -0.01068067 0.9775924 0.2101258 -0.01265764 0.9791489 0.2012376 -0.02776545 -6.75912e-7 0 1 -0.9775024 -0.2108421 -0.005893051 0.9634134 0.267879 0.008692145 -2.40752e-6 -1.97433e-7 1 0.9736686 0.2248214 0.03775 0 -5.89284e-7 1 0.99038 0.1363375 0.02365458 0.999929 -0.003032088 0.01153206 -3.20451e-6 0 1 0.9991693 0.04071646 -0.001729846 8.6996e-6 1.42618e-7 -1 0.9992624 0.01760268 0.03413081 0.9897636 -0.142286 0.01107621 1.49796e-6 0 1 -1.6791e-6 1.56816e-5 1 0.9517999 -0.3053579 0.02887058 1.17496e-5 3.3188e-6 1 0.9513834 -0.3047201 -0.04489177 0.9131492 -0.3969368 0.09273451 -9.71659e-6 1.72807e-6 -1 -0.9182783 0.3959024 -0.0051288 0.4218388 0.9065479 -0.01494145 0.4237936 0.905609 -0.01647669 0 -2.52909e-5 1 0.8896495 -0.4553533 -0.03431004 -1.00511e-6 0 1 0.8871399 -0.4614948 0.002325892 0.8961313 -0.4437419 -0.00645864 2.09777e-6 0 1 0.8917789 -0.4509734 0.0367909 -0.9157631 0.3919538 0.08803629 -0.94645 0.3164646 -0.06389492 7.14714e-6 0 1 0.9695346 -0.2448583 -0.00686717 -0.9931472 0.1147992 0.0219044 -0.9946989 0.1026571 0.005987644 0.9939647 -0.1066671 -0.02562195 0.9948737 -0.1002619 -0.01319396 4.96945e-6 -1.55314e-6 -1 4.94051e-5 -1.55087e-5 -1 0.3412078 0.9399499 -0.008447229 0.2407689 0.6610419 0.7106716 1.19177e-4 2.35179e-4 1 0.4555363 0.8901692 0.009253442 -1.67384e-6 4.082e-7 1 0.4748956 0.8797389 0.0231027 -1.28788e-5 5.6272e-6 -1 -0.6396948 -0.767686 -0.03806346 0.4460316 0.8949734 0.008847773 9.38298e-7 1.11239e-6 -1 0 -1.12693e-6 -1 -5.70927e-6 2.05172e-6 -1 0.9823123 -0.1849413 -0.02931535 0.9856799 -0.1685627 -0.004674255 -2.45808e-6 -2.16692e-7 -1 -0.9843285 0.1741699 0.02761071 2.25713e-6 2.29453e-7 -1 -0.9822093 0.1874956 0.01051294 0.9725975 -0.2324623 0.003918647 -0.5112781 -0.8593686 -0.008964836 -0.4970819 -0.867491 -0.01921403 -8.53949e-6 -9.4834e-7 -1 5.93802e-6 2.56354e-6 -1 0.9735223 -0.228587 -0.001575946 0.9718804 -0.2353496 -0.007677137 -1.7977e-5 -2.66854e-6 -1 9.26838e-6 -1.92698e-6 -1 -3.54552e-6 -5.40823e-6 -1 -1.24367e-6 0 1 -0.9686936 0.2467848 0.02701991 6.51239e-6 -1.12332e-6 1 0.9492021 0.3143686 -0.01370865 0.789982 0.612609 0.02527582 0.8058503 0.5920335 0.01008963 6.04402e-5 4.87115e-5 1 2.54212e-4 3.43239e-5 1 0.5126572 0.477658 0.7134603 -0.6715213 -0.7407613 -0.01821863 -2.12195e-5 1.68475e-5 -1 0.7318621 0.6814128 -0.007383644 0.7775017 0.6288612 0.004990696 -7.15239e-6 -6.23056e-6 -1 0.5814722 0.4955375 0.6452385 0.9995589 -0.02759599 -0.01098692 -7.49831e-6 0 1 0.980622 -0.1958664 0.004111349 1.46627e-4 -4.40208e-5 1 0.9591807 -0.2825853 -0.01086324 0.6197416 -0.1829904 0.7631742 0.9418082 -0.3360335 0.008885264 2.21402e-4 -1.53965e-5 1 -0.8328557 0.5532214 0.01724988 -1.77866e-6 5.46869e-7 -1 0.7976816 -0.6029121 -0.01417672 1.05087e-5 8.15839e-7 1 5.27591e-6 -4.16463e-6 1 0.6861311 -0.7259999 0.04635018 -0.6777321 0.7348605 0.02567851 0.4478366 -0.4398267 0.7784566 0.7128294 -0.7012068 -0.01353996 1.81921e-4 -1.96996e-4 1 -0.6040537 0.7968559 0.01182842 0 1.9766e-6 -1 0.4904249 -0.8711599 -0.02374726 3.93042e-6 -4.01294e-6 1 0.4592306 -0.8882344 0.01212728 0 1.69479e-6 -1 -0.427463 0.9035558 0.02936685 5.49985e-6 -1.3437e-6 1 0.2081553 -0.5992524 0.7730253 0.3276367 -0.944738 -0.01114571 0.2730777 -0.9610079 0.04350394 2.44408e-5 -8.17141e-5 1 0.06067895 -0.8147013 0.5766975 -1.48017e-5 -6.12074e-5 1 -0.02890408 -0.9994758 0.01458913 -3.79664e-6 -3.50897e-6 1 0.06632095 -0.9975025 -0.02430117 -5.25064e-5 -1.81654e-4 1 0.4366945 -0.6832733 0.58518 -1.46806e-6 5.4855e-7 -1 0.8320755 -0.5545579 0.01076346 -0.849896 0.5264782 0.02230334 0.7379951 -0.3317332 0.5876364 0.9567688 -0.2892556 0.03041183 0 1.98719e-7 -1 0.9881012 0.1489915 0.03818017 1.57795e-4 2.07003e-5 1 5.07236e-5 6.88481e-5 1 0.7774725 0.1271602 0.6159276 0.9765803 0.215151 0.001116752 0.6463118 0.1678822 0.7443767 0.9679177 0.2511774 -0.006734013 -0.96679 0.2548165 0.01964455 -0.4127134 -0.9108561 -0.002996385 3.34719e-5 1.99795e-4 1 0.107644 0.994117 -0.0120064 0.02491325 0.9996712 0.006079494 -3.36904e-6 2.48327e-6 -1 0 3.66717e-6 1 0.2088647 0.8009215 0.5611597 1.39823e-6 0 1 -0.9721339 0.2270834 0.05821329 0.9292229 -0.369261 -0.01382708 0.9293531 -0.3690177 0.01134926 0.8630327 -0.5050464 -0.0101422 -9.02158e-7 0 1 -0.8490797 0.527306 0.03181749 -0.8419135 0.5395603 -0.007530391 -6.43631e-7 0 1 -0.778859 0.6271375 0.008804678 -0.7753569 0.6314345 -0.01059818 0.7505083 -0.6600183 0.03336399 0.7007712 -0.7133796 -0.003060936 0.7089443 -0.7051538 -0.01249122 -9.59826e-7 0 -1 -0.754401 0.6553873 -0.03669869 -1.36366e-6 9.03944e-7 -1 -0.7030616 0.7111153 -0.004420399 6.22353e-7 0 -1 0.6947922 -0.7189699 0.01860433 0.6293591 -0.7770568 0.009477496 0.6039804 -0.7968982 -0.01268881 0.600818 -0.7987544 -0.03176736 -1.23764e-6 0 1 0.5851452 -0.810877 0.009148776 0.5540717 -0.8316121 0.03776383 1.76922e-6 0 1 -0.5679796 0.8215141 0.0501374 -3.09614e-4 3.35263e-4 1 1.26001e-6 1.69231e-6 1 -0.9942238 0.1072883 -0.002870142 -0.9905855 0.1364954 0.0104646 -1.04645e-4 1.57613e-5 1 -0.7027661 -0.001979351 0.7114183 -0.7698329 0.02696889 0.6376756 -3.73172e-7 3.74164e-7 1 -0.5443028 0.8377676 -0.04335927 0.522594 -0.8525339 0.009027063 -4.7112e-6 2.31953e-6 1 0.4846804 -0.8746243 -0.01083141 -4.25057e-6 6.87502e-6 1 0.4227154 -0.9062074 0.009991705 -0.9068046 -0.4210879 -0.01976215 -0.897701 -0.4405531 -0.006781399 2.97781e-5 -9.72869e-6 1 -0.9055186 -0.4238302 -0.02010715 -0.4036011 0.914932 0.002407252 -0.9085049 -0.4175274 0.01702058 -2.41033e-6 0 1 -0.4549646 0.8905083 -0.001482784 -0.8664419 -0.4992779 2.78254e-4 -0.8653395 -0.501177 0.003055274 -0.8934966 -0.4488614 0.01368826 0.45756 -0.8889214 0.02139377 9.0388e-7 0 1 -0.8754392 -0.4833275 9.49935e-4 -2.21032e-6 0 1 -0.8200543 -0.5722726 -0.003892004 -0.8175922 -0.5757976 6.12857e-4 -0.06663298 0.09850388 0.9929034 -0.005601346 0.0122649 -0.9999091 -0.8189615 -0.5738449 0.002048611 -6.42771e-7 0 -1 -0.5119253 0.8588659 -0.01679229 0 6.69563e-6 -1 -0.5140165 0.8575742 -0.01880919 0.493313 -0.8692427 -0.0325523 -0.004068732 0.007138431 -0.9999663 0.530755 -0.8475253 -4.0932e-5 -0.01290476 0.01640498 -0.9997822 -0.6214585 0.7834141 -0.007200896 -0.6008957 0.7992045 0.01402533 -3.53347e-6 7.46729e-6 -1 1.6123e-6 -2.55166e-6 1 0.3805525 -0.9247594 1.30688e-4 -0.3879395 0.9216564 0.007236003 -0.9066993 -0.4213876 -0.01814097 -2.24729e-5 -2.09526e-6 -1 0.4712842 -0.8819814 -3.10658e-4 0.4929885 -0.8684905 -0.05183202 1.36542e-7 0 -1 -0.5494394 0.8348773 -0.03311222 5.29148e-7 0 -1 4.58935e-7 4.92007e-7 -1 -0.5807124 0.8140196 -0.01204603 1.56196e-6 -2.76641e-6 -1 -7.81062e-7 0 -1 -0.6318747 0.7748487 0.0185427 -0.6446671 0.7642093 -0.01971381 -2.42695e-6 0 -1 0.9752856 -0.2208561 -0.006385087 0.9835038 -0.1784455 -0.02962124 1.58471e-6 0 -1 0.9999659 0.00824356 7.25198e-4 -0.5480111 0.8351439 -0.04710423 -5.34499e-7 0 -1 -0.4971526 0.867435 0.019894 -0.4620694 0.8861742 -0.03445941 -0.4873278 0.8731697 -0.0092929 0.9918571 0.1208502 -0.04018378 -1.98594e-5 -3.29793e-6 -1 -0.6668716 0.7444854 -0.03199404 0.7068411 0.7071002 -0.01962435 0.7159997 0.6979893 -0.01246786 0 4.99737e-6 -1 6.36912e-6 5.21857e-6 -1 7.65537e-6 -7.76257e-7 -1 -1.83377e-5 -5.04526e-7 -1 0.8696528 -0.4933612 -0.01729023 0.8720615 -0.4892029 -0.01376545 0 1.75892e-6 -1 -0.6941469 -0.7192903 -0.02795767 -0.6771665 -0.7356826 -0.01472389 -0.7431428 0.6688342 -0.01999241 4.25572e-6 -3.19611e-6 -1 0.5229233 -0.852374 0.003174185 -0.338249 0.5975921 0.7269604 -0.494082 0.8693942 -0.006063938 6.38355e-6 6.13588e-7 -1 -2.09695e-6 4.42314e-5 -1 0.4472713 -0.894271 0.01509273 -4.67857e-6 4.83225e-7 -1 0.4291942 -0.9022036 -0.04267525 -0.3292845 0.7762699 0.5375657 -0.4188823 0.9079749 0.01092362 -5.34167e-5 2.04047e-4 1 -0.8031787 0.5949647 -0.03035014 -0.2248403 0.9742645 -0.01598751 4.9649e-6 1.37936e-6 -1 -1.46925e-5 2.43106e-4 1 -0.06497019 0.9968968 0.04444992 0.1617796 -0.9861543 -0.03643226 0.1159981 -0.9932214 -0.00747472 0 -9.95703e-7 -1 0.1297525 -0.9915353 0.004715502 -3.40146e-6 -7.61023e-7 -1 -1.26058e-6 -1.24149e-6 -1 0.3015072 -0.9529277 -0.03197377 4.07973e-6 -6.86226e-7 -1 -0.7532957 0.6576821 1.99278e-4 0.5122985 -0.8584035 -0.02634382 -1.6564e-4 2.36299e-4 1 -0.5720952 0.8196342 0.03011626 -2.08365e-6 2.56775e-6 -1 0.7510998 -0.6590551 -0.03867369 -0.6213346 0.7835446 -0.001081764 0 5.72905e-7 -1 0.6086447 -0.7934084 -0.007405757 0.6579409 -0.752267 0.03476333 8.69577e-7 0 1 1.64908e-6 0 1 0.7196254 -0.6914522 -0.06350743 0.7527691 -0.6581449 0.01357203 0.7788812 -0.6271412 -0.006165504 0.7968232 -0.6029534 0.03898835 0.8371875 -0.5468812 0.006176412 0.8479314 -0.5300944 -0.003532052 0.8771098 -0.4801942 0.009592056 -8.57662e-6 4.31715e-5 -1 -0.8773899 0.4797102 -0.008076012 -0.9203822 0.3909971 -0.004244685 2.18783e-6 0 -1 -1.64805e-5 -2.78361e-6 -1 0.0944963 0.995312 -0.02060705 0.09447771 0.9953141 -0.02059304 0.8350894 -0.5491102 0.03322142 0.7788865 -0.6271311 -0.006526768 1.09807e-6 0 -1 -0.8962003 0.4401362 -0.05572253 0.4224122 0.9063269 -0.01181417 1.99093e-5 -4.10169e-6 -1 0.9609787 -0.2760908 0.01713889 8.79472e-6 -2.92161e-6 -1 0.9844164 -0.1676055 0.05322551 0.9918161 -0.1276339 0.003241062 -0.9774982 0.2108613 0.00589323 0.9896352 0.1419877 0.02149003 -0.9725161 -0.232598 -0.01051974 -0.9441709 -0.2660713 -0.1942874 5.26061e-6 -1.33034e-6 -1 -0.9306772 -0.3644698 0.03165042 -0.9485424 -0.3140471 -0.04052132 3.30268e-6 -6.82786e-6 1 3.82938e-6 -3.67272e-6 1 -0.9383053 -0.345753 0.006192207 -3.51635e-6 -6.49245e-7 1 0.9075496 0.4167926 0.05135756 0.922926 0.3846384 0.01615381 0.8947978 0.4459477 0.02162468 -0.4220785 0.9063661 0.01871389 -0.4192863 0.9076813 0.01771414 0.9139159 0.4056046 0.01558154 1.88494e-6 0 1 0.9035202 0.4282084 -0.0169937 -0.8901458 -0.4556748 9.824e-4 -2.77156e-6 0 1 0.4662299 -0.8846169 0.009097993 0.5002215 -0.8658975 2.55674e-5 0.5023794 -0.8646415 0.003164291 0.4857752 -0.8740816 0.002001404 9.12592e-6 -2.79311e-6 1 3.47841e-6 0 1 0.5732052 -0.8193798 -0.007262229 0.5790404 -0.8152989 1.01625e-4 -0.8542434 -0.5196964 -0.01356887 1.62638e-6 1.97146e-7 1 -0.8594176 -0.5108438 -0.02098083 -1.4938e-6 3.26268e-6 -1 -0.01328033 -0.007689535 -0.9998823 0.5764647 -0.8171197 0.001989543 -2.75768e-6 0 1 -0.7962946 -0.6046756 0.01680278 -0.7699578 -0.6378404 -0.01801621 -0.01141262 -0.009425282 -0.9998905 -0.009781777 -0.008698344 -0.9999144 0.806611 0.5910819 9.79759e-4 0.8035584 0.5946889 0.02527987 -0.8143585 -0.5492818 -0.1873763 -2.30515e-5 9.71586e-6 -1 -1.83908e-5 -7.65532e-6 -1 1.76299e-5 -1.89497e-5 -1 -0.892734 -0.4072032 -0.1929033 -0.8754771 -0.4748305 0.08986574 -2.58733e-6 -7.84345e-7 1 0.8889231 0.4575523 0.02148902 0.8504241 0.5260562 0.006614089 -2.41023e-6 -1.78122e-6 1 -0.8198253 -0.5726118 -0.001480877 -0.8253284 -0.5646502 0.00175476 -0.3312186 -0.9435487 0.003206372 -0.2201688 -0.9754545 -0.003773391 0 -1.82851e-6 1 -4.78725e-7 0 1 0 -1.02803e-6 1 0.937927 0.3457857 0.02692818 -0.9446033 -0.3282144 -7.31463e-5 -0.9416317 -0.3366247 0.00369215 -1.91586e-6 0 1 0 -7.66849e-7 1 -0.7923958 -0.6014315 0.1019268 -3.96506e-5 1.28278e-5 1 -1.81774e-5 2.28354e-5 1 -0.9509689 0.30922 -0.006425738 -0.751769 0.6594051 0.005338191 -0.7788066 -0.6271453 0.01220959 -0.7573835 -0.6529502 0.005145847 0.001300632 -0.001199126 -0.9999985 0.6456102 -0.7633353 -0.02250969 3.10342e-6 3.60073e-6 1 0 1.65531e-6 1 1.46979e-4 -1.013e-4 -1 0.8560075 -0.5168024 -0.0128991 -0.4334117 -0.9010146 -0.01808804 -8.76484e-6 2.13783e-5 -1 -0.7156859 -0.6606841 -0.2264736 0.7184107 0.6955842 -0.006976842 3.28798e-4 4.89148e-4 0.9999999 0.8894836 -0.4566122 -0.01800805 -7.69157e-6 -1.56936e-5 1 0.4333292 -0.9008091 -0.02772915 0.350544 -0.9363228 -0.02046144 0.7645436 0.644572 -2.94174e-4 0 -2.48273e-6 1 0.746253 0.6656458 0.004712581 -0.5070783 -0.4569417 0.730805 3.73978e-6 8.45311e-6 1 0.7091246 0.7050797 0.002204775 -0.002700984 -0.002312183 -0.9999938 0.661074 0.7502972 -0.005943834 0.6902512 0.7235191 -0.008569717 -0.7179645 -0.5113056 -0.4723278 -0.002525091 -0.003311216 -0.9999914 4.92462e-6 0 1 0.3218213 -0.9467666 -0.008015155 0.6673203 -0.7447389 0.006908297 0.7633924 -0.6453523 0.02743262 0.7770851 -0.6293956 1.68354e-4 4.58124e-6 -5.61472e-6 1 -4.07969e-5 9.66144e-5 -1 -3.20211e-4 2.85893e-4 -1 -0.5318782 0.8463195 -0.02913731 -5.50317e-6 -6.58061e-6 1 -0.567493 0.8231053 -0.02119702 4.65549e-4 2.92092e-4 0.9999999 -7.6784e-7 8.23738e-6 1 0.6765334 0.736412 -1.70124e-4 -0.4551863 -0.5197883 0.7229285 4.4354e-6 -2.85027e-6 1 0.77688 -0.6296486 -6.33978e-5 0.777238 -0.6292069 -6.56562e-5 0.7465161 -0.664956 0.02339768 -0.6568416 -0.7540286 -4.43333e-4 -0.6383113 -0.7691293 -0.03160476 -0.002356112 -0.002815365 -0.9999933 -0.6074985 -0.7943205 7.58945e-4 -8.11873e-6 0 -1 -0.6642069 -0.7475467 0.001815021 -0.6690636 -0.7424619 -0.03323048 -0.5386213 -0.5438729 0.6434977 -0.694503 -0.7029656 0.1533134 0.7771942 -0.6292608 5.60127e-7 0.7772327 -0.6292133 1.09595e-5 0.6692604 0.7430191 -0.003632187 -0.9318334 0.3626942 -0.01181697 -0.9986215 -0.03637945 -0.03783607 -0.8387333 -0.544417 -0.01168942 -0.1209431 -0.8718383 -0.4746271 -0.1215297 -0.8598704 -0.4958361 0.1207963 -0.7949192 -0.5945687 -0.01227003 -0.7385962 -0.6740365 0.3696566 -0.766063 -0.5258341 0.2274664 -0.6937931 -0.6833084 0.1171009 -0.8659172 -0.4862868 -0.005418777 -0.9640857 0.265536 1.08733e-6 0 1 -0.0117495 0.9996343 0.02436107 -1.23807e-6 1.35366e-6 1 -0.04945898 -0.9987485 0.007441997 -9.38542e-7 0 1 -0.05534303 -0.9984582 -0.004307985 -3.91077e-7 0 1 0.04914051 0.9987584 0.008173763 -7.71051e-7 0 1 0.05509048 0.9984135 0.01165026 -0.07241302 -0.9971604 -0.02067792 -0.09290277 -0.9956559 -0.006193578 1.63058e-6 0 1 1.8169e-6 -2.23484e-7 1 0.04360735 0.9990067 0.009169518 0.1042196 0.9923726 0.06584113 0 1.68718e-5 -1 -2.3507e-5 -4.27168e-6 -1 0.2277521 0.9734942 -0.02093082 -2.58705e-6 -1.22857e-5 -1 0.2891337 0.9563578 0.0422073 -0.2473816 -0.959098 0.1375991 -6.77002e-6 -1.23981e-6 1 0.3303724 0.9435529 0.02370786 0.3503911 0.9364518 0.01685965 1.6354e-6 0 1 -0.4075285 -0.9131361 0.01016259 -0.3720391 -0.9282124 -0.002977311 0 -6.77248e-7 1 0.3806599 0.9242755 -0.02851557 -1.06075e-6 4.08254e-7 1 -3.31996e-6 5.7772e-7 1 0.3518118 0.9358713 0.01932221 -6.29961e-7 0 1 -0.2728021 -0.9620409 -0.007518231 -8.622e-7 0 1 -0.239157 -0.9709644 0.005660057 0.2022636 0.9792466 0.01286655 0.1620435 0.9865089 0.02328544 0.2153884 0.976252 0.02323687 3.89885e-7 0 1 -0.221957 -0.9749537 -0.01415294 -0.2221025 -0.9749234 -0.01396059 0.2745262 0.9608043 -0.03860771 4.81707e-7 0 1 0.2895153 0.9571099 0.01102638 0.3415668 0.938681 0.04701304 7.19468e-7 0 1 0.3502579 0.9365765 -0.01199525 -4.88454e-7 -4.36599e-7 1 0.404124 0.9145578 -0.01636755 -0.3867089 -0.918757 -0.07963633 4.79767e-7 0 1 0.1643024 0.9852374 -0.04808467 7.2877e-7 -2.9192e-7 1 -0.3749628 -0.927013 -0.007053434 3.25327e-6 1.13871e-6 1 -0.3006079 -0.9535332 0.02023607 7.55746e-7 0 1 0.4499725 0.8930342 -0.003834545 0.9052311 -0.4244651 0.01965004 0.4085782 0.9126113 0.0143066 0.9079485 -0.4187144 0.01754546 0.4037432 0.9144955 0.02626103 0.3785769 0.9255428 0.007084906 -4.06976e-6 -7.74155e-6 1 -0.3203369 -0.9305593 -0.1773232 8.05993e-6 -8.7982e-6 -1 -0.4541521 -0.8744738 -0.170416 1.93951e-5 -3.44199e-6 -1 0.4271951 0.9039928 0.01736325 0.4598893 0.8878416 0.01546525 0 1.49656e-6 1 -0.8696685 0.4936334 0.001696825 -0.8694828 0.4939608 0.001607716 1.83618e-6 -1.02997e-6 1 -0.8194226 0.57319 -1.80978e-7 -0.8204287 0.5717484 6.6549e-4 -0.8153185 0.5789936 -0.004708647 4.50352e-6 -2.29525e-6 -1 0.5293068 0.8482563 -0.01719754 -0.001523911 -0.002471268 -0.9999959 0.4939345 0.8694281 0.01111197 -0.001287043 -0.002268373 -0.9999967 -0.001211524 -0.002479732 -0.9999962 0.4385232 0.8984749 -0.02098393 0.1980568 -0.5121675 0.835738 0.05732995 -0.6200474 0.7824671 -0.3343129 -0.8726902 -0.3558749 -0.3558225 -0.4343889 -0.827464 -0.2040305 -0.4505054 -0.869147 -0.2503184 -0.7051363 -0.6634181 -0.3124309 -0.4697175 -0.8256831 -0.4689178 -0.7836208 -0.4074981 0.002871394 -0.00475794 -0.9999846 -0.3934714 0.9192426 0.0131672 -4.03665e-7 -1.10471e-6 -1 0.1131895 0.9925408 -0.04528689 -0.002324759 -0.02039402 -0.9997893 -0.002551257 -0.01883828 -0.9998193 -1.75086e-5 0 -1 -0.3356266 0.9415178 -0.02998363 -1.09245e-5 -5.00958e-6 -1 -0.2607996 0.964037 -0.05115109 -0.2727393 0.9604651 -0.05585819 -4.77054e-5 0 -1 -0.1413972 0.9898099 -0.01683151 0.08172601 -0.9966375 -0.005874276 -0.08172643 0.996637 -0.005955755 -2.57358e-5 0 -1 -0.04196703 0.9991188 -7.11994e-4 3.29204e-5 0 -1 0.04196506 -0.9990429 -0.01234626 4.79288e-5 0 -1 0.008644342 -0.9998198 -0.01690238 -0.008645415 0.9999587 0.00282067 0.03059738 0.9995163 0.00557059 0.07859742 0.9968814 0.007070004 -0.07857698 -0.9966256 -0.02373594 -1.62069e-4 0 1 0.1375457 0.9904816 0.005261123 1.06626e-5 0 1 -3.47317e-5 0 -1 -0.1375093 -0.9902189 -0.02361702 0.1890685 0.9819637 6.86087e-4 -0.1890296 -0.9817577 -0.02048742 6.24945e-7 0 -1 -1.22623e-5 0 1 -0.2368532 -0.9714309 -0.01491951 0.2368774 0.9715201 -0.006147205 5.56665e-5 0 -1 2.19443e-5 0 1 1.72528e-6 0 -1 -0.2789906 -0.9602583 -0.008271872 0.278971 0.9601982 -0.01395338 -4.41827e-5 0 -1 -1.46092e-5 0 1 -0.3270506 -0.9450045 0.002122104 0.3269445 0.944698 -0.02555197 0.3689009 0.9286922 -0.03798627 1.11459e-5 0 1 -0.4001489 -0.9161559 0.02322071 0.3997869 0.9153272 -0.04844248 -6.59137e-5 0 -1 0.4522775 0.8892251 -0.06873005 -5.4433e-6 -5.52108e-6 -1 0.4456714 0.8922848 -0.07214599 -5.83627e-6 0 1 5.41404e-5 0 -1 -0.4464827 -0.8938972 0.04001361 -0.4647691 -0.88413 0.04800087 -2.81765e-5 0 -1 -0.4886589 -0.8716402 0.03815835 0.4883229 0.87107 -0.05270612 1.02009e-5 0 1 -0.5291482 -0.8482233 0.02279222 0.5289515 0.8479152 -0.03535938 -4.55198e-6 0 1 9.55814e-6 0 -1 -0.5662603 -0.8241617 0.01033389 0.5661769 0.8240177 -0.02094286 -0.6054291 -0.7958985 -0.001181185 4.63486e-6 0 1 -3.06824e-5 0 -1 0.6054103 0.7958803 -0.007278144 -0.6436912 -0.765216 -0.01030862 0.6437249 0.7652463 0.004056751 4.3985e-5 0 -1 1.34557e-5 0 -1 -0.6764222 -0.7363334 -0.0163145 -5.2942e-6 0 1 0.6764635 0.7363779 0.01203191 -0.7089629 -0.7049411 -0.02073162 0.7089923 0.7049727 0.01853406 -2.15979e-5 0 -1 3.89326e-6 0 1 -0.7420657 -0.6699298 -0.02307605 0.742066 0.6699298 0.02307105 -0.7739001 -0.632888 -0.02305591 0 -5.23454e-7 -1 2.56321e-6 1.27368e-7 -1 -0.8087339 -0.5878351 -0.01998734 -1.02669e-6 0 1 0.8086485 0.5877687 0.02481186 0 0 -1 2.8941e-7 0 1 -0.8434988 -0.5369715 -0.01310271 0.8433919 0.5368992 0.02072238 -7.60706e-7 0 -1 -0.8783932 -0.4779385 -5.93932e-4 2.77078e-7 0 1 0.8783361 0.4779106 0.01128721 1.50382e-5 0 -1 4.45334e-7 0 1 -0.9050496 -0.4250642 0.01434463 0.9051433 0.4251055 -0.001029014 -0.9251829 -0.3783528 0.0297622 -4.3852e-5 0 -1 0.9254972 0.3784855 -0.01427197 3.32734e-5 0 -1 1.1922e-6 0 1 -0.9403114 -0.3373687 0.04468584 0.9409009 0.3375778 -0.02732849 -0.9342329 -0.3546898 0.03747057 2.95792e-6 -8.23387e-6 -1 0.9555811 0.2913836 -0.04427719 0.9671403 0.2464151 -0.06260561 -0.977163 -0.2124897 8.56359e-4 0.9742023 0.2118444 -0.0777933 2.21101e-5 0 -1 -0.9831603 -0.1827036 -0.003908574 -0.9895858 -0.1436373 -0.009398162 -0.9955069 -0.09370547 -0.01361978 -0.9987586 -0.04751616 -0.01495379 -0.9998923 0.00292325 -0.01438719 0 0 -1 0 -7.41682e-7 -1 1.86552e-6 3.02924e-6 -1 1.7059e-6 2.69038e-6 -1 0.714007 -0.7001295 -0.003559947 1.97539e-5 0 -1 -0.7138812 0.7000067 0.01908379 -0.6621989 0.748304 0.03916293 0.1667379 -0.9851411 0.04117828 -0.09250837 0.9956025 -0.0147615 5.28427e-6 -2.001e-5 -1 -0.1260887 0.9917544 -0.02291077 -9.82519e-7 -4.47832e-5 -1 0.2699365 -0.9628743 0.002726852 -0.2638861 -0.9638985 -0.03555095 -0.9354144 -0.353097 -0.01795864 -0.9565975 -0.2906066 -0.02165663 4.81892e-6 0 -1 -2.57886e-6 5.44844e-7 -1 -2.18111e-6 -4.43404e-6 -1 0.3366525 -0.9407471 -0.04074275 0.9407543 -0.339086 -0.001424312 -0.9407397 0.3390832 0.005606472 -0.9145351 0.404474 -0.005137681 0.9144341 -0.4044309 -0.01568365 -9.14578e-5 0 -1 0.8883234 -0.4580754 -0.03238111 -0.8887506 0.4582921 -0.009528756 1.64123e-4 0 -1 -5.54152e-6 0 -1 0.8624843 -0.5036509 -0.04956442 -0.8634987 0.504237 -0.01073181 0.8576875 -0.511443 -0.05289918 -9.06279e-6 6.29777e-6 -1 0.8369387 -0.5458039 -0.04039424 -0.8375815 0.5462227 -0.009900629 -3.91926e-6 0 -1 0.8029439 -0.5955297 -0.02501308 -3.45881e-5 0 -1 7.21928e-6 0 -1 -0.8031839 0.5957077 -0.005308091 0.76003 -0.6497732 -0.01222008 -0.7600793 0.6498115 0.004960834 -1.85031e-5 0 -1 0.2068095 -0.9782075 -0.01844096 -5.64705e-7 0 -1 0.2155785 -0.9762336 -0.02222591 0.214442 -0.9765003 -0.02148884 0.9600841 -0.2796233 0.007021844 -0.9599297 0.2795745 0.01931762 0 4.45001e-7 -1 0.9732637 -0.2294134 0.01129174 0.9846426 -0.1741017 0.01295429 0.9930894 -0.1168133 0.01132744 0.9985845 -0.05292576 0.005294978 0.9999932 -0.002925753 -0.002265691 0.9987918 0.04752039 -0.01252549 0.9953192 0.09368497 -0.02372336 0.9888938 0.1435375 -0.03855341 0.9818222 0.1824572 -0.05229473 0.9709311 0.2290177 -0.06959754 1.10637e-5 -9.61028e-6 -1 -0.9677844 0.2502687 0.02755451 0.3043414 -0.9524549 0.01435565 -8.6574e-5 -1.68251e-5 -1 -1.96383e-5 1.40597e-5 -1 0 1.34615e-6 -1 0.2982407 -0.9530262 -0.05285394 -1.75704e-5 -4.10678e-6 -1 9.36889e-6 -2.34521e-5 -1 0.3061572 -0.9519029 -0.01218938 0.3271468 -0.9445688 -0.02765583 0.422376 -0.9053777 -0.04347157 -0.2165354 0.9762702 -0.002992391 -1.3618e-7 0 -1 -5.57652e-7 0 -1 0.2209457 -0.9750448 0.02169799 3.53213e-7 0 -1 0.1414818 -0.9897915 0.01719957 0.1350275 -0.9905346 0.02467894 -2.81462e-6 -1.33359e-6 -1 0.06310123 -0.9977939 0.02062749 -7.18838e-7 0 1 -0.1878445 0.9821857 -0.005078077 -0.2051967 0.9787058 0.005415558 -1.06122e-6 0 1 0.1763013 -0.9840392 0.02418172 0.1992955 -0.979013 -0.042602 -0.2417979 0.9702286 0.01379382 -0.2420026 0.970173 0.01410871 4.50018e-7 0 1 -0.3199663 0.9473974 -0.007739245 -0.333997 0.9425725 0.001763701 -0.363833 0.931219 0.02137762 0.3003444 -0.9528799 0.0425843 -2.38149e-7 0 1 0.3281667 -0.9437539 -0.04043817 -0.3771454 0.9261432 0.004501998 -0.4696 0.8826701 0.01922267 3.0694e-6 0 1 -0.4791123 0.8772963 -0.02832889 -0.4675956 0.8839123 -0.007308781 -0.4433849 0.8963114 -0.005995333 2.81996e-6 -3.39766e-6 1 -0.428067 0.9037349 0.004672169 0.9055978 0.4238236 -0.01632177 0.903981 0.4273421 -0.01404505 -2.05013e-5 2.21942e-6 1 7.4693e-6 1.00166e-5 -1 -0.4821019 0.8760933 0.006196856 0.4991674 -0.8648808 0.05303984 0.4507244 -0.8907116 -0.05899685 0.4116123 -0.9107522 0.03325456 0.2872521 -0.9571751 0.03608471 7.11837e-7 0 1 -5.91529e-7 0 1 -0.23258 0.9718937 -0.03645914 0.2146968 -0.9766085 0.01187306 0.06104344 -0.9979674 0.01830434 -1.02979e-6 1.39208e-5 -1 -0.05023783 0.9981123 -0.03532856 1.82437e-6 -2.09722e-6 -1 0.9997808 3.32653e-4 -0.02093619 0.999905 0.004790604 -0.0129283 0 -6.09721e-6 -1 0.00109744 -0.9996724 -0.02557361 0.01744335 -0.9996279 -0.02097278 -1.69284e-6 -4.69214e-7 -1 -0.003185093 -0.9996038 -0.0279653 -1.93387e-6 7.24253e-6 -1 0.9997615 -0.004274427 -0.02141684 0.9997758 -0.001649737 -0.0211156 1.24854e-5 -5.60429e-6 -1 2.04093e-5 7.48194e-6 -1 0.08410638 -0.9961934 -0.02291095 0.09996974 -0.9948874 -0.0143249 1.38308e-5 0 -1 7.18184e-5 0 -1 0.6606307 -0.750711 3.98524e-5 -0.6601525 0.7501649 0.03809583 0.6013459 -0.7989867 -0.001890659 -4.5861e-4 0 0.9999999 -1.61769e-6 0 -1 0.550221 -0.8349801 -0.008077621 -0.5502396 0.8350048 -0.001868844 2.32679e-6 0 -1 0.5041664 -0.8634468 -0.01661598 -0.5041959 0.8635044 -0.01211255 0.4529971 -0.8910717 -0.02801805 0.3576034 -0.9322216 -0.05552208 0.38931 -0.918351 -0.07119953 -0.3901726 0.9203758 -0.02596169 -2.31562e-5 0 1 -0.3140751 0.9490589 -0.02538031 3.59889e-5 0 -1 0.3139149 -0.948575 -0.04077976 -1.81245e-6 0 -1 0.25002 -0.9680277 -0.02031308 0.1896167 -0.9818418 -0.005685925 -0.1896074 0.981805 -0.01040488 -3.14376e-5 0 -1 4.60904e-5 0 1 -0.1396526 0.9902006 -1.51616e-4 0.1396513 -0.9901931 0.00388509 -1.74754e-5 0 -1 -5.53179e-6 0 1 -0.07919377 0.9967448 0.01511371 0.07919657 -0.9967818 0.01240986 2.93944e-5 0 -1 -1.291e-5 0 1 -0.01109695 0.9992545 0.0369805 0.01110213 -0.9997935 0.01702487 0.04966813 0.9986553 0.01485353 -0.02191603 0.9992226 0.0327717 -0.04966747 -0.9986261 0.01670312 0.09928292 0.9950469 0.004956662 0.1585575 0.9873392 -0.004581809 -1.43354e-5 0 1 4.82593e-5 0 -1 -0.2197931 -0.9755418 -0.003020226 0.219782 0.9755 -0.009779453 3.98873e-5 0 1 0.2967675 0.9548826 -0.01132631 -0.2967132 -0.9547123 -0.02204048 0.3618896 0.9321932 -0.007202327 0.4389948 0.8984785 0.00447297 1.13766e-5 0 -1 -0.437716 -0.8958659 -0.07634907 -3.34437e-5 0 1 -0.4056672 -0.9120553 -0.0599122 0.5303583 0.8472621 0.02945047 0.4902563 0.8714186 0.01668465 2.19923e-6 7.19511e-6 -1 0.5399183 0.8413205 0.02584934 8.82145e-4 0 0.9999997 1.90577e-5 0 -1 -0.5399861 -0.8414082 -0.02114957 -0.4900411 -0.8710432 -0.03381472 0.5873694 0.809262 0.009610533 -0.5873603 -0.8092534 -0.01081001 -3.3363e-4 0 -1 -0.6378826 -0.770124 -0.00385797 0.6378775 0.770128 -0.003915607 -2.55437e-4 0 -1 0.6824778 0.7307955 -0.012735 -0.6825321 -0.7308549 -0.001114785 -0.722122 -0.6917637 -0.001691341 0.7220042 0.6916597 -0.01780253 0.7577781 0.6522117 -0.01980668 -0.7579132 -0.6523361 -0.005035221 -0.7885084 -0.6149331 -0.01057898 0.7884016 0.6148658 -0.01905226 9.26912e-7 0 -1 -1.88948e-5 0 -1 7.27537e-5 0 -1 -1.96253e-5 0 -1 0.8494744 0.5275393 -0.009772896 -3.95088e-5 0 -1 -0.8491299 -0.5273222 -0.03016328 -0.8617902 -0.5059047 -0.03712499 1.66136e-5 1.58604e-5 -1 -0.8840775 -0.4665772 -0.0266965 -0.9117642 -0.4103869 -0.01639139 -0.932617 -0.3607215 -0.01028162 0.9258084 0.3768558 0.02930486 -4.42878e-7 -2.7892e-6 -1 0.9320763 0.3605185 0.03550004 0.9117202 0.4103671 0.0191133 0.8843894 0.4667386 0.003261744 0.9487196 0.3158514 0.01300477 4.3931e-5 0 -1 2.09954e-5 0 -1 -0.9487769 -0.315864 -0.007246494 -5.60224e-5 0 -1 -0.9680069 -0.2508288 -0.00689727 0.9680299 0.2508347 -2.703e-5 7.42611e-5 0 -1 -0.9776197 -0.2101824 -0.009125173 0.9776452 0.2101873 -0.005604505 1.06998e-4 0 -1 0.9872161 0.1590647 -0.01014769 -2.13364e-5 0 -1 -0.9871668 -0.1590554 -0.01425337 0.9950493 0.09853988 -0.01292079 -0.9948746 -0.09852558 -0.02274322 -0.9989911 0.002043902 -0.04486495 -1.60135e-5 -1.52874e-5 -1 -0.9981466 -0.02512848 -0.05542445 0.9996323 0.02516323 -0.01010596 0.9987058 -0.05083537 -0.001675426 -0.9941313 0.1067878 -0.01730531 -0.986926 0.1610485 -0.006368756 -1.0348e-5 0 -1 0.9771067 -0.2124007 0.0121845 6.01596e-5 0 -1 -0.9771784 0.2124159 0.001359283 2.33266e-5 0 -1 0.9635159 -0.2676501 8.79043e-4 -1.38396e-5 0 -1 -0.9634947 0.2676417 0.00678569 3.61387e-5 0 -1 0.9474338 -0.3198803 -0.006767511 -0.9474184 0.3198776 0.008764088 -0.9289783 0.3700578 0.007527232 2.60661e-5 0 -1 -1.26093e-4 0 -1 -0.9121935 0.4097314 0.004814207 0.9121287 -0.409703 -0.01284199 0.9289472 -0.3700465 -0.01108163 5.08139e-5 0 -1 -2.54638e-5 0 -1 0.9867217 -0.1610129 0.0213353 -6.40693e-5 0 -1 0.9854623 -0.1682714 0.02342993 3.20882e-5 0 -1 5.95806e-5 0 -1 0.9942432 -0.1068018 0.008601129 -0.9982188 0.05080991 -0.03126454 -4.99276e-5 0 -1 -1.29099e-4 0 -1 -1.09073e-5 0 -1 1.24782e-4 0 -1 0.8162407 0.5774893 -0.01603895 -0.816208 -0.5774732 -0.0181483 -0.2381826 -0.9710617 -0.01756203 1.72971e-6 -9.60872e-6 -1 -0.2468242 -0.9685703 -0.03081262 -0.9793589 0.2020312 -0.006302356 -0.6721705 0.1386492 0.7272987 -0.746295 0.2387027 0.6213411 -1.8117e-4 -1.1251e-4 1 0.8982083 -0.439456 0.01002651 -1.75643e-5 -2.75971e-5 -1 0.9401968 -0.3389597 -0.03371053 0.1480737 0.9888108 -0.01809078 -1.08401e-6 0 -1 -6.29745e-7 -3.54687e-6 -1 1.30915e-6 3.46882e-7 -1 0.05483692 0.9982203 0.02343624 0.07294183 0.9972607 -0.01227056 0.08540642 0.9960696 -0.02347916 -6.16036e-7 -1.74501e-6 -1 0.03664922 0.9987919 -0.03273618 -9.22076e-7 -2.28117e-6 -1 -0.1769484 -0.9841948 -0.007074475 -0.1092336 -0.993475 -0.03279441 1.70402e-7 0 -1 -0.07490032 -0.9956192 -0.05596756 -0.05594414 -0.9983232 -0.01487493 -1.44915e-6 -1.04819e-6 -1 -0.02321529 -0.9995023 -0.02136111 -0.9997782 2.7229e-4 -0.02106595 -0.9998684 0.003136098 -0.01591891 2.09192e-5 -4.32385e-5 -1 2.1231e-5 -1.07896e-6 -1 -0.1582798 -0.9858273 0.05560564 -0.06609302 -0.9977928 0.006422042 -4.15193e-7 0 1 -0.187627 -0.979916 0.06753456 0.2076559 0.9777263 0.03050142 -0.2554332 -0.9651348 -0.0571736 -1.7958e-6 0 1 -0.0999121 -0.9942672 0.03808426 -0.1377814 -0.9904103 0.01018542 -0.1741208 -0.9842102 0.03181791 -0.1951442 -0.9806942 0.01255011 -2.24467e-6 -9.65521e-6 -1 -1.86766e-7 6.0054e-7 1 -6.78631e-7 0 1 4.16637e-6 2.04086e-6 1 -0.2470782 -0.9686316 0.0265569 -5.79203e-6 -2.88652e-6 1 1.63032e-6 2.50364e-6 1 -3.88551e-4 2.32304e-4 0.9999999 -0.4022634 0.9153535 0.01766645 -0.4278787 0.9038224 0.004994392 -0.3687689 0.547978 0.7508194 -0.5575659 0.8300575 -0.01117765 -0.6469411 0.7625167 0.005966603 8.83456e-5 1.43531e-4 1 -0.5337241 0.5765908 0.6186127 -1.37492e-4 1.62408e-4 1 0.802522 -0.5944916 -0.05038088 -1.83052e-6 -3.05413e-5 -1 0.7474492 -0.6642209 -0.01142221 -3.89942e-5 -3.87827e-5 -1 0.2393417 0.9709218 0.005152404 0.227468 0.9736623 0.0155012 -4.37643e-6 1.32101e-5 -1 0.2123111 0.9770008 -0.01983648 0.2236707 0.9735114 -0.04740202 0.8349118 -0.54952 -0.03082233 -0.8409633 0.5410922 2.76616e-4 -0.5372036 0.3468088 0.7688539 -2.02932e-4 1.20174e-4 1 -0.8648119 0.5019475 0.01221239 0 -2.19078e-6 -1 0.8965171 -0.4430079 -0.001111149 -0.8623396 0.5062556 0.008710265 -1.83112e-7 1.26012e-6 -1 -0.8751927 0.4837659 0.002887308 -8.10066e-7 -2.05701e-6 1 -0.6619832 0.7493951 0.01361083 -0.3621363 0.9316112 0.03094917 -2.17998e-5 5.18851e-5 1 8.14266e-6 -2.14933e-5 -1 -0.2082446 0.7622103 0.6129189 1.17445e-5 -1.6072e-5 -1 4.5283e-6 1.9589e-5 -1 0 -2.07254e-6 -1 0.3423179 0.9395034 -0.01232576 0.2541108 0.6986184 0.6688499 4.1479e-6 2.18286e-7 1 0.3626521 0.9317118 -0.01991927 3.33249e-4 1.04638e-4 1 4.34236e-5 6.06628e-5 1 0.5212844 0.8528539 0.03005105 0.5855582 0.8105814 0.008914768 3.06248e-6 -1.58881e-6 -1 -0.611496 -0.7911182 0.01430475 0 -2.39453e-6 -1 0.7035077 0.7105637 -0.0132808 0.4717987 0.4818803 0.7383749 0.6993502 0.7147353 -0.007914721 -0.7088574 -0.7048835 0.02569991 3.54727e-6 1.21931e-6 -1 -0.8140133 -0.5806913 0.01342159 1.12105e-4 3.80362e-4 1 0.6566379 0.4958994 0.5682522 5.00002e-5 4.20733e-5 1 0.7871955 0.616101 0.02726066 0 -5.08088e-7 -1 0.8524537 0.5227283 0.008834481 1.41781e-6 2.74619e-6 1 0 3.67931e-6 1 0.9338614 0.3574818 -0.01047414 0.9154502 0.4023505 -0.008074402 0.5828337 0.2557297 0.7713025 3.78554e-4 1.22884e-4 1 -0.9677334 -0.2513582 0.01764291 0 0 -1 0.8041927 1.86543e-4 0.5943687 2.40188e-4 -2.16398e-5 1 0.9957388 -0.09058248 0.01730132 0.9910596 -0.1332694 -0.006338953 -8.24269e-6 -2.65381e-6 1 0.9765194 -0.2151122 0.01169514 2.75448e-6 3.29158e-7 -1 2.0243e-4 -1.25872e-4 1 3.91248e-4 -9.654e-5 1 3.02658e-6 1.68159e-7 1 0.6068554 -0.7947875 0.006286263 -8.58738e-6 -9.78833e-7 1 0.5946875 -0.8038641 0.01222443 2.92347e-4 -3.9277e-4 0.9999999 3.4649e-6 0 1 0.3507315 -0.9364668 0.00416696 0.3069088 -0.9515344 0.01973217 1.44331e-4 -4.26621e-4 1 0.5092668 -0.8604828 -0.01472538 0.3137263 -0.5299234 0.7878815 -3.12974e-4 -1.48451e-4 1 0.2280997 -0.7683142 0.59805 0 3.85075e-6 -1 0.2667718 -0.9636566 0.014099 0.1354649 -0.9907569 -0.007077693 0.09144079 -0.6608038 0.7449678 0.04258763 -0.9990631 -0.007699906 -3.61959e-6 0 1 -5.1187e-6 -4.42228e-5 1 -0.06515872 -0.9974718 0.02836346 2.70687e-5 -7.0357e-5 1 -0.1532956 -0.7726098 0.6160962 2.7885e-6 -3.37674e-6 1 -0.3328956 -0.9429337 -0.007519364 -3.29602e-5 -7.84192e-5 1 -0.3984197 -0.9170041 0.0191136 -0.3340317 -0.9425298 -0.007774055 0 -3.43913e-7 -1 0 1.16829e-5 -1 3.33331e-6 4.60444e-6 -1 0.707651 -0.7063851 -0.01582145 1.81295e-6 1.7248e-5 -1 4.65679e-6 -2.90225e-6 -1 -0.7122529 0.7017836 -0.01398593 3.35782e-6 7.31183e-6 -1 0 -7.11425e-6 -1 0.540894 0.8409351 -0.01619273 0.5267375 0.8499962 -0.007350623 0 -6.42361e-6 -1 3.39472e-6 8.60965e-7 -1 -0.7453538 -0.6666419 0.00603646 0.7613766 0.6482816 -0.00606966 0.7733544 0.6318447 -0.05191624 0 -2.51088e-6 -1 -0.7754098 -0.6278762 -0.06716603 0 -5.73817e-7 -1 -0.8117883 -0.5835494 0.02167993 0 3.7353e-7 -1 0.04908508 0.9987224 0.01201778 -0.09759104 0.9936642 -0.0557444 1.79299e-6 -9.34737e-6 -1 -0.8707327 -0.4893209 -0.04888486 1.8829e-6 0 -1 -0.8731497 -0.4870774 -0.0191133 0.8679437 0.4928585 -0.0613535 -2.0461e-6 -2.03279e-6 1 9.84697e-6 -8.6689e-6 -1 0.8856927 0.4642565 -0.003785669 0.8843563 0.46669 -0.01069384 -0.9437238 -0.3280919 -0.04172766 0.9448616 0.3254627 0.03620404 -3.63381e-7 0 1 0.9251083 0.3796997 -0.001694679 0.90617 0.4227737 0.01087498 -3.10147e-6 -1.60103e-6 1 8.55588e-6 2.12858e-5 1 0.4289796 -0.9031647 -0.01643753 0.4367566 -0.8995059 -0.01152646 0.4293753 -0.9030117 -0.0143789 0.4246923 -0.9052723 -0.01089251 0.4172222 -0.9082573 0.03153467 2.55849e-6 -6.51255e-7 -1 0.1990014 -0.9770984 -0.07534807 0.4068055 -0.9128287 0.0354011 5.18686e-6 -1.78731e-6 -1 -6.6561e-6 -6.25178e-6 -1 1.13505e-6 3.57651e-7 -1 0.9450323 0.326527 0.01714777 0.8781293 0.4770702 -0.03595888 -8.60704e-6 -4.30409e-6 -1 0.8649477 0.5018591 -0.001700937 -0.00652939 -0.001966118 -0.9999768 0.8234242 -0.5655397 -0.04623216 0.9571002 0.288142 -0.03055268 5.47434e-6 2.2936e-6 -1 -0.00519663 3.3901e-5 -0.9999865 0.8731596 -0.4874249 0.003071427 -0.01101046 -0.002121627 -0.9999372 -0.0147221 -0.008018195 -0.9998595 -0.8878873 -0.4600609 -3.44216e-4 -1.48435e-6 -5.26422e-7 1 -0.8895846 -0.4565245 -0.01498997 -8.38337e-6 -5.3472e-6 -1 -1.22839e-5 9.64029e-6 -1 -0.9153731 -0.402266 0.01656579 0 3.8967e-7 -1 -0.8828634 -0.4696207 -0.002957165 2.11282e-6 0 -1 -0.9656777 -0.2584197 -0.02618718 -8.50459e-6 1.02104e-5 -1 -0.9620147 -0.2699585 0.04062294 -1.06497e-6 0 -1 -0.929889 -0.3663297 -0.03330463 -3.25238e-6 1.52775e-7 -1 -4.37901e-6 4.11391e-7 -1 -0.2112052 -0.9762832 0.04757684 0 5.6062e-7 -1 -0.9285519 -0.3710964 -0.008881747 -0.9303903 -0.3660141 -0.02018731 -6.88146e-7 -4.49602e-7 -1 -0.9376598 -0.3473013 -0.01326745 0 5.13922e-7 -1 -0.9404479 -0.3392926 -0.02093642 0 0 -1 -0.9715248 -0.2348631 -0.03128921 -0.9842972 -0.1764052 -0.00635904 0 -2.27436e-6 -1 -0.756986 -0.6525827 0.03328663 -0.9923326 -0.119911 -0.02995789 -5.70909e-7 0 -1 -6.45717e-6 -6.77744e-6 -1 0.9992143 0.03962135 9.70985e-4 0.9990634 0.04222333 -0.009471058 -9.95274e-7 0 -1 2.09966e-5 -4.19421e-6 -1 -0.9999251 0.01103001 0.005298554 -2.24081e-6 0 -1 3.68219e-6 0 1 0.9987782 0.04924637 -0.004126608 0.9966229 0.08159685 0.009210109 0.9956908 0.08656543 -0.0332598 0.9999295 0.00277847 -0.01155245 0.999794 -0.0201075 0.00281912 1.76238e-6 0 1 0.9999867 0.00309509 0.004138171 -6.9493e-6 0 1 0.9992473 0.01175314 0.03697007 -0.9959781 0.06975346 0.05623221 5.48998e-6 0 1 0.9945112 -0.1046288 -6.47322e-4 0.9942478 -0.1070753 0.002484202 -0.9925506 -0.1172869 -0.03297495 0.9936059 0.1129029 4.80393e-4 -0.9983905 -0.05218708 -0.02220147 -0.99871 -0.04950654 -0.01128911 -0.9990654 -0.03098869 0.03013509 4.6936e-6 1.85253e-7 -1 -0.9984257 -0.05485188 0.0117321 2.35482e-6 3.23949e-7 -1 -3.0635e-6 0 1 -0.9946389 -0.0967313 0.03655898 1.35457e-6 7.60896e-7 -1 -0.9905364 -0.1372257 -0.002603173 0.9939066 0.1102216 -9.36203e-4 -1.66084e-6 -2.97802e-7 -1 -0.2870957 0.9576755 0.02082937 -5.61305e-6 0 -1 0.9743117 0.2248958 -0.01177376 0.9777764 0.2083527 -0.0232951 -0.9819288 -0.1845875 0.04175353 -2.58901e-6 0 -1 0.9857341 0.1682618 -0.004057347 0.9881567 0.1513963 -0.02501237 -0.5327917 0.8462359 -0.004226505 -4.77331e-7 -8.33793e-7 -1 -0.4543939 0.8896697 -0.04487949 0 -2.48584e-7 -1 -0.972117 -0.2344906 0.001685678 4.32823e-6 -1.30638e-7 -1 0.9735277 0.2283818 -0.009247541 0.9729368 0.2310506 -0.003130018 0 -6.95259e-7 -1 -0.7193799 0.6943722 -0.0184338 0 -6.01225e-6 -1 -0.6804566 0.7318508 -0.03705871 -0.498376 0.8669408 -0.005928397 0 4.49954e-6 -1 -0.3835773 0.92247 -0.04378914 -1.04768e-6 -2.89974e-6 -1 -3.34482e-6 4.66282e-7 -1 -0.2282471 0.9736024 0.001331746 -0.02426248 0.9988789 -0.04064887 5.73501e-6 -9.57723e-7 -1 0.0990411 0.9950616 -0.006588757 -4.93525e-6 3.52387e-5 -1 -0.2502478 -0.9681537 0.007399976 0 -2.49846e-6 -1 -5.54523e-6 8.74603e-7 -1 0.273194 0.9612483 -0.03697186 0.9957943 0.0883218 -0.0243501 -1.26524e-5 1.74053e-6 -1 0.9984933 0.05372148 -0.01119416 -0.9751893 -0.2194122 -0.02939748 -0.9681931 -0.2500314 -0.009302735 -0.9506108 -0.3087911 0.03141927 -3.42594e-6 0 1 0.9572182 0.2893672 3.43963e-4 0.9500603 0.3119631 0.00803411 3.8671e-6 -1.5365e-6 1 -8.87121e-7 0 1 0.9412808 0.3376215 -0.001526892 0.9377129 0.3464749 -0.02549284 -1.29882e-5 -1.79028e-6 -1 -0.9954925 -0.09231239 0.02175146 -0.5447922 -0.8353787 -0.07310324 -0.8771394 -0.4795783 -0.02512484 0.92938 0.3690527 -0.007286489 -0.848087 -0.5269005 -0.05589675 3.88281e-6 0 1 -3.47622e-6 0 1 -0.8097549 -0.5845097 0.05143547 -0.7856575 -0.6176904 -0.0346564 0.7469476 0.6647707 0.0122233 1.17524e-6 0 1 0.7408562 0.6713621 0.02013051 -2.23853e-6 0 1 -0.7427995 -0.668527 0.03634232 -0.7167945 -0.6964244 -0.03462409 -2.84918e-6 0 1 -0.5397277 -0.6032396 0.5871934 -0.6334406 -0.773734 0.009430527 -7.62706e-6 -2.01133e-6 -1 1.5035e-4 -3.14609e-4 1 -0.6926308 -0.7212879 -0.002520084 -0.6976943 -0.7163947 0.001126348 -3.52813e-4 -3.61791e-4 1 -1.73768e-6 -2.04903e-6 1 -3.77506e-6 -1.886e-6 -1 0.6330845 0.7724358 -0.0504688 0.6996899 0.7144174 -0.006476104 -0.7487226 -0.6627131 -0.01503199 -0.4845458 -0.4283353 0.7627216 0.7122756 -0.7017941 -0.01219052 0.7173267 0.6966159 -0.01298844 -0.7154193 -0.6985918 -0.01203179 -2.13732e-6 -1.91941e-6 -1 -0.7330375 -0.6796709 -0.02652353 -0.6557669 -0.754342 -0.03062438 0.6588717 0.7517469 -0.02765375 0.6631879 0.7483265 -0.01376038 -8.48088e-7 0 1 0.7234603 0.6903566 -0.003593802 0.810559 0.5854901 0.01398593 -2.1465e-7 0 1 -8.52977e-7 0 1 0.8175497 0.5758122 -0.00728476 0.8306282 0.5567811 0.007193863 5.89328e-7 0 1 0.8302188 0.5568209 0.02621304 0.8863826 0.4615907 0.03549796 1.13752e-6 0 1 3.05043e-6 0 1 -0.8918232 -0.4510487 0.03473532 -0.8926187 -0.4485335 0.04527443 0.8718845 0.4897108 7.94901e-4 -0.8073061 -0.5898865 -0.01706087 -0.8121812 -0.582966 -0.02263599 6.94477e-7 0 -1 0.8089751 0.587579 0.0176168 -2.97171e-6 6.41633e-7 -1 0.2795279 0.9596562 -0.03040301 0.2682628 0.9630978 -0.02186197 -2.05029e-6 -3.13377e-6 -1 -0.7060121 0.7081418 -0.009069681 0.3839167 0.9233648 0.002340674 -0.2159997 -0.60819 0.7638384 7.97759e-7 0 1 -5.53874e-6 1.5822e-6 -1 -5.39676e-6 1.1312e-6 -1 0.6646201 -0.489924 0.5641406 0.7671858 -0.6412138 0.01645725 0.8744159 -0.4848973 -0.0164808 0.5650482 -0.3151427 0.7624997 5.02636e-6 1.21371e-6 1 0.8491674 -0.527933 0.01419281 0.8520836 -0.523285 0.01124316 3.10921e-4 -1.00673e-4 1 0.9937394 0.1112114 -0.01067596 0.7239934 0.03572809 0.6888812 0.9988849 0.04695832 0.004894912 8.30604e-6 1.28017e-6 1 0.9535812 0.3006266 0.01751506 -0.8771833 -0.479339 0.02799326 2.66371e-6 -1.71084e-6 1 0 1.72057e-6 1 -0.5115368 -0.8588075 0.02792674 0.2646672 0.7091984 0.6534439 0.154692 0.9878445 0.01528513 5.75776e-5 4.65874e-4 1 -0.0727204 0.9970881 -0.0229637 -0.1539288 0.9879776 -0.01436412 -0.1003503 0.6451713 0.7574193 0.1192102 0.991809 0.04586726 -0.2598464 -0.96553 0.01521986 -1.23379e-6 -9.09329e-6 -1 0 -3.83715e-6 -1 0.1393969 0.9902363 -8.04933e-4 0 -1.5295e-6 -1 0 3.71462e-6 -1 -5.54874e-5 6.36087e-6 1 -0.9866431 0.1628441 -0.00416249 -1.89903e-6 0 -1 -0.9973373 0.07235682 0.009104907 1.83131e-6 0 -1 0.9890059 -0.1474831 -0.01077091 0.9777001 -0.2070448 -0.03514552 -0.2928689 -0.9560562 -0.01357793 -0.33661 -0.9414539 0.01893037 1.19413e-5 -1.46187e-5 -1 -0.329448 -0.9421307 0.06207871 -0.2484824 -0.9673164 -0.05055248 -0.2446776 -0.9690663 -0.03230363 2.54975e-6 -1.97629e-6 -1 -3.00151e-5 0 -1 7.38794e-5 0 -1 4.60189e-6 0 -1 -0.3615499 -0.9313273 -0.04371792 -2.08644e-7 0 -1 -1.06762e-5 0 1 -0.1585534 -0.9873188 0.007894337 -0.09927427 -0.9949646 0.01379179 -6.11208e-6 0 -1 -1.46953e-5 0 1 5.13516e-5 0 1 -9.26182e-6 7.6425e-6 -1 -0.005834579 -0.9986152 0.05228459 -1.80127e-7 7.73253e-7 -1 -3.52324e-5 0 1 -0.2500246 0.9680338 -0.01995956 1.05531e-6 5.81505e-7 -1 -5.45203e-5 0 -1 -0.4530764 0.8912307 -0.02072978 1.28743e-4 0 1 0.08946895 -0.9948102 -0.04845559 -1.10981e-5 0 -1 -0.6012943 0.7989124 0.01357322 6.61609e-7 -2.22698e-5 -1 0.03151863 -0.9993299 -0.01860988 -0.06112778 0.9981269 0.002508819 0 -1.13567e-6 -1 0.3801518 -0.9247922 0.01561933 -0.133058 0.9910328 -0.01222956 0 1.09834e-6 1 0 -4.84265e-7 1 -3.56002e-5 0 -1 4.0592e-5 0 -1 -3.42657e-5 0 -1 -3.56061e-5 0 -1 -1.06453e-5 0 -1 0 -6.08333e-7 1 -3.86882e-4 -0.9997318 0.02315622 -0.001435041 -0.9999859 -0.005129396 0 3.5614e-6 -1 5.06065e-6 6.56129e-7 -1 0 -3.07828e-6 -1 0 1.49517e-6 1 -0.8016092 -0.5975234 0.01970994 -0.8344398 -0.5501043 -0.03309923 -0.9080764 -0.4170979 0.03777408 -0.9556721 -0.2894861 -0.05374771 -0.9826621 -0.1812569 0.03900468 -1 -3.01915e-4 0 -0.9997515 -0.001169502 -0.02226364 -0.6457649 -0.7629377 -0.03023272 -2.90552e-6 -1.93021e-6 1 -0.6118083 -0.7904018 0.03091257 -0.3230831 -0.9463664 0.002799749 5.71468e-6 1.8982e-6 1 -0.3355704 -0.9418126 -0.01953548 0 -8.04448e-7 1 0 -4.31927e-6 1 0.005440831 -0.9992917 -0.03723925 -3.16835e-6 9.75937e-7 1 0.8641242 -0.4980794 -0.07215487 0 -1.4643e-6 -1 0.9383099 -0.3379145 0.07340562 -8.25878e-7 1.58261e-6 -1 0.9743543 -0.2203095 -0.04579991 8.7216e-7 -4.17824e-7 -1 0.9999572 -0.003263592 0.008669197 0.9998939 0 -0.01456809 0.9981342 -0.05932229 0.01446229 -1.29882e-7 0 1 1 0 0 -1.55147e-6 -6.45933e-6 1 -5.68621e-7 1.63648e-7 1 1.01089e-6 -2.40498e-6 1 -6.22868e-7 0 1 -5.95112e-7 0 1 1.74234e-6 2.43047e-6 1 -1.48844e-7 0 1 0.9997865 7.24522e-4 0.02065008 -2.47523e-6 -2.06364e-6 -1 -1.76623e-6 -1.72538e-5 1 -1.90415e-5 -6.32602e-6 1 1.21067e-7 0 -1 0 -2.28874e-5 -1 0 5.85627e-6 -1 0 1.25407e-5 1 3.01335e-7 -5.9142e-7 -1 1.72516e-7 1.87803e-6 -1 -4.03491e-6 0 -1 -3.15882e-6 -2.92298e-6 -1 0.1735583 -0.9840319 0.03948205 -6.82654e-6 -1.32993e-5 1 0.245672 -0.9693317 -0.006438136 4.8134e-6 0 -1 0.7572197 -0.6531245 -0.00683999 8.36091e-7 0 -1 -3.51314e-7 9.85235e-6 -1 0.766008 -0.642825 0.002778947 0.9902219 -0.1391801 0.009466707 2.01596e-6 0 -1 -1.51172e-7 2.85795e-6 -1 0.9932271 -0.1161448 -0.003209769 0 1.58275e-7 -1 -3.31148e-5 -9.78192e-6 -1 0.9502058 0.3115652 -0.006023108 0 0 -1 0.9418935 0.3358362 0.007128179 0.6785431 0.7345265 0.007078886 0 0 -1 0.6474385 0.7619233 -0.01721119 0 3.69356e-6 1 0.1710452 0.9851943 0.01164579 -1.71209e-6 0 1 0.1261423 0.9918994 -0.01495873 0 0 -1 0 -3.01779e-6 1 -0.2916852 -0.9553237 -0.04771363 -0.5060643 -0.8605196 0.05835163 0 -1.86051e-6 1 -0.8183592 -0.5725483 -0.04976791 -0.8761606 -0.4818935 0.01102519 -0.9992731 0.03096824 0.02223169 0.002128899 0.9981554 0.06067317 0.004228353 -0.9993881 -0.03472149 0 4.03965e-7 1 -0.999969 0.002222061 -0.00756061 0.746445 0.6642938 0.0391606 0.7893678 0.6133757 -0.02586239 -7.81125e-6 0 -1 6.51452e-5 1.18801e-5 -1 1.12627e-5 0 1 0.8958811 0.4440551 0.01456922 0.9732955 0.2281937 0.02497267 0.983276 0.180873 -0.0212903 0.9086768 0.4172004 -0.01582056 0.6197994 0.7840036 -0.03445416 0.5468869 0.8366748 0.02983182 6.89332e-7 0 -1 0.4407135 0.8972421 -0.02698737 0.33369 0.9415827 0.04553043 0.2221868 0.973783 -0.04878318 1.96652e-6 0 1 -1.61156e-7 0 1 -5.55963e-5 0 1 5.56286e-5 0 1 -6.53818e-6 0 1 -3.02091e-5 0 1 1.21567e-5 0 1 -1.63413e-5 0 1 7.56818e-5 0 1 -2.81486e-6 0 1 -3.86837e-5 0 1 7.46826e-6 0 1 -1.6498e-6 0 1 -1.6853e-4 0 1 7.18927e-6 0 1 1.15433e-5 0 1 2.84193e-6 0 1 2.65643e-5 0 1 -1.93552e-5 0 1 -6.37776e-5 0 1 -1.54661e-4 0 1 -9.10954e-4 0 -0.9999997 0.001539707 0 0.9999988 8.26959e-4 0 -0.9999997 1.42848e-4 0 1 -3.90472e-4 0 -1 -6.84779e-6 0 -1 -0.9713242 -0.2374507 0.01211005 0.9713935 0.2374688 -0.001802921 0.3393284 0.9394099 -0.04863566 0.2845021 0.9584609 -0.02028357 1.33116e-6 0 -1 0.2968796 0.9545418 -0.02669495 0.2719066 0.962292 0.00781095 1.23193e-6 -1.16669e-6 -1 0.2479852 0.9685193 -0.0217691 -1.10473e-5 3.81574e-6 -1 0 -2.3389e-6 -1 -0.1050022 -0.9942731 -0.0198937 -0.1093273 -0.9937611 -0.02205497 -0.08073836 -0.9966711 0.01132428 0 1.20752e-6 -1 0 1.17523e-6 -1 0.2043735 0.978629 -0.02273494 -2.14456e-7 0 -1 3.90272e-6 2.23263e-6 -1 0.1496188 0.9878829 -0.04125201 0.1099858 0.9936088 -0.02539104 -1.89726e-6 1.17582e-6 -1 -1.59933e-6 0 -1 2.18681e-5 0 -1 0.06959658 0.996752 0.04051756 4.42339e-7 0 -1 5.72475e-5 0 -1 1.74936e-5 0 -1 -4.70117e-5 0 -1 5.01978e-5 0 -1 1.85099e-5 -2.29699e-5 -1 0.999635 0.01852273 -0.01967126 -2.55533e-7 3.19028e-6 -1 -0.04025113 0.999174 -0.005583584 -1.65355e-6 4.58014e-7 -1 -3.72743e-5 0.9996195 -0.02758681 0.02475196 0.9994815 -0.02059525 0.03018903 0.9993505 -0.01968055 4.1037e-6 1.57542e-6 -1 -0.04439038 -0.9980708 -0.04340964 -2.53803e-6 9.32697e-7 -1 0.02798676 0.9987015 0.04257184 2.38924e-7 0 1 0.05213725 0.9954362 -0.07992917 -5.52133e-7 6.4305e-7 -1 -0.02262043 -0.9997298 -0.005377829 -9.64125e-6 7.36892e-6 -1 -8.8033e-6 0 -1 0.9997727 -1.59887e-5 -0.0213235 -0.9997868 -6.66525e-4 -0.02063989 0 1.54123e-6 -1 -0.007341861 0.9996656 -0.02479583 -0.001276195 0.9996393 -0.02682638 -0.9997618 -6.5213e-6 -0.02182883 -0.07969838 0.9967671 -0.01018458 2.86062e-6 5.23884e-7 -1 0.04754394 -0.9988247 -0.009435772 0.03959482 -0.9987788 0.02955061 -7.44888e-6 9.84202e-6 -1 -0.2026645 0.9788117 -0.0292378 0.06284946 -0.9979568 -0.0115019 1.32082e-6 -1.35541e-7 -1 0 -3.70182e-6 -1 -0.01799178 0.9998278 0.004582822 0.9997802 -2.15583e-4 -0.02096575 3.31817e-6 -3.7341e-6 -1 0.9997791 7.65354e-4 -0.02100694 -9.76333e-7 -1.80272e-6 -1 0.09648668 0.9951827 -0.01737517 -5.71837e-6 0 -1 0.3439707 -0.938973 -0.003727853 -1.87511e-6 0 1 -0.3439648 0.9389553 0.007151484 -0.2978833 0.9546021 7.06289e-4 -0.2647459 0.9643043 -0.005194365 -6.5765e-5 0 -1 1.92705e-5 0 -1 0.2190042 -0.9752582 0.03014183 -0.219083 0.9755895 -0.01509189 -1.55137e-5 0 1 5.48709e-5 0 1 0.2647161 -0.9641927 0.01606166 0.2237187 -0.974237 0.02850097 3.05535e-5 0 -1 -0.1776071 0.9837681 -0.02561444 -1.93715e-5 0 1 0.1776406 -0.9839552 0.01662069 0.1216704 -0.9925569 0.005228817 -0.1215603 0.9916705 -0.04257827 -0.07246083 0.9955667 -0.05997014 -0.07508194 0.9954346 -0.05893009 -0.01528906 0.9990962 -0.03966146 0.03247547 0.9991152 -0.02672529 0.07732403 0.9968649 -0.01677995 0.1146068 0.9933624 -0.009821832 0.1671447 0.9859309 -0.001721799 0.2277722 0.9737082 0.003501117 0.3001145 0.9538913 0.004766941 0.3596707 0.9330785 0.001265347 0.4258378 0.9047678 -0.00758028 0.4861965 0.8736231 -0.01989287 0.5497307 0.8343917 -0.03983467 0.5528804 0.8322468 -0.04109466 -7.20638e-6 -3.47798e-6 -1 0.5964151 0.8021616 -0.0287379 0.639624 0.7684768 -0.0180211 0.6799273 0.7331975 -0.01097625 0.7157956 0.6982749 -0.006990849 0.7455801 0.6663958 -0.005209565 0.7804362 0.6252084 -0.005818068 0.8155901 0.5785519 -0.009517192 0.8482391 0.529338 -0.01707959 0.8751993 0.4830128 -0.02692407 0.9043916 0.4246379 -0.0419352 3.27763e-6 1.92444e-5 -1 0.8950695 0.4432241 -0.04902148 0.9133898 0.4054611 -0.03633868 0.9302324 0.3660929 -0.02537322 0.9436261 0.3305796 -0.01693689 0.9574884 0.288339 -0.008761525 0.3914355 -0.9201224 -0.0123766 -0.3914394 0.9201357 0.01120603 -3.28094e-5 0 1 6.14345e-5 0 -1 0.4542725 -0.8906354 -0.02013319 -3.05799e-5 0 -1 -0.4543271 0.8907441 0.01273083 2.98066e-5 0 1 -0.5157209 0.8567076 0.00916934 4.89805e-6 0 1 0.2978742 -0.9545793 0.007039546 -0.02606481 0.9990933 -0.03366303 4.90332e-7 3.047e-6 -1 -9.41995e-6 0 -1 1.55031e-5 0 -1 -1.42336e-5 0 -1 0.1897738 0.9815362 0.0239306 1.12635e-5 0 -1 1.12215e-6 0 -1 -2.77548e-5 0 -1 -2.28702e-6 0 -1 8.64004e-7 0 -1 0.2905074 0.9565739 -0.02391803 3.85371e-7 0 -1 0 2.94311e-6 -1 0.3160349 0.948557 0.01901614 -9.76405e-6 -7.91981e-6 -1 -7.57705e-7 1.90833e-7 -1 -0.9357006 0.3521077 -0.02201133 -0.9267887 0.3750335 -0.02031409 -1.31564e-5 -3.93001e-6 -1 4.57669e-6 0 -1 -7.36052e-7 0 -1 0.21096 0.9773184 -0.01856678 -2.93549e-6 0 -1 -0.957521 -0.2883471 0.003094077 -0.9437595 -0.3306255 -0.002186477 -0.930517 -0.3662119 -0.005204558 -0.9139707 -0.4057182 -0.007103204 -0.8961235 -0.4437507 -0.006932258 -0.8755078 -0.4831783 -0.005002737 -0.8483627 -0.5294156 -7.61971e-5 -0.8155979 -0.578554 0.008684039 -0.7745376 -0.6321074 0.02306562 -1.38795e-7 0 -1 -0.7801916 -0.6250039 0.02591067 -0.7455395 -0.6663571 0.01179873 -0.7158079 -0.6982925 0.002618014 -0.6799584 -0.7332267 -0.005938947 -0.6396797 -0.7685436 -0.01227438 -0.5965918 -0.802402 -0.01514142 -0.5501008 -0.8349484 -0.01583027 -0.4862599 -0.873737 -0.01161658 -0.4258512 -0.9047914 -0.00180155 -0.3596401 -0.9330029 0.01283121 -0.3109267 -0.9500568 0.02677381 1.79551e-7 -1.30217e-7 -1 -0.3000368 -0.9536393 0.02345269 -0.2277683 -0.9736896 0.007096409 -0.1671439 -0.98593 -0.002266645 -0.1146118 -0.9933878 -0.006695687 -0.07733005 -0.9969692 -0.008521199 -0.03248542 -0.9994308 -0.009099483 -9.25275e-7 3.2554e-6 -1 -0.9833061 -0.1802183 0.02511429 -0.9814569 -0.1895785 0.02832543 -0.9878968 -0.1540759 0.01790183 -0.9921572 -0.1245923 0.0100497 -0.9957624 -0.09193694 0.002240836 -0.9988284 -0.04795557 -0.006510376 -0.9998906 0.004360079 -0.01413875 3.76132e-6 0 -1 0.9999735 -0.004358172 -0.005846261 -1.2697e-4 0 1 1.2857e-7 0 -1 -0.998215 0.05662554 -0.01899123 -6.88095e-5 0 1 -8.58297e-7 0 -1 0.9937171 -0.1089079 -0.02579826 -0.9938274 0.1089208 -0.02105778 0.9982906 -0.05663138 -0.01445537 5.9942e-6 0 1 0.9868203 -0.157101 -0.03879415 -0.9873589 0.1571847 -0.02037984 7.39283e-5 0 1 0.9988496 0.04795402 4.91244e-5 0.9957615 0.09193396 0.002708077 0.9922018 0.1245962 0.003396332 0.9880487 0.154108 0.003238677 0.9818494 0.1896507 0.002098798 -1.04344e-5 0 -1 3.72485e-6 0 -1 -4.5159e-6 0 -1 -5.81318e-6 0 -1 6.04292e-7 0 -1 2.05754e-5 0 -1 0.07259142 -0.9973599 -0.001915574 0.0152986 -0.999857 -0.00721395 -0.9928227 0.1152186 -0.03206163 -0.7892202 0.6139993 0.01167428 -0.791034 0.611692 0.009916961 -0.4323331 0.9016224 -0.01285994 -0.3735188 0.9274105 0.01983857 2.42805e-7 -2.444e-7 -1 -2.063e-6 2.76873e-6 -1 -8.27464e-7 -2.17471e-7 -1 -3.58864e-6 -2.64477e-5 -1 0 3.72893e-6 -1 -0.1407979 0.9895157 0.03216952 5.06685e-6 7.41446e-6 1 -0.07605856 0.9970203 -0.01287919 0.4434873 0.8962647 -0.005357205 4.84557e-6 -8.69868e-6 -1 0.5250009 0.849548 0.05140405 0.8712251 0.4863926 -0.0662499 6.33798e-6 4.8117e-6 -1 -3.96945e-6 6.81288e-6 -1 0.9715933 0.2290566 0.05949491 0.9941325 -0.09680402 -0.04826635 -4.4802e-6 -7.45083e-6 -1 0.9446783 -0.3253855 0.04131984 0.7087865 -0.7047077 -0.03176259 6.57772e-7 2.00425e-6 -1 0.6568921 -0.7539113 0.01052641 0.1452906 -0.9893039 -0.01298278 1.35496e-7 3.74426e-6 -1 0.07886034 -0.9964463 0.0295962 2.08084e-6 3.1055e-6 -1 3.43169e-6 1.83273e-6 -1 3.2179e-6 -4.27259e-6 -1 0 2.41326e-5 1 -1 0 2.82219e-7 -1 0 2.82219e-7 1 0 -2.82218e-7 0 -1 0 0 -1.50052e-6 -1 1.78889e-7 0 -1 0 -1 -1.20815e-6 1 0 -5.64438e-7 0 1 -1.20815e-6 1 6.04064e-7 0 0 1 0 -3.32154e-7 5.10188e-6 -1 0 -2.55157e-7 -1 1.81112e-7 -1.56725e-7 -1 1.2784e-7 2.70278e-6 -1 -1.07917e-6 0 -1 3.84315e-7 0 -1 -5.71879e-7 0 -1 -1.89628e-6 0 -1 7.78386e-7 0 -1 -9.48585e-7 0 -1 1.53085e-6 0 -1 -9.9612e-7 0 -1 4.68291e-7 0 -1 4.2949e-7 0 -1 7.33194e-7 0 -1 -1.27439e-6 0 -1 8.84215e-7 0 -1 -0.7661767 0.6426156 0.004315257 -3.5233e-6 -1.48303e-7 -1 -0.5805184 0.8142465 0.001079916 0 -1.78567e-7 -1 -0.5448716 0.838509 -0.004201352 -0.3034224 0.9528495 0.003552436 3.04522e-6 -2.21339e-7 -1 -0.2757827 0.96122 -2.06387e-4 -8.41885e-7 -6.15587e-7 -1 -0.003169894 0.9999914 -0.002664566 0.0610392 0.9981281 0.003818213 0 -3.57019e-6 -1 0.2361273 0.971717 -0.003174424 0.3287506 0.9444084 0.004000306 6.4191e-7 -1.09115e-6 -1 0.5226032 0.8525599 -0.0052585 0.6113323 0.7913444 0.006853401 -5.92924e-7 -5.99321e-7 -1 0.8124694 0.5829352 -0.008954048 0.870177 0.4927079 0.005554556 0 -3.44506e-7 -1 0.9799274 0.1993533 -7.88276e-4 -3.19035e-6 -1.71049e-7 -1 0.9857581 0.1680665 -0.005894601 -2.68361e-6 0 -1 0.9906702 -0.136179 0.005300283 0 1.25336e-7 -1 0.9696224 -0.2445489 -0.005311012 1.43654e-6 2.84917e-7 -1 0.9158214 -0.4015601 0.004538953 0.8353049 -0.54974 -0.007195651 0.743117 -0.6691311 0.006379365 -1.36248e-6 4.50568e-7 -1 0 6.42439e-7 -1 0.5469127 -0.8371811 -0.003805637 0.5447387 -0.8385954 -0.004191339 0.28103 -0.9596841 0.005346357 0 1.10992e-6 -1 0.1823428 -0.9832121 -0.006720602 -0.8140499 0.58077 -0.005396604 -0.9465804 0.322464 0.001640856 2.58619e-6 0 -1 -0.9454644 0.3257235 0.001128196 -0.9995793 0.02900207 3.76897e-4 0 0 -1 -0.9999315 0.01155364 -0.001910507 -0.8055341 -0.5925142 -0.006462216 -0.185145 -0.9826981 -0.005096912 -0.6800166 -0.7331666 0.006651937 -0.529954 -0.8479999 -0.006703734 -0.4227476 -0.9062336 0.00503093 -0.09574556 -0.9953899 0.005626559 -0.9644195 -0.264372 0.001623392 -0.9510796 -0.308931 -0.003073215 -0.873023 -0.4876641 0.003803551 -0.7301734 0.6829476 -0.02072161 -0.7424923 0.6698151 -0.007288753 -0.9862379 0.1643749 0.01776814 -0.9921969 0.1245651 -0.005378365 2.48869e-7 0 -1 -0.9292923 -0.3690872 -0.01380139 -0.919094 -0.3940229 0.003517389 -0.5883587 -0.8079795 0.03167378 -0.4767609 -0.8774729 -0.05235093 -3.89968e-7 -3.46523e-6 -1 -2.87019e-7 1.88635e-6 -1 0.7529364 -0.6545884 0.06782943 0.6733742 -0.7369233 -0.05925595 0.4902011 -0.8697184 0.05738413 0.3744055 -0.9242631 -0.07455432 0.2353535 -0.9703869 0.05438882 -0.9731062 0.2293794 0.0212 -0.9846976 0.1741128 0.007451832 -0.9931474 0.11682 -0.003380239 -0.9985361 0.05292361 -0.01117616 -0.9690149 -0.2468803 0.00777477 -0.9563534 -0.2916156 0.01867526 3.58012e-7 0 -1 0 0 1 -3.68433e-5 0 -1 -1.00352e-6 0 1 0.773859 0.6328528 0.02529186 -8.50863e-7 0 1 -0.3526819 0.9353784 -0.02612841 0.0033046 -0.008768379 -0.9999562 0.00261563 -0.01063483 -0.9999401 -0.2388617 0.9709203 -0.01609504 -0.2051416 0.9785574 0.01850277 0.002781152 -0.01078528 -0.9999381 -0.07828909 0.9963656 -0.03356355 0.001467347 -0.01868045 -0.9998245 -0.01457095 0.999642 0.02244108 -2.34985e-6 8.93405e-6 -1 -0.3691329 -0.929278 0.01354855 5.88154e-5 0 -1 1.02262e-6 0 -1 -0.03059202 -0.999315 -0.02083086 -4.08586e-5 0 -1 -2.06544e-5 0 -1 1.89206e-5 0 -1 0.1414138 -0.9899264 0.006916522 -0.2138637 0.9762035 -0.03590482 0.2139149 -0.9764403 0.02837121 -1.90095e-5 0 -1 4.23291e-5 0 -1 0.2728211 -0.9607478 0.05032342 0.2479865 -0.9679498 0.03969782 1.21477e-5 0 -1 -6.12371e-6 0 -1 0.3357414 -0.9418392 0.01472634 -0.4095604 0.9121816 -0.01360511 0.4914082 -0.8708456 -0.01208162 -2.13972e-5 0 -1 -0.4914413 0.870905 -0.003185153 0.1935318 0.9807498 0.0259906 -0.01151353 -0.02140939 -0.9997046 -9.54873e-6 0 -1 -0.5720052 0.8202483 -0.001673281 3.13224e-5 0 -1 0.5719514 -0.8201784 -0.01338821 -1.75777e-5 0 -1 0.6286051 -0.7776823 -0.008119463 -0.6286082 0.7776933 -0.006709575 -2.53874e-5 0 -1 0.6840606 -0.7294231 0.001735687 -0.6839718 0.729328 -0.01622778 0.3034191 0.9522472 -0.03409165 -0.7333078 0.6791936 -0.03091609 -0.7778964 0.6264126 -0.0498439 2.15396e-5 1.41428e-6 -1 1.43513e-5 0 -1 0.7335582 -0.6794188 0.01681005 0.4095979 -0.9122646 -0.001721978 -6.46112e-4 -0.002029478 -0.9999978 0.3609676 0.9325426 0.008164823 -4.72352e-6 -7.35765e-6 -1 -8.72243e-7 -1.01845e-6 1 -0.5133691 -0.8578251 -0.02425426 -0.528192 -0.849021 -0.01329791 -0.8869399 0.4618833 -0.001177549 0 1.34865e-6 1 -0.9875423 -0.1573234 0.00310862 4.10789e-6 0 1 -0.969933 -0.2433604 -0.00239259 0.5273123 0.8493604 0.02299582 -0.5768449 -0.8168534 8.58102e-4 -0.5706281 -0.8212015 0.003454029 -7.86126e-7 0 1 0.5712619 0.8206909 0.01124149 -0.5204035 -0.8483647 0.09725046 1.03035e-5 1.41525e-5 -1 8.65441e-6 1.42281e-5 -1 -0.6136494 -0.7841182 -0.09269964 -0.6149865 -0.7782706 -0.1268336 -7.06909e-6 4.33087e-5 1 9.94675e-6 -8.93304e-6 1 -0.9824901 0.1850043 -0.02205753 -0.9826374 -0.185054 -0.01337778 -3.34486e-6 -1.37183e-5 -1 -0.9508467 -0.3090616 -0.01927626 5.75917e-6 -2.20522e-5 1 0.715291 0.6987239 0.01199084 0.6902382 0.7232642 0.02145153 9.37005e-7 5.57811e-6 1 -8.01729e-6 6.3367e-7 1 2.64517e-6 -1.31946e-6 -1 -0.3131977 -0.9495772 -0.01450341 5.13083e-5 2.10517e-6 1 0.05049151 -0.998485 -0.02187067 0.1375094 -0.9903504 -0.01724267 0.5464175 -0.8374156 -0.01277422 0.5396394 -0.8417945 -0.01308792 1.55871e-5 -3.48664e-6 -1 -1.14382e-6 -1.7286e-6 -1 -0.5668306 -0.8235647 -0.02108484 -1.78446e-6 -2.40404e-6 -1 -0.7051765 -0.7088925 -0.01405602 0 -2.26976e-6 -1 -0.9453697 0.3255075 -0.01792168 -0.6588351 -0.7521776 0.0128507 -0.8788267 0.4771364 -0.002161562 -0.6173068 -0.786717 0.002955675 -1.18378e-5 2.59987e-5 -1 -0.1750272 -0.65329 -0.7365987 0.4732359 0.8805184 0.02711582 -5.53751e-6 1.33401e-6 1 -0.8694636 0.4939944 0.001658856 -0.4452406 -0.8953974 -0.004946231 -0.4282801 -0.9033166 -0.02440255 -0.3428956 -0.9356387 -0.08368432 0 -1.85981e-6 -1 -0.9059795 0.422878 -0.01937878 -0.9082891 0.418058 -0.01544654 -0.128946 -0.9691152 -0.210211 -0.1319211 -0.9584518 -0.2529168 0.05246663 0.9986009 -0.006614089 -1.49433e-6 0 1 0.1013276 0.9945119 0.02605658 4.08726e-7 0 1 0.02904355 0.9991254 -0.03008359 0.008469939 0.9997366 0.02133101 0.03214377 0.9994829 -9.63049e-4 -0.04049164 -0.9991478 0.008013725 -4.07796e-7 0 1 -0.03504043 -0.99902 0.0270406 0.0494588 -0.9987521 -0.006938219 9.73825e-6 1.56898e-5 -1 0.1014265 -0.9419397 -0.3200974 0.1410253 -0.98952 0.03101909 0 2.68942e-6 -1 -0.1388447 0.9877945 0.0705986 0.2857231 -0.9547297 0.08278602 0.7398775 0.6723955 -0.02158236 1.42963e-5 -1.53656e-5 -1 0.3148344 -0.9018433 -0.295902 0.4074157 -0.9027932 0.137757 0.5430454 -0.8390259 0.03372341 -1.93543e-5 1.33921e-5 -1 0.5005513 -0.8480623 -0.1738932 3.12155e-4 -0.001190245 0.9999993 -0.661388 -0.7500177 0.006290137 -4.95978e-6 1.66852e-5 1 -0.7741069 -0.632322 0.03045433 0.6338928 -0.7733896 0.006974875 0.6526197 -0.7576838 0.001757621 0.3087655 0.951021 -0.01493668 -0.3018116 -0.953336 -0.007770657 7.06755e-6 -9.25711e-6 1 0.6308047 0.775939 -0.00206393 -9.37777e-4 4.44838e-4 -0.9999995 0.01157933 -0.01153361 -0.9998666 0.6198987 -0.7784155 -0.09896945 0.9995787 -0.01488411 -0.02492058 -0.5498026 0.8324572 -0.06879144 0.8658413 0.3194134 -0.3850895 0.6290889 -0.775346 -0.05555117 -1.69058e-6 0 1 -0.0869134 0.9962158 4.85723e-4 0.04726749 -0.9195789 -0.3900519 -0.7452402 -0.6667837 0.004085123 -0.7601931 -0.6496971 -4.87271e-4 8.64698e-6 0 -1 -0.7493383 -0.6563607 -0.08765208 -0.6284782 0.7764423 0.04639601 -0.6617527 0.7497223 -1.8532e-5 -0.6293551 0.7771179 2.41146e-5 -0.629351 0.7771212 1.74855e-5 -0.6291311 0.7772994 -1.17923e-5 -0.6452857 0.7638136 0.01397514 -0.6291407 0.7767109 0.03003454 -0.6039509 -0.4818889 -0.6348437 0.02312046 -0.01110011 -0.9996711 -0.1220945 -0.6194952 -0.7754475 0.9702868 0.2418215 0.008117616 7.24805e-6 1.65442e-6 -1 -0.9884297 -0.1513128 0.01054012 -1.92567e-6 0 1 0.989028 -0.1476445 0.004979252 1.1514e-6 0 1 -1.93437e-6 0 1 0.9895435 -0.1387562 -0.03937667 0.9857442 -0.1679994 -0.009195864 -1.63253e-6 0 1 0.9807077 -0.1933354 0.02887529 -2.95036e-4 5.55087e-5 -1 -0.9639237 0.2661705 -0.002104163 -0.9664506 0.2557876 -0.0233671 -3.50978e-6 -6.17889e-6 -1 -0.9632255 0.266911 -0.0309078 -0.9396323 0.3420659 -0.009063541 -6.54606e-7 0 -1 -0.9722272 0.2320772 0.0302397 1.10173e-6 0 -1 -6.69212e-7 0 -1 -0.932891 -0.3540451 -0.06607979 -0.9966937 0.08093196 0.007192671 -0.5335924 0.8446487 -0.0429849 -3.79344e-5 1.58349e-5 -1 -0.9199857 0.3903252 -0.03567492 1.37206e-6 -5.55259e-7 -1 4.11462e-6 -6.49152e-7 -1 -0.1866697 -0.9823722 0.009975373 2.1736e-7 0 -1 -0.808998 0.5877887 -0.005175709 -0.6797429 0.7333602 0.01150465 -2.91499e-4 6.76307e-6 1 -0.65735 0.3875314 0.6463053 -8.05975e-5 4.61215e-5 1 -0.8699883 0.4928533 0.01469653 -0.8786341 0.4774516 0.006499052 0 1.8997e-6 -1 0.9431302 -0.3296515 -0.0428406 -0.8759949 0.4820443 0.01632666 0 5.83136e-7 -1 7.14582e-5 -6.2425e-6 -1 0.9978638 -0.05499523 -0.03526425 0.9764771 0.2140851 -0.0256949 0.9550541 0.2961989 0.01174473 7.85114e-6 3.5716e-6 -1 0.8771277 0.4781729 -0.04469543 0.7436814 0.6685342 1.07332e-4 -1.15792e-5 1.76272e-5 -1 0 3.62534e-7 -1 0.6870884 0.726099 -0.02626466 4.47742e-6 -1.4651e-6 -1 -2.98638e-6 0 -1 0.1398865 -0.9901259 -0.009091436 0.9763749 -0.2158821 -0.009325742 5.17416e-4 0 1 -0.9871993 0.1587954 -0.01488977 -0.9922715 0.1219502 -0.02292281 -0.995599 0.08813333 -0.03186345 -0.9979217 0.04721885 -0.04385006 5.74544e-6 -2.51133e-7 -1 0.004613399 0 -0.9999895 4.47817e-7 -1.93159e-7 -1 -5.8443e-4 0 -0.9999998 4.22027e-6 -1.39997e-7 -1 4.10229e-4 0 -1 1.05033e-5 0 -1 1.05435e-4 0 -1 1.45928e-6 0 -1 3.47008e-5 -2.11685e-5 -1 4.33378e-6 0 -1 -2.16887e-4 0 -1 0 2.23222e-7 -1 1.06338e-6 -3.72988e-6 -1 -3.08273e-4 0 -1 -2.13666e-5 -3.08507e-7 -1 0.9730591 0.2300133 -0.0158143 3.79997e-5 -3.71265e-7 -1 1.82548e-4 0 -1 1.2428e-5 -6.72535e-7 -1 -0.8411737 -0.5395894 -0.03563839 -0.7941303 -0.6048262 -0.05951839 -2.16031e-5 9.22147e-6 -1 -0.8081095 -0.5848193 -0.07032322 -0.7734999 -0.6319926 -0.04778569 -0.740564 -0.6712918 -0.03053492 -0.6923633 -0.7214711 -0.01061689 -0.6442136 -0.7648409 0.002751588 -0.5916305 -0.8061109 0.01259672 -0.5372257 -0.8432476 0.0179488 -0.4846925 -0.8744873 0.01857835 -0.4375864 -0.8990331 0.01605534 -0.3982746 -0.9171891 0.01189684 -0.3515672 -0.936148 0.005244135 -0.3022631 -0.9532131 -0.004679203 -0.2463436 -0.968993 -0.01917558 -0.1832848 -0.9823042 -0.0385397 -0.1150997 -0.991297 -0.06389379 -0.1254184 -0.9903268 -0.05935615 1.43175e-5 7.73252e-6 -1 -0.05535894 -0.9977312 -0.03831505 -0.01145172 -0.9995619 -0.0272966 0.005757868 -0.9997074 -0.02350044 0.03818571 -0.99913 -0.01676809 -0.2524818 0.9666121 0.04375112 5.25344e-6 -6.0425e-6 -1 -0.2330526 0.9710357 0.05268949 3.20996e-5 0 1 -0.04065442 -0.9991401 -0.008154809 6.43785e-5 0 1 -4.63888e-5 0 1 -1.50054e-5 0 -1 -6.39284e-7 0 -1 9.27774e-6 0 -1 2.28796e-5 0 -1 -4.77814e-6 4.54192e-6 -1 -3.66515e-5 0 -1 0 -8.86366e-7 -1 -3.50482e-6 -8.15096e-7 -1 -0.04829239 0.5136614 -0.856633 0.7376284 -0.6751679 0.007265985 0.771399 -0.6362172 0.01308596 0.8062478 -0.5913623 0.0159744 0.8362988 -0.5480449 0.01585078 0.8636639 -0.5039013 0.01297038 0.8870038 -0.4616972 0.007738769 0.9042258 -0.4270507 0.001847445 0.9222902 -0.3864406 -0.006679117 0.938023 -0.3461731 -0.01664328 0.9521523 -0.3042315 -0.02914243 0.9637971 -0.2631804 -0.04279488 -1.26181e-5 -7.62457e-7 -1 -0.3825409 -0.9237282 0.01971811 1.0375e-6 0 1 6.03249e-5 0 1 -1.01162e-4 0 1 7.0839e-5 0 1 -7.33883e-5 0 1 -1.1167e-4 0 1 -7.38511e-5 0 1 5.08504e-5 0 1 6.67618e-5 0 1 -5.73505e-6 0 1 0.9061698 -0.4226794 -0.01408529 0.9058307 -0.4235363 -0.009376764 -8.51586e-7 -9.96946e-7 1 0.3183129 0.9478266 -0.0173645 9.29484e-7 0 1 0.4208764 0.9070989 0.005901336 0.4374837 0.8992263 -3.74928e-4 1.15177e-6 -1.14274e-6 1 0.342486 0.939342 -0.01844054 -4.60924e-5 -8.78075e-6 1 -0.3838883 -0.9233725 0.003620803 0.8919046 -0.4512049 -0.03033691 -0.4434345 -0.8961858 0.01472491 3.7592e-6 8.00935e-6 1 -0.4666171 -0.8843849 0.01148974 5.42859e-6 -2.09136e-6 -1 -0.5000265 -0.8658917 -0.01432728 -0.4926009 -0.8701893 0.01072573 -0.4819814 -0.8759034 0.0220766 -4.951e-7 0 1 1.13377e-6 0 1 0.5198331 0.853428 0.03787374 0.471203 0.8805055 -0.05175077 1.17441e-6 0 1 1.63429e-6 0 1 -0.441817 -0.8945402 0.0677911 -0.4767749 -0.8788388 0.0181111 0.9767614 -0.2133443 -0.02053332 7.37226e-6 1.69225e-5 1 0 3.19611e-6 -1 -8.6814e-6 -1.19486e-5 1 -0.527756 -0.8493839 0.004542291 0.9993672 -0.03309947 -0.01302903 1.33476e-6 -1.14794e-5 -1 3.08965e-6 3.27755e-6 -1 -0.6505885 -0.7587637 0.03181511 0.8993264 0.4368038 -0.02036058 -2.65e-6 -2.56466e-5 1 0.8446072 0.5351696 -0.01523697 -2.10764e-5 3.36677e-6 -1 -0.7091324 -0.7050163 0.009134531 1.06128e-6 -9.7974e-7 1 0 9.46113e-6 1 0.5754026 0.8176468 -0.01912122 9.80383e-6 4.11703e-7 -1 0.4793236 0.8775137 -0.01478546 0 -1.17114e-6 1 0.09379488 0.995388 -0.02013534 -0.04558247 0.9988524 -0.01470315 0 -8.13014e-7 1 -0.8139585 -0.5805812 0.01993083 -4.26062e-6 -1.49593e-6 -1 0 1.85654e-6 -1 -0.8172126 -0.5759247 0.02178281 1.15025e-5 -9.49952e-7 1 4.37913e-6 2.04817e-6 -1 -0.9875341 -0.1563922 -0.01782917 -1.04016e-6 -6.97633e-7 1 0 6.97454e-7 1 -0.9842022 -0.1765682 0.0130341 -0.9878553 -0.1534223 0.02456784 0 -8.41419e-7 1 -9.8217e-7 0 1 0.9852296 0.1710451 0.008146166 0.9876987 0.1563643 0.001214385 -7.19832e-7 0 1 -0.9704598 -0.2408722 -0.01372522 -0.9667957 -0.2522222 -0.0411095 -0.9749671 -0.2220047 -0.01237535 -1.72212e-6 0 1 -0.9718949 -0.2334501 0.03035366 0.9609237 0.2722514 0.05005103 -0.9636265 -0.2671423 -0.007683813 -0.9876291 -0.1559743 0.01614874 -0.8848459 -0.4656552 0.01460552 -0.6212238 0.7836333 -7.5454e-5 -0.7629053 0.6458712 0.02873826 0 1.57398e-6 1 -0.6204803 0.7842221 -2.75893e-5 0.6502051 0.7597587 -3.84976e-4 0.9042071 -0.4267629 -0.01682263 0.8283449 -0.560144 -0.009140849 0.7687661 -0.6392662 -0.01837229 0 -4.49371e-6 1 1.3031e-4 3.26046e-4 -1 0.3172283 0.9145538 -0.2509139 0.3969275 0.9161851 0.05525809 0.2916203 0.9558902 0.03509426 1.75335e-4 4.68227e-4 1 0.6554079 0.7552745 9.67782e-4 -0.7729527 0.6344013 0.008903443 0.05812549 -0.9970684 0.04976224 -0.1447036 -0.9893475 0.01588881 0.005674242 -0.9999548 -0.007643342 0.4780786 -0.8782122 0.01356691 3.03369e-6 -2.73664e-6 1 0.3188567 0.9477638 -0.008614182 0 4.51626e-6 1 0.0248776 0.8091298 -0.5871032 0.143974 0.9755783 0.1658877 -0.1516619 0.6552803 -0.7400044 0.01366209 -0.02498668 -0.9995945 -0.2841654 -0.9586399 -0.01611334 -0.2867321 -0.9578677 -0.01656353 -0.01447618 -0.01088702 0.999836 0.09559571 -0.9953193 -0.01418244 0.6963216 0.7028868 -0.1452119 0.4679571 0.4587677 0.7553465 -0.3448619 0.7988574 -0.4928461 -0.7582021 -0.6520032 -0.004650771 -7.43247e-6 -7.18451e-6 1 -0.8309122 0.5562501 -0.01307129 0.8418681 0.5246331 0.1265635 0.6293379 -0.7771319 9.84356e-6 0.6301788 -0.7764494 0.001092195 0.7895984 0.6135231 0.01113164 0.7577183 0.6525819 2.70333e-4 4.98123e-6 0 1 0.9723237 -0.2334488 -0.009401261 0.6476717 0.4049494 -0.6453972 0.5525223 0.2450101 -0.7966738 0.9071431 0.293487 -0.3015908 0.682681 0.0173043 -0.7305116 0.7878463 -0.1179122 -0.604479 0.567775 -0.1617839 -0.8071293 0.995647 0.08204382 0.044227 0.5708602 0.1459638 -0.8079686 0.661624 -0.278952 -0.6960169 0.6214822 -0.3730979 -0.6888816 0.7874457 -0.3037655 -0.5363356 0.09625667 -0.005047857 0.9953438 2.29892e-7 0 -1 -0.9994749 0.0142669 0.02909553 0.9969558 -0.07783758 -0.004529953 -4.88345e-7 0 -1 -5.92339e-7 0 -1 0.998565 -0.04821276 -0.02331459 -0.999902 0 -0.01399886 1.27372e-6 0 -1 0 -0.9999028 -0.01394426 -0.9999021 0 -0.01399892 0.9992238 -0.03737539 -0.01245433 3.58656e-5 -0.999904 -0.01385402 0.9991182 0.03740805 -0.01906889 2.42618e-6 6.16335e-7 -1 -7.34999e-7 9.19953e-7 -1 0.9991897 0.03693526 -0.01599496 0.9975944 0.06778877 0.0144928 0 7.89764e-6 -1 -7.47868e-6 0 -1 0.9930251 -0.1146026 -0.02770292 2.14641e-6 0 -1 0.9846546 -0.1744139 -0.00592947 0.9733079 -0.2281644 -0.02476 -6.39299e-7 -3.03909e-6 -1 -1.54831e-6 -1.38341e-6 -1 0.9970197 0.06917864 0.03414905 0.9991639 0.02902066 -0.02879965 0.9991743 0.0350905 -0.02048349 0 -6.32894e-7 -1 0.9978125 -0.06370896 0.01765149 -0.1551667 -0.5921729 -0.7907305 0.2277672 -0.9688426 0.09729367 0.6276807 0.7784709 -3.35841e-4 0.6286286 0.7777053 8.64701e-4 0.6384958 0.769625 6.87493e-4 0.6295263 0.7768763 0.01264321 0.7563431 -0.6541752 1.24761e-5 0.7685559 -0.6397672 0.004452288 0.7942624 -0.6072686 -0.01929509 0.7877099 -0.6160328 -0.004124104 0.002829611 -0.002221584 -0.9999936 0.8181564 -0.5749959 1.86985e-4 0.8227629 -0.5683764 0.003113448 0.6449061 0.7637954 0.02669906 0.7717561 0.6359187 -7.74301e-5 -0.3734124 -0.9274972 -0.01767402 -2.61232e-4 1.51596e-4 -1 0.9840785 -0.1597215 -0.07796567 0.9729744 -0.1690114 -0.1573404 -0.001117587 8.22498e-4 -0.9999991 -0.534539 -0.8451404 -0.002454996 0.7550979 -0.6556121 2.25414e-4 0.7601374 -0.6497597 0.001884758 0.7737678 0.6334694 8.43656e-5 0 1.26689e-6 1 0.7530041 -0.656821 -0.03963774 7.99742e-6 1.95668e-5 1 0.5013958 -0.4897753 0.7132478 -5.55832e-5 5.98738e-5 1 0.7041984 -0.6955456 0.1425517 0.5110499 -0.5062242 0.6946691 0.6774661 -0.732914 -0.06226402 0.6648033 -0.7470133 0.002777397 3.51239e-6 0 -1 -4.39121e-5 5.4795e-5 1 -0.7722762 -0.6340904 0.03897428 -0.7564783 -0.6539218 0.0112667 0.6991851 -0.7149232 -0.005008578 0.003447175 -0.003524303 -0.9999879 -0.7433356 0.668889 -0.006306588 -0.734098 0.6790406 -0.002006173 -0.03810846 0.03101545 -0.9987922 -0.8315703 0.55538 -0.006647169 -0.006436109 0.009823799 -0.9999311 -0.9993819 0.01309937 -0.03262525 0.05509459 -0.1685453 -0.984153 -0.9945182 0.1027833 -0.01921349 -3.06942e-4 7.41767e-4 0.9999997 0.007911562 -0.005595088 -0.9999531 0.05294162 -0.08080279 -0.9953232 0.6323289 0.7746832 0.005125761 0.6262 0.7796626 4.44632e-7 -0.5447748 -0.7065934 -0.4516041 0.7544979 -0.6090073 -0.2446288 0.5619891 -0.4190773 -0.7131216 0.7550675 -0.6114352 -0.2366859 0.5772565 -0.3944815 0.7149541 0.7220625 -0.1170003 -0.6818628 0.673966 -0.0367214 -0.7378492 0.8580981 -0.4457063 -0.2549776 0.8984105 0.2914093 -0.3285413 0.7783496 -0.6267352 -0.03708112 -2.03421e-5 1.71436e-5 1 -0.7313462 -0.681469 -0.02707022 7.45274e-4 -4.00908e-4 -0.9999997 0.01472485 0.006839931 -0.9998682 0.8151461 0.5792433 0.003767907 0.9252584 0.3786193 -0.02333462 -4.80071e-7 9.04155e-7 1 -0.9284911 -0.3708095 -0.02011239 -0.9269104 -0.3750973 -0.01180285 0 5.50329e-7 1 0 -7.20178e-6 1 -0.4244924 0.9053384 -0.01299268 -0.4226192 0.9062009 -0.01389122 -0.4220077 0.9064748 -0.01459389 -0.4221957 0.9064032 -0.01356798 -0.4225585 0.9062346 -0.01353621 1.94501e-5 9.95009e-6 -1 -1.06395e-5 1.63641e-5 -1 0 5.07078e-7 1 -0.9110973 -0.4121553 0.00545597 -0.8805856 -0.4734667 -0.01996266 0.8838877 0.4665187 -0.03320831 2.80551e-5 -1.97399e-5 -1 0.9294223 0.3687549 -0.01392537 2.6231e-6 8.6025e-7 -1 0.935405 0.3527433 -0.02428674 1.58276e-4 -0.9999025 -0.01397168 0.002524852 -0.9999784 -0.006073653 -0.9999021 0 -0.01399892 0 -3.0442e-7 1 1.17643e-6 0 1 -5.62287e-5 0 -1 -1.12369e-6 -4.43967e-6 -1 -1.09697e-6 0 -1 1.9572e-4 0.999902 -0.01400125 -0.999902 0 -0.01399892 -4.94379e-7 3.30081e-7 -1 0.003027617 0.9997568 -0.02184897 1.74076e-6 3.62295e-7 -1 -3.53087e-6 0 -1 -1.21956e-6 7.56992e-7 -1 0.9731221 0.2289488 -0.02481985 0.9710406 0.2372316 -0.02830868 3.13774e-6 1.96484e-6 -1 0.9684922 0.2490437 -2.83589e-4 -9.76692e-7 -2.70938e-6 -1 0 1.70046e-6 -1 0.9704192 0.2409631 -0.0149452 7.05712e-4 0.9999028 -0.01393353 0.001070201 0.9999194 -0.01265776 -0.999902 0 -0.01399892 -0.999902 0 -0.01399892 2.91322e-6 0 -1 -9.27568e-7 0 -1 7.78184e-6 7.93971e-5 -1 -1.19416e-4 2.9161e-5 -1 4.07497e-4 -0.9999035 -0.01389241 0.001106679 -0.9999416 -0.01074987 -1.68705e-6 -1.86558e-5 -1 -1.02249e-6 -1.77125e-5 -1 -1.73404e-6 4.63824e-6 -1 0.8518869 0.5234132 -0.01809787 -0.006387114 0.9998797 -0.01414299 6.39741e-6 -4.25726e-5 -1 -0.006902277 0.9998401 -0.01650267 -6.14509e-7 0 -1 -0.9727059 -0.2320415 -2.10133e-4 0 -1.56973e-7 -1 -0.9918373 -0.1273198 -0.006964743 0.7289724 -0.08317971 0.6794708 0.9932556 -0.1148419 -0.01596242 0.5736979 -0.8189596 -0.01326781 0.5735258 -0.8190712 -0.0138033 -8.56839e-7 0 -1 -6.10758e-7 1.47793e-6 -1 -0.9229115 0.382124 -0.04707044 2.00302e-6 2.08582e-6 -1 0.8288918 -0.5593382 -0.008894026 0.5482555 -0.3709043 0.7495638 1.64467e-4 -1.18762e-4 1 0.8159934 -0.577326 0.02914583 5.11621e-6 -1.538e-6 -1 0.9186131 -0.394904 0.01416766 3.65677e-6 1.08413e-6 -1 -0.9434427 0.3305816 -0.02513521 0 -1.58176e-7 -1 0.9490614 -0.3145254 -0.01887321 -0.9763507 0.2161384 0.004862964 0 1.84154e-6 -1 0.9867718 -0.1567267 0.04145038 1.9062e-4 -3.05756e-5 1 1.32915e-4 2.53023e-5 1 0.7652806 -0.105776 0.6349465 -0.9472563 0.319944 -0.01847559 0.7586118 -0.651524 -0.00496608 0.5968018 -0.6152963 0.5150128 4.03702e-4 -8.1243e-5 1 -0.7340124 0.6784864 -0.0296992 0 1.06589e-6 -1 0 6.16729e-7 -1 -0.6912012 0.7226003 -0.009480893 2.39499e-5 3.06341e-5 -1 -0.5137423 0.8571104 -0.03782576 -0.4582526 0.8887232 -0.01325148 3.47251e-6 8.56667e-6 -1 -1.15897e-5 -2.01202e-5 -1 -1.03671e-5 1.86907e-5 -1 -6.11769e-6 2.36274e-5 -1 -0.4702285 -0.8825446 4.76064e-4 1.09843e-5 -2.27362e-6 -1 -3.3536e-6 1.28747e-5 -1 -6.45458e-7 0 -1 0.4039648 0.9146623 0.014337 0.4123864 0.910664 0.02507239 -0.4558819 -0.8898426 -0.01875722 2.7323e-6 1.90655e-6 -1 -0.4625514 -0.8864971 -0.01300442 0 1.21951e-6 -1 2.24627e-6 0 -1 -0.8153235 0.5785449 -0.02309983 0 -6.54826e-7 -1 -0.8396338 0.5431527 5.98501e-4 -2.10511e-6 0 -1 -0.8723782 0.4887711 -0.007691204 -0.6628295 0.7485017 -0.02006059 -0.6504107 0.7594886 -0.01195955 -1.03097e-6 0 1 0.4800035 0.8770116 0.02115046 2.57103e-6 0 -1 0.4867286 0.8734492 0.01348847 0 -4.16708e-6 1 0.03388011 -0.8741012 0.4845608 0.04621553 -0.9988741 0.01071512 0.1336696 -0.6153943 0.7768026 0.2121983 -0.9772194 -0.003764152 0.177835 -0.9840501 0.004478693 0.08053755 -0.9966902 -0.01106417 4.40402e-5 -5.3247e-4 0.9999999 -2.32064e-4 -2.48573e-4 1 -5.78793e-5 -2.00445e-4 1 -0.2863935 -0.9574713 0.03503775 2.82403e-6 0 -1 -0.341668 -0.9398205 -7.82663e-4 -0.3873565 -0.9218562 -0.01167654 -0.2347084 -0.560383 0.7942813 -6.3628e-6 -2.58712e-6 1 -0.4233754 -0.9056919 -0.02180594 -0.4872037 -0.7044383 0.5161389 5.53036e-5 -3.48285e-4 1 -0.6868422 -0.7266914 0.01294291 -3.6847e-4 -4.14324e-4 0.9999999 -0.6590929 -0.7514532 0.03024184 5.91744e-7 0 1 0.520206 0.8536357 0.02630048 0 -2.63304e-6 1 -0.8855422 -0.4630661 0.03721457 -5.15207e-4 -2.70002e-4 0.9999998 -0.8311568 -0.5558689 -0.01371997 -0.4953902 -0.3294801 0.803761 -0.7626826 -0.6465916 -0.01531833 -0.9582027 -0.2856324 -0.01617819 -5.0418e-6 1.73866e-6 1 -0.6644232 -0.09179192 0.7416981 -0.9908058 -0.1350758 -0.007647037 -0.9243002 -0.3815657 0.008772492 2.07118e-6 0 -1 -0.7970228 -0.2315218 0.5578105 -3.43568e-4 2.09069e-4 1 4.98425e-6 0 -1 -4.24981e-6 -7.56392e-7 -1 -0.553502 -0.8327084 -0.01523989 -0.5630544 -0.8253992 -0.04106122 3.84269e-6 5.0388e-6 -1 0.5557674 0.8312456 0.01239669 0.5658755 0.8241141 0.02492159 -4.70529e-7 0 1 -1.27082e-5 1.84807e-5 -1 -0.1260407 -0.9918733 -0.01735585 -0.09135609 -0.7105032 0.6977387 -1.32484e-5 8.42465e-7 -1 -2.29331e-5 4.27865e-7 -1 6.47707e-5 -4.58947e-6 -1 -7.9708e-6 2.11755e-6 -1 -0.9999719 -0.003719747 -0.006515324 2.43904e-6 -5.63678e-6 -1 1.66672e-4 1.28686e-6 -1 1.38364e-5 -2.9247e-6 -1 -2.51121e-6 -2.36204e-6 -1 0.8040301 -0.5929188 -0.04453241 0.8888143 -0.4581727 0.009330034 0.9669356 -0.2503111 -0.04878646 0.9970649 -0.07624888 0.0069108 0.997361 0.06537216 -0.03158539 0 2.8281e-6 -1 -4.0978e-6 2.19992e-6 -1 0 -6.15046e-7 -1 0.6516644 -0.7584956 -0.004244208 0 1.2473e-6 -1 0.5851652 -0.8102118 -0.03374552 -6.45229e-6 1.03277e-6 -1 -0.5797063 0.8147793 0.008683979 2.0498e-6 1.02326e-6 -1 0.347142 -0.9378124 -5.62471e-4 0.3416581 -0.9398126 -0.004719495 0.2260982 -0.6184789 0.7525713 5.77932e-6 2.9606e-7 1 0 -1.26471e-7 -1 1.82664e-6 -2.45221e-7 1 2.39799e-6 9.08668e-7 1 -0.03024977 0.9995145 -0.007475912 -1.87137e-5 6.50268e-4 0.9999999 0.02149462 0.999419 0.02645111 -0.1190885 0.9928774 0.003526985 0 3.70443e-6 -1 -0.06239682 -0.9980226 0.007587134 0.9998937 -0.004296243 -0.01393896 -3.88235e-4 0.9999029 -0.01394021 -0.004018545 0.9997926 -0.01996761 1.10682e-6 -6.34268e-7 -1 -2.30392e-5 8.09685e-6 -1 -0.2963859 -0.9550483 -0.006182014 -0.2394106 -0.9699959 -0.04231679 -1.97357e-5 -5.32929e-6 -1 -8.82127e-6 -1.78213e-5 -1 -0.4188893 -0.9080215 -0.005365014 0.4687621 0.8831319 -0.0184459 4.71773e-5 5.64555e-5 1 0.6850391 0.7275755 0.03681665 4.53885e-5 8.26121e-6 1 0.474976 0.4842726 0.7347639 8.15945e-6 9.84379e-5 1 0.69042 0.309937 0.6536508 0 2.37046e-6 -1 -0.9140619 -0.4036231 -0.03974419 -0.8851113 -0.4652879 -0.009227871 -0.8575674 -0.5142031 -0.01317089 -0.8661733 -0.499053 -0.02626603 1.47856e-5 -4.21302e-5 -1 -4.32036e-5 -2.5987e-5 -1 1.33643e-4 4.47766e-5 1 0.6367703 0.2353825 0.734247 0.9373247 0.3482404 -0.01229155 0.9479016 0.3153341 0.04524642 0.7979552 0.6021681 -0.02571505 0.9996176 -0.01938343 0.01972693 8.05076e-5 5.08824e-6 -1 -1.18654e-5 -1.62493e-5 -1 -0.7067888 -0.7072005 -0.01780688 0.700466 0.7136645 0.00551331 2.4377e-6 -8.89366e-7 -1 -0.6955265 -0.7180391 -0.02574265 5.42519e-6 0 -1 0.6967774 0.7172554 0.006788134 0.4885898 0.5695467 0.6609815 3.15314e-6 0 -1 -0.4627695 -0.8861128 -0.02546775 0.343662 0.9385812 0.03101396 0.2649506 0.9642614 0.001123249 0.1460885 0.8126165 0.5641921 4.33839e-4 2.2893e-4 0.9999999 0 0 -1 -0.06934309 -0.9975808 0.004909455 -8.62946e-6 3.0842e-6 -1 -0.167124 -0.9852005 -0.0380733 0.3033111 0.9528697 -0.006471931 0.202678 0.6374827 0.7433287 2.84594e-5 7.64941e-5 1 0.1074239 -0.9937313 -0.03095793 2.76332e-6 -1.97579e-6 -1 0.1789423 -0.9838591 -0.001020431 3.49364e-6 0 -1 -1.60469e-5 -3.05014e-6 -1 -1.65556e-5 -1.16162e-6 -1 7.84849e-6 0 -1 -6.29861e-6 -5.52423e-7 -1 -4.5426e-5 0 -1 4.97735e-5 0 -1 0.001345813 -3.75332e-4 0.9999991 0.002379596 -0.001041889 0.9999967 1.37766e-4 1.39017e-5 1 -0.001143991 3.38526e-4 0.9999993 0.9991708 0.006827771 0.04013931 0.001477062 9.46878e-6 0.9999989 0.9999613 -0.001287519 -0.008713126 0.9349813 0.3541741 -0.01925462 0.5934697 0.2241188 0.773023 0.8456997 0.5333399 0.01846349 0.7390846 0.4216227 0.5253459 0.9893959 0.1446774 0.01282089 0.9808255 -0.1939345 -0.01926022 0.7018702 -0.1388663 0.6986376 0.8161531 -0.2294636 0.5303213 7.2903e-4 -0.001011788 0.9999992 0.9468283 -0.3192868 0.03965198 2.43574e-4 -7.81078e-5 1 0.8892258 -0.4544237 -0.05269515 0.9364605 -0.3503295 0.01763659 8.55144e-6 -9.88388e-7 -1 0.7825294 -0.620471 0.05160993 2.20809e-4 -1.71179e-4 1 1.29729e-4 -2.10763e-4 1 0.5305711 -0.847499 -0.01549631 0.5415432 -0.8401882 -0.02854478 4.59272e-4 -3.01902e-4 1 0.4406078 -0.72359 0.5313025 -0.4959694 0.8681983 0.01568782 2.1405e-5 3.78872e-6 -1 0.69744 -0.7166385 0.002620398 0.4452528 -0.4579713 0.7694234 6.34687e-6 -1.37182e-6 -1 0.6688327 -0.7433556 -0.00923717 -1.16516e-5 -1.78109e-7 -1 -0.7947877 0.606782 -0.01133072 -0.09794747 0.5922628 0.7997694 -0.1629858 0.9866155 -0.005043208 1.17034e-6 -2.35135e-6 -1 -0.3732595 0.9275698 -0.0170806 0.342835 -0.9389264 -0.02968657 0.2503631 -0.9669623 -0.04798233 8.27729e-6 2.94688e-6 -1 -0.7587003 0.6507129 -0.03076738 0.5214729 0.8532279 -0.008266925 0.3308743 0.5658321 0.7552194 0.5063272 0.8622399 -0.01324236 -0.01437699 0.6218616 0.7829953 -0.02384984 0.9995797 -0.01648306 -1.10655e-5 -2.27033e-6 -1 -0.9999186 -0.004010498 -0.01210927 -0.9999073 -6.25456e-4 -0.01360559 0 1.4462e-6 -1 7.64118e-6 4.19917e-6 -1 0 1.65337e-5 -1 -0.002675294 -5.81326e-4 0.9999963 0.002753496 1.09706e-4 0.9999963 -0.328546 0.5686391 0.7541267 -0.5004746 0.8657124 0.008208155 -0.6006304 0.3691475 0.7092061 -0.8518633 0.5236448 -0.01118201 -0.7073886 0.3729657 0.6004149 -8.25147e-4 -7.46382e-5 0.9999997 3.45798e-6 0 -1 -0.8873205 0.46111 0.006335496 -0.9999935 8.10613e-4 -0.003543198 -3.25118e-4 0 1 -0.9999182 -0.002689242 -0.01250445 -0.6541616 -8.87058e-4 0.7563544 -7.42409e-6 -6.51659e-7 -1 -0.9982041 0.05985265 0.002544224 -3.0542e-5 0 -1 -9.8601e-6 -9.44432e-7 -1 -0.9555349 -0.2928479 0.03454291 -2.53078e-4 -7.50656e-5 1 -4.27496e-7 4.70687e-7 1 0.7639619 0.6441286 0.03821659 0.7375999 0.6749265 0.02051401 -5.6712e-6 -7.34411e-7 -1 0.774536 0.6319487 0.02710968 -0.8186997 -0.1286365 0.559628 -2.56556e-4 -8.97017e-5 1 8.37191e-7 0 -1 -9.86084e-4 -0.9998777 -0.0156117 0.9999027 0 -0.01395052 0.9999027 0 -0.01395046 -2.97301e-4 -0.9999024 -0.01397019 8.03557e-7 0 -1 -8.53329e-6 1.25768e-5 -1 -3.10237e-6 0 -1 -0.9999034 0 -0.01390027 0.002661406 0.9998989 -0.01396715 -0.9999035 0 -0.01390022 -5.9836e-6 -5.39294e-6 -1 5.46708e-6 0 -1 0.004424393 -0.9998931 -0.01394236 0.004158854 -0.9999003 -0.01349753 -2.75747e-6 6.40833e-6 -1 0 -1.26788e-6 -1 2.80046e-6 0 -1 0.6941303 0.7198404 -0.003611624 0.6425 0.7656366 -0.0315361 0 -2.19129e-6 -1 -0.7048776 -0.7091877 0.01415801 3.15308e-7 -1.5032e-7 1 1.21064e-7 0 -1 -4.44697e-7 9.84401e-6 1 -5.35518e-7 -3.67191e-6 1 -1.02442e-6 0 1 -3.32076e-7 0 1 6.38197e-7 0 1 -6.17383e-6 6.70482e-7 -1 0.8234398 0.5668633 -0.02475833 0.8389827 0.544066 -0.01001381 -0.8800839 -0.4747351 -0.00888139 -2.9586e-6 -7.33455e-7 -1 -0.9134854 -0.4067549 0.009751737 -8.89098e-6 -1.30451e-5 -1 0.9612234 0.2755972 -0.009795188 0.9647169 0.2626143 -0.01884466 5.76848e-6 -3.47293e-6 -1 -0.9831758 -0.1822314 -0.0125305 1.07611e-6 0 1 -1.71541e-7 0 1 0.9918493 0.1208527 0.04036939 0.998125 0.06057089 0.008813798 -2.10792e-6 0 -1 -0.9983618 -0.05553972 0.01375049 3.26355e-6 2.05267e-7 -1 0.01257383 0.9997134 -0.02037566 3.48337e-7 0 1 0.9973897 -0.07200169 0.005432784 2.24731e-6 -6.05668e-7 -1 0.9989959 -0.02959001 0.0336408 2.70086e-6 -2.18371e-6 -1 2.82743e-7 4.57563e-7 -1 1.776e-6 0 -1 -6.65155e-7 0 -1 0 -1.18805e-6 -1 -1.3178e-6 2.42695e-6 1 0.9999021 0 -0.01399892 -2.21997e-7 0 -1 -1.83328e-4 -0.9999055 -0.01374775 -5.38925e-5 -0.9999028 -0.01394367 -1.13907e-6 0 -1 0.999902 0 -0.01399886 1.17573e-6 8.54468e-7 -1 0.003289759 -0.9999732 -0.006540656 -2.89175e-6 6.71078e-6 -1 -0.9999034 0 -0.01390022 0.01453417 -0.9998 -0.01374113 -0.9999034 0 -0.01390016 3.74558e-6 0 -1 0.9539569 -0.2973572 -0.03930711 1.02329e-5 7.06309e-6 -1 -0.8937891 0.4484868 8.44642e-4 -0.8801471 0.4746602 -0.006242215 0 1.26583e-6 -1 -0.7273494 0.6862292 0.00724256 -0.6818587 0.7314255 -0.009245753 2.91976e-6 -5.02819e-6 -1 -0.4383099 0.8987585 0.0108487 -0.3881848 0.9215676 -0.005091369 -0.4455768 -0.8951469 0.01317727 -0.463234 -0.6947534 0.550211 -0.951113 -0.3085148 -0.01423621 -0.6787934 -0.2208917 0.7003188 8.11803e-6 2.25533e-6 -1 -0.9969926 -0.07623821 0.01391291 -0.9999935 -0.00200349 -0.003030478 -0.9999773 -0.001423418 -0.006594479 -4.12631e-7 0 1 -1.63836e-7 -4.73123e-7 1 0 1.02502e-6 -1 0.9177333 -0.3968051 0.01764988 0.9115321 -0.4100428 0.03121513 0.9999027 0 -0.01395046 0.9999027 0 -0.01395046 -6.23111e-5 -0.999902 -0.01400333 0 1.52007e-6 -1 0 -1.31415e-6 -1 9.43681e-7 0 -1 8.06493e-7 -2.25675e-6 -1 4.39429e-5 0 1 -4.55361e-6 0 1 2.02403e-7 0.9999035 -0.01390087 -8.31641e-6 1.3446e-6 -1 0 6.30865e-7 -1 -2.52911e-6 8.17814e-7 -1 -5.80918e-4 0.9998832 -0.01527768 0.7619204 0.6468094 -0.03339141 0.7484055 0.6619092 -0.04201662 0 1.48826e-6 -1 0 -4.89088e-7 -1 0.9999021 2.25076e-5 -0.01399016 0.9999028 0 -0.01395052 -0.002488851 -0.9999001 -0.01391446 7.74706e-6 8.57049e-6 -1 -0.7281281 0.6845041 -0.03582912 0.7438042 -0.6680482 0.02161097 -2.36438e-4 8.85117e-5 1 -0.001115679 -1.89819e-4 0.9999994 -0.9149731 0.4035019 0.003240346 -5.85179e-6 2.11665e-6 -1 0 2.16028e-6 -1 1.9491e-5 1.20622e-6 -1 -7.38124e-6 -5.36592e-7 -1 0 2.30944e-7 -1 -0.9998939 2.88926e-4 -0.01456826 -0.6085535 0.7934761 -0.007644772 -5.74696e-6 0 -1 1.76951e-5 1.61533e-5 -1 -0.6106549 0.7918859 -0.004180669 -0.6132803 0.789864 0.00145477 0 0 -1 -0.6278544 0.7782036 -0.0140798 -0.6223943 0.7825937 -0.01313066 -0.6188217 0.7854436 -0.01175683 -0.465305 0.8849329 -0.01962602 1.90666e-6 1.35232e-6 -1 -0.4666989 0.8841655 -0.02105849 -0.6389904 0.7692009 -0.004603207 -0.6470738 0.7621206 -0.02162957 0 3.73874e-6 -1 -1.14072e-6 0 1 0 -2.14017e-7 1 -2.14602e-6 8.05217e-7 -1 -1.59386e-5 3.87354e-6 1 7.48571e-6 0 1 8.84039e-6 0 1 0 1.32406e-6 1 2.75258e-5 2.23953e-6 -1 -0.8852411 -0.4650821 -0.006850063 -0.6047831 -0.3174567 0.7303826 -1.98145e-4 -1.02092e-4 1 -0.8919224 -0.4516755 0.02153587 -1.02916e-4 -1.38731e-4 1 -0.6625728 -0.4463106 0.6015017 0.8784894 0.4769976 -0.02701288 8.02335e-6 5.54503e-6 -1 0.8851723 0.4648773 -0.01895499 -0.9936377 -0.1125625 0.003736734 0 1.60398e-7 1 -2.12685e-4 -1.09647e-5 1 -0.9985226 -0.0434463 0.03263545 -5.52373e-4 -2.82521e-4 0.9999999 -0.7957213 0.01228183 0.6055384 -0.730484 -0.01717823 0.6827138 -0.9997201 -0.02359837 0.001743316 -0.5536991 0.8326724 -0.008621871 -0.5193731 0.8533432 -0.04535359 -0.9734288 0.2283842 -0.01664543 -0.9122754 0.409519 0.006936252 -0.8948766 0.444503 0.04016214 -5.22338e-6 2.76448e-7 1 2.63226e-6 0 1 -0.845024 0.5347265 -0.00145173 -0.5349699 0.2953775 0.7915551 -0.8751321 0.4838041 -0.008800327 -0.6319095 0.549251 0.5468215 6.12044e-5 5.13779e-4 1 0 2.44941e-6 1 -1.84178e-6 0 1 0.5012159 -0.8650638 0.02115416 -0.3148512 0.9491149 -0.007051587 -8.47811e-5 5.41688e-4 0.9999999 -0.1484602 0.9881488 0.0390082 -0.1069881 0.9942492 -0.004701852 -0.06685388 0.6276416 0.7756266 -0.04434376 0.9989818 0.008312225 4.63393e-6 0 1 -0.02262848 0.9997201 -0.006919026 0.3090961 0.9510172 0.005103647 0 9.79323e-7 1 0.303968 0.952665 -0.00574404 0.2181085 0.6830912 0.6970043 -0.4793176 0.8774802 -0.01683735 -0.4569528 -0.8890743 -0.02722269 0.4405883 0.8976356 0.01150959 3.15243e-6 4.59261e-6 -1 0.3269267 0.7710264 0.5464771 0.3735005 0.9268621 0.0377385 1.89202e-4 4.71014e-4 1 2.67937e-4 8.26464e-5 1 0.5772001 0.8165617 -0.008193612 0.3817896 0.5407254 0.7495684 0.6369928 0.7705882 -0.02083325 8.14567e-6 -1.62025e-5 -1 -0.4833031 -0.8753425 -0.01391524 5.07102e-6 -3.50025e-6 -1 -0.2318244 0.8025394 0.5497163 -3.66866e-4 3.43031e-5 1 -9.67496e-7 4.21179e-6 -1 4.11061e-6 -6.25313e-6 -1 -0.5632452 0.8262898 -3.76002e-4 -0.5922467 0.8057205 0.007647752 6.73927e-6 -9.65757e-6 -1 -3.80466e-5 5.10085e-5 1 -0.3602792 0.5281299 0.7689459 -0.5799077 0.8143934 0.02169257 -0.5944475 0.8040286 0.01304614 -1.01781e-6 0 -1 0.4846572 -0.8747016 0.002128481 -5.12805e-6 3.3419e-6 -1 0.5321535 -0.8461657 0.02857369 0.5596625 -0.8284063 0.02282828 1.53142e-6 -2.03064e-6 -1 0.5705976 -0.8211753 0.009462535 -0.5832915 0.8116611 -0.03126287 -4.49046e-6 -9.69786e-7 -1 -1.665e-5 -1.94165e-5 -1 0.4977265 -0.8669525 0.0257253 -1.25498e-5 1.15733e-6 -1 0.3737094 -0.9270869 -0.02917706 5.95625e-6 -2.11839e-6 -1 4.39494e-6 -3.74048e-6 -1 0.9994134 0.002833962 -0.0341311 -1.25599e-5 0 -1 0.999849 -0.004491388 -0.01679033 5.90588e-5 4.02431e-6 -1 0.9501504 0.3113715 -0.01618951 -5.47071e-5 -2.93534e-5 -1 0.9493442 0.3139169 -0.01420527 -1.84679e-5 0 -1 -0.9989172 0.003754138 -0.04637247 -0.9997921 -0.01933246 -0.006490051 7.86821e-6 6.60806e-6 -1 0 6.89346e-6 -1 0.4410967 0.8974485 0.004459083 0.3897421 0.9200573 -0.03994667 4.62727e-6 -2.68413e-6 -1 -1.92487e-4 -5.04242e-4 0.9999999 -0.3536983 -0.9347618 0.03343588 -0.3176152 -0.9481911 -0.007380247 -0.2291015 -0.6815771 0.694957 -2.68965e-6 3.93893e-6 -1 0.2351854 0.9715411 -0.02821087 0 -2.24513e-6 -1 0.209968 0.977609 -0.01392793 -0.8694936 -0.4927321 -0.03458255 -5.54075e-5 4.26847e-6 -1 -1.086e-5 5.11896e-6 -1 -0.9005156 -0.4348236 -3.92191e-4 6.84633e-6 -1.80138e-5 -1 1.15402e-5 0 -1 0 -1.80133e-5 -1 -0.0203486 -0.9996997 -0.01366156 -0.004784464 -0.9999153 0.01210886 1.05708e-5 -8.19229e-7 -1 0.9999021 2.42285e-4 -0.01399552 0.9998351 0.002045869 -0.01805233 -4.73792e-6 2.12497e-6 -1 -3.52522e-6 2.11454e-6 -1 -0.7999309 0.5990199 -0.03585654 1.55359e-6 -1.00744e-5 -1 -0.7951013 0.606441 -0.006595671 -0.775114 0.631608 -0.01642221 -1.80153e-6 7.86051e-7 -1 4.05512e-6 -3.45862e-6 -1 0 -2.44958e-6 -1 -3.35261e-6 1.73138e-6 -1 -0.3468999 0.9377031 -0.01932621 -1.06286e-5 -2.95152e-6 -1 -0.3146376 0.9492117 -7.304e-4 -3.43834e-6 1.38498e-6 -1 -0.178847 0.983749 0.01586478 4.71453e-6 3.69594e-6 -1 -0.05968338 0.9978365 -0.02757382 -0.02517336 0.9996536 -0.007680058 -0.005900084 0.9983271 -0.05751717 -6.03685e-6 -2.46525e-6 -1 -0.1431728 -0.9896581 0.008870065 0 4.17543e-6 -1 -0.1426628 -0.9895566 -0.02062094 0.0196278 -0.620944 0.7836092 0.03053474 -0.9994835 -0.01002508 -3.03203e-6 1.07411e-6 -1 2.18503e-6 9.8076e-7 -1 -0.7836366 0.6208527 -0.0213502 -0.5538609 0.8326085 -0.001207709 -0.4447327 0.8937916 -0.05787301 5.1444e-5 -4.84731e-5 -1 0 -2.16349e-6 -1 0 2.77087e-5 -1 -0.4242888 -0.9054385 -0.01266443 -0.7348396 0.67785 -0.02302533 1.07714e-5 -1.19925e-5 -1 -0.4577296 -0.8885889 -0.02989387 1.80489e-6 1.54321e-7 -1 -0.006621122 0.9998828 -0.0138058 0.999902 0 -0.01399892 -2.81693e-4 0.9999946 -0.003308951 -3.72805e-7 -3.61009e-6 -1 -2.77619e-6 0 -1 0 -2.41424e-7 -1 -0.9501587 0.3117462 -0.003590404 7.59784e-6 2.24691e-6 -1 2.43183e-6 3.90437e-6 -1 2.29956e-4 -7.10192e-7 1 0.9986657 0.007295906 0.05112433 0.9996257 -0.006014883 -0.02669024 0.001124799 8.18673e-4 0.9999991 0.9997192 0.004578173 -0.02325242 0.6088582 0.001523911 0.7932778 0.9558097 -0.2885648 0.05619847 7.37596e-4 -2.18765e-4 0.9999998 -1.40126e-4 -6.81169e-4 0.9999998 6.98694e-6 4.83977e-7 -1 0.874837 -0.4824514 -0.04360097 0.7953906 -0.6050347 0.03587555 4.25304e-5 -2.41681e-5 1 0.5576983 -0.600412 0.5731301 -8.2762e-6 0 -1 0.6374328 -0.7703018 -0.01773893 3.87152e-4 1.17981e-4 1 0.5455139 -0.8367595 0.04741418 2.1788e-4 -3.28967e-4 1 -1.50054e-6 0 -1 0.5829254 -0.8120849 0.02676153 0.3455783 -0.9379364 -0.02917361 0.2107097 -0.5685721 0.79519 0.2503882 0.9681134 -0.00789833 0.2276976 0.9737308 -0.00151354 -0.4696925 -0.8818294 -0.04202181 5.46753e-6 -1.47222e-5 -1 0 1.75318e-6 -1 0.5806432 0.814088 -0.01068902 0 -1.37224e-6 -1 -4.6001e-6 0 -1 -1.75453e-6 1.26297e-6 -1 0 -1.53575e-6 -1 -1.77332e-4 0.9999028 -0.01394683 -0.9006358 -0.4343917 -0.01260983 0.8745316 0.4848061 0.01255667 0 -1.22275e-7 1 0.815946 0.577965 -0.01374387 -2.88754e-6 1.4604e-6 -1 -0.742752 -0.6686834 -0.03438001 -0.6807503 -0.7322451 0.01990425 0.6692069 0.7430222 0.008957266 7.4624e-6 1.36732e-6 -1 -0.9061163 -0.4230083 -0.004147708 0.9799032 0.1992709 -0.009004235 0 -6.16995e-7 1 0.9774799 0.2106291 -0.01298248 -4.64606e-6 0 -1 -0.9826265 -0.1850031 -0.01480406 -0.9831327 -0.1821997 -0.0159195 -1.62185e-5 -0.9999027 -0.01394933 0.9986413 -0.0497815 0.0154156 0.999902 0 -0.01399892 -1.57229e-4 0.9999021 -0.0140022 -0.04353117 0.9981598 -0.042216 2.03427e-5 0 -1 -2.24227e-5 -1.30819e-5 -1 -0.947391 0.3195741 0.01797068 -0.9008767 0.432781 -0.03349536 -3.22526e-6 0 -1 -1.10475e-6 0 -1 0.8524423 -0.5227019 -0.01117986 -1.13411e-6 0 -1 0.7604611 -0.6492917 0.01092147 0.6134365 -0.7897005 -0.008312284 0 0 -1 0.5590209 -0.8291275 0.00657761 -1.75725e-6 0 -1 -0.5868119 0.8096795 0.008435785 -1.07255e-6 0 -1 -4.22921e-5 0 -1 8.70143e-6 0 -1 2.79583e-6 0 -1 -1.64261e-4 8.19349e-6 -1 -2.23602e-4 0 -1 9.3926e-6 1.19477e-4 -1 0 -2.41528e-7 -1 8.62614e-6 -1.77978e-7 -1 -5.81932e-5 -2.08429e-5 -1 3.7285e-4 -3.28241e-4 0.9999999 -3.44886e-5 -8.4691e-6 -1 -0.9178127 0.3943705 -0.04573875 3.14334e-6 2.11651e-7 -1 -0.8222867 0.5689906 0.009709358 -0.6581436 0.7520657 -0.03527486 5.90597e-6 8.0702e-6 -1 0 6.55951e-6 -1 3.11499e-5 4.9367e-5 -1 -0.9068166 -0.4208037 -0.0246585 -0.8757091 -0.4828356 0.001877546 -2.21458e-4 -1.00636e-4 -1 -0.7125361 -0.7010499 -0.02866011 0.3972167 -0.9176914 -0.007839262 0.3432071 -0.791033 0.5064345 0.3170208 -0.7666909 0.5582858 0.5023901 -0.3340515 0.7975047 0.8335624 -0.5524158 -0.003253936 0.8497099 -0.5272123 0.006354987 0.599394 -0.006380498 0.8004288 0.999791 -0.00865966 -0.01852309 0.9963223 -0.08566331 -0.001943647 5.41576e-4 8.50814e-4 0.9999995 0.7486429 0.3721088 0.5486975 0.9121356 0.4074138 -0.04497396 -1.3153e-5 -1.17109e-6 1 0.8635949 0.5015384 0.05160713 2.95733e-4 1.75421e-4 1 0.8178347 0.5753353 -0.01165282 0.5325669 0.3768927 0.757842 2.27815e-4 2.80247e-4 1 0.6128612 0.790176 0.004822731 0.4222876 0.906462 3.99091e-4 0.3441897 0.661639 0.6661586 0.2098032 0.9753056 0.06900638 0.04802691 0.6456 0.7621642 0.1234732 0.9922473 -0.01413333 0 0 1 6.40816e-4 5.23271e-4 0.9999997 -7.90644e-7 0 -1 -0.1677095 -0.9857935 -0.00920248 4.60386e-6 0 -1 -0.3694106 -0.9292122 0.01003408 1.97456e-7 -1.41652e-7 -1 0 1.4807e-7 1 -0.4014472 -0.9158818 8.28634e-4 -1.27217e-5 -8.54749e-7 -1 -8.80586e-6 0 -1 -0.5929745 0.8040707 -0.04303056 -0.6423362 0.7660096 0.02517414 -0.7259305 0.685114 0.06036424 -0.001087307 0.001032054 0.9999989 -0.5576062 0.3886634 0.7334959 -0.8206207 0.5710709 -0.0214411 -0.001092135 8.30453e-4 0.9999991 -0.8981836 0.3552847 0.2589193 -0.001722276 6.35095e-4 0.9999983 -0.9372152 0.346498 0.03958356 -0.7102751 0.1444231 0.6889494 0 0 -1 -0.9808203 0.1944285 0.01374906 -1.16305e-6 -3.26016e-6 -1 -0.5788013 -0.1454876 0.8023855 -0.9692513 -0.2459152 -0.008820772 -0.9116823 -0.4103245 0.02166163 6.44058e-6 -3.26043e-6 -1 -0.7248861 -0.5322085 0.4373721 -0.8051558 -0.5928549 -0.0157234 -0.6371228 -0.3915299 0.6639118 0.95032 -0.3112555 0.003443598 -0.9999034 0 -0.01390022 -0.9999034 0 -0.01390022 0.02330398 -0.9996353 -0.01364618 6.08545e-5 -0.9996906 0.02487486 0 7.84418e-7 -1 9.33099e-7 0 -1 -1.37836e-6 1.69957e-6 -1 0.9661836 0.257855 3.45088e-4 0 -7.44286e-6 -1 2.22904e-4 0.9999991 0.001400649 0.937162 0.346964 -0.0366531 2.08479e-5 3.97352e-5 1 1.24046e-5 1.53334e-5 1 0.7325873 0.680669 0.002409636 0.7621184 0.647015 -0.02339076 0.009587943 0.9998579 -0.01387059 -1.30359e-5 -4.38558e-5 -1 1.46485e-4 -4.21258e-5 -1 -1.14921e-6 0 -1 1.74102e-4 0.9999029 -0.01394075 0.01868903 0.9988252 -0.04471009 2.10975e-5 -1.08236e-6 -1 0.9442527 0.3280239 -0.02805799 -7.57701e-6 3.86317e-7 -1 -0.9998458 0 -0.0175684 -0.9999026 -0.001571953 -0.01387828 1.87751e-5 -2.12802e-5 -1 0.8699502 0.4928683 0.01636254 9.90833e-6 -5.08326e-7 -1 0.8048272 0.5929145 -0.0265668 -0.6190645 -0.7852629 0.0110237 -0.6131056 -0.7900007 -7.00996e-4 -1.47255e-5 -4.05496e-7 -1 8.49203e-6 -1.76019e-6 -1 0.8037664 -0.5949437 -0.001261353 0.8637238 -0.5021359 -0.04290658 0.4255758 0.9049221 0.001152873 -0.5044755 0.8633717 0.009696483 0.5130609 -0.8576391 -0.03498452 -3.20356e-6 -1.78655e-5 -1 -1.77031e-5 1.29148e-5 -1 0.3665825 0.9300608 -0.02458333 -6.28868e-6 -1.2328e-6 -1 2.68631e-4 1.54721e-4 1 0.9995086 0.01618987 -0.02684485 0.9915632 -0.1249281 0.03457832 -0.2880402 0.8343328 0.4700231 -0.3199601 -0.6269295 0.7103414 -0.3037239 -0.7451514 0.5937181 -0.4336448 -0.9009687 0.0144115 -8.83886e-4 -2.92146e-4 0.9999997 -0.4566699 -0.8896142 0.006252169 0.4490726 -0.893493 0.002038002 -4.01014e-6 -9.91427e-7 -1 0.9783173 0.2070935 0.002750515 -4.55302e-7 0 1 -0.999953 0.001802086 -0.009539484 3.05893e-7 0 1 0 -4.81431e-7 1 0.8781008 0.4762086 0.04652541 0 3.65611e-7 -1 -0.8643719 -0.5027366 -0.01082509 0 2.13181e-6 -1 -0.8627268 -0.5056344 -0.0060364 0.838514 0.5448769 0.001874387 -3.40665e-6 -6.63832e-7 -1 0.9106923 0.4130371 0.006312847 -3.42713e-6 0 -1 -0.9183326 -0.3945786 -0.03119015 2.63304e-6 -7.42534e-6 -1 -0.9286448 -0.3709559 -0.003269255 -7.62455e-4 0.9998612 -0.0166434 5.42542e-7 5.14168e-7 -1 0.9508036 0.3077157 0.0358271 -5.59044e-7 -2.48984e-5 -1 -0.004749417 -0.9999524 -0.008526206 3.45173e-6 5.8042e-5 -1 1.82439e-6 0 -1 -0.9734495 -0.2275404 -0.02492874 -7.44122e-5 -0.999902 -0.01400333 0.999902 0 -0.01399892 -1.18981e-6 0 -1 -0.001794636 0.9999007 -0.01397925 6.95704e-6 -4.84077e-6 -1 0 2.55305e-6 -1 -0.9814767 -0.1914183 0.007915437 -0.9935567 -0.1075477 -0.03575599 -0.9975209 -0.0703153 -0.002819597 0.951924 0.3045591 0.03293341 -1.30306e-5 0.999902 -0.01400357 -5.45028e-7 -8.7545e-7 -1 -0.9795165 0.2010271 0.01164221 -0.8930187 0.4480063 -0.04252046 -5.01466e-4 0.001325309 0.999999 -0.3478643 0.9348391 0.07117772 -0.1740472 0.9845353 0.01995164 -1.83822e-6 0 -1 -7.87252e-6 0 1 -0.2327235 0.9722028 -0.02572339 -0.4002582 0.9162462 -0.01691985 -0.2618637 0.5976746 0.7577682 0.244779 0.9694868 -0.01336783 0 -1.00384e-6 1 0.6931367 -0.7207854 -0.005470156 0.4065483 0.9133507 -0.02256304 0.8654763 -0.50067 0.0167402 0.8520154 -0.5235164 7.12334e-4 0.4775389 0.8785729 0.008148014 -1.05499e-5 4.42756e-6 -1 -0.6430674 -0.7657453 -0.009936332 2.10654e-5 -4.47597e-5 1 -0.2405883 -0.9526783 -0.1857995 -0.04084056 -0.9991138 0.01018738 0.07313871 0.9971592 -0.01800948 0.107547 -0.9941655 -0.0082888 -2.30792e-7 0 -1 -0.2187193 0.8404899 0.4957205 6.97849e-5 2.91224e-4 1 0.2504965 -0.9680637 0.01020938 0.358577 -0.9334525 -0.009443223 -5.82686e-6 0 -1 7.64107e-5 2.78115e-4 1 0.3398563 0.7198338 0.6052579 9.54822e-6 2.90437e-7 1 0.5756286 0.8167676 -0.03927636 0.4608537 0.8873729 0.01353847 0.7850044 0.619489 0.001212418 0.9680888 0.2501942 0.01439595 0.8589752 -0.2710604 0.4343823 1.22632e-5 0 -1 -0.5516012 0.8341078 -6.02299e-4 1.27638e-4 -2.27946e-4 1 -0.3138574 0.949375 -0.01344406 6.61434e-6 0 -1 2.72489e-6 0 -1 0.2703357 -0.962352 0.02823638 -0.008083522 -0.9998494 -0.01535648 -0.00538516 -0.6223769 0.7826992 -0.3831902 -0.923149 -0.03100609 0 -1.64109e-6 -1 -0.3212162 -0.9469363 -0.01148611 1.95178e-6 0 -1 1.61402e-5 4.08003e-7 -1 -0.3549917 0.934556 -0.02420687 0 2.29418e-7 -1 -0.6232998 -0.7819548 0.006653904 -0.0325675 -0.9978583 -0.05672997 -3.18227e-5 -1.86024e-5 -1 1.12196e-6 -1.92623e-5 -1 -0.006674826 -0.9998815 -0.01388108 6.92605e-6 0 -1 0.999902 0 -0.01399892 3.62707e-6 0 -1 -2.0044e-6 0 -1 0.999902 0 -0.01399892 -1.18427e-6 0 -1 0 -6.03136e-6 -1 -7.19039e-5 0.999902 -0.01400315 -0.03274738 0.9986719 0.03977483 -0.9726736 0.2321604 0.002791047 -0.3912969 0.9202185 -0.009206831 2.01804e-5 -6.20937e-6 -1 -0.7967684 -0.6027343 -0.04326301 -1.14739e-5 2.35358e-6 -1 -0.8825727 -0.4701756 -6.12297e-4 -0.001929044 -0.9999005 -0.0139777 -0.033885 -0.9986102 0.04036778 1.73301e-6 3.07939e-6 -1 5.83489e-6 1.85343e-5 -1 -0.4686262 0.8825554 -0.03854435 -0.7287666 -0.684679 -0.01067751 -9.86938e-6 6.37471e-6 1 -0.7330343 0.6793369 -0.03408938 3.53732e-6 1.16369e-6 -1 -0.7850351 0.6194415 0.003497898 0.9135431 -0.4065681 0.01188963 -1.61526e-6 0 -1 7.2631e-6 0 -1 0.9755719 -0.218976 -0.01757854 -0.9794924 0.1991835 -0.03034293 3.52856e-6 1.72753e-6 -1 -8.66207e-6 -0.9999028 -0.01394414 2.11575e-6 0 1 0.4618049 0.8869323 0.009343266 -5.75952e-5 0.9999 -0.0141502 -9.87797e-6 -2.79039e-6 -1 -0.9095109 0.4153932 -0.01544731 -0.8927922 0.450435 -0.005533635 -0.4048272 -0.9143545 -0.008424878 0 1.6249e-6 -1 -0.7058184 0.7083064 -0.01106548 -7.03065e-5 3.14908e-6 -1 -0.7392957 0.6728943 -0.02559655 1.96822e-5 8.81216e-6 -1 0 -1.63408e-6 -1 5.79888e-7 6.3259e-7 -1 0.118555 -0.9900682 0.07556301 3.44082e-4 -3.08541e-4 1 9.20644e-5 -7.37751e-4 0.9999998 -2.63174e-7 0 -1 0.06674176 -0.9975572 0.02061742 -0.2764552 -0.9597244 -0.05001604 -5.49086e-6 0 -1 -0.1745251 -0.5592252 0.8104371 -0.2946829 -0.9553299 -0.02251237 -4.79311e-6 0 1 -0.09880179 0.9951054 -0.001868367 -0.07577621 0.9971117 0.005132317 0 0 1 3.35823e-7 0 -1 -0.3606503 -0.9321662 0.0315845 -2.99589e-4 -7.59818e-4 0.9999997 0.1139633 -0.8400803 0.530356 0 0 -1 0.2672563 -0.9624229 -0.04812937 -1.27926e-6 0 1 0.5451523 -0.3164271 0.7763266 0.864142 -0.5027887 -0.0215007 1.17211e-5 0 -1 0.9432556 -0.3314324 0.02053374 0.7527984 -0.2537116 0.6073921 0 -2.92946e-7 -1 0.9594303 0.2813369 0.01851898 0.7727187 0.2521377 0.5825225 0.5671123 0.3184077 0.7596053 1.42009e-4 1.72341e-5 1 0.4972473 0.5936288 0.6327322 0.3978876 0.5622206 0.7249783 0.5778654 0.8160391 -0.01233112 0.6904017 0.7232099 0.01769089 0.8727466 0.4879369 -0.01519727 0 -9.91308e-6 1 0.9476726 0.314185 -0.05660808 0.746878 0.413145 0.5210416 3.51864e-4 9.26282e-5 1 0.8475776 0.523985 0.08397597 4.33103e-4 2.7202e-4 1 0.5977596 0.8012498 -0.02612245 2.52249e-6 0 -1 0.5742591 0.8172581 0.04812067 3.20383e-4 4.4989e-4 0.9999999 2.44182e-5 -4.3086e-6 -1 0.2847735 0.9585468 0.009602427 3.56029e-6 -5.23184e-7 -1 0.4315476 0.9019544 0.01565003 -6.16584e-6 0 -1 3.39313e-6 0 -1 -0.3271753 -0.9444362 -0.03156882 -0.5297479 -0.847846 0.02290177 -1.35828e-5 -8.01718e-7 1 0.3738712 0.9269436 -0.03155952 -2.71195e-4 4.24159e-4 0.9999999 5.54574e-6 3.47252e-5 1 0.2059086 0.9776405 0.04267036 0 3.53583e-5 1 6.58933e-4 8.78555e-4 0.9999995 -0.2584628 0.8109842 0.5248824 -0.3463157 0.9363456 -0.05764102 -0.4565126 0.8896318 0.01231604 -0.3097501 0.5704365 0.7606952 -0.4781618 0.878256 0.005289435 -0.5984978 0.7974975 0.07614654 -8.03134e-4 0.001065194 0.9999992 -0.7784583 0.6274641 -0.01707428 -0.5114831 0.409729 0.7553193 -0.7037431 0.7097083 -0.03255414 -0.1409222 0.9883951 0.05671161 0.001593768 0.9999348 -0.01130723 0.001311123 0.6295192 0.7769839 0.03567188 0.9993612 -0.002182781 0.05631941 0.9982153 -0.01986247 0.2807602 0.8170734 0.5035521 -0.5893412 -0.8078306 -0.009320974 0.7022933 0.7108336 -0.03872674 8.58958e-6 3.55081e-7 1 0.3485331 0.4708989 0.8104189 -2.87419e-6 0 -1 0.824099 0.5661336 0.01880973 -9.05841e-6 0 -1 0.9947815 -0.1006917 -0.01646655 0.6929585 -0.07073795 0.7174988 -1.33694e-4 9.28254e-4 0.9999997 0.8517223 -0.2116476 0.4793478 0.002625644 -8.63404e-4 0.9999962 6.00688e-5 -3.91892e-5 -1 -0.4947555 0.8690322 3.12696e-4 -0.4440483 0.8956444 -0.02534413 1.19338e-5 1.34816e-5 -1 0.6896936 -0.7240431 0.009186446 0.439298 -0.3457239 0.8291516 0.7835304 -0.6209399 -0.02267235 0.928995 -0.3696596 0.01789474 6.18979e-4 8.05364e-5 0.9999999 -2.32483e-5 2.12135e-6 -1 -0.9998719 -0.01591324 -0.001751244 -0.9931627 0.1041349 -0.05276381 -9.5088e-6 -4.41053e-6 -1 1.24943e-5 -7.60067e-7 -1 -0.1098843 -0.8082224 0.5785343 -4.21218e-6 -2.7117e-6 -1 0.3927856 -0.9190694 -0.03211152 0.9999183 -0.004536807 -0.01195365 0.9998648 0.00433731 -0.01586872 -2.77218e-6 0 -1 0.2998072 0.9538385 -0.01754772 -1.50821e-5 -4.39125e-6 -1 0.373449 0.9276505 6.74137e-4 8.5025e-6 -2.081e-7 -1 0.338056 -0.9410437 -0.01245194 0 2.09005e-6 -1 -4.98258e-6 0 -1 1.44025e-5 0 -1 -0.7901763 -0.6128687 0.003658056 -0.001101076 -3.46252e-5 0.9999994 -0.8659499 0.4999305 -0.0141564 -0.5663627 0.32469 0.7575023 -2.73322e-5 -2.33952e-5 1 -9.23824e-6 1.97378e-6 -1 -0.9353632 0.3534397 0.01326709 -0.7793534 0.1886634 0.5975068 -5.92893e-4 4.32268e-4 0.9999998 -0.9949767 0.09961605 -0.009908795 -0.6702596 0.06862288 0.7389472 3.45268e-5 2.56241e-6 -1 -1.54876e-4 -9.21197e-7 1 -0.9755703 -0.219625 0.005245864 -2.64146e-4 -1.05131e-4 1 -0.7205301 -0.1233562 0.6823633 -0.9802168 -0.1979249 -9.39462e-4 -0.7597806 -0.1538726 0.6317094 0.7589455 -0.6507276 0.02356749 5.9785e-7 0 1 -2.29759e-6 0 -1 0.8422108 -0.5389636 0.0141251 3.04576e-6 0 -1 0.8367711 -0.5471266 0.02160382 -0.8623827 0.504481 -0.04236882 -0.8441283 0.5361144 -0.005381226 -6.54996e-7 0 1 -2.02641e-6 2.8629e-6 -1 -0.5620502 0.6174449 0.5503285 -0.5903823 0.8069592 0.01629877 -0.5188136 0.8548341 -0.009545207 -0.3176565 0.5221039 0.7915189 0 -1.92088e-7 -1 0.7047997 0.7092432 0.01522111 0.8945449 0.4447685 -0.04438918 0.9381621 0.3461639 -0.004756987 0 1.41518e-6 -1 0 -5.42873e-6 -1 2.03641e-6 0 -1 -0.9999034 0 -0.01390022 0.006072521 0.9998862 -0.01381438 3.26267e-4 0.9999907 -0.004298031 0 -1.7291e-6 -1 -5.95205e-6 2.66644e-6 -1 0.7816874 -0.6221216 -0.043926 -3.53171e-6 1.46905e-5 -1 0.9480492 -0.3180001 0.00887537 0.9711871 -0.2374511 -0.02031457 3.9502e-6 5.70867e-6 -1 0.0034253 -0.9998062 -0.01938927 1.4609e-4 -0.999902 -0.01400262 -1.11622e-6 1.42201e-6 -1 2.72177e-6 0 -1 -1.23073e-6 7.39497e-7 -1 -0.9999034 0 -0.01390022 0.6834635 -0.7297899 0.016864 -3.96519e-6 0 -1 -3.8615e-6 0 -1 0 7.73371e-6 -1 -0.9999034 0 -0.01390027 1.90821e-4 -0.9999028 -0.01394557 3.79389e-5 7.24923e-6 -1 -0.5266318 -0.4753391 0.7047778 -0.742526 -0.6696738 -0.01386952 -0.5462859 -0.5343492 0.6450138 -0.3951494 -0.9184598 0.01698786 -0.2884553 -0.9574142 -0.0123167 -0.1881957 -0.6230965 0.7591661 -0.001037895 -2.07271e-5 0.9999995 -7.12804e-6 -3.46472e-7 -1 0.5890922 0.8072931 -0.03533053 0.04563862 0.7825503 0.6209126 5.24677e-4 -4.43192e-4 0.9999998 0.06308424 0.7371408 0.6727881 0.0832597 0.9965178 0.004487633 0.09843993 0.9950941 0.009872078 -3.89228e-6 -1.26276e-5 -1 -4.5038e-6 1.56751e-5 -1 0.1390509 -0.6166 0.7748997 0.221999 -0.9750453 -0.001805305 0.2449035 -0.9695267 0.006357789 0.4337598 -0.785341 0.4416924 -0.001565217 7.61824e-4 0.9999985 0.9919067 0.1260995 0.01483708 0.9339943 0.356967 -0.0151425 0.6359002 0.2408039 0.7332425 -0.7555266 -0.6550337 0.01050949 -0.8308197 -0.5552394 -0.03805357 3.18454e-6 3.52337e-6 -1 -0.9601811 -0.2793778 -5.03753e-4 2.74735e-6 7.20677e-6 -1 -0.9735547 -0.2278652 -0.01638972 -6.0753e-6 5.41146e-6 -1 -5.08636e-4 -0.9998974 -0.01431292 -7.02426e-4 -0.9999018 -0.01399403 0.999902 0 -0.01399886 -0.9095891 0.4141419 -0.03367799 -0.7915019 0.6111667 3.10305e-4 -0.4401659 -0.8979164 1.84984e-4 -3.2026e-4 -3.02124e-5 1 -0.3150708 -0.7604105 0.5678963 -0.4948672 -0.8689104 0.01007032 0.5377657 0.8421661 -0.03955435 1.53714e-5 3.90135e-6 -1 0.6164915 0.787345 -0.005121052 -0.7349456 -0.6781229 -0.002055048 -1.08875e-4 -1.09167e-4 1 -0.6999753 -0.7139626 0.01709181 -0.4378585 -0.4820604 0.7588793 -0.6735035 -0.7391384 -0.008225321 0.6751773 0.7372717 -0.02379405 0.6457204 0.7635575 -0.005039572 -0.5533227 0.8329282 -0.008040249 -6.41553e-4 3.20897e-4 0.9999998 3.82342e-6 -2.20936e-6 -1 2.45282e-6 -2.44829e-7 1 -0.9991968 -0.03999716 -0.002453744 6.43793e-6 2.04918e-7 -1 0.9978805 0.05249392 -0.03845757 -4.04086e-6 -1.05285e-5 -1 0 -6.26931e-5 -1 0.9933707 0.1148901 -0.003895103 1.49956e-5 5.2815e-6 -1 -8.71557e-6 2.89507e-6 -1 -0.8242433 -0.5661132 0.01177924 -0.9162412 -0.4006261 9.26233e-4 0.6246925 -0.7802395 0.03139603 0.6307251 -0.7756418 0.02378743 -0.927603 0.3717221 0.03708738 0.7227359 -0.6909976 0.01323634 0.05341672 -0.002473235 -0.9985693 0.007923483 0.01589459 -0.9998423 -0.5843875 0.8113076 -0.01647555 -0.5791909 0.8148291 -0.02431988 -6.32027e-6 3.35966e-6 -1 -1.3876e-6 0 -1 0.880993 -0.4727243 0.0195769 0.7390779 -0.671856 -0.04871928 0.9391474 -0.3426294 -0.0246461 0.01243019 -0.9993348 -0.03428506 -0.9762198 0.2165074 -0.01093113 -0.7703649 0.4039665 0.4933041 -0.9168275 0.3981566 0.02997881 -0.6375369 0.143516 0.7569345 0.7703394 -0.6364015 0.039626 -1.62366e-4 -0.9998266 -0.01862066 -0.748382 0.6632672 -9.86867e-4 2.32873e-6 -1.39924e-6 1 0 6.31451e-7 1 -5.69194e-7 0 1 4.25854e-7 -1.60629e-7 -1 -9.47362e-5 -0.9999036 -0.01388984 -8.75266e-6 -4.81581e-6 -1 0 -9.08132e-7 1 0 5.99025e-7 -1 0.9684 -0.2490814 0.01264995 2.74123e-6 4.11863e-7 -1 0.9744485 -0.2209579 0.04034513 1.36878e-7 4.80117e-7 1 -0.9779138 0.2076051 -0.0241847 2.57488e-6 -1.87131e-6 -1 -0.9754969 0.2197702 -0.01034408 2.02821e-6 -2.57557e-7 -1 -1.5889e-4 0.9998985 -0.01425075 -4.20618e-4 0.9999028 -0.01394385 -4.97155e-7 0 1 -0.9857588 0.1677958 -0.01114618 1.40145e-5 -2.68204e-6 -1 -0.971818 0.2357031 0.003705918 0.972157 -0.2342641 -0.005585432 -0.9168755 -0.3978127 0.03293216 -1.09428e-4 -4.42519e-5 1 -0.8974963 -0.4409504 -0.007958352 -2.90033e-7 0 1 -2.28984e-4 -3.36177e-4 1 0 0.9999028 -0.01394915 0 0.9999028 -0.01394993 0.9999028 0 -0.01395052 0.9999027 0 -0.01395046 0 -0.9999028 -0.01394414 -0.9999027 0 -0.01394855 0 -0.9999029 -0.01394444 -0.9999027 0 -0.01394867 9.30458e-4 0.9999025 -0.01393669 0.02775615 0.9978482 -0.05940198 -6.62494e-6 -1.64665e-5 -1 0.8060012 0.5916202 0.01865231 -4.98288e-5 -1.03009e-5 -1 0.4159927 -0.9092907 -0.01185494 0.6931985 0.7204701 -0.01997143 -3.16412e-5 -4.67207e-5 -1 0.8790827 0.4759007 -0.02705913 0.489319 -0.8705124 -0.05268031 -2.46609e-6 -2.34255e-6 -1 -0.920031 0.3918396 0.002182543 -0.9252748 0.3790342 -0.01413369 0 1.47016e-6 -1 -0.7360824 -0.2988823 0.6073321 -0.8244426 -0.5657501 0.01487374 -0.4865213 -0.430354 0.7603239 -0.7490963 -0.6624033 -0.008752286 -0.6762507 -0.7365252 0.01468586 -3.81697e-7 0 1 -0.6868391 -0.7268083 0.001393556 -7.79514e-5 -8.54769e-5 1 -6.75165e-4 -2.92149e-5 0.9999998 0.6931161 -0.7204093 0.02450627 1.40166e-6 1.46589e-6 -1 0.7865692 -0.6157883 -0.04597699 0.8838322 -0.4677259 0.008548915 -3.40377e-6 8.29267e-7 -1 0 1.25311e-6 -1 0 2.46248e-6 1 -1.11546e-5 -1.34193e-4 -1 0 0 -1 -0.9965811 0.08225232 -0.007791519 -0.9969903 0.07622796 -0.01413601 -1.21102e-4 0.9998635 -0.01652741 0.9999028 0 -0.01395052 4.55361e-6 0 1 0 0.999902 -0.01400423 0.9999027 0 -0.01395052 0 0.999902 -0.01400434 -0.9999027 0 -0.01394861 -0.9999028 0 -0.01394867 0 -0.999902 -0.01400429 0 -0.999902 -0.01400411 1.51275e-6 3.96077e-6 -1 -7.9285e-6 -1.01386e-5 -1 -0.6188116 -0.7854509 0.01180857 -0.611336 -0.7913252 -0.008536159 -0.6237149 -0.7815376 -0.0133782 0.9999026 0 -0.01396352 -0.6397119 -0.7674085 -0.04304528 0 4.89168e-7 -1 -0.5630185 -0.8264395 -0.002851068 -0.4466775 -0.8944432 -0.0212295 -0.4806568 -0.8759902 -0.04012709 -1.8677e-4 4.5853e-4 -1 -0.5586335 -0.8293309 0.01178985 0.7627102 0.6459805 0.03134447 -0.6979964 -0.715826 -0.01985621 0.7657505 -0.6431024 -0.006747782 4.91981e-6 -6.42077e-7 -1 -1.33053e-4 -4.51075e-5 -1 3.68748e-6 -3.21448e-6 -1 -0.7367693 -0.6754148 -0.03140109 -4.09801e-5 -4.90665e-5 -1 -6.97731e-4 0.9999027 -0.01393485 -0.01508456 0.9997723 0.01509958 1.30997e-5 6.28073e-5 -1 0.4302188 -0.3732792 -0.8219333 0.432927 -0.3792608 -0.8177626 0.7683753 -0.6399438 -0.008449554 -0.6045526 -0.7957345 -0.03637027 0.7058786 0.7082332 0.01188188 1.06394e-6 0 1 -0.9291016 -0.3693353 -0.01902085 -0.8900809 -0.4552352 0.0227409 0.6313322 0.7752379 0.0206362 0.6257356 0.7794957 0.02900826 -1.5211e-7 0 1 -1.28299e-6 0 1 -0.5711283 -0.5743612 0.5864485 9.06968e-5 -1.89781e-4 1 -2.02662e-4 -1.66601e-4 1 -0.5343127 -0.3508067 0.7690544 -0.8367955 -0.5474615 -0.007697641 -0.7708236 -0.6362867 0.03114873 -0.7541621 -0.6566115 0.01005429 -0.342827 -0.5642282 0.7510768 -0.5196025 -0.8543581 -0.009255766 -0.4718657 -0.881636 -0.007793664 -1.13771e-5 -8.67701e-6 1 7.96725e-6 2.17901e-5 -1 -0.3752444 -0.9265553 0.02620828 -0.3915272 -0.9175775 0.06897944 -2.41839e-5 -3.91247e-5 1 0.4883453 0.8725383 -0.01398843 -2.22068e-5 1.41059e-5 -1 0.4802583 0.8770883 -0.008253574 3.67364e-6 2.29353e-6 -1 0.001650691 0.001306533 -0.9999979 -0.6998156 -0.7132246 0.03960824 -3.76081e-5 -5.18615e-5 -1 0.9999027 -7.22621e-6 -0.0139504 0.1243821 0.9920986 0.01641762 -5.4596e-6 -1.70782e-5 -1 -4.42199e-5 -3.98388e-5 -1 0.3196783 0.7297013 0.6044351 -0.9373003 0.3480342 -0.01845556 -0.9278689 0.37277 -0.01010215 5.87673e-7 2.39737e-7 -1 0.2475391 -0.9687464 0.01596587 -1.31609e-6 3.56823e-6 -1 4.16741e-6 2.77768e-6 -1 -0.395051 0.9181327 -0.03110158 0.1464497 -0.9873258 0.06115859 1.04029e-4 -6.28438e-4 0.9999999 0.003517091 -0.9972751 -0.0736888 0 -3.31054e-6 1 8.62016e-6 -4.02771e-6 -1 0 -5.20304e-6 -1 -0.9978637 0.02692061 -0.05952501 0.603462 -0.797324 -0.01040095 0.4253608 -0.9050214 0.002101182 0.5671259 -0.8231354 -0.02856916 -3.45584e-4 4.67879e-4 0.9999999 -0.43544 0.7237989 0.5352638 -0.4829664 0.8750635 0.03173762 -1.45966e-5 8.0084e-6 -1 -0.7068145 0.7073899 -0.00358951 -0.4918537 0.3734322 0.7865293 -0.7952014 0.6062833 -0.008690953 -0.9099966 0.4145743 -0.005855321 -4.7558e-4 1.76798e-4 0.9999999 -0.9366725 0.3494263 0.02336508 -0.7722896 0.2307738 0.5918719 -2.50631e-4 -2.07542e-4 1 -0.7260302 0.2362129 0.6458202 0 3.74781e-6 -1 -1.51414e-4 -3.26076e-6 1 -0.9994192 -0.03407996 -2.72926e-4 0 -2.14024e-6 1 -0.9992104 0.02173614 0.03326213 -0.9997832 -0.01931047 0.007802426 -0.9584156 0.2852321 -0.009066402 7.17718e-6 -2.95332e-6 -1 -0.8989526 0.4378931 0.01156735 -0.7479425 0.6635462 0.01698428 -4.10865e-4 3.64385e-4 0.9999998 -2.30707e-4 4.07842e-4 0.9999999 -0.5334621 0.8458233 -0.001088201 -0.4315829 0.6852015 0.5867156 0.9998049 0.008330106 -0.01791769 -1.23794e-6 -3.55133e-6 -1 -0.1519784 -0.786233 0.5989493 -4.9218e-4 -2.42261e-4 0.9999999 0.9435799 -0.330681 -0.01752233 7.94952e-5 3.53037e-5 -1 9.39938e-6 2.75636e-5 -1 0.9486851 -0.3161631 -0.006139457 -0.5736613 -0.8184922 -0.03135544 -0.5403222 -0.841437 -0.005991339 0.999746 0.009406983 -0.02048158 -0.4827874 -0.8756505 -0.01236081 -4.06713e-6 -7.836e-7 -1 0.4789478 -0.8778411 0.002032995 3.02798e-4 -5.07123e-4 0.9999999 0.5154042 -0.8566553 0.02236717 0.424521 -0.5604578 0.711104 0.6040253 -0.796965 6.19675e-4 0.6344605 -0.7729234 0.007038295 7.23964e-6 9.58946e-7 -1 -0.9992388 0.02836471 -0.02678209 -4.22948e-6 -1.53176e-6 -1 6.33058e-6 -2.92375e-6 -1 -0.9979343 -0.0493893 -0.04108333 0.8468828 0.5317462 -0.00596559 -1.78989e-7 -1.20406e-7 -1 -0.9782087 -0.207019 -0.01583909 0 1.55518e-6 -1 -0.9967843 0.08010429 0.00210303 -4.52706e-6 7.89819e-6 -1 0.5734626 -0.8191 -0.0146926 0.8179538 0.574615 -0.02773588 0.573678 -0.8189393 -0.01523584 0.8631093 0.5049486 -0.008329033 3.38881e-6 2.19173e-6 -1 -5.87891e-7 0 -1 0.8193112 0.5727201 -0.02685052 -0.8217723 -0.5679934 -0.04554051 0.987546 0.1561352 0.01935654 0.9893804 0.1428286 -0.02695524 0 1.92498e-7 -1 0.9143192 0.4046603 -0.01645171 1.50625e-6 2.98811e-6 -1 0.913713 0.4061704 -0.01241862 -2.25022e-6 1.24244e-6 -1 -1.70736e-6 -3.91243e-6 -1 0.9525793 0.3042899 -5.1189e-4 -2.52693e-7 0 -1 0.9533233 0.301914 -0.00475496 5.97135e-7 0 -1 -0.9432622 -0.3320459 0.001430511 0.9191754 0.3938222 0.004576027 0.9194848 0.3930867 0.005529403 -0.9387164 -0.3446205 -0.00695312 -1.75862e-6 8.49008e-7 1 1.12249e-6 0 1 -8.58463e-7 0 1 0.9783354 0.202149 -0.04467135 -3.36918e-6 0 1 0.8802825 0.4744447 0.002240359 0.8686919 0.4915692 -0.06110781 -4.61677e-7 0 1 0.8219638 0.5647617 0.07362049 8.47825e-7 0 1 -4.72571e-6 0 1 -0.8074808 -0.5898698 0.005341529 4.72799e-7 0 1 0.7692598 0.6304422 -0.1038371 -0.7530184 -0.6579995 9.79187e-5 -0.867541 -0.4973552 -0.003247737 3.03419e-7 0 1 -0.4120603 -0.9110556 -0.01356846 0.7220903 0.6851121 0.09595364 -0.675441 -0.7372558 0.01527798 0 9.4011e-7 1 0.6495811 0.7601227 -0.01606249 -1.21595e-6 0 -1 0.6449811 0.7639041 -0.02121585 0.6391854 0.7689157 0.01451617 -0.3307234 -0.9435313 -0.0192582 -6.99395e-7 0 -1 -0.340891 -0.9401028 3.72058e-4 0.3313716 0.943291 0.01987755 0.6208419 0.7832706 -0.03228807 8.42348e-7 3.73158e-7 -1 0 -1.71e-7 -1 -0.6392551 -0.7688669 0.01402819 0.3373197 0.9409714 0.0280795 0.5681735 0.8220373 -0.03786092 0.2348856 0.9714918 0.03213232 5.23383e-7 0 -1 -5.73465e-7 0 -1 0.5161356 0.8564657 -0.008411824 0 -9.94046e-7 -1 -0.1888947 -0.9814558 -0.03261262 -2.07287e-6 0 1 -0.3876745 -0.9215077 0.02306628 3.53203e-6 -4.90978e-6 1 -0.05809742 -0.9980005 0.02489906 -7.99111e-5 0.9999949 -0.003208994 -1.50423e-6 1.17583e-6 1 0 2.16486e-7 1 0.01456767 0.9998086 0.01306623 -0.09256434 -0.9944301 -0.05040657 -5.40248e-7 0 1 -0.005693078 -0.999877 0.01462018 -1.454e-7 0 1 1.14744e-6 -3.23201e-7 1 -1.17974e-6 0 1 8.76523e-7 0 1 0.1043433 0.9921634 0.06873482 -8.36753e-7 0 1 -0.04353028 -0.9986013 0.03001302 -0.2531333 0.9668003 -0.03493881 -0.267019 0.9636586 0.007939755 0.3281837 -0.9446027 0.004615485 1.68136e-6 0 1 0.3394144 -0.9404644 0.01801878 0.3403656 -0.9380298 -0.06520432 1.29923e-5 -5.16017e-7 -1 -1.45689e-4 0 1 0.9186661 -0.3947792 -0.0142157 -0.9187488 0.3948027 0.005621373 0.8672801 -0.49782 6.94964e-4 0.8477647 -0.5303099 0.008164823 0.8242238 -0.5659582 0.01861608 -4.96771e-5 0 -1 -0.741306 0.668376 -0.06114721 5.10482e-6 0 1 0.5156073 -0.8565208 -0.02283537 3.06952e-5 0 1 -2.41405e-5 0 -1 0.6974822 -0.7165856 0.004876375 0 0 -1 -4.93198e-6 1.85376e-6 -1 -1.60343e-7 0 -1 1.82617e-6 0 1 -3.31452e-6 -8.81855e-7 -1 0.9544276 0.2971622 0.02761822 -9.20831e-5 -1.54644e-5 -1 0.884669 0.4637648 -0.04778242 -1.32694e-5 2.50309e-7 1 0.7441272 0.6669668 0.03781795 0.2972608 0.9542791 -0.03142464 1.40586e-5 2.72946e-6 1 0.3686438 0.928994 0.0327394 0.7551379 -0.6550516 0.02596789 0.8140051 -0.5808476 0.003454089 0.8527704 -0.5222392 -0.006994485 -0.3725677 -0.9277989 -0.01956075 -0.9078962 0.419084 -0.009651482 -0.3759889 -0.9251888 -0.05155575 -0.4672799 -0.8839614 0.0161789 -0.4485894 -0.8931698 -0.03186601 4.87933e-7 0 1 1.23457e-6 0 1 -0.554112 -0.8316287 0.0367915 -0.5238819 -0.8494798 -0.06270557 3.63946e-6 0 1 0.5201359 0.8540834 -6.10089e-4 0.5174537 0.8556466 0.01051938 0.4844653 0.8741354 0.03436332 -3.86292e-6 1.38505e-6 -1 0.9986839 -0.03436332 -0.03807741 0.6134132 0.7897059 -0.009431838 0.5592497 0.8289883 0.004279971 6.68679e-7 0 -1 -0.583894 -0.8118243 -0.003034293 -0.5836003 -0.8120378 -0.002327919 5.79241e-7 0 -1 -6.32485e-7 0 -1 1.24623e-6 2.06647e-6 -1 0.9840287 0.1779307 -0.005318045 -0.6536822 -0.7560185 -0.03369826 -0.670271 -0.7421125 -0.002447068 0.07250523 -0.9973543 -0.005246043 1.40523e-6 0 1 4.44716e-7 0 1 -0.1017367 0.9946541 0.01768738 0.311685 -0.9501444 0.00885111 -0.3742054 0.9272262 0.01490026 0 -3.05208e-7 1 -0.2966193 0.9548001 0.0193355 0 -5.52379e-6 -1 -0.5000321 0.8657604 0.02066093 -0.5283991 0.8489282 0.01074081 0.983455 0.1803244 -0.01730591 2.39109e-6 1.38542e-5 1 -0.6493033 0.7602279 0.02142053 -2.78912e-6 3.4714e-7 1 0.9410458 -0.3377029 -0.01973485 0 -7.38861e-7 -1 2.02523e-6 2.19528e-6 1 -0.6883292 0.7253305 0.009931206 0.8601881 -0.5098383 -0.01189237 2.69737e-5 8.65178e-6 -1 -1.53339e-5 1.50564e-6 1 0.6631388 -0.748175 -0.02193689 -0.7545226 0.6557726 0.02565217 -9.83085e-6 -4.64886e-6 -1 0.2405367 -0.9705577 -0.01264309 6.71142e-6 8.86727e-7 1 0.2539851 -0.967113 -0.01356649 -7.26013e-6 9.50633e-7 1 -0.8615119 0.507324 0.02048957 4.59482e-6 -7.78276e-7 1 -0.2504703 -0.9678813 -0.02169334 -0.8431506 0.537603 0.00894761 8.32921e-6 -7.71438e-6 -1 0.9904451 0.137122 -0.01470482 -1.73365e-6 7.96651e-6 1 -0.4383679 0.8987543 -0.008633971 -0.410108 0.9118882 0.01647955 -0.4670624 0.883737 0.02935802 -6.0705e-6 0 1 -0.3148689 0.9490415 0.0133391 0.9897168 -0.1429901 -0.003798127 0.9675537 -0.2526471 0.003080248 0.5779441 -0.8160759 -9.35728e-4 0.5689968 -0.8223352 0.002746284 0.3789934 -0.4302763 -0.819284 0.7994583 -0.453747 -0.3936754 -0.02445888 0.0257228 -0.9993699 -0.4620387 0.8868533 -0.003379821 -0.6824441 0.7309329 0.002693831 0.2763285 -0.450894 -0.8487268 0.8187187 0.5741917 -0.001929938 0 6.62379e-7 1 -1.63238e-6 2.48526e-7 1 3.6185e-5 -5.9481e-7 -1 -0.6346539 0.7727711 0.006265997 -0.6295675 0.7769242 -0.005793273 0.6288608 -0.7772404 -0.02077609 8.37894e-7 0 -1 0.6470131 -0.7603434 -0.05702608 -0.717424 0.6965245 0.01251047 -0.0109775 -0.01199138 -0.9998679 0.7744758 -0.6321158 -0.02483558 -0.01080828 -0.0129894 -0.9998573 -0.7764676 0.6301177 -0.007063746 -0.5490497 -0.5491839 -0.630033 -0.795664 0.6057342 0.002227127 -0.5533179 -0.5507777 -0.6248866 -0.7752015 0.6316444 -0.009389698 -6.32137e-6 0 1 0.7696813 -0.6384272 0.001303255 0.7639294 -0.6445935 -0.03018504 0.6757596 -0.7370802 -0.007869541 0.5734666 0.8191125 -0.01381504 0.5734758 0.8191071 -0.01375693 -0.778424 -0.6267973 -0.03437232 0.5738825 0.818772 -0.01647531 -3.9072e-6 0 -1 0.8532835 -0.5193253 -0.04699534 -0.8585159 0.5126891 -0.0100246 1.52974e-6 1.6416e-6 -1 -0.8763455 0.4816181 -0.007915854 -0.858828 0.5070374 -0.07299023 7.26931e-6 -4.53037e-6 1 -0.8512139 0.5247536 0.008276283 1.85297e-6 -3.91422e-6 1 -0.8567603 0.515715 2.76616e-4 -9.14069e-7 -1.63876e-6 1 -2.45316e-6 1.33885e-6 1 -0.8251783 0.5634257 0.04040122 0.839484 -0.5418462 0.04085737 5.23396e-7 0 1 0.9074761 -0.419689 0.01866114 0.910925 -0.4088259 0.05547022 3.2451e-6 -5.62455e-7 -1 -8.35906e-7 -1.8368e-6 -1 0.8421387 -0.5386661 -0.02532589 -2.40381e-6 3.23722e-7 -1 -0.9675863 0.2517374 -0.02012342 -0.9746391 0.2236733 -0.007010042 0.8199417 -0.05278414 0.5700083 0 2.10168e-6 -1 1.16218e-4 -5.83111e-5 1 0.3765129 -0.9263644 0.00934565 2.89101e-6 0 -1 0.2881682 -0.8164567 0.5003577 -2.29116e-6 0 1 0.9999554 -0.005608141 -0.007614731 0.9998801 -0.01183027 0.009998977 4.3559e-6 0 1 -3.46323e-6 0 1 -0.9997838 0.02046906 -0.003669798 0 0 1 0.9964231 0.08449351 0.001336812 -4.87873e-6 0 1 0.9964641 0.08402067 1.15093e-5 -7.18195e-7 0 1 -5.53059e-7 -4.88159e-7 1 0.9973754 -0.06301838 -0.03565132 -0.9995912 -0.02337884 0.01646065 0.9992255 0.03792405 -0.01050394 0 0 1 -0.9953123 -0.09574389 -0.01365691 -2.8723e-6 0 1 -0.9996816 -0.00882709 0.02364265 -0.9229438 0.3843977 0.02032935 -0.9451481 0.3254408 0.02799081 -0.3771371 0.9256441 0.0308327 0.3565151 -0.9342517 -0.008420288 2.52184e-7 0 1 0.03571414 -0.9993349 0.007369458 -0.443608 -0.8962139 -0.003578662 -1.2933e-6 0 1 -0.4948127 -0.8689994 7.3568e-4 -0.5012984 -0.8652665 0.003723382 -0.4985591 -0.8668558 -2.87327e-4 -1.23536e-6 0 1 -0.915689 0.4015352 0.01682639 7.70978e-7 0 -1 0.918766 -0.3946534 -0.01085525 -1.30223e-6 0 1 0.9228996 -0.3850011 -0.005537092 0.9354913 -0.3524313 -0.02546131 1.43655e-6 1.61662e-7 -1 -0.9131518 -0.4072362 0.01768076 -0.5947839 0.8037237 -0.01614314 0.8111804 0.5417348 -0.2202497 0.6284764 -0.777828 0.001122951 0.666292 0.745687 0.002442657 -7.233e-6 0 -1 -0.2297814 0.709091 -0.6666262 -2.3569e-5 3.38469e-5 -1 -0.6374866 0.7704616 -1.70403e-4 0.7777187 0.6286126 6.26915e-5 0.7808298 0.6247435 -5.50254e-4 0.7756064 0.6312162 -9.74507e-4 0.7769739 0.6295317 0.001236021 -0.3420326 0.9396803 -0.003833115 1.04713e-6 0 1 -0.3117071 0.9501649 0.00504142 0.3340457 -0.9424757 0.01237404 0.4184684 -0.9041199 0.08632338 -0.992735 -0.1189991 -0.01778805 3.36722e-6 -5.46762e-6 1 -0.9861644 -0.1645462 -0.02010762 0.9952726 -0.09447121 -0.02253037 -0.003216803 3.05982e-4 -0.9999949 -0.002819359 4.03114e-4 -0.999996 0.9977806 -0.06586545 0.00977391 7.89698e-7 -3.19409e-6 -1 0.9982054 0.05934834 -0.007992208 0.9993193 0.02346676 -0.02846908 -0.5259001 0.3858381 -0.757996 -0.7168478 -0.4307696 -0.5482397 2.59342e-6 -2.29795e-5 1 0.8155921 0.5776736 -0.03320848 -0.766932 0.6315046 0.1140936 -0.04512685 0.9701344 -0.2383333 -0.2435649 0.8678867 -0.4329538 0 -6.30438e-7 1 0.4892404 0.8721438 0.002997815 1.31387e-6 6.91092e-7 1 -7.33538e-6 9.21331e-7 1 -0.1864195 0.9824679 -0.002151548 -0.2461599 0.9692275 0.001817166 -0.7803211 0.6251738 -0.01603055 -0.001754403 0.001802563 -0.9999969 -0.1678029 0.3353593 -0.9270255 0.9996739 -0.01590329 -0.01998001 -0.4395831 0.8479613 -0.2961901 -0.5543556 0.49229 0.6710742 -0.5019078 0.8635687 0.0483483 -2.85289e-4 9.31792e-4 0.9999996 -3.74687e-7 3.35719e-7 -1 -3.3902e-6 6.58838e-7 -1 -4.73649e-6 2.42847e-7 -1 0 6.00046e-7 -1 0.001046836 -0.9999995 0 0.001861631 -0.999988 -0.004523515 1.55234e-7 -2.22601e-7 -1 0.001172721 0.9999957 -0.00269401 -1.22006e-6 -2.20083e-7 -1 -7.3333e-6 -4.30726e-6 -1 0.001653015 0.9999986 0 0 -3.45e-7 -1 1.44074e-7 0 -1 -5.35175e-6 0 -1 1.6264e-6 -4.10254e-7 -1 0 -3.85236e-7 -1 0.9999755 0.00293821 -0.006365656 5.08182e-7 0 -1 0.998611 0.05236858 0.005812048 0.9571123 0.2896326 -0.00702393 1.88301e-6 0 -1 0.9334597 0.3584476 0.01297533 0.8223286 0.5688074 -0.01529347 0.7253838 0.6881688 0.01556146 -6.65052e-7 0 -1 0.6425682 0.7661914 -0.007529854 0.4797523 0.877394 0.004206001 0.4433795 0.8963247 -0.004083096 0.2756366 0.9612392 0.006622552 6.8666e-7 0 -1 0.1820238 0.9832097 -0.01289081 0.01180255 0.9998613 0.01175642 0 0 -1 -1 0 0 5.42687e-7 0 -1 -5.62625e-7 0 -1 9.22924e-7 0 -1 4.3581e-7 0 -1 0 -4.27945e-7 -1 0 0 -1 -0.002085804 0.9999979 0 0 -1.87782e-6 -1 -0.004196584 0.999922 -0.01176345 0 -3.82089e-7 -1 -2.88148e-7 0 -1 -0.9454948 0.3255611 0.007050573 -0.9170497 0.3986943 -0.00790739 0 0 -1 -0.8355712 0.5493488 0.006051003 -0.7806639 0.6248853 -0.009076237 -0.6965744 0.7174087 0.01044398 -0.5298508 0.8479734 -0.01411908 -0.4564587 0.8896956 0.009352087 -0.2021597 0.9793435 -0.004220068 -0.1794217 0.9837107 -0.01100879 5.44849e-7 0 -1 -0.9881575 0.1533383 -0.0056777 -0.9956641 0.09279429 0.006501078 -2.64699e-7 0 -1 -0.9961469 -0.08732503 -0.008105695 0 5.35525e-7 -1 -4.55613e-4 -0.9999836 -0.005735099 -0.00147897 -0.999999 0 -4.95589e-4 4.2875e-4 -0.9999998 -0.05106806 -0.01290822 -0.9986118 -0.3447343 -0.03046041 -0.9382059 -0.2205735 -0.07428413 -0.9725375 -0.4757858 -0.09073209 -0.8748689 -0.518699 -0.854708 -0.02062934 0 0 -1 -0.4511825 -0.0642144 -0.8901185 -0.3475269 -0.9375874 0.01245045 -0.785628 -0.05803245 -0.6159716 -0.7926025 -0.6093819 0.02085709 -0.7798258 -0.1931294 -0.5954602 -0.8002886 -0.1719961 -0.5744175 -0.7824297 -0.05962491 -0.6198781 -0.7007015 -0.1680341 -0.6933845 -0.6397814 -0.2345724 -0.7318849 -0.3671813 -0.1609447 -0.9161195 -0.3703919 -0.1624023 -0.9145684 -0.1805453 -0.1154288 -0.97677 -0.2741861 -0.2830772 -0.9190698 -0.01479595 -0.01653784 -0.9997538 5.84355e-4 -0.001473426 -0.9999988 -0.0296272 -0.03592687 -0.9989152 0.004071235 -0.002183675 -0.9999893 -1 5.18017e-5 -3.71856e-4 -3.07318e-7 0 -1 0 -0.9999899 -0.00451821 -0.9999997 -7.83777e-4 -9.10092e-5 -0.9992569 0.03705191 0.01062446 -0.9998395 -0.01685041 -0.00610131 -0.9338557 0.08525359 -0.3473407 -0.9388577 0.140626 -0.314278 -0.8309586 0.5217958 -0.1929696 -0.7446831 0.6674174 0.00109899 -0.6906186 0.7232191 4.841e-4 -0.6586669 0.7524335 -0.001327157 -0.5987751 0.7685571 0.2253629 -0.5428938 0.7727244 0.3288819 -0.4454722 0.8408176 0.3075392 -0.3986191 0.8711275 0.2867746 -0.3342979 0.8222289 0.4606353 -0.2829248 0.8847039 0.3704763 -0.4132015 0.9106385 0.001368641 -0.3142228 0.9493482 -0.001449525 -0.2843826 0.9587091 0.001881361 -0.1840504 0.9829142 0.002283334 0.2182425 0.9198026 0.3260885 0.2908719 0.9567614 -0.001129627 0.3391609 0.9407274 0.001427352 0.418467 0.908232 9.07222e-5 0.7912528 0.5210286 -0.3200755 0.8051788 0.3982248 -0.4394365 0.7477525 0.3618486 -0.5567152 0.74338 0.2540997 -0.6187241 0.4610746 0.5038133 -0.7304673 0.7546837 0.6021042 -0.2606207 0.6237516 0.6852598 -0.3759694 0.3778523 0.7445387 -0.5503542 0.4763549 0.6935709 -0.5404123 0.3277434 0.3156204 -0.8904876 0.4438495 0.2129331 -0.8704352 0.6327464 0.09994268 -0.7678825 0.3927642 0.1847661 -0.9008874 0.3245928 0.2576221 -0.9100937 0.8493464 0.01411479 -0.5276471 0.8830685 0.4691133 0.01108497 0.6943637 0.2919715 -0.6577323 0.8471723 0.1411714 -0.5122204 0.9966177 0.07916927 -0.02203649 1.86069e-6 6.7129e-7 -1 0.999966 0.00573486 -0.005929172 0.9360964 -0.3517406 -0.001464128 0.9500284 -0.3121607 0.001306593 0.9705572 -0.2408702 -5.82446e-4 0.9162293 -0.4006507 0.001772403 0.8954267 -0.3109871 0.3185877 0.9965701 0.08273833 0.001552164 0.9782636 0.2073652 -2.73144e-4 0.9771381 0.2126058 4.03168e-4 0.9099317 -0.1413443 0.3899309 0.9149954 0.319503 -0.2463762 0.9558055 0.2939969 0.001288115 0.9667317 0.07252192 0.2452966 0.9558356 -0.03643828 0.2916343 0.9465469 0.322564 -0.00129503 0.9195598 0.392949 9.65919e-4 0.951609 -0.03818988 0.3049293 0.878231 -0.1513637 0.4536513 0.8357355 -0.2262641 0.5003505 0.8738961 -0.2051566 0.4407001 0.4980422 -0.1865357 0.846852 0.6860176 -0.4970571 0.5313323 0.5159335 -0.5948182 0.6164447 0.5513741 -0.5417894 0.6343901 0.5049026 -0.4695859 0.724267 0.4844028 -0.7363171 0.4724312 0.4902434 -0.8265075 0.2766712 0.4058567 -0.8586686 0.3129997 0.1452103 -0.8806599 0.4509459 0.2807575 -0.8915823 0.3553258 0.4102046 -0.911993 0.001089751 0.3195137 -0.9475808 0.001343846 0.2888372 -0.9573776 -0.00114572 0.9621841 0.271731 -0.01908516 0.2290654 -0.9734107 8.56193e-4 -0.08088487 -0.9967231 8.03037e-4 0.03201997 -0.9994832 0.002871692 0.1113423 -0.9937804 0.001828491 0.07269877 -0.9973539 -4.64733e-4 0.2036857 -0.9790359 -0.001038253 -0.1685324 -0.985695 0.001455008 -0.1908671 -0.9816158 -4.67917e-4 1.555e-7 0 -1 -0.1640872 -0.9210165 0.3532762 -0.1811153 -0.7672773 0.6152096 -0.1028453 -0.6482282 0.7544687 -0.08139342 -0.8811761 0.4657293 0.01199895 -0.8460519 0.5329656 0.04255455 -0.7697562 0.6369181 0.04105252 -0.7702947 0.6363654 0.1615862 -0.7052025 0.6903473 0.2039484 -0.7025774 0.6817552 0.331087 -0.7842622 0.5247042 0.2975017 -0.6183443 0.7274223 -0.07614481 -0.868972 0.488968 -0.2894039 -0.4086439 0.8655956 -0.3495228 -0.4007546 0.8468941 -0.3482617 -0.3178244 0.8818739 -0.1584594 -0.1241732 0.9795263 -4.04549e-6 0 1 8.36869e-6 0 1 1.31202e-6 0 1 -8.6668e-6 0 1 8.90649e-6 0 1 1.26824e-6 0 1 -1.71588e-6 0 1 -0.001505672 -1.24528e-4 0.9999989 -0.5163319 -0.4146832 0.7492926 -0.5756313 -0.6420142 0.5064252 -0.587756 -0.7131704 0.3820091 -0.3777973 -0.9258885 7.00417e-5 -0.3519803 -0.8890383 0.2927812 -0.3432312 -0.8876944 0.3069058 -0.2938322 -0.955856 -0.001399934 -0.2617446 -0.9651365 0.001128256 -0.5231957 -0.8521549 0.009917438 -0.2729825 -0.9322072 0.237635 -0.4355801 -0.6696904 0.6014854 -0.4442177 -0.6787397 0.5847933 -0.1981689 -0.8661122 0.4588885 -0.3550268 -0.6923577 0.6281694 -0.2283235 -0.5197474 0.8232442 -0.223621 -0.6856245 0.6927573 -0.3955467 -0.8459669 0.357607 -0.3706116 -0.9287877 -7.70168e-4 -0.4741162 -0.8804609 -0.00161308 -0.4610233 -0.8873881 -6.0468e-5 -0.500003 -0.8195112 0.2799976 -0.4581349 -0.8633059 0.2116962 -0.5808712 -0.7033907 0.4096709 -0.6656526 -0.74626 0.001666605 -0.6850904 -0.728458 -3.48311e-4 -0.7242457 -0.6895421 1.22356e-4 -0.7293969 -0.6840904 7.3477e-4 -0.6791132 -0.5745826 0.4567934 -0.6510694 -0.5264574 0.5467644 -0.6778547 -0.5735144 0.4599937 -0.7643917 -0.4632713 0.4484254 -0.8977718 -0.2881927 0.3330929 -0.8037565 -0.5949584 4.33435e-4 -0.8646716 -0.502337 -7.99167e-4 -0.563807 -0.6481789 -0.5118455 -0.4910696 -0.7333332 -0.4701842 -0.9999994 -7.3765e-4 -8.58754e-4 -0.5891405 -0.5959044 -0.5457211 -0.9186606 -0.2439904 -0.3106954 -0.9987829 0.04927217 0.00222367 -0.9896981 -0.02065318 -0.1416723 -0.8912811 0.453451 5.32157e-4 -0.8963301 0.4433835 0.001892089 -0.8355346 0.5494362 -0.001336276 -0.7844566 0.6201812 -0.001777768 -0.9423118 0.3347298 0.002138495 -0.9274685 0.3738998 -0.001103818 -0.9855305 0.1694937 -0.001290857 -0.9894779 0.144683 7.39787e-4 -0.9678199 0.251644 3.93505e-4 -0.8023307 0.5675976 0.184658 -0.6264728 0.6488174 0.4319351 -0.4500176 0.6758306 0.583727 -0.2915223 0.6890047 0.6635416 -0.720756 0.6264382 0.2967929 -0.6421018 0.693834 0.3260365 -0.1836486 0.8141959 0.5507799 0.05612415 0.7881978 0.6128575 -0.07116633 0.9162716 0.394185 0.05073112 0.914012 0.402503 0.1401869 0.7586714 0.6362118 0.3241115 0.6926656 0.6443339 0.2410661 0.570797 0.7849063 0.3389906 0.5420975 0.7689056 0.3662287 0.5552793 0.746687 0.1898421 0.6571683 0.7294449 0.1663571 0.6331163 0.7559691 -0.00532341 0.6461085 0.763227 0.1815462 0.4065484 0.8954103 0.2015461 0.3711255 0.9064465 0.04184442 0.3782275 0.9247665 0.05274301 0.2393863 0.9694909 0.04785758 0.1942397 0.979786 0.06801962 0.08853882 0.9937476 5.56428e-4 6.2364e-4 0.9999997 6.50376e-4 0.001583039 0.9999986 5.09653e-5 -1.19201e-5 1 0.196666 0.04730051 0.9793289 0.333054 0.1149135 0.9358792 0.6940054 0.2074055 0.6894487 0.717631 0.219334 0.6609829 0.9216762 0.1842393 0.3414219 0.8835123 0.1023777 0.4570828 0.8902664 0.3642343 0.2734212 0.615445 0.788178 -0.001751959 0.6365459 0.7712384 7.84717e-4 0.6897038 0.72409 0.00153774 0.7085376 0.7056726 -8.68387e-4 0.5335892 0.7363013 0.4161046 0.663838 0.6496355 0.3705304 0.7689089 0.554561 0.318184 0.7647451 0.6443318 -0.001266121 0.7620109 0.6475638 -8.77929e-4 0.8228975 0.5681868 0.001899838 0.7636689 0.4049472 0.5028195 0.830744 0.2449776 0.4998506 0.3889914 0.1767247 0.9041317 0.8214107 0.4180014 0.3880201 0.7190651 0.5989093 0.3524953 0.7435571 0.4803296 0.465195 0.6527355 0.3155022 0.6887632 0.5175135 0.7179565 0.4655301 0.5637336 0.6135671 0.5529376 0.5363627 0.7652084 0.3560492 0.4655604 0.8258538 0.3181493 0.4024671 0.8211897 0.4045591 0.269084 0.8397071 0.471684 0.307789 0.852827 0.4218435 0.3579792 0.7799901 0.5132897 0.354309 0.4499532 0.8197605 0.5172149 0.4150125 0.7485007 0.5327764 0.351985 0.7695816 0.54142 0.3548791 0.7621847 0.6409127 0.3031821 0.7052033 0.252296 0.1595354 0.9544084 0.1453697 0.1661704 0.975323 0.2925095 0.2649 0.9188396 0.4605666 0.4962047 0.7359751 0.4110776 0.3773348 0.8298395 0.2070539 0.1378075 0.9685751 0.7114793 0.5984053 0.368386 0.8958277 0.2957829 0.3316704 0.5615057 0.8274729 -2.53268e-4 0.5603227 0.8282744 -3.32518e-4 0.4950509 0.8688633 0.001118481 0.470884 0.8821948 -8.65846e-4 0.9014639 0.4328524 -0.001345217 0.8801369 0.4747165 0.001806616 0.846376 0.5325843 -0.001354813 0.732094 -0.01900446 0.6809386 0.5544369 -0.09269219 0.8270478 0.5143368 -0.4212784 0.746982 0.267331 -0.2984615 0.9162178 0.1348981 -0.131445 0.9821022 0.1691687 -0.2868387 0.942924 0.3040436 -0.4209017 0.854634 0.3965319 -0.6337376 0.6641831 0.07586604 -0.4915635 0.8675309 0.002411127 -0.2166575 0.9762447 -3.5761e-6 0 1 -0.6135045 -0.7896324 -0.009641468 1.10056e-5 0 1 0.9135057 -0.4064876 0.01659178 0.9995757 0.007219195 0.02822059 2.45082e-6 0 1 0.996038 0.08876794 -0.005372941 1.50326e-4 1.17769e-5 1 0.9969233 0.07813817 -0.006199717 1.55284e-4 3.49545e-5 1 1.44856e-4 -3.33075e-5 1 1.44842e-4 -3.04991e-5 1 0.7459353 -0.01626491 0.6658199 0.8061383 0.08474701 0.5856271 0.4820967 0.002957284 0.8761131 0.5969014 0.09222584 0.7969964 0.4885122 0.06796914 0.8699058 0.3310783 -0.0176267 0.9434387 0.05185109 0.007699251 0.9986252 1.32175e-5 -1.304e-4 1 0.003485262 -0.005171716 0.9999806 -0.7984248 -0.602027 0.009023964 9.78049e-5 4.50655e-5 1 -0.9073351 -0.4203417 -0.007487952 0.3668874 -0.05167114 0.9288293 0.1686187 -0.04598295 0.9846082 -4.32696e-4 0.006590664 0.9999782 0.001318991 -0.002404093 0.9999963 0.0113728 -0.01451814 0.99983 0.1009414 -0.3339004 0.937188 0.003265261 9.9898e-4 0.9999942 5.32566e-4 -3.91337e-4 0.9999999 -0.8041409 0.594403 -0.006521999 -0.6470587 0.7624196 0.005597472 -4.6488e-5 -8.29548e-4 0.9999997 0.05337214 0.9985436 -0.007881879 -0.245943 0.9692559 0.007425069 2.89063e-4 -5.49214e-4 0.9999999 -0.4632297 0.8862072 -0.007419466 0.2404636 0.9706186 0.008768558 -0.9166766 0.3995587 0.007556319 0.002591013 -3.42871e-4 0.9999967 -0.9913242 0.1310606 -0.009983956 0.1451935 -0.4173808 0.8970576 0.2125483 -0.4628787 0.8605618 -0.9932715 -0.1154326 0.009331643 0.9865249 -0.1635689 0.003742098 0.9783031 -0.2058141 -0.02373903 0.9551537 -0.2960897 -0.003524124 5.97523e-6 0 1 -0.5847445 0.8112145 -0.002277135 -0.5575661 0.8301281 0.002719283 -2.04847e-6 0 1 0.9500755 0.3119394 0.007113933 0.7663131 -0.642079 0.02233684 1.99391e-6 0 1 0.5715851 -0.8205175 0.006454467 0.5873408 -0.8088516 -0.0281043 -1.33308e-6 0 1 0.4943081 -0.8688658 0.02705323 0.3067955 -0.9517504 -0.006898462 -1.41671e-6 0 1 0.1701006 -0.9849042 -0.03208631 -6.64047e-7 0 1 0.04640376 -0.9988963 0.007271945 -0.268048 -0.5883825 0.7628607 -0.276362 -0.3428812 0.8978066 0.4076592 -0.1378497 0.9026691 0.8568491 0.2782162 0.434057 0.8106305 0.5855101 -0.007499277 -6.47836e-6 0 1 0.640025 0.768311 0.008153915 0.6969551 0.7170643 -0.008516788 0.662091 0.7493023 0.01347547 5.32967e-6 0 1 0.3691017 0.92925 0.0160802 7.24545e-6 0 1 0.132587 0.991 -0.01843619 -4.90165e-6 -1.38323e-7 1 -5.0866e-6 0 1 0.4542184 0.8908771 -0.004867613 0.006069839 0.999981 0.001119017 0 -2.69386e-7 1 -0.02166259 0.99976 -0.003264546 0.09064459 0.995881 0.00217247 0.09305655 0.9956489 0.004870653 -1.17685e-5 0 1 0.05524736 0.9984719 0.001290678 1.37353e-5 0 1 4.09438e-6 -2.51878e-7 1 -0.2999296 0.953635 -0.02494972 -0.2089518 0.97781 0.01506209 -4.79969e-6 0 1 -0.3680405 0.9298041 -0.003258824 4.70982e-6 0 1 -5.41938e-6 0 1 -0.6022276 0.7981668 -0.01586621 -0.711065 0.7028803 0.01859766 2.90341e-6 0 1 -0.7699922 0.6380394 -0.004224836 -0.8204983 0.571637 0.003702998 -0.8112916 0.5842192 -0.02222239 -0.9053546 0.424038 0.02291393 -0.9999049 0.009281277 -0.01020026 -0.9945592 -0.1036691 -0.01023375 -0.9948005 -0.1014393 -0.009073376 -7.29778e-4 -7.39118e-5 0.9999998 -0.9329934 0.0942257 0.3473399 -7.06745e-7 0 1 -0.3721915 -0.928143 0.004913151 -7.77099e-7 0 1 -0.318379 -0.9477478 0.02021986 -0.2248775 -0.9742559 -0.01598924 -0.2194019 -0.9756208 -0.005197703 -0.6868026 -0.173662 0.705793 -0.6617611 -0.7491706 0.02856284 -0.7354197 -0.6775822 -0.006342411 -0.7569375 -0.6534821 -0.002639532 -0.8929487 -0.4501458 -0.003395497 -4.98552e-6 0 1 5.56188e-6 0 1 -0.9082626 -0.4181218 0.01527595 7.46091e-7 0 1 -0.9454828 -0.3255543 0.008763492 0.8300263 -0.5577231 -0.001201808 -4.9404e-6 0 1 0.832068 -0.5546736 -5.48329e-4 -6.11371e-4 -1.23229e-4 0.9999998 0.9986212 0.05229979 0.004540562 -6.17791e-4 -1.01965e-4 0.9999999 0.9866048 0.1627107 -0.011671 -0.004882514 0.001475751 0.9999871 -0.003391623 9.64546e-4 0.9999939 -0.9633859 0.2671217 -0.02309882 -0.003175199 8.80529e-4 0.9999946 -1.09534e-6 0 1 -0.9896755 0.1425707 0.01470267 -0.9929386 0.1186287 4.42441e-4 -0.1878121 -0.3595147 0.9140437 -0.0803281 -0.3023189 0.9498161 -0.2043944 -0.540324 0.8162555 -0.02404201 -0.420651 0.9069039 -0.0228815 -0.06698608 0.9974915 0.7769286 0.6294317 0.01406443 -0.002986788 -0.0141896 0.9998949 -4.35305e-4 -0.001148343 0.9999994 -0.002695262 -0.003551602 0.9999901 0.6066264 0.7948619 -0.0141108 -0.07335209 -0.5120707 0.8558055 0.325383 -0.9455823 2.52818e-5 -0.7352762 -0.6776291 -0.01369947 2.16583e-6 0 1 0.2992432 -0.9541692 0.003855347 -0.4936523 -0.8693991 -0.02127361 0.2863899 0.4067867 0.8674708 -0.4599327 0.8879414 0.004707992 -0.4781563 0.878117 0.01665091 -0.5834535 0.4277286 0.6903842 -0.3382022 0.3626683 0.8683841 -0.3405642 0.6753256 0.6541801 0.07026928 0.8964252 0.4375892 0.4498516 0.8929873 -0.01439517 0.4541407 0.502273 0.735852 0.3040876 -0.5928394 0.7457025 0.7005987 -0.7135508 -0.002624273 0.1584023 -0.004385054 0.987365 -0.02513122 -0.09653955 0.9950119 -0.1515349 -0.02180343 0.9882114 0.05765593 -0.8832991 0.465251 0.08895879 -0.1607648 0.9829756 0.06286859 -0.9977172 0.02466124 2.74713e-7 0 1 -0.1549944 -0.9879034 -0.004862189 0.8274461 -0.5615149 0.005861401 0.6346718 -0.07928425 0.7687039 0.9049534 0.4255087 -0.001335024 0.897236 0.4414535 0.009290397 0.8662707 -0.4992282 -0.01860594 -0.2872485 -0.9578121 0.009188234 0.08782905 -0.4960725 0.8638277 0.3141271 -0.4151926 0.8537794 0.4651881 -0.2696624 0.8431383 0.4277182 -0.2572017 0.8665475 0.3970369 -0.2902907 0.8706855 0.6063336 -0.3521043 0.7130092 0.6495495 -0.1923648 0.7355823 0.7034072 -0.08925235 0.7051612 -0.963905 0.2662267 0.003268778 -0.9740428 0.226336 -0.003568708 -0.9443262 -0.3289903 0.003697037 7.10266e-4 2.91867e-4 0.9999997 -0.9244551 -0.3812804 -0.002825319 -0.08398866 0.4654847 0.8810619 -0.1413379 0.575344 0.8056072 -0.04382878 0.6972353 0.7155012 0.004251241 0.4517519 0.8921335 0.09104335 0.73561 0.6712594 -0.08594375 0.8672216 0.4904493 -0.1734555 0.5154302 0.8391931 -0.3135967 0.5513877 0.7730646 -0.4334586 0.5381726 0.7228305 -0.2117924 0.3729372 0.9033614 -0.01826012 0.07756924 0.9968198 -0.03323018 0.2464267 0.9685916 0.2273291 -0.9737992 0.006058394 -0.237756 -0.971323 -0.001935541 2.07077e-4 8.63687e-4 0.9999997 5.15886e-4 8.71143e-4 0.9999995 5.81077e-4 6.48352e-4 0.9999997 -0.6897549 -0.7240384 0.002578258 -0.6669632 -0.7450903 -8.60327e-4 -0.2337477 -0.9722964 -0.001375854 -3.02377e-4 9.35045e-4 0.9999996 0.3045727 -0.9524798 -0.004217684 -3.32774e-5 8.61876e-4 0.9999997 0.9846097 -0.1745206 -0.009298145 -2.37715e-4 4.21147e-5 1 -0.2886909 0.3191423 0.9026659 -0.6524701 0.5988624 0.4643778 -0.6233372 0.5489054 0.5569145 -0.5097137 0.2607321 0.8198847 -0.6514359 0.437241 0.6200417 -0.5773855 0.3777073 0.7238531 -0.3525942 0.3230288 0.8782538 -0.3306113 0.2686784 0.9047144 -7.87492e-4 -0.001301944 0.9999989 0.9998868 0.01222813 0.008778333 -8.99904e-4 6.60433e-4 0.9999995 -0.08888691 0.05007237 0.9947824 -0.2412016 0.1082873 0.9644147 -0.6804922 0.2157272 0.7002802 -0.8135474 0.2213299 0.5377302 -0.705389 0.2946227 0.644689 -0.7856466 0.3438808 0.5143009 -0.7525024 0.4795478 0.4514133 -0.9047777 0.1751229 0.3882132 -0.9997149 -0.02384853 -0.00124824 -0.9982258 -0.05953121 0.001148641 -0.9902126 -0.1395676 -2.08338e-4 -0.9900092 -0.1410029 -3.75023e-4 -0.8883769 -0.353346 -0.2931436 -0.9065124 -0.4221709 0.002614617 -0.9291511 -0.3696978 -0.001401424 -0.7256094 -0.5604571 -0.3992229 -0.5711233 -0.6497736 -0.5016099 -0.700147 -0.6038469 -0.381003 -0.7826597 -0.5047 -0.3643099 -0.858946 -0.4976306 -0.1207305 -0.7283284 -0.5744282 -0.3735909 -0.9390694 -0.3437272 6.06371e-4 -0.9696018 -0.2446884 -5.03713e-5 -0.9718641 -0.2355399 -0.00115031 -0.9190609 -0.2361403 0.315539 -0.8835127 -0.1924771 0.427034 0.005592823 -0.005449056 0.9999696 -0.4465846 -0.2746813 0.8515354 -0.5077301 -0.2763808 0.8159804 -0.7230691 -0.3807172 0.5763901 -0.6983718 -0.1642845 0.6966258 -0.6064743 -0.2024748 0.7688907 -0.4622914 -0.1714187 0.8700013 0.6336527 0.7735846 -0.007154524 -2.4871e-4 -2.94775e-4 1 -9.27043e-4 2.74279e-4 0.9999996 -0.695422 -0.04437583 0.7172301 -0.738797 0.007527232 0.6738861 -0.9188246 0.002806007 0.3946562 -0.6864145 0.03355944 0.7264357 -0.4324871 0.02140134 0.9013862 0.9477244 0.3189982 -0.00765419 -4.89213e-4 -1.65231e-4 0.9999999 0.8638384 0.5037277 0.006461679 -2.10699e-4 -7.78871e-4 0.9999998 -0.3164762 0.05241924 0.947151 -0.4768843 0.1263483 0.8698378 -0.8480321 0.118668 0.5164878 -0.4520366 0.1006625 0.8863013 -0.7354195 0.08453303 0.6723187 -0.9504117 0.03276109 0.3092641 -0.9280332 0.1805247 0.3258304 -0.9300753 -0.138211 0.3403787 -0.9142224 -0.09574222 0.3937397 -0.1525285 -0.02545005 0.9879714 -0.536436 -0.06752389 0.8412354 -0.2955654 -0.03026413 0.9548431 -0.9464398 -0.05273699 0.3185443 0.5786367 0.8155838 0.001614272 -0.4262084 -0.1863591 0.8852214 -0.7806442 -0.3064295 0.5446977 -0.7853599 -0.3625198 0.5017861 -0.8239548 -0.3589249 -0.4384876 -0.9111115 0.3293144 0.2478466 -0.1446186 0.1864396 0.9717643 0.8001594 -0.5996608 0.01232832 -1.92153e-4 1.88223e-4 1 0.7136906 -0.7004371 -0.005795538 -0.1125367 0.285074 0.9518762 -0.1565693 0.8676742 0.4718343 -0.43659 0.6538248 0.6179825 -0.8341498 0.4392195 0.333587 -0.9623062 0.2719669 -9.35505e-4 -0.9966394 0.08191519 -2.07934e-4 -0.8186087 0.5743507 0.00112605 -0.9725664 0.06834453 -0.2223591 -0.9589011 -0.1096985 -0.2616774 -0.9446788 -0.08377271 -0.3171184 -0.8086794 -0.3537041 -0.4700331 -0.5860025 -0.3538935 -0.7289449 -0.3915734 -0.3517994 -0.8502396 -0.5176336 -0.3636569 -0.7744736 -0.3438962 -0.4525784 -0.8227444 -0.3728637 -0.6047541 -0.7037367 -0.2054101 -0.4654174 -0.8609259 -0.1711207 -0.2763408 -0.9457027 -0.2460399 -0.5350346 -0.8082094 -0.3176347 -0.453419 -0.8327782 -0.1635664 -0.4214615 -0.8919733 -0.6682851 -0.384096 -0.6370756 -0.9838479 -0.005740702 -0.1789142 -0.1531765 -0.6138156 -0.7744467 -0.2817242 -0.8132557 -0.5091627 -0.4225314 -0.8120149 -0.4026155 -0.3300523 -0.8063995 -0.4906988 -0.7906525 -0.6122635 -0.001523256 -0.6214767 -0.7106798 -0.3296985 -0.3340521 -0.8101044 -0.4818094 -0.9999967 -0.002571046 -2.45487e-4 -0.5626909 -0.8217955 0.08961743 -0.5670193 -0.8237046 -2.64086e-4 -0.5631248 -0.8263716 -7.82627e-4 -0.6086991 -0.7934003 -0.001194715 -0.4379772 -0.7093433 -0.5522754 -0.8560659 -0.5168657 0.001118063 -0.2514989 -0.9200934 -0.3002939 -0.2830124 -0.373441 0.8834285 0.2810406 -0.8148317 0.5070163 0.159232 -0.917958 0.3633156 0.2092559 -0.9425226 0.2605054 -0.07234716 -0.9973796 -2.6592e-5 8.35834e-4 -0.999999 -0.001175522 0.9999768 -0.00680989 -5.08147e-5 0.9999738 -0.006815373 0.002464532 0.9993858 0.03203576 -0.01420128 0.3584541 -0.8716425 -0.3342906 0.3769132 -0.7132375 -0.5909559 0.4439719 -0.6242511 -0.6428061 0.318194 -0.3740758 -0.8711028 0.2889197 -0.8367377 -0.4651834 0.2920173 -0.8381502 -0.4606846 0.005123972 -0.006732404 -0.9999642 0.07455301 -0.1472668 -0.9862831 2.44537e-4 -3.66846e-4 -1 0.2670547 -0.6188598 -0.7387113 0.3137153 -0.6320332 -0.708602 0.2745776 -0.2111156 -0.9381031 0.3787688 -0.235403 -0.895053 0.4447763 -0.4544304 -0.7717948 0.4595142 -0.4019426 -0.7920158 0.2903119 -0.1153016 -0.9499604 0.04991614 -0.0143162 -0.9986508 0.001057088 7.46733e-4 -0.9999992 0.4579259 -0.8889314 0.01024192 0.3131505 -0.04946035 -0.9484147 0.6397185 -0.5015357 -0.5824279 0.5136654 -0.6913391 -0.5081321 0.4196838 -0.7990946 -0.4304804 0.4475794 -0.818647 -0.359847 0.5141113 -0.8065268 -0.2918974 0.4625463 -0.8865944 -0.001114606 0.5163323 -0.8563867 0.00176388 0.5533147 -0.8329707 -0.001669049 0.6572715 -0.6546384 -0.3734206 0.7497181 -0.4952263 -0.4389462 0.6255288 -0.7802008 7.14627e-4 0.6144366 -0.7889656 -0.001042068 0.7037712 -0.710426 -0.001010298 0.6926304 -0.7212927 2.79685e-4 0.6741196 -0.7174478 0.1755889 0.7673736 -0.6411999 7.4474e-4 0.8095124 -0.5871008 -0.001580893 0.7709171 -0.6369357 1.59113e-4 0.6998525 -0.1325131 -0.7018882 0.8698864 -0.471759 -0.1440182 0.8319934 -0.5547844 0.001195609 0.7179819 -0.6237332 0.3089641 0.7635543 -0.4926642 0.4174529 0.8750548 -0.4840231 -0.001013457 0.8561576 -0.3907886 -0.3380514 0.9022474 -0.2238972 -0.3685374 0.8732989 -0.0687915 -0.4823037 0.9074949 -0.4198277 0.01406157 0.8935381 -0.04125362 -0.4470882 0.9393466 -0.14498 -0.3108198 3.54606e-6 -1.60689e-6 -1 0.8594871 -0.5110835 -0.008704781 0.8918516 -0.2034116 -0.4040107 0.9043328 -0.3534422 -0.2392927 0.8765875 -0.481242 -6.3964e-4 0.8392081 -0.4507804 0.3041825 0.8512002 -0.3773424 0.3647891 0.8279926 -0.3817666 0.4107099 0.7910857 -0.3668513 0.489493 0.7156282 -0.4799414 0.5074768 0.6818746 -0.6331247 0.3663334 0.5663048 -0.7188647 0.4031531 0.6106514 -0.7471814 0.262345 0.8547672 -0.2752922 -0.4399858 0.7018086 -0.09359365 -0.7061905 0.5096443 -0.860377 -0.003772556 0.4560536 -0.02666944 -0.8895527 0.684557 -0.6177933 -0.386928 0.593892 -0.6447039 -0.4812994 0.5701857 -0.6943232 -0.4390941 0.7072398 -0.4738759 -0.5246462 0.7040228 -0.30335 -0.6421299 0.7372225 -0.3447231 -0.581093 0.5509746 -0.1398746 -0.8227164 0.550695 -0.1769885 -0.8157268 0.6946142 -0.2532159 -0.6733446 0.6514769 -0.3954606 -0.647448 0.318324 -0.1385573 -0.9378016 0.1315261 -0.1167557 -0.9844131 0.3095599 -0.4240788 -0.8510757 0.2423101 -0.3741207 -0.8951646 0.9999958 4.02542e-4 -0.002903699 0.1517871 -0.4292719 -0.8903293 0.1080857 -0.5596851 -0.8216266 0.2945175 -0.8450731 -0.4462186 0.391447 -0.9202006 -4.21346e-4 0.5686396 -0.2023774 0.7973033 0.8742024 0.4045473 -0.2685363 0.9002884 0.2128711 -0.3796933 0.8631276 0.2665677 -0.4288968 0.9120689 0.1039918 -0.396631 0.9996185 0.02756953 -0.001706361 0.9754111 0.03001195 -0.2183405 0.9987099 -0.05078023 -5.61802e-5 0.9988643 -0.04764705 2.75419e-4 0.9868279 -0.1617739 4.04983e-4 0.990368 -0.1384528 -0.001443922 0.9922818 0.1239952 -0.001455545 0.9693468 -0.2456969 -5.10025e-5 0.9066735 0.05408293 -0.4183518 0.8403774 0.5419389 -0.008253931 0.5687477 0.3314473 -0.7527741 0.5525217 0.3949897 -0.7339639 0.2418208 0.5075759 -0.8269761 0.3555882 0.4822075 -0.8006455 0.3697874 0.5227189 -0.7681292 0.6198033 0.09054452 -0.7795163 0.4866972 0.8735667 -0.002662599 0.452111 0.03027814 -0.8914477 8.99586e-4 -4.6935e-5 -0.9999997 0.1052932 0.02703022 -0.9940738 8.98943e-4 -4.54961e-5 -0.9999996 0.1790647 0.1239846 -0.9759937 1 -7.09474e-7 -7.84668e-6 0.1792525 0.2333499 -0.9557282 0.07583147 0.1181162 -0.9901002 0.9999992 -0.001139223 -4.61574e-4 0.1936947 0.5514643 -0.8113997 0 1 -1.29146e-4 0.9999969 0.002527236 -1.15059e-5 2.15366e-5 1 -2.15306e-4 0.9999943 -8.09154e-4 -0.003264725 0.2576626 0.8418989 -0.474148 0.4704214 0.7892442 -0.394712 0.2678731 0.8116759 -0.5190629 0.6064789 0.7272124 -0.3214738 0.4841827 0.8120018 -0.3259147 0.3511764 0.8299582 -0.4334106 0.2430126 0.9700223 0.001336336 0.4210218 0.9068919 0.01696878 0.2067868 0.9783857 -8.01422e-4 0.1003209 0.9949507 0.002980947 0.1902856 0.9002669 0.3915494 0.09529823 0.9718793 0.2153344 -0.01421433 0.9559376 0.2932255 -0.01725935 0.9998497 0.001663565 0.04074239 0.9991663 -0.002632021 -0.1075878 0.9941955 -3.99443e-4 -5.24267e-7 0 -1 -0.111233 0.9937944 -2.0873e-5 -0.06552839 0.9978477 -0.002456426 -0.2176353 0.9760302 2.42607e-4 3.69481e-7 0 -1 -0.2914752 0.9208978 -0.2588231 -0.2963181 0.8638092 -0.4074669 -0.3935866 0.7186576 -0.5732546 -0.4349951 0.5818198 -0.6872154 -0.4130218 0.5739839 -0.7070754 -0.2336797 0.7366316 -0.6346398 -0.2692064 0.535054 -0.8007779 -0.9999658 -0.003632605 -0.007441163 -0.9999998 7.37492e-4 -2.43735e-5 -0.9999999 -4.2568e-4 -2.18811e-4 -0.1199153 0.338985 -0.9331182 -0.1227133 0.4164462 -0.9008408 -0.2226488 0.6658148 -0.7121224 -0.2576141 0.5301917 -0.8077945 -0.2158839 0.338424 -0.9158948 -0.2177654 0.3400464 -0.9148479 -0.2892495 0.3182649 -0.9027969 -0.4017168 0.4349267 -0.8058924 -0.5185845 0.4127306 -0.7488148 -0.4790516 0.8068421 -0.3457103 -0.8464493 0.4610765 -0.2663307 -0.7234335 0.602226 -0.3375911 -0.6840955 0.6413392 -0.3474155 -0.6576856 0.4900683 -0.5720863 -0.6739315 0.4806117 -0.5610962 -0.5768936 0.7093756 -0.4049445 -0.3974591 0.8426954 -0.3631675 -0.5733148 0.7788935 -0.2542341 -0.5860557 0.7316784 -0.348117 -0.6093223 0.6213364 -0.492613 -0.6413054 0.3727012 -0.6706872 -0.4177647 0.2307387 -0.8787674 -0.3577274 0.2109302 -0.9096921 -0.1677178 0.04340499 -0.9848791 -0.1614812 0.1460244 -0.9760127 0.005079925 -0.002437233 -0.9999842 -0.006102323 7.17318e-4 -0.9999812 -1 -6.95351e-6 -5.11242e-5 8.9526e-4 0.002216696 -0.9999971 -6.90342e-4 3.34373e-4 -0.9999998 -0.3256991 0.2389014 -0.914793 -0.001456916 -0.001034855 -0.9999985 -0.4372788 0.1874784 -0.8795676 -0.7613832 0.3880697 -0.5193243 -0.5927255 0.2175383 -0.7754699 -0.592163 0.1618192 -0.7894033 -0.3243928 0.06690216 -0.9435536 -0.4789478 0.05263996 -0.8762637 -0.7466158 0.164128 -0.6446913 -0.8277013 0.1861552 -0.529393 -0.6861619 0.08717846 -0.7222062 -0.7199569 0.6931514 -0.034689 -0.8265962 0.05000209 -0.5605698 -0.8439721 0.5362322 0.01289612 0 7.45534e-7 -1 -0.855975 0.3172516 -0.4082379 -0.894684 0.2645921 -0.3599052 -0.4428414 0.896487 0.01423907 -0.7742986 0.3189874 -0.5465427 -0.4290875 0.9032629 -5.98814e-4 -0.5042898 0.8635339 -0.001115798 -0.5313459 0.8471539 0.001416802 -0.5310661 0.843738 0.07794225 -0.5784918 0.8156875 -0.00121361 -0.6176671 0.786439 0.0010975 -0.4106396 0.7567825 -0.5085818 -0.497364 0.4924572 -0.7142233 -0.9987286 -0.04786115 -0.01583075 0.1357523 0.4673804 -0.8735713 0.0264337 0.04641985 -0.9985722 -2.52903e-4 7.77516e-4 -0.9999997 0.4467908 0.8946055 0.007698833 0.315242 0.1029814 -0.9434074 0.5236549 0.1363211 -0.8409532 0.2867606 0.5626745 -0.7753489 0.7955322 0.5275419 -0.2980407 0.6464218 0.561183 -0.5169261 0.5882371 0.6037332 -0.5380367 0.5510422 0.3936089 -0.7358156 0.3998084 0.9165979 -0.001224756 -0.7128149 0.7013515 -0.001065909 0 0 -1 -0.9073389 -0.420212 -0.01257276 -0.4230121 -0.3188049 -0.8481889 0 0 -1 0 0 -1 0 0 -1 0 1.36346e-7 -1 1.93717e-6 0 -1 -0.7507772 -0.6605345 0.005278408 -0.7897716 -0.6133226 -0.009816944 2.94175e-7 0 -1 -0.8856815 -0.4641571 0.01124888 -0.946322 -0.3230423 -0.01087772 -1.26036e-7 0 -1 -0.9798898 -0.1992743 0.01029449 1.93369e-6 2.25882e-7 -1 -0.5665073 -0.8240197 -0.007815778 -3.59695e-7 0 -1 -0.5025573 -0.8644847 0.01012808 -0.3309325 -0.943595 -0.010598 1.93737e-7 0 -1 -0.2048064 -0.9786579 0.01682674 -0.008843243 -0.9998038 -0.01772856 -1.7159e-7 0 -1 0 0 -1 0.1820171 -0.9831774 0.01523292 0.267095 -0.9636576 -0.004947662 6.61759e-7 0 -1 0.477232 -0.8787773 1.74212e-5 1.73786e-7 0 -1 0.4897837 -0.8718339 0.004223406 1.44111e-7 0 -1 0.7050139 -0.7091892 -0.002468824 0 0 -1 0.7193816 -0.6946071 0.00334376 2.28285e-6 0 -1 0.8661006 -0.4998435 -0.005124926 -8.44317e-7 0 -1 0.8910057 -0.4539417 0.006768226 0.9613184 -0.2753527 -0.006923139 0.9774882 -0.2108737 0.007014036 0 0 -1 -9.55274e-7 0 -1 -3.36968e-6 0 -1 0.05702507 0.08156418 -0.9950354 -0.2341995 -0.4359175 -0.8689803 -0.2077374 -0.366562 -0.9069055 -0.2166222 -0.6874721 -0.69315 -0.361154 -0.9077901 -0.2132718 -0.5356169 -0.8002203 -0.2697447 -0.69507 -0.6035391 -0.3906641 -0.6187983 -0.7695913 -0.1575376 -0.635602 0.5035599 -0.5851816 -0.5355724 0.7587351 -0.3707876 -0.503666 0.862036 0.05669748 -0.5260339 0.8433875 -0.1094805 -0.6310914 0.6882784 0.357766 -0.6070524 0.7345804 -0.3031157 -0.7142791 0.6902339 -0.115684 -0.5103809 0.4922818 -0.7051028 -0.8364837 0.40209 -0.3723154 -0.9562361 0.2430096 -0.1629695 -0.8547276 0.4892858 -0.173321 -0.790802 0.2609782 -0.5536448 -0.5808855 0.333648 -0.7424629 -0.802793 0.2693897 -0.531933 -0.7147951 0.1165167 -0.6895592 -0.9349851 0.07226461 -0.3472474 -0.9152884 -0.09269952 -0.3919872 -0.9395475 -0.07995772 -0.3329526 -0.5397856 -0.0153864 -0.8416619 -0.7357475 -0.3566173 -0.5757603 -0.8719072 -0.3000457 -0.3869759 -0.9016662 -0.4223918 -0.09264636 -0.7965914 -0.6041812 -0.02017909 -0.8115532 -0.5796517 -0.07338553 -0.6989342 -0.7019446 -0.1369851 -0.7417764 -0.4261296 0.5178623 -0.5510145 -0.5031372 0.6657598 -0.6849889 -0.5292271 0.5007085 -0.3543289 -0.6758123 0.6463195 -0.257873 -0.2623293 0.9298844 -0.5058538 -0.1545645 0.8486588 -0.8261138 0.1624796 0.5395708 -0.3910555 0.3139544 0.8651639 -0.8806905 0.1678254 -0.4429662 -0.1453438 0.04633885 0.9882955 -0.05282163 -0.01032102 0.9985507 -0.5714069 0.1015956 0.8143541 -0.5109707 0.107205 0.852887 -0.5198462 0.2756668 0.8085592 -0.6358004 0.5957085 0.4908046 -0.7608916 0.3784707 0.5270711 -0.6496956 -0.06102806 0.7577409 -0.5404331 0.00861448 0.8413429 -0.5648632 -0.2417755 0.7889704 -0.4982726 -0.2288793 0.8362649 0.2964082 0.08260786 0.9514821 0.3514282 0.3342552 0.8745123 0.3376089 0.3347568 0.879749 0.3592397 0.4144315 0.8361778 0.3269988 0.4642802 0.8231135 0.3098715 0.4689885 0.8270608 0.4101628 0.6649289 0.6242084 0.377565 0.6877753 0.620008 0.348888 0.6604407 0.6649025 0.3129072 0.6038544 0.7331092 0.2881652 0.4079271 0.8663466 0.09909296 0.1409882 0.9850395 -0.3529955 -0.3108476 0.8824784 -0.3812518 -0.5412593 0.7494568 -0.3454469 -0.4893159 0.8007724 -0.2755699 -0.4914528 0.826157 -0.37584 -0.6392579 0.6708902 -0.1450062 -0.5284308 0.8365012 -0.2346026 -0.5038395 0.8313288 -0.061401 -0.1843495 0.9809411 0.02854573 -0.211273 0.9770102 0.01165425 -0.4892288 0.8720776 -0.0373398 -0.2937967 0.9551385 -0.01750624 -0.02915716 0.9994215 -0.1480453 -0.4031444 0.9030821 -0.03537195 0.4684709 0.8827705 0.08814156 0.7538647 0.6510907 0.09427499 0.803381 0.5879551 0.1788428 0.8152898 0.5507432 0.1763755 0.7581952 0.6277195 0.2454893 0.5973018 0.7635218 0.2083431 0.3904012 0.8967609 0.1870474 0.4803777 0.8568841 0.1488013 0.449302 0.8809006 0.1328982 0.29012 0.9477176 0.2042746 0.3393692 0.918205 0.05551308 0.1802557 0.9820521 0.04443353 0.2105373 0.9765756 0.03203988 0.0840919 0.9959428 0.07809722 0.4220775 0.9031897 0.1343989 0.5655768 0.8136706 0.1580498 0.5218244 0.8382838 0.4877352 0.5752873 0.656627 0.5651398 0.4729135 0.6759955 0.3154448 0.2153612 0.9241831 0.5319485 0.2224415 0.8170378 0.6042462 0.2421414 0.759114 0.6446216 0.4347824 0.62883 0.7366361 0.4655851 0.4905077 0.4725935 0.6698191 0.572711 0.4789822 0.6791006 0.556236 -0.108009 0.7896739 0.6039447 0.08303713 0.8602423 0.5030786 0.2858643 0.9285874 0.2366582 -0.01394033 0.9709334 0.2389438 0.01338785 0.935541 0.3529645 -0.1504503 0.8920777 0.4261012 -0.1975753 0.8565698 0.4767098 -0.3764259 0.8752811 0.3036224 -0.3500671 0.8583859 0.3750022 -0.1139467 0.8998444 0.4210656 0.01906073 0.4586519 0.8884116 -0.1124354 0.5894408 0.7999487 -0.1599277 0.5558349 0.8157639 -0.1690917 0.6799592 0.7134869 -0.3204481 0.65456 0.6847366 -0.2795904 0.7001264 0.6570025 -0.2769783 0.6047786 0.7466766 -0.3307748 0.588201 0.7379754 -0.4388267 0.6544296 0.615754 -0.4561334 0.5560702 0.6947866 -0.05724442 0.3244727 0.9441613 0.3281857 -0.8609929 0.3885685 0.06125539 -0.1201998 0.9908581 -0.008467793 0.007204949 0.9999383 0.2049666 -0.2543004 0.9451561 0.1879683 -0.1926727 0.9630916 0.2776669 -0.22784 0.9332686 -0.02734977 0.008577883 0.9995892 0.7470592 -0.4414741 0.4969943 0.09315514 0.001197457 0.995651 -0.1640225 6.79323e-4 0.9864564 0.2769871 -7.22058e-4 0.9608734 0.7395591 0.2119072 0.6388644 0.5704279 0.05163818 0.819723 0.4926257 -0.05607032 0.8684332 0.2986055 -0.01178246 0.954304 0.5604311 0.105184 0.8214945 0.3662474 0.09638154 0.9255126 0.5881821 -0.244283 0.7709525 0.5853561 -0.2426384 0.7736181 0.5639286 -0.5302971 0.6330637 0.4733226 -0.4659171 0.7475875 0.4933762 -0.7840337 0.376658 0.3887519 -0.6830554 0.6183101 0.3317771 -0.4780161 0.8132802 0.2053586 -0.5688904 0.7963615 0.1344006 -0.4498816 0.8829174 0.4399976 -0.5447539 0.7138946 0.5368945 -0.495668 0.6826841 0.393449 -0.08219081 0.9156651 0.4483845 -0.1192742 0.8858471 0.5348868 -0.1347164 0.834115 0.2109659 -0.07794123 0.9743812 0.4522152 -0.5641003 0.6908636 0.4943454 -0.4050819 0.7691106 0.4970152 -0.3185788 0.8071453 0.4293627 -0.3421996 0.8357913 0.2547695 -0.4149359 0.8734534 0.1625092 -0.3742817 0.9129644 0.1995363 -0.5414328 0.8167227 -0.003062248 -0.7887042 0.6147653 -0.4232716 -0.7483112 0.5107559 -0.2092534 -0.7393718 0.6399551 -0.3793871 -0.8500755 0.3652904 -0.4897798 -0.6944414 0.5271309 -0.4561101 -0.7847205 0.4197348 -0.310109 -0.7600369 0.5711185 -0.09220498 -0.7474765 0.657858 -0.2076676 -0.7152723 0.6672779 -0.286864 -0.5798894 0.7625204 -0.2740025 -0.7143182 0.6439505 -0.1194724 -0.6266584 0.7700816 -0.06579214 -0.4448937 0.8931635 -0.4909368 -0.6961894 0.523738 -0.7207919 -0.6681759 0.1843909 -0.567023 -0.8042644 0.1778867 -0.5697985 -0.8077333 0.151317 -0.4983751 -0.8124734 0.302505 -0.4730688 -0.8710398 0.1322709 -0.3315355 -0.9220176 0.1999196 -0.2682058 -0.9594351 0.08689123 -0.3403925 -0.9249756 0.1689766 -0.2830563 -0.9214734 0.2660187 -0.2350093 -0.9249102 0.2988511 -0.1753696 -0.980746 0.08592253 -0.04558217 -0.9289867 0.3672958 -0.1044605 -0.9941413 0.02776658 -0.0604496 -0.9973415 -0.04069209 0.02119266 -0.9990068 0.03919565 -0.1345996 -0.9795316 -0.1496689 -0.2951014 -0.8908759 -0.3453339 -0.005744576 -0.9741647 -0.225766 0.09908193 -0.9910178 -0.089814 0.3397239 -0.8928159 -0.295749 0.382472 -0.8421942 -0.3800317 0.4533033 -0.8851615 -0.1049069 0.3933588 -0.8494067 -0.35182 0.4100036 -0.744461 -0.5269488 0.5636411 -0.7716985 -0.2946018 0.7413439 -0.6708891 -0.01781004 0.6468774 -0.697557 -0.3081621 0.654726 -0.7303232 -0.1948383 0.8091126 -0.574545 0.12343 0.8053758 -0.4985123 -0.3207108 0.6890654 -0.3648533 -0.6261557 0.594649 -0.4112659 -0.690835 0.5964286 -0.4979214 -0.6295611 0.4061223 -0.43002 -0.8063172 0.3373481 -0.5258211 -0.7808383 -0.05994236 -0.2949186 -0.9536404 -0.1156523 -0.6845131 -0.7197683 -0.1195217 -0.4883446 -0.8644272 -0.06012356 -0.5437621 -0.837083 -0.1929398 -0.8635964 -0.4658063 -0.2427698 -0.7367606 -0.6310679 -0.2643404 -0.9305855 -0.2532485 0.004473328 -0.8858631 -0.4639253 -0.1008835 -0.9071933 -0.4084398 -0.09352737 -0.9362074 -0.338775 -0.1366987 -0.8835811 -0.4478818 -0.2161731 -0.8991869 -0.3804371 -0.06757491 -0.8448413 -0.5307324 0.05679786 -0.8007665 -0.5962776 -0.003925025 -0.849905 -0.5269214 0.1233505 -0.9037916 -0.4098116 -0.05399262 -0.6298729 -0.7748193 0.2742263 -0.7316663 -0.624071 0.2958863 -0.4796274 -0.8260804 0.2537767 -0.6379681 -0.7270448 0.3952202 -0.4802689 -0.7830343 0.5016444 -0.5703411 -0.6504337 0.5167413 -0.6715778 -0.5310006 0.6434432 -0.6179304 -0.4518219 0.160084 -0.7829435 -0.6011429 0.2640318 -0.8530842 -0.4500383 0.3184481 -0.6383309 -0.7008028 0.1601142 -0.7722008 -0.6148736 0.1795223 -0.6648666 -0.7250683 0.4460568 -0.7358453 -0.5094755 0.4989388 -0.6559912 -0.5663353 0.4865126 -0.7688866 -0.4148721 0.2201231 -0.9202834 -0.3234568 0.152046 -0.8472435 -0.5089799 0.2589687 -0.9080957 -0.329086 0.3387869 -0.8922536 -0.2985083 0.7311045 -0.6086897 -0.3081934 0.7238051 -0.5928958 -0.3529602 0.6368851 -0.6084884 -0.4734124 0.07382524 -0.7220261 -0.6879159 -0.1953577 -0.5867654 -0.7858383 -0.09158378 -0.23149 -0.9685168 -0.07365328 -0.2385861 -0.9683243 -0.01393628 -0.03409153 -0.9993216 0.04989153 0.1178988 -0.9917716 0.01077914 0.04572856 -0.9988958 0.01344674 0.06910389 -0.9975189 0.009051918 0.06639301 -0.9977525 0.25066 0.4237896 -0.8703861 0.2669159 0.3786539 -0.8862152 0.3077538 0.1674154 -0.9366214 0.3052076 0.2952579 -0.9053569 0.4899249 0.2450709 -0.8366086 0.08583104 0.3869032 -0.9181172 0.01581197 0.3340997 -0.9424051 -0.05509263 0.2733829 -0.9603264 -0.05432468 0.2662047 -0.9623845 0.0480113 -0.1179889 -0.9918537 0.2126929 -0.2771827 -0.93698 0.5673559 -0.3588091 -0.7411904 0.2573305 -0.3428772 -0.9034469 0.08208042 -0.1325641 -0.98777 0.05585932 -0.1388157 -0.9887416 -0.06386274 0.1568644 -0.9855533 -0.09308075 0.2705338 -0.9582002 -0.1058124 0.1594669 -0.9815163 -0.1859503 0.1977124 -0.9624616 -0.1946988 0.3464255 -0.9176501 -0.01982396 0.4076288 -0.9129326 0.2356994 0.6675577 -0.7062667 0.3148673 0.6570164 -0.6849731 0.02385812 0.3931264 -0.9191749 0.09520941 0.5944582 -0.7984703 0.2230895 0.4799995 -0.848429 0.3900923 0.552969 -0.7362428 0.4150792 0.5891472 -0.6932639 0.4757756 0.5770546 -0.6638113 0.5288321 0.6354007 -0.5626745 0.6884274 0.6464444 -0.3289031 0.6873037 0.6459304 -0.3322463 0.5175345 0.7331146 -0.4412496 0.3884112 0.7592152 -0.5222346 0.5587223 0.7922012 -0.2454523 0.7245576 0.4359875 -0.5337895 0.7794643 0.587255 -0.2180988 0.8099012 0.5835267 -0.0596385 0.8815152 0.4662626 0.07436543 0.8073173 0.4120938 -0.4223953 0.6560308 0.405739 -0.6363958 0.5519136 0.4443287 -0.7056652 0.5809751 0.2093412 -0.7865394 0.7384502 0.08486211 -0.6689467 0.893701 -0.01351255 -0.4484596 0.8550316 -0.236045 -0.4617398 0.6174122 -0.5213068 -0.5891023 0.6882509 -0.4427509 -0.574702 0.5562884 -0.08732503 -0.8263884 0.3216611 -0.1045658 -0.9410633 0.4914385 0.05871057 -0.8689311 0.3944607 0.08843231 -0.9146477 0.7813757 -0.3038389 -0.5451001 -0.07377594 -0.05217266 -0.9959092 -0.06816333 -0.04593026 -0.9966164 -0.02162325 -0.03179955 -0.9992604 -0.09385055 -0.1328765 -0.9866793 -0.5531132 -0.3765166 -0.7431697 -0.3308388 -0.4670293 -0.8200179 -0.4963008 -0.3502513 -0.7943611 -0.4003113 -0.4812536 -0.779837 -0.8131273 -0.209256 -0.5431721 -0.2087249 0.1582151 -0.9650917 -0.47343 0.3264581 -0.8181011 -0.3556417 0.5557912 -0.7514088 -0.3678851 0.6530357 -0.6619706 -0.4465323 0.7813366 -0.4360299 -0.458378 0.8716954 -0.1733114 -0.443865 0.8935567 -0.06738412 -0.4815135 0.6835532 0.5485434 -0.1794548 0.1242003 0.9758946 0.3061883 -0.04298424 0.951 -0.2950347 0.1170953 0.9482843 0.7567719 0.3200535 0.5699667 0.7708245 0.6031255 0.205108 0.769378 0.4524039 0.4509858 0.5984472 0.04258739 0.8000296 0.703176 0.06306111 0.7082138 0.4925155 -0.547894 0.6761959 0.542031 -0.6212118 0.5659491 0.5424054 -0.6175313 0.5696064 0.6451341 -0.763945 0.01379191 0.6968485 -0.7171298 -0.0112729 0.5960896 -0.7850391 0.1684961 0.9465212 -0.3206171 -0.03608769 0.9827482 0.1078218 -0.1502677 0.9853965 -0.1581891 -0.06300938 0.9733923 -0.2036457 0.1050524 0.9685301 0.2487379 0.0088889 0.9946406 -0.08362722 -0.06079894 0.8331532 0.2100867 -0.5115851 0.8092028 0.2554987 -0.5290665 0.7962788 0.2594853 -0.54645 0.9689739 0.1830835 -0.1660423 0.9451983 0.3164429 -0.08040004 0.8985762 0.4383135 0.02103316 0.9127488 0.4058588 0.0465635 0.8565161 -0.1539934 0.4926118 0.8270967 -0.1591262 0.5390639 0.9230048 -0.04108589 0.3825887 0.9069325 0.2268007 0.3550138 0.8509718 0.1664462 0.4981393 0.8436142 0.1415282 0.5179622 0.6721494 0.7400476 0.0233401 0.6359765 0.7717072 0.001461446 0.5759089 0.8171057 -0.02583104 0.5054017 0.7940214 -0.3377857 0.5426958 0.770061 -0.3353915 0.2616873 0.8636952 -0.4307556 0.1795371 0.8890495 -0.4211384 0.1470965 0.9270069 -0.3449941 0.2765415 0.9141415 -0.2964293 0.3151816 0.9387618 -0.1392369 0.5061923 0.8585205 -0.08192622 0.5224043 0.8525858 -0.01383185 0.5023146 0.8469417 -0.1742703 0.4465659 0.8945442 0.01922917 0.5744341 0.8138624 0.08748465 0.5575124 0.7909042 0.2522901 0.5315757 0.753073 0.3876963 0.6688319 0.6762939 0.3086917 0.6775224 0.6803558 0.2794269 0.6151044 0.6174058 0.490364 0.09718346 0.9828295 0.1568489 0.0672698 0.9945681 0.07942944 0.1382216 0.9903925 -0.00420314 0.1331721 0.9731998 -0.1874763 0.4415904 0.8778602 0.1853628 0.3685076 0.9252853 0.08971828 0.3187284 0.9445462 -0.07902503 0.2302916 0.9535983 -0.1939488 0.0665394 0.9425353 -0.3274139 -0.4572868 0.6649927 -0.5904858 -0.1704382 0.9708694 -0.1684147 -0.06573045 0.995186 -0.07269424 -0.0960837 0.9929115 0.06996381 -0.1844919 0.9806783 0.06506085 -0.1007187 0.9928112 0.06466627 -0.06794273 0.9328538 0.3537904 -0.3126898 0.9100514 0.2720876 -0.3971813 0.9127101 0.09595531 -0.02166754 0.998629 -0.04765164 -0.3107588 0.9342179 -0.175117 -0.4086581 0.8763151 -0.2550893 -0.4538366 0.7974068 -0.3977121 -0.522918 0.8156121 -0.2476565 -0.6738824 0.6699461 -0.311536 -0.6950249 0.4763921 -0.5385081 -0.701851 0.502101 -0.5052722 -0.6423491 0.20107 -0.7395665 -0.5339627 0.1660104 -0.8290504 -0.5179578 0.3171709 -0.7944321 -0.5325793 0.3429896 -0.7737683 -0.4331645 0.3219217 -0.841864 -0.4850273 0.4497558 -0.7499788 -0.5179849 0.5076956 -0.6884308 -0.3594012 0.8239656 -0.4380773 -0.3085693 0.8886109 -0.3393462 -0.2192482 0.9279227 -0.3014792 -0.525045 0.7771145 -0.3470173 -0.4827681 0.8195994 -0.3085319 -0.5819196 0.6923338 -0.4266658 -0.5886686 0.4904068 -0.6426278 -0.5856798 0.4641103 -0.6645154 -0.6014629 0.3394916 -0.7231791 -0.6145093 0.3245047 -0.7190793 -0.5737155 0.6973404 -0.4296126 -0.4470196 0.4919271 -0.7471153 -0.3403297 0.3127595 -0.8867678 -0.2686731 0.1644318 -0.9490928 -0.2942254 0.2270767 -0.9283683 -0.05192786 0.03740078 -0.9979503 -0.1573561 0.1110445 -0.9812788 0.1059952 -0.0441541 -0.9933859 0.7905742 -0.2891368 -0.5398079 0.5955204 -0.2652636 -0.7582814 0.1866843 -0.1523967 -0.9705279 0.3238652 -0.1958686 -0.9256062 -0.331541 0.1433418 -0.932488 -0.4604704 0.2067488 -0.8632624 -0.4666534 -0.08709806 -0.8801412 -0.3082363 -0.05807113 -0.9495358 -0.2579104 -0.01546639 -0.966045 -0.3734194 0.04297614 -0.9266666 -0.2206425 0.09865951 -0.9703521 -0.2074572 0.04212719 -0.9773366 -0.3451185 0.08037799 -0.9351111 -0.4370592 0.01810747 -0.8992505 -0.1382684 0.02949899 -0.9899554 0.08603167 0.002768993 -0.9962887 0.1217976 0.02977544 -0.9921082 -0.1883438 -0.1177445 -0.9750194 -0.3027939 -0.1794075 -0.9360175 -0.4484759 -0.3354043 -0.8284765 -0.4403386 -0.354707 -0.8247939 -0.5320128 -0.5799815 -0.6169149 -0.3662372 -0.6584718 -0.6574841 -0.3273507 -0.7548969 -0.5683065 -0.3946933 -0.6299797 -0.6688369 -0.4883977 -0.6243308 -0.6096546 -0.5684897 -0.5379205 -0.6224637 -0.530522 -0.6292084 -0.568017 -0.5427317 -0.7644128 -0.3480166 -0.4304418 -0.7991401 -0.419637 -0.1378542 -0.6950528 -0.7056188 -0.1079762 -0.6201857 -0.7769882 -0.2151828 -0.5810698 -0.7848913 -0.207268 -0.142304 -0.967879 0.02659446 0.0167253 -0.9995065 -0.08636492 -0.0728209 -0.9935986 0.01600122 0.02596724 -0.9995348 -0.1049067 -0.157473 -0.9819353 -0.04173082 -0.112567 -0.9927675 0.03962624 0.1141355 -0.9926747 -0.01526969 0.247911 -0.9686625 -0.4143667 0.899999 0.1352856 -0.2291325 0.8659046 0.4446432 -0.1973589 0.3405069 0.9192957 0.09546661 -0.2056899 0.9739497 0.1292491 -0.3076094 0.9426936 0.2658508 -0.5905135 0.7619825 0.2131721 -0.6368066 0.740969 0.2794494 -0.7072546 0.6493836 0.3643223 -0.7092063 0.6035692 0.4490497 -0.8663402 0.2186531 0.4264034 -0.9013789 -0.07547348 0.5000454 -0.8359358 -0.2261991 0.4541977 -0.7952302 -0.4016385 0.4290171 -0.8054247 -0.4089442 0.236985 -0.431292 -0.8705317 0.01137059 -0.04728502 -0.9988167 -0.1702356 0.6322373 -0.7558413 -0.03812372 0.3346714 -0.9415634 0.003140568 -0.02906084 -0.9995728 0.003108799 -0.0875262 -0.9961574 -0.001188457 -0.02694046 -0.9996364 -0.03443586 -0.22018 -0.9748513 -0.05910199 -0.3019455 -0.9514914 0.004830241 -0.1451259 -0.9894015 0.06367605 -0.3140679 -0.9472628 -0.0151506 -0.4651812 -0.8850859 -0.1589269 -0.5485076 -0.820903 -0.1820553 -0.2961499 -0.9376307 -0.2287692 -0.2662882 -0.9363521 -0.1510235 -0.1828159 -0.9714785 -0.1344385 -0.3061503 -0.9424428 -0.08033597 -0.3051258 -0.9489175 -0.2108311 -0.4027505 -0.8906977 -0.0777502 -0.6541734 -0.7523378 -0.02968001 -0.4721047 -0.8810427 0.0786814 -0.4513521 -0.8888705 0.05950117 -0.592037 -0.8037113 0.1234931 -0.3654268 -0.9226118 0.1356416 -0.3523561 -0.9259841 0.1539536 -0.6937584 -0.7035607 0.1894392 -0.6466358 -0.7389011 0.1838893 -0.5974263 -0.7805553 0.2778246 -0.5942146 -0.7547997 0.3152568 -0.6863505 -0.6553901 0.1393337 -0.8369262 -0.5292834 0.1595206 -0.7662948 -0.6223709 0.02221173 -0.6497707 -0.7598057 -0.03908163 -0.8744331 -0.4835697 -0.1562513 -0.8418316 -0.5166287 -0.2480576 -0.8708356 -0.4243973 -0.2458208 -0.918868 -0.3086321 -0.1894035 -0.923912 -0.3324348 -0.08617228 -0.8878958 -0.451902 -5.35562e-4 -0.9281414 -0.3722274 0.3157507 -0.7710308 -0.5530038 0.4209949 -0.6887962 -0.5901891 0.3369429 -0.8638035 -0.374584 0.2716243 -0.9302376 -0.2467353 -0.2135395 -0.9392343 -0.2687751 -0.09902107 -0.9567851 -0.2734177 0.08158552 -0.9857769 -0.146928 0.1227248 -0.9887821 -0.08513957 0.3773685 -0.9212816 -0.09398508 0.3734468 -0.9266232 -0.04366767 0.3093304 -0.9503111 0.03498142 0.2190827 -0.9717472 -0.08780831 0.2199911 -0.9714372 -0.08895868 -0.1409576 -0.9896825 0.02568107 -0.2886906 -0.9555625 0.05965042 -0.3097073 -0.9438058 0.1153774 -0.3942922 -0.9187367 0.02137058 -0.4108678 -0.908431 -0.07707792 -0.3038604 -0.8527972 -0.4247422 -0.394662 -0.8367518 -0.3795901 -0.487405 -0.8437727 -0.2246869 -0.497201 -0.8662483 0.04904294 -0.5799455 -0.7986607 -0.160637 -0.6447627 -0.6561112 -0.3921725 -0.656099 -0.5578035 -0.5083202 -0.7583795 -0.5528586 -0.3452653 -0.8539796 -0.4091525 -0.3214237 -0.8562202 -0.4965616 -0.1425258 -0.8065872 -0.551061 -0.2138902 -0.646071 -0.7411577 -0.1824216 -0.6473391 -0.7617845 0.0252313 -0.7685459 -0.6388073 -0.03553289 -0.7146885 -0.6855068 -0.1389278 -0.7573848 -0.646884 -0.08893555 -0.7531203 -0.6351941 -0.1712851 -0.8127579 -0.5526034 -0.1845382 -0.8751603 -0.3781573 -0.3018137 -0.8437824 -0.2888127 -0.4523477 -0.8611259 -0.205553 -0.4649841 -0.7694568 0.04998499 -0.63674 -0.5468397 -0.08463203 -0.8329488 -0.5839741 0.01859718 -0.8115593 -0.5570071 -0.1338079 -0.8196576 -0.6798532 -0.2738265 -0.6803078 -0.557641 -0.3202383 -0.7658225 -0.6644443 -0.4083937 -0.6258821 -0.7891368 -0.3071337 -0.5319136 -0.795188 -0.2469911 -0.5537795 -0.6645661 -0.4117774 -0.6235314 -0.8082635 -0.4419687 -0.3890679 -0.8111527 -0.4151834 -0.4118909 -0.5996848 -0.4213227 -0.680342 -0.3543475 -0.1182278 -0.9276099 -0.2965587 -0.1415241 -0.9444702 -0.3177557 -0.149495 -0.9363133 -0.5750123 -0.2737235 -0.7709971 -0.5707582 -0.2722691 -0.7746642 -0.5185104 -0.1667628 -0.838652 -0.5081219 -0.1624007 -0.8458359 -0.5502914 -0.05026668 -0.8334584 -0.7010226 0.2741997 -0.6583175 -0.7734556 0.2153729 -0.5961385 -0.7818441 0.4716183 -0.4077941 -0.7025299 0.6104462 -0.365797 -0.6696314 0.6597573 -0.3410487 -0.6480723 0.7177137 -0.2547338 -0.5913536 0.7799823 -0.2047648 -0.421647 0.903725 -0.07412779 -0.4712653 0.874031 0.1182327 -0.5457863 0.8284891 0.1253928 -0.6034552 0.793126 0.08242088 -0.6094581 0.7744212 0.1698025 -0.721143 0.6874843 0.08554643 -0.625791 0.7608046 0.1719362 -0.5312683 0.82219 0.2043473 -0.4706445 0.8504593 0.2349742 -0.2351371 0.6714559 0.70275 -0.5094474 0.6903517 0.5136905 -0.6274024 0.5377222 0.5632239 -0.5400986 0.429564 0.7237185 -0.1358663 0.2671189 0.9540377 -0.1316932 0.3604898 0.9234198 0.04402458 -0.07871448 0.9959247 -0.2582675 0.3519514 0.8996823 -0.2946188 0.3811637 0.876307 0.01497775 -0.01264792 0.9998078 0.2358484 -0.2961769 0.9255566 -0.002312541 0.004628121 0.9999867 0.2842412 -0.1382538 0.9487323 -0.02876907 0.01331651 0.9994974 0.1335836 -0.08067005 0.9877489 -0.1373044 0.1305392 0.9818896 -0.268763 0.141127 0.9528114 -0.3560249 0.09239405 0.9298976 -0.2849498 -0.2791227 0.9170028 -0.1843742 -0.3180944 0.9299582 -0.2159004 -0.4734878 0.85393 -0.3636979 -0.5494712 0.7522003 -0.3207195 -0.4327036 0.8425595 -0.3409808 -0.4392293 0.8311496 -0.2993437 -0.2934771 0.9078902 -0.4154846 -0.2846814 0.8639035 -0.4616776 -0.2867336 0.8394269 -0.4129875 -0.1600276 0.8965672 -0.5680984 -0.1690141 0.8054183 -0.278783 -0.005484342 0.9603385 -0.40484 -0.03299421 0.9137921 -0.6335647 -0.1318118 0.7623788 -0.587182 -0.09727615 0.8035887 -0.6434869 -0.05318397 0.7636074 -0.5586435 0.01908028 0.8291884 -0.6020867 0.06393849 0.7958666 -0.402139 0.1638984 0.9007893 -0.3678636 0.1311407 0.9205859 -0.4951055 0.07561725 0.865536 -0.3793558 0.2847408 0.8803476 -0.3613047 0.258607 0.8958691 -0.4395428 0.2367453 0.8664605 -0.3751871 0.06267309 0.924828 -0.2622679 0.2644907 0.9280412 -0.3178901 0.3153455 0.8941494 -0.6607478 0.2210659 0.717316 -0.649302 0.1769502 0.7396592 -0.6310275 0.3070559 0.7124051 -0.4333941 0.4408415 0.7860206 -0.4728206 0.3744768 0.7976263 -0.5417481 0.3311395 0.7725644 -0.6321387 0.2769452 0.7236726 -0.7325364 0.3804277 0.5645045 -0.7183407 0.4396597 0.539153 -0.6894132 0.4118816 0.5958716 -0.8400272 0.3369751 0.4252083 -0.8472015 0.5310693 -0.01467323 -0.7869196 0.5816404 -0.206039 -0.8223487 0.3956113 -0.408943 -0.8316115 0.3873872 -0.3979368 -0.8522962 0.4482769 -0.2695161 -0.8191274 0.4845114 -0.3070492 -0.9053372 0.3157239 -0.2840474 -0.7032351 -0.03252255 -0.7102132 -0.6794971 -0.04369807 -0.7323758 -0.8104192 0.08289331 -0.5799567 -0.8773449 0.2587377 -0.4041297 -0.7633064 0.1675734 -0.623925 -0.6660526 0.1283844 -0.734773 -0.6678243 0.109061 -0.7362855 -0.9357613 0.3373703 -0.1026268 -0.9254536 -0.0227307 -0.3781785 -0.9356388 0.1110822 -0.3350235 -0.8557309 -0.1374762 -0.4988237 -0.875492 -0.1528175 -0.4584328 -0.8626094 -0.2054945 -0.462252 -0.9319968 -0.3139158 -0.181215 -0.9616811 -0.2454183 -0.1222271 -0.9648269 -0.2439835 -0.09788399 -0.9395484 -0.3326122 -0.08135068 -0.9233587 -0.3766795 -0.07430559 -0.9884691 -0.1510812 -0.01017504 -0.9905449 0.08056682 -0.1110395 -0.9694231 0.2430961 0.03351682 -0.9366866 0.3436107 -0.06745344 -0.9614161 0.1605269 -0.2234059 -0.944122 0.1781727 -0.2772872 -0.9667266 0.239057 -0.09105813 -0.926071 -0.02247518 -0.3766795 -0.9238858 0.02131581 -0.3820744 -0.8838101 -0.1044769 -0.4560312 -0.9374614 -0.09571284 -0.3346719 -0.9880434 0.04996204 -0.145857 -0.9961646 -0.02933132 -0.08243662 -0.9834778 -0.1616849 0.08142101 -0.9899225 -0.1060498 -0.09384578 -0.9201721 0.3900402 -0.0339443 -0.9819618 0.155866 0.1070367 -0.9899073 0.09577399 0.1044554 -0.9710625 0.01644879 0.2382586 -0.9609161 0.2547539 0.1083555 -0.9610093 0.1971518 0.1938872 -0.9702325 0.1288649 0.2050436 -0.891289 0.3185044 0.3227369 -0.8681798 0.2753031 0.4128828 -0.7168717 0.2878776 0.6349973 -0.7971845 0.1776617 0.5770037 -0.673506 0.2273617 0.7033466 -0.7743964 0.1570683 0.6128948 -0.8037988 0.08106905 0.5893516 -0.912871 -0.05457407 0.4045841 -0.8940169 -0.1204666 0.4315339 -0.8857626 -0.1151015 0.44964 -0.792189 -0.5367546 0.2903982 -0.6974899 -0.7001979 0.1524164 -0.7184817 -0.6384995 0.2758667 -0.7456924 -0.5017846 0.438355 -0.7475122 -0.4324257 0.504216 -0.7074603 -0.4445073 0.5494663 -0.6453424 -0.7638915 0.001761436 -0.606652 -0.7949105 -0.00952351 -0.5614024 -0.7776156 0.2830925 -0.5251812 -0.8364275 0.1567612 -0.4965582 -0.8673528 0.03360188 -0.5304591 -0.7175304 0.4514016 -0.524585 -0.8208568 0.2258427 -0.5875304 -0.7011897 0.4039072 -0.3729772 -0.8592708 0.3500596 -0.3723315 -0.8513462 0.369566 -0.5910807 -0.6152777 0.5215907 -0.625267 -0.5165152 0.5850242 -0.5772737 -0.5986897 0.555271 -0.552573 -0.4928435 0.6721373 -0.6698874 -0.3537523 0.6527712 -0.5992962 -0.4674642 0.6498626 -0.442779 -0.6676788 0.598458 -0.424754 -0.8004985 0.4228312 -0.2852797 -0.8666353 0.4093395 -0.2873589 -0.8463287 0.4485006 -0.1967778 -0.9711452 0.1347421 -0.01045572 -0.999623 0.02538883 0.04282128 -0.9911636 0.1255432 -0.04417186 -0.9945915 0.0940032 -0.2163472 -0.9209505 0.3241052 -0.2082134 -0.9278321 0.3094752 -0.05569815 -0.9810824 0.1854054 0.1485593 -0.9786893 0.1417656 0.1803042 -0.973998 0.13718 -0.224673 -0.8490243 0.4782049 -0.3159892 -0.7307379 0.6051223 -0.2829248 -0.6025932 0.7462138 -0.2484536 -0.7012076 0.6682655 -0.1084209 -0.8435946 0.5259211 0.3621579 -0.9020403 0.2348721 0.2474704 -0.8985657 0.3624061 0.00268507 -0.7824118 0.6227555 -0.04446899 -0.8018903 0.5958142 -0.1180453 -0.6796662 0.7239608 -0.0373066 -0.778355 0.6267151 0.0994051 -0.8702573 0.4824633 0.08303064 -0.8735134 0.479667 0.1953234 -0.87501 0.4429519 0.2492989 -0.8970217 0.3649689 0.2847765 -0.9140919 0.2886841 0.3047801 -0.8702623 0.3869788 0.3999417 -0.8110189 0.4269605 0.2610987 -0.7097599 0.6542693 0.1606333 -0.7866321 0.5961602 0.2087267 -0.6914709 0.6915933 0.1090208 -0.7941954 0.5978029 0.02361202 -0.7367999 0.6756985 -0.1431317 -0.5986166 0.7881444 -0.1366492 -0.5451558 0.8271229 -0.1686069 -0.4384932 0.8827772 -0.1636041 -0.3285425 0.9302116 -0.2091559 -0.2339881 0.9494754 -0.1092749 -0.3096184 0.9445611 0.07812291 -0.5604001 0.8245294 -0.03663265 -0.3941615 0.9183109 -0.0596171 -0.2969298 0.9530366 -0.002164125 -0.2670516 0.9636799 0.05013632 -0.4721082 0.8801138 -0.05184847 -0.4158365 0.9079603 0.1408854 -0.6333459 0.7609364 -0.009432077 -0.2354422 0.9718426 0.0727446 -0.2971467 0.9520568 0.07285511 -0.2965965 0.9522199 0.02755433 -0.2817219 0.9591004 0.0241025 -0.1658496 0.9858565 0.02552044 0.09471398 0.9951774 0.07214057 0.1971914 0.9777072 0.211871 0.4298881 0.8776714 0.5334987 0.5374048 0.6531274 0.4065564 0.5786942 0.706983 0.2023324 0.5770371 0.7912584 0.09599208 0.3603937 0.927848 0.05111271 0.2229324 0.973493 0.1217187 0.31379 0.9416584 0.00719434 0.1966176 0.9804539 -0.001355171 0.1406872 0.9900532 -0.007568836 0.07178664 0.9973913 0.01460564 0.06997591 0.9974418 -0.05106657 0.4575173 0.8877332 -0.06201022 0.2706119 0.9606893 0.03395682 0.3277668 0.9441483 0.181877 0.7124247 0.6777697 0.1363307 0.612342 0.7787499 0.09181553 0.7110322 0.6971392 -0.02598494 0.05384254 0.9982113 -0.01570689 0.03407979 0.9992957 -0.09302312 0.2858912 0.9537363 -0.1758176 0.457114 0.8718572 -0.1314561 0.2902924 0.9478659 -0.1470984 0.5569522 0.8174145 -0.1811392 0.4666529 0.8656927 -0.0775814 0.5924236 0.8018825 0.02824342 0.5223538 0.852261 1.83881e-4 0.6899752 0.7238332 0.2383959 0.7273892 0.6434846 -0.1581482 0.5767996 0.8014309 -0.1317369 0.6967271 0.705136 -0.1300877 0.6926438 0.7094518 0.05081939 0.8935735 0.4460314 0.1396626 0.9019659 0.4085975 0.2026602 0.9101586 0.3613038 0.4649615 0.5043945 0.7275968 0.3605952 0.3413106 0.8680313 0.535807 0.3979794 0.7446632 0.4359253 0.2982537 0.8491254 0.2592682 0.9530813 0.1562562 -3.4121e-4 0.9925013 0.1222344 0.03274601 0.9991108 -0.02656012 0.09446799 0.8353139 0.5415963 0.1075083 0.9938114 0.02794468 0.2122945 0.9771961 -0.004353761 0.1751284 0.8721861 0.4567511 0.2572492 0.842919 0.4725575 0.1986614 0.9764001 0.08471459 -0.026905 0.9212076 0.3881402 0.02723968 0.8596198 0.5102075 -0.1816206 0.8357895 0.5181409 -0.1432883 0.9265165 0.3479018 -0.07468807 0.8456821 0.528435 -0.2889752 0.9569969 -0.02550178 -0.2011506 0.9792193 0.02585065 -0.1330063 0.9866852 0.09360396 -0.07179856 0.996875 -0.03294473 -0.1357966 0.9152508 0.3793089 0.3545821 0.9344229 0.03354763 0.3364753 0.9290363 0.1538702 0.3623694 0.8059563 0.4681057 0.2844145 0.9586638 0.00849682 0.3364636 0.9323948 -0.1320312 0.5087812 0.8376829 -0.198568 0.6801432 0.7312847 0.05126285 0.8251636 0.5367057 -0.1762166 0.7561879 0.6229045 -0.2004244 0.5773096 0.5483957 -0.6049594 0.5948841 0.5836372 -0.552703 0.5770523 0.4248642 -0.6974964 0.5891019 0.4882709 -0.643856 0.2733688 0.2095392 -0.9388093 0.2978813 0.2678626 -0.9162513 0.5008548 0.496505 -0.7089622 0.507077 0.5662592 -0.6497873 0.4101254 0.8883415 -0.2065103 0.2706439 0.8811364 -0.3877508 0.2219091 0.913981 -0.3396984 0.1043395 0.909089 -0.4033243 0.05354386 0.9983994 0.018215 -0.1585291 0.959154 -0.2342909 -0.07656735 0.9970219 -0.009205043 -0.2141483 0.9714636 0.1019754 -0.3318114 0.9426034 -0.03741675 -0.2534767 0.935175 -0.2473806 0.07562923 0.9371663 -0.3405869 -0.3314894 0.9427742 -0.03594082 0.04521 0.8318493 -0.553157 -0.0187205 0.9297935 -0.3676052 -0.0928719 0.8477298 -0.5222346 -0.269972 0.9082676 -0.3196328 -0.144866 0.8056604 -0.5743913 -0.2932263 0.8762235 -0.3824278 -0.2704915 0.7171713 -0.6422615 -0.212294 0.8293321 -0.5168555 -0.1241343 0.9113467 -0.3924765 -0.02150118 0.6064735 -0.7948129 0.1327496 0.6452838 -0.7523207 0.2271791 0.6801922 -0.6969422 0.2522062 0.8579295 -0.4476036 0.3051462 0.7974609 -0.5205209 0.3765537 0.8458142 -0.3778964 0.4642895 0.812844 -0.3517385 0.3779528 0.8613755 -0.3393874 0.3959954 0.7324799 -0.5537697 0.4393934 0.6339066 -0.6364715 0.3309047 0.571425 -0.7509831 0.225214 0.546249 -0.806778 0.3152129 0.6580772 -0.6837949 0.08518242 0.250261 -0.9644239 0.03681474 0.6201346 -0.7836312 0.04555791 0.665654 -0.7448686 0.07199692 0.5270863 -0.8467565 -0.07791042 0.5150877 -0.8535893 -0.07836061 0.6092172 -0.7891223 -0.009082674 0.5368678 -0.8436176 0.3005229 0.5244447 -0.7966454 0.1460064 0.3288613 -0.9330233 0.08170175 0.2290732 -0.9699745 0.1692898 0.3948805 -0.9030008 0.2247171 0.307277 -0.9247071 0.3522707 0.4231643 -0.8347679 0.3048635 0.3558602 -0.8834149 0.1973932 0.3235613 -0.9253886 0.005545616 0.01798236 -0.9998229 0.3136039 0.174339 -0.9334123 0.07586401 0.0864278 -0.9933655 0.243155 0.1474435 -0.9587159 0.3450286 0.2132273 -0.9140511 0.2991641 0.158486 -0.940948 0.8563961 0.08019232 -0.5100538 0.7055588 0.2608071 -0.6589131 0.8533281 0.1834723 -0.488026 0.8478142 0.1806201 -0.4985854 0.9697393 0.04173481 -0.2405497 0.980977 -0.05713146 -0.1855272 0.9868964 -0.0646162 -0.1478523 0.8674299 0.4597066 -0.1903558 0.9485338 0.2986471 0.105327 0.9334144 0.2272439 0.2776648 0.9510514 0.05862039 0.3034223 0.9686314 0.1529008 0.1958944 0.9066147 0.3755232 -0.1924375 0.8891624 0.4479765 -0.09331387 0.9951328 0.09311866 -0.03224414 0.963229 -0.1432272 -0.2273233 0.9368337 -0.2241037 0.2685518 0.9586004 -0.1289555 0.2538818 0.716724 0.04155975 0.6961175 0.8467105 -0.4151327 0.3327857 0.8587242 -0.4678272 0.2091184 0.6984907 -0.6214383 0.3548595 0.6494553 -0.517379 0.5572494 0.819099 -0.1810773 0.5443233 0.8117178 -0.2457975 0.5298093 0.804241 -0.5125213 0.300863 0.8843377 -0.4076412 0.2275424 0.7894259 -0.02507477 0.6133337 0.6061125 0.05337959 0.7935857 0.7810518 -0.07751834 0.6196362 0.7069879 -0.08572661 0.7020109 0.8445704 -0.1814783 0.5037525 0.7751967 -0.4019672 0.4873321 0.6687405 -0.381399 0.638217 0.7500299 -0.2473656 0.6134048 0.2948883 0.006589174 0.955509 0.5241558 -0.09895217 0.8458542 0.4237084 0.2058699 0.8820934 0.2336327 0.1419375 0.9619094 0.04187583 0.01741111 0.9989711 -0.1152329 -0.05175876 0.9919892 -0.3022779 -0.1602776 0.9396485 -0.07479739 -0.06116384 0.9953213 -0.2210548 -0.2001806 0.954496 0.03913348 0.08096921 0.9959481 0.03531843 0.01589906 0.9992497 0.1759276 0.2415721 0.9543021 0.07409512 0.1107778 0.9910794 0.08325898 0.0842486 0.9929603 0.1711056 0.1448323 0.9745494 0.3202765 0.42621 0.8460308 0.4960558 0.6143633 0.6135851 0.4224069 0.6599368 0.621334 0.4173517 0.6547726 0.6301511 0.3259853 0.8977364 0.2963157 0.3644416 0.8250832 0.4317638 0.3440414 0.6676306 0.6602309 0.3171088 0.5925378 0.7405006 0.2689181 0.4141076 0.8695966 0.1959723 0.5679758 0.7993738 0.4206532 0.4381848 0.7943835 0.4833903 0.3601297 0.7978976 -0.03777796 -0.05250024 0.9979062 -0.1193025 -0.05372625 0.9914033 -0.06618762 -0.0192148 0.9976222 0.3174228 0.1327434 0.9389473 0.3076792 0.07519829 -0.948514 0.5612748 0.0098567 0.8275709 0.7679363 0.2991002 0.5664036 0.7529586 0.5176665 0.4062939 0.6748386 0.4843967 0.5567342 0.7137524 0.6917088 0.1099841 0.7452914 0.1862952 0.6401835 0.6169455 0.312927 0.7221184 0.708707 0.4587639 0.535976 0.7866145 0.5808414 0.2094305 0.8748269 0.3809694 0.2992331 0.8041172 0.4927827 0.3325068 0.7638775 0.6309191 0.1357656 0.7597179 0.5788988 0.2961501 0.6223886 0.7778071 0.08745628 0.6245641 0.7726957 0.1134076 0.6960546 0.6716737 0.2536978 0.6396906 0.7176128 0.2753685 0.4621962 0.8150085 0.3494794 0.5417916 0.8221797 0.1745924 0.550799 0.7953483 0.2530646 0.8276419 0.4498583 0.3356136 0.940178 0.33693 0.05043381 0.8818574 0.3989058 0.2513999 0.9467061 0.2425308 0.2119586 0.7887998 0.2370819 0.5670865 0.8032314 0.233873 0.5478347 0.8099078 0.1736454 0.5602649 0.9087108 0.02102112 0.4168966 0.9619813 -0.030016 0.2714608 0.9194026 -0.06746691 0.3874885 0.9527033 -0.2926731 0.08184808 0.9749977 -0.2098596 0.0730645 0.9439364 -0.3004115 0.1368841 0.9429206 0.06159275 0.3272723 0.7468393 0.1088886 0.6560292 0.8008431 0.3241671 0.5035535 0.8009199 0.4161396 0.4305288 0.6879158 0.6698644 0.2793811 0.5745061 0.1129167 0.8106743 0.6548555 0.5706745 0.4954743 0.6211016 0.5242958 0.5825349 0.6023475 0.6437463 0.4719833 0.5549487 0.7197518 0.4171203 0.6308605 -0.4267526 0.6479948 0.5945076 -0.4631632 0.657298 0.3522738 -0.8047602 0.4777702 0.3503477 -0.789761 0.5035218 0.235298 -0.9513965 0.1986946 0.407994 -0.6959779 0.590894 0.259357 -0.6812715 0.6845459 0.2150998 -0.7860795 0.5794923 0.298788 -0.881074 0.3666532 -0.1066579 -0.9015145 0.4193992 -0.1162246 -0.918636 0.3776237 -0.4037518 -0.874171 0.2698328 -0.1131154 -0.8445202 0.5234411 0.07207852 -0.7389206 0.6699261 -9.71598e-4 -0.7794696 0.6264393 -0.03311538 -0.6835958 0.7291092 -0.05326747 -0.9409326 0.3343777 0.1513569 -0.8388603 0.5228809 0.2291013 -0.8093382 0.5408183 0.1261325 -0.6636953 0.7372918 0.1232677 -0.6190269 0.7756358 0.14188 -0.6701174 0.728569 0.05896872 -0.8066221 0.5881187 -0.1856009 -0.8479524 0.496517 0.1892848 -0.8975014 0.3983246 0.1137112 -0.9216172 0.371068 0.03063893 -0.951163 0.3071647 0.2695501 -0.9270949 0.2604568 0.3357793 -0.9343636 0.1192356 0.4032194 -0.9132741 0.05783373 0.4421769 -0.8628215 0.2449868 0.645212 -0.7036678 0.2975789 0.5171411 -0.8082315 0.2816505 0.6609473 -0.7056611 0.2553253 0.6205713 -0.7788457 0.09105396 0.3970774 -0.9177845 0.001151382 0.2707202 -0.957661 -0.09795892 0.4721973 -0.8795257 0.05885916 0.5164126 -0.8563145 0.006609022 0.5950808 -0.802559 0.04216539 0.5235425 -0.8493473 -0.06717467 0.8865631 -0.4510854 -0.1026064 0.924688 -0.3723692 -0.07933187 0.9132087 -0.2975666 -0.2783955 0.8449152 -0.3652259 -0.3908049 0.9634027 -0.1430988 -0.2266675 0.9692714 -0.2067329 -0.1333215 0.9411522 -0.2202624 -0.2563536 0.792418 -0.2332663 -0.563614 0.853412 -0.2876223 -0.434697 0.7155398 -0.2738106 -0.6426746 0.7148096 -0.3709487 -0.5928274 0.7487187 -0.4246788 -0.5089876 0.5241392 -0.3423148 -0.7798069 0.5252673 -0.4196447 -0.7402652 0.08068835 -0.4290919 -0.8996497 0.005814909 -0.4624364 -0.8866335 -0.03121715 -0.4509327 -0.892012 0.0119484 -0.09644764 -0.9952664 0.02852338 -0.07987111 -0.9963971 0.04110229 -0.2065771 -0.9775667 0.1280252 -0.3367117 -0.9328638 0.144105 -0.5059596 -0.8504344 0.1256348 -0.4532983 -0.8824605 0.2455009 -0.2457485 -0.9377298 0.7211244 -0.04284584 -0.6914796 0.7367722 -0.1800049 -0.65174 0.8415827 -0.1841184 -0.5077784 0.881809 -0.113487 -0.4577486 0.6905313 0.03281337 -0.7225579 0.6343262 -0.01523333 -0.7729155 0.5358636 -0.2325156 -0.8116568 0.5268905 -0.2409571 -0.8150622 0.51023 -0.3118396 -0.801512 0.5207068 -0.1605786 -0.8384981 0.6200453 -0.02142691 -0.7842734 0.3161824 -0.1024258 -0.9431531 0.6762615 -0.1625534 -0.7185032 0.5144292 -0.08026921 -0.8537678 0.4132109 0.02393394 -0.9103208 0.4205687 0.1018227 -0.9015288 0.4533975 0.1991539 -0.8687742 0.515641 0.1403434 -0.8452327 0.5865889 -0.02242547 -0.8095743 0.5216449 0.04754227 -0.851837 0.5573652 0.08885103 -0.8254997 0.6127898 -0.02339136 -0.7898997 0.1236487 -0.02887815 -0.9919058 0.02269172 0.004547953 -0.9997322 0.1911547 0.05472183 -0.9800335 -0.129979 -0.03434282 -0.9909218 0.6489725 -0.1193648 -0.7513899 0.7400341 -0.04058927 -0.6713435 0.7922486 0.08941191 -0.6036124 0.2491974 -0.5046043 -0.8266046 0.03056871 -0.3042805 -0.9520919 0.08458024 -0.3325552 -0.9392834 0.1137015 0.3237118 -0.939299 -0.1872787 -0.7334161 -0.6534734 -0.02278739 -0.2173772 -0.9758217 0.2714824 -0.5604457 -0.7824308 0.9999698 -0.007765889 6.56932e-5 0.7740079 -0.5216071 -0.3589401 0.8068313 -0.5670408 -0.1657958 0.9237456 -0.3830044 -0.001273632 0.8865976 -0.4519391 -0.09846669 0.8569319 -0.5077012 -0.08892357 0.7656931 -0.622188 -0.1630834 0.8102084 -0.5793542 0.08894532 0.7923225 -0.4866338 0.3679846 0.8215888 -0.3124076 0.4768579 0.9428012 -0.1338024 0.305324 0.5476264 -0.530367 0.6471602 0.6053499 -0.7834005 0.1408382 0.2283757 -0.9730545 0.03177404 0.302675 -0.9508695 -0.06507831 0.01284885 -0.9848793 0.1727651 -0.04237914 -0.9941574 -0.09927237 0.07739543 -0.9855562 0.1506289 0.1627005 -0.9865433 0.01615244 0.3422514 -0.92708 0.1529274 0.1675344 -0.9854783 0.0276581 0.1766278 -0.9842742 -0.002632141 0.6998652 -0.6334674 0.3300116 0.6597892 -0.6386091 0.3960514 0.4858224 -0.6783545 0.5511912 0.5898967 -0.6868509 0.4245677 0.5110955 -0.2827425 0.8116885 0.8717013 -0.2926046 0.3930895 0.69709 -0.2854187 0.6577246 0.9587456 0.1588634 -0.2357316 0.9673423 0.2222003 -0.1219675 0.9484025 0.3122016 -0.05534458 0.8991224 0.2995255 0.3191609 0.9401543 0.1678382 0.2965476 0.8545055 0.5149576 -0.06811064 0.820316 0.5547229 -0.1391548 0.6500415 0.5248422 -0.5495334 0.845695 0.2613428 -0.4652955 0.9750211 0.2130513 -0.06279557 0.8551917 0.3726555 -0.3602433 0.7062707 0.3681247 -0.6047032 0.6756709 0.340145 -0.6540415 0.6724947 0.436569 -0.5976274 0.6361938 0.3803191 -0.6712786 0.6659201 0.2662575 -0.6968913 0.7760761 0.2903749 -0.5598109 0.7073016 0.2456997 -0.6628395 0.3453434 0.1320908 -0.929134 0.8483781 0.2634952 -0.4591568 0.3374486 0.2095605 -0.9177216 0.9325668 0.0544939 -0.3568611 0.9690678 0.152947 -0.1936877 0.9536839 0.03427469 -0.2988519 0.7504914 0.5936176 -0.2904838 0.007451832 0.01039582 -0.9999183 0.01965767 0.008386492 -0.9997716 0.00919038 0.004525125 -0.9999476 0.009891211 0.01134711 -0.9998867 0.1401153 0.2336323 -0.9621766 0.02769982 0.1644682 -0.9859935 0.03326743 0.3975903 -0.9169598 0.02540099 0.332037 -0.9429244 0.1324712 0.6408433 -0.7561556 0.4405877 0.6348701 -0.6346829 0.4107843 0.5248185 -0.7455346 0.1976462 0.6236194 -0.7563298 0.1169376 0.8592606 -0.4979928 -0.2169141 0.9761464 0.009308636 -0.005509078 0.9012976 -0.4331657 0.139565 0.9712731 -0.1927441 0.1677222 0.8548251 -0.4910634 0.3939909 0.9013116 0.1800243 0.4712049 0.8819442 0.01184988 0.5511002 0.7634811 -0.3367272 0.6900798 0.6659013 -0.283488 0.6561172 0.7313783 -0.1860001 0.5848609 0.7225725 -0.368547 0.5205704 0.5899373 -0.6172361 0.5807971 0.7644746 -0.2797381 0.6464074 0.6936762 -0.3177592 0.7114647 0.6712949 -0.2078005 0.5246263 0.8366287 -0.1575427 0.4454506 0.8927344 -0.06781768 0.4537033 0.8483951 0.2727253 -0.06079387 0.9780535 0.1992877 0.6175858 0.3375289 0.7103958 0.6384583 0.3513849 0.6847625 -0.07075357 0.8239805 0.5621833 -0.01433408 0.5824265 0.8127571 0.09138005 0.6865817 0.7212872 0.2011975 0.5109379 0.8357405 -0.03119504 0.1789233 0.9833684 0.1076797 -0.5184431 0.8483054 -0.03797191 -0.1042478 0.9938263 -0.02550214 -0.0947777 0.9951718 -0.04209744 -0.1140468 0.9925832 0.02689641 -0.6318023 0.7746629 -0.1400759 -0.2210784 0.9651441 -0.1420429 -0.5331916 0.8339848 0.3647427 -0.8310787 0.4198467 -0.1264551 -0.7876608 0.6029923 -0.2222673 -0.6369582 0.7381609 -0.1197003 -0.9761388 0.1811763 0.02454859 -0.9904331 0.1357923 -0.4628998 -0.7362636 0.4935988 -0.4064403 -0.7470161 0.5260925 -0.4115865 -0.5095942 0.7555861 -0.4627336 -0.4994657 0.7324013 -0.5300628 -0.6732533 0.5155225 -0.6653843 -0.5529572 0.5014998 -0.6908036 -0.6854168 0.2302048 -0.8089622 -0.5722934 0.1343894 -0.7863739 -0.6004731 0.1450797 -0.8891256 -0.4285407 0.1606508 -0.9059431 -0.3969761 0.1472322 -0.9967662 -0.06078964 0.05255424 -0.8765673 0.116665 0.4669253 -0.9011003 0.252726 0.3523464 -0.9371361 -0.05065637 0.3452679 -0.9397166 0.03397971 0.3402622 -0.8197035 0.1860482 0.5417308 -0.8789231 -0.2013671 0.432372 -0.7993776 -0.313295 0.512681 -0.8617203 -0.4760772 0.1754668 -0.9039242 -0.3039866 0.3008543 -0.8906412 -0.2433121 0.3841323 -0.8845559 -0.2462906 0.3961083 -0.8272073 -0.3218235 0.4606059 -0.874242 -0.4379006 0.2096282 -0.8589434 -0.4766232 0.1872079 -0.6279494 -0.1908237 0.7544971 -0.6814207 -0.3344745 0.6509937 -0.8433219 -0.1785101 0.5068948 -0.9965493 0.01407206 0.0818026 -0.9799385 -0.193957 0.04584103 -0.6469902 -0.2975611 0.7020407 -0.7004545 -0.08706563 0.7083665 -0.7877297 -0.03376698 0.6150949 -0.7464055 0.01065802 0.6654061 -0.8555675 0.03607982 0.5164325 -0.6642028 0.744402 -0.06855922 -0.7746124 0.6231223 -0.1081401 -0.6851386 0.6903079 0.2325085 -0.6411488 0.6684511 0.3769632 -0.6082738 0.6722897 0.4219356 -0.8584705 0.4909312 0.1483753 -0.834297 0.5502789 0.03379082 -0.8819548 0.459419 0.1053079 -0.7783468 0.5384622 0.3228545 -0.8768789 0.4224994 0.2292983 -0.8897373 0.4059706 0.2086995 -0.674615 0.5763263 0.4612405 -0.5570015 0.5365566 0.6339215 -0.491687 0.5693428 0.6588572 -0.7591568 0.6109517 0.2245416 -0.7729676 0.6333456 0.03734153 -0.7065882 0.6855197 0.1754878 -0.7343723 0.4976782 0.4615343 -0.5210824 -0.1413334 0.8417232 -0.4106153 -0.05861449 0.9099228 -0.2127408 -0.04870706 0.9758939 -0.5701884 -0.2594712 0.7794615 -0.439981 -0.3213137 0.8385548 -0.4627293 -0.2888397 0.8381249 -0.2882612 -0.4826103 0.8270385 -0.3495433 -0.6566424 0.6683115 -0.2663785 0.08390688 0.9602094 -0.2091525 0.113926 0.9712241 -0.2060747 0.1330113 0.9694541 -0.1142278 0.1654466 0.9795813 -0.1090829 0.2099639 0.971605 -0.05795031 0.2529485 0.9657427 -0.3893876 0.656937 0.645609 -0.4829615 0.6980791 0.528615 -0.3886229 0.7969285 0.4624686 -0.1930657 0.7660977 0.6130416 -0.4780266 0.8377053 0.2640842 -0.7798708 0.3128575 -0.5421457 -0.6945128 -0.51539 -0.502021 -0.6110011 -0.5340734 -0.5843316 -0.3499951 -0.9339471 -0.07243216 0.238398 -0.9466403 -0.2168835 -0.1387985 -0.9895929 -0.03796172 0.06235271 -0.9323457 -0.3561511 0.2768533 -0.8840463 -0.3765826 0.1539317 -0.9221931 -0.3547747 0.02727919 -0.8961013 -0.4430108 -0.08720767 -0.8905658 -0.4464164 -0.004124879 -0.5683388 -0.8227844 0.09602385 -0.7791095 -0.6194901 0.1307993 -0.4017906 -0.906342 0.058492 -0.4952055 -0.8668047 0.01181858 -0.05467331 -0.9984344 -0.03858846 0.3414377 -0.939112 -0.4391884 0.8596175 -0.2610967 -0.3390149 0.6271229 -0.7012745 -0.3334023 0.758284 -0.5602217 -0.2019161 0.5674502 -0.7982671 -0.2040543 0.3988425 -0.8940284 -0.1323862 0.3166192 -0.9392691 -0.2810869 0.4882146 -0.8262184 -0.1826142 0.2585729 -0.9485737 -0.1146369 0.453569 -0.8838176 -0.1329593 0.2525636 -0.9584016 -0.01836585 0.05378216 -0.9983838 -0.0173881 0.07198727 -0.997254 -0.09183663 0.1677783 -0.9815379 0.04384469 -0.08266222 -0.9956127 0.06436711 -0.09130042 -0.993741 0.07695835 -0.1536567 -0.9851229 0.1780804 -0.2515397 -0.9513229 0.06205749 -0.04884296 -0.9968767 0.04275131 -0.005105435 -0.9990727 -0.01965212 -0.01142573 -0.9997417 -0.8584831 -0.1611666 -0.4868593 -0.6378488 -0.1182211 -0.761034 0.3523976 -0.138748 -0.925508 0.2786179 -0.3959284 -0.8749932 0.3806018 -0.2795112 -0.881485 0.428228 -0.378375 -0.820642 0.3521341 -0.4984354 -0.7921892 0.2881811 -0.4820958 -0.8273665 0.4770135 -0.5466406 -0.6882167 0.4781068 -0.67869 -0.5574888 0.5115017 -0.7245559 -0.4619359 0.5972549 -0.3494517 -0.7219211 0.4908794 -0.4569392 -0.7417844 0.5307459 -0.641923 -0.5533929 0.5555393 -0.787903 -0.2656784 0.5633625 -0.7983705 -0.2126672 0.7124341 -0.652736 -0.2576304 0.7985477 -0.4844474 -0.3572567 0.7131199 -0.6531259 -0.2547285 0.805615 -0.5805842 -0.1179268 0.9112449 -0.1800429 -0.3704284 0.8555051 -0.2489089 -0.4540434 0.8512123 -0.4293713 -0.3017913 0.917243 -0.3924431 0.06822067 0.52912 -0.8328876 -0.1622664 0.4773797 -0.8592215 0.1839755 0.5467152 -0.8211607 0.1637002 0.567734 -0.8051425 0.1715334 0.4966433 -0.8040741 0.326819 0.4737667 -0.6723266 0.56879 0.4647238 -0.6589527 0.5914499 0.4356063 -0.6978471 0.5685566 0.3228983 -0.6389723 0.698177 0.1453354 -0.4329368 0.8896311 0.260549 -0.4601559 0.8487466 0.3266785 -0.4626204 0.8241744 0.3011499 -0.4974362 0.8135515 0.2727926 -0.3872612 0.880689 0.157453 -0.2225269 0.9621281 0.5860774 -0.1611741 0.7940631 0.5276063 -0.003598213 0.8494815 0.518126 -0.2362771 0.8220211 0.3956335 -0.2080386 0.8945357 0.2067676 -0.2014967 0.9574165 -0.008793413 0.01166331 0.9998933 -0.006201148 0.009631693 0.9999344 -0.1266174 0.1090368 0.9859408 -0.1286461 0.1838448 0.9745005 -0.2379686 0.3365797 0.9110901 -0.1978186 0.3415618 0.9188055 -0.3036665 0.6709266 0.6764941 -0.364628 0.6203674 0.6943997 -0.3671764 0.6270388 0.6870253 -0.2861428 0.61343 0.7360882 -0.3676502 0.7540884 0.544228 -0.1973662 0.5461854 0.8140811 -0.4195402 0.8038547 0.4216675 -0.3962423 0.8890545 0.2292909 -0.2943181 0.8229957 0.4858549 -0.2294325 0.8643946 0.447418 -0.3407184 0.8845583 0.3185399 -0.4785228 0.8095118 0.3401568 -0.4768263 0.7934649 0.3782198 0.1854326 -0.3359928 0.9234304 0.171994 -0.09320539 0.9806787 0.5064243 -0.3852725 0.771427 0.4351667 -0.3866428 0.8131035 0.1618002 -0.2287917 0.959935 0.4354606 -0.697718 0.5688266 0.5679883 -0.8054524 0.1692213 0.2228677 -0.142794 -0.964334 0.3613604 -0.02326703 -0.9321359 -0.4737545 -0.1026989 -0.8746483 -0.368066 -0.1730999 -0.9135447 -0.6081266 -0.4946194 -0.6209135 0.05513173 -0.07842636 -0.9953943 -0.1411938 0.1493987 -0.9786441 -0.1562037 0.2219777 -0.9624585 -0.07322418 0.2584262 -0.963252 -0.3703306 0.9102677 -0.1851162 -0.3466668 0.77171 -0.5331847 -0.2960224 -0.3151112 -0.9017071 -0.3057696 -0.5823165 -0.7532679 -0.2934309 -0.7417017 -0.6031392 -0.1745332 -0.6699436 -0.721605 -0.5057777 -0.7626445 -0.4031903 -0.3420671 -0.5073406 -0.7909462 -0.3000596 -0.2824709 -0.9111392 -0.3127499 -0.2919734 -0.9038469 -0.3945237 -0.5253326 -0.7539078 -0.5896295 -0.5998268 -0.5408744 -0.2078214 -0.006461322 -0.9781455 0.1232181 0.00955075 -0.9923337 -0.06071507 0.02380067 -0.9978713 0.3913635 -0.3702045 -0.8424864 0.003473401 -0.009257078 -0.9999511 -0.004906058 0.007964909 -0.9999563 0.02057397 -0.02292782 -0.9995255 0.06393879 -0.04823058 -0.9967877 -0.2007818 0.5552788 -0.8070639 0.002624213 0.7855881 -0.6187443 -0.08586198 0.8428794 -0.5312082 -0.06663972 0.9012226 -0.428202 -0.253136 0.5989684 -0.7597098 -0.2176316 0.7047133 -0.6752894 -0.3087365 0.6950162 -0.6493337 -0.3675736 0.642337 -0.6725273 -0.3563692 0.6111784 -0.7067263 -0.2951492 0.3874638 -0.8733606 -0.2939354 0.3541457 -0.8877967 -0.2917562 0.3816033 -0.8770732 -0.2717904 0.4613276 -0.8445749 -0.4386806 0.5953587 -0.6731326 -0.1993576 0.7093856 -0.676039 -0.1410426 0.7552891 -0.6400356 0.05149239 0.8064293 -0.5890843 0.0318644 0.755232 -0.6546826 0.2588666 0.7230435 -0.6404656 0.1888961 0.7490791 -0.6349794 0.1690134 0.7886881 -0.5911055 0.1641163 0.5703245 -0.8048576 0.3681188 0.7171803 -0.5917272 0.3739833 0.621135 -0.6887146 0.3072817 0.7831673 -0.5405802 -0.03787666 0.6120871 -0.7898828 -0.06215119 0.6866583 -0.7243187 -0.1025213 0.6032121 -0.7909644 -0.2424419 0.9647029 0.1028126 -0.2438792 0.9514595 0.1877446 -0.3322087 0.9428869 0.02452903 -0.2873485 0.8912958 0.3507459 -0.155646 0.9496335 0.2719752 -0.1461024 0.9597897 -0.2397038 -0.001838922 0.9814198 -0.191864 0.04675364 0.9805456 -0.1906428 -0.01356518 0.9021391 -0.431232 -0.1234431 0.8878378 -0.4432899 -0.2560013 0.9600495 -0.1129966 -0.1912869 0.8055218 -0.5608422 0.2211752 0.9700863 0.1000708 0.168117 0.9757893 0.1398996 0.232596 0.9491201 0.2122972 0.3237501 0.8176457 0.4760688 0.341237 0.8364169 0.4289105 0.3731383 0.8313723 0.4118106 0.5103307 0.8020108 0.3103889 0.4562113 0.8324363 0.3145173 0.5095918 0.8351985 0.2067837 0.4044273 0.8984828 -0.1707847 0.4087742 0.8967069 -0.1697658 0.3452184 0.8686867 -0.3552576 0.8572382 0.3135069 0.4084805 0.978713 -0.01535588 0.2046583 0.7965046 -0.1743327 0.5789547 0.6584714 -0.4550299 0.5994691 0.7295457 -0.3799141 0.5687077 0.7006329 -0.6500126 0.294274 0.7460009 -0.5861393 0.3161069 0.8154253 -0.5721749 0.08773529 0.8555704 -0.3915419 0.3386653 0.8831476 -0.4077181 0.2319836 0.9889554 0.05691617 0.1368499 0.09907644 -0.02335071 0.9948058 0.001630365 -0.01285552 0.9999161 0.01144486 0.00120449 0.9999338 -0.03524911 1.69372e-4 0.9993786 -0.3671608 0.3049938 0.878733 -0.4031295 0.5069081 0.7619258 -0.5471583 0.775353 0.31535 -0.5613439 0.7969202 0.223185 -0.3528082 0.4984996 0.7918489 -0.4026566 0.57195 0.7146615 0.1163194 -0.08276438 0.9897575 -0.5099599 0.8105047 -0.2881371 -0.4153057 0.5896264 -0.6927207 -0.401637 0.5695135 -0.7171765 -0.4330689 0.3486068 -0.8312188 -0.4618788 0.5776771 -0.673021 -0.212575 0.1621159 -0.9636028 -0.3549256 0.06407552 -0.9326962 -0.4920549 0.2245743 -0.8410995 -0.6849957 0.1052743 -0.720901 -0.4113073 -0.02533572 -0.9111446 -0.4969611 0.1019521 -0.8617631 -0.7150789 -0.3267661 -0.6179694 -0.5634229 -0.7990228 -0.2100408 -0.5612673 -0.795705 -0.2276679 -0.4078114 -0.8680546 -0.2831451 -0.4678226 -0.8018946 -0.3716276 -0.499328 -0.7087239 -0.4983795 -0.3879681 -0.8478268 -0.3614838 -0.4551318 -0.6445496 -0.6143379 -0.3974647 -0.6914782 -0.6032245 -0.3870995 -0.6633552 -0.6404014 -0.3518396 -0.795836 0.4928022 -0.2387453 -0.5151978 -0.8231477 -0.3245695 -0.4546274 -0.8294388 -0.2662749 -0.3766546 -0.8872593 -0.3643885 -0.5177569 -0.774047 -0.3011193 -0.7128282 -0.633406 -0.592865 -0.6456229 -0.4813339 -0.801638 -0.5698303 -0.1807492 -0.1915952 0.07187128 -0.978839 -0.132658 0.0310896 -0.9906743 0.1603393 0.05378949 -0.9855953 0.4910023 -0.077587 -0.8676965 0.6160839 -0.2824667 -0.7352914 0.8608478 -0.0498026 -0.5064195 0.8908039 0.01706165 -0.4540677 0.3876644 0.6553245 -0.6482794 0.1858934 0.4708952 -0.8623812 0.1353472 0.4818083 -0.8657609 0.09648114 0.7426143 -0.6627332 0.1002264 0.6250767 -0.774102 -0.08207118 0.406443 -0.9099826 -0.1600576 0.3220108 -0.9331081 -0.02675259 0.243484 -0.9695359 0.3807538 0.3630715 -0.850415 0.2096751 0.1762459 -0.9617556 0.2404049 0.3403504 -0.9090474 0.1794745 0.3326057 -0.9258306 0.1725901 0.3345091 -0.9264536 0.05007797 0.135029 -0.9895755 0.01643472 -0.5469768 -0.8369866 -0.288116 -0.95595 -0.05611437 -0.2035541 -0.9687669 -0.1416206 -0.1649449 -0.9789122 0.1205161 0.07806897 -0.98495 0.1542039 -0.4035025 -0.9055966 0.1306926 -0.4788404 -0.87519 -0.06895214 -0.4839857 -0.874549 -0.03036105 0.250186 -0.518499 0.8176587 0.4166989 0.1251557 0.9003878 0.115038 0.02559864 0.9930313 -0.2080047 0.02937293 0.9776868 0.02497553 -6.85909e-4 0.9996878 0.5727242 -0.1444793 0.8069157 0.06248289 -0.002910494 0.9980419 0.1694908 -0.06516867 0.9833748 -0.007077753 -0.01445358 0.9998706 0.03873634 -0.1568818 0.9868574 0.04881858 -0.1873569 0.9810781 0.01516187 -0.03404539 0.9993053 -0.0419529 0.151021 0.98764 -0.03431171 0.2874724 0.9571742 -0.1676878 0.3671667 0.914915 -0.2783021 0.4806352 0.8315876 -0.3010064 0.4445236 0.8436788 -0.1824414 0.5569772 0.8102416 -0.00814265 0.6058308 0.7955519 -0.01017045 0.6563348 0.7544012 -0.2571085 0.8178106 0.5148603 0.02199357 0.8846652 0.465708 -0.07521438 0.778681 0.6228955 0.1447448 0.8635684 0.4830098 0.2385591 0.7736406 0.5870007 0.2821231 0.8470652 0.4504299 0.4546974 0.7076085 0.5408701 0.4675043 0.269055 0.8420507 0.07474839 0.4072515 0.9102521 0.02006435 0.3588355 0.9331852 -0.007102429 -0.01425939 0.9998731 0.004045546 0.0389617 0.9992326 -0.1885607 -0.2679942 0.9447878 -0.1753016 -0.2488256 0.9525519 -0.1379203 -0.2182126 0.9661062 0.009592473 -0.4639856 0.8857908 -0.1485197 -0.3543098 0.9232586 0.004797399 -0.01221561 0.9999139 -0.03444057 -0.04839509 0.9982343 0.06892478 0.09740936 0.9928549 0.0705797 0.09578216 0.9928969 -0.5757204 0.4832248 0.6595757 -0.7396348 0.3561902 0.5710244 -0.7629908 0.6322479 0.1345646 -0.7640746 0.6214956 0.173013 -0.8884277 0.4165379 0.1928536 -0.9944082 0.08874428 -0.057244 -0.9523673 -0.2624557 -0.1552855 -0.9087804 -0.3413029 0.2400637 -0.9483278 -0.259841 0.1820908 -0.938525 -0.02259451 0.3444711 -0.9776193 -0.1233412 -0.1704335 -0.8871179 -0.3256028 0.3271157 -0.9612201 0.2657636 -0.07366055 -0.8958026 0.2077523 0.3929082 -0.8499948 0.0721569 0.521826 -0.9646371 0.2106003 0.1585025 -0.8867903 0.4102457 0.2128415 -0.9957649 0.03995048 0.08280217 -0.9094259 -0.05061787 0.4127741 -0.8692493 -0.1661303 0.4656249 -0.7474451 -0.3531023 0.562712 -0.87455 -0.4783694 0.07953149 -0.7497947 -0.6080188 -0.2610004 -0.7968336 -0.2098113 -0.5666 -0.7600459 0.5665311 -0.3183909 -0.5765644 0.8168767 -0.01691442 -0.5555148 0.7886684 -0.2634491 0.8660126 0.5000224 0 0.8660214 -0.5000069 0 0.866014 0.5000199 0 -1.69223e-6 0 1 -2.16265e-6 0 1 -1.67961e-6 0 1 -0.9571826 -0.2894846 5.97612e-4 -0.9518391 -0.3065983 1.94465e-4 0 0 -1 -0.6820278 -0.7313262 -3.89964e-4 4.38429e-6 0 1 -1.63879e-7 0 -1 -0.6319365 -0.77502 7.42777e-4 -0.3251148 -0.9456744 -7.76754e-4 0 0 -1 -0.184785 -0.9827783 0.001142144 -0.8659986 0.5000465 0 8.08107e-6 0 1 -4.20673e-6 0 1 -0.865998 0.5000478 0 1.67218e-6 0 1 0.6174936 -0.7865753 -0.001062273 0 0 -1 0.3391934 -0.9407157 0.001322984 0.1568488 -0.9876217 -0.001306951 2.87339e-7 1.23968e-7 -1 0.7527823 -0.6582688 0.001002669 0 0 -1 0.8868899 -0.46198 -9.54583e-4 0.9777612 -0.2097163 0.001463115 0.9998964 -0.01432728 -0.00140351 -1.91791e-6 0 1 0.9090154 0.4167613 0.001044809 2.37091e-6 0 1 0.8829635 0.4694417 -1.12787e-4 0.543848 0.8391839 -1.67007e-4 0.5371577 0.8434818 1.57496e-5 0 0 -1 0 0 -1 0 0 -1 0.02624344 0.9996556 5.149e-4 -0.01894986 0.9998204 -3.78864e-4 -0.4362949 0.8998038 1.10576e-5 -0.4858227 0.8740569 0.001058578 0 0 -1 -0.8087871 0.5880999 -0.001433014 0 0 -1 -0.9301906 0.3670718 0.001917719 -0.9816298 0.1907941 -8.81393e-4 2.33574e-6 0 1 -1.07526e-6 0 1 0.8660242 -0.5000022 0 -1.65363e-6 0 1 -0.8660075 -0.5000311 0 1.66663e-6 0 1 -0.8660068 -0.5000324 0 0 0 -1 -9.01539e-6 0 1 -0.9780332 0.2084425 0.001691997 0 0 -1 -0.998727 -0.05041635 -0.001627445 -0.9396843 -0.3420394 0.001607 0 0 -1 0 0 -1 -1.68802e-6 0 1 -0.7849249 -0.6195896 -0.001244068 -1.84875e-6 0 1 -0.7073055 -0.7069079 4.13118e-4 0 0 -1 -0.3632107 -0.931707 -3.43299e-4 -0.3636507 -0.9315353 -3.52845e-4 6.55897e-6 0 1 1.68019e-6 0 1 -0.8660368 0.4999803 0 1.76575e-7 1.19752e-7 -1 0 0 -1 0.8958899 -0.4442758 6.10995e-4 0 0 -1 0.9124797 -0.409122 -1.11508e-4 -2.29399e-6 0 1 0.9973168 0.07320624 1.84071e-4 0 0 -1 0.9981288 0.06114625 4.51629e-4 0 0 -1 0.8602296 0.5099061 -9.32448e-4 -0.8660366 -0.4999806 0 -4.15668e-7 0 1 -2.51786e-6 0 1 0.5147224 0.857356 -0.001244127 0.7812132 0.6242631 0.001297771 0 0 -1 0 0 -1 0.3468993 0.9379012 0.001481771 0 0 -1 -0.01118713 0.9999365 -0.00139445 1.24063e-6 0 1 0 0 -1 -0.2156237 0.9764759 0.001188695 -0.4729197 0.8811047 -0.001239895 -0.6676177 0.7445022 0.001755118 0 0 -1 0 0 -1 -0.8811721 0.4727921 -0.001845717 -2.04225e-6 0 1 0.8660366 -0.4999806 0 0.8660359 -0.4999818 0 0.1017162 -0.9948133 7.4756e-4 0.6317443 -0.7751762 -0.001000881 0.2127888 -0.9770978 -0.001003444 0.515644 -0.8568025 0.001012444 -1.97485e-7 0 -1 0.8660368 0.4999803 0 0.8660361 0.4999815 0 8.12342e-7 0 1 0.8660447 0.4999668 0 0.866036 -0.4999818 0 0.8660454 0.4999656 0 -8.33917e-7 0 1 -2.19196e-6 0 1 0 0 -1 -0.9956298 0.0933879 3.22664e-4 -0.9996384 0.02687501 -8.52216e-4 -0.9333403 -0.358992 9.09061e-4 0 0 -1 -0.8880305 -0.4597836 -0.001002967 0 0 -1 -0.5718577 -0.8203525 8.12919e-4 0 0 -1 -0.5002406 -0.8658862 -8.02765e-4 -0.08637034 -0.9962627 9.81478e-4 0 0 -1 -0.8660453 0.4999655 0 0 0 -1 0 0 -1 0 0 -1 0.02024912 -0.9997946 -9.04143e-4 -5.48611e-6 0 1 0.4427636 -0.8966383 4.22775e-4 0.5256499 -0.8507004 -0.001075148 0.7663272 -0.6424489 0.001484155 1.68439e-6 0 1 0.931348 -0.3641257 -0.001879215 -1.63324e-6 0 1 0.9903272 -0.1387405 0.001785755 0 0 -1 0.9730175 0.2307243 -0.001790583 0.8939849 0.4480951 0.00136435 -1.27124e-6 0 1 0 0 -1 -2.93301e-7 1.26806e-7 -1 0 0 -1 0 0 -1 0 0 -1 -0.8660366 -0.4999806 0 0.1538746 0.9880903 5.68017e-4 0 0 -1 -0.2393239 0.9709395 8.05279e-4 3.14272e-6 0 1 -0.3791527 0.9253329 -0.001545608 0 0 -1 -0.6247479 0.7808261 9.31463e-4 -0.8129122 0.5823854 -0.00111711 -0.8648936 0.5019552 3.81087e-4 3.4634e-7 1.35741e-7 -1 0 0 -1 0.2551469 0.9669014 -0.001347839 0.601166 0.7991238 8.81105e-4 0.7094219 0.7047833 -0.001009583 3.91238e-6 0 1 -0.8660454 0.4999656 0 0 0 -1 3.29636e-6 0 1 0.1631201 -0.9850119 -0.05606704 -0.203716 -0.9781775 0.04084962 -0.004058599 -0.9988852 0.04703217 0 8.86614e-7 1 0.06598043 0.9972666 0.03325676 6.88482e-6 -1.6791e-6 1 -7.61019e-6 0 -1 -3.26872e-6 -1.05863e-6 1 0.1832247 0.9830642 0.003658354 0.1886533 0.9819748 0.01163113 -0.1228961 -0.9907534 0.05748414 -0.05693447 -0.9983686 0.004310786 1.57531e-5 -8.41306e-7 1 -0.06086254 -0.993444 -0.09677249 8.41256e-7 1.21788e-6 1 0 1.22342e-6 1 -0.2755213 -0.9580617 -0.0787779 0.433293 -0.7850995 -0.4425787 -0.06606394 -0.8091353 -0.5838971 -0.3679667 -0.7059892 -0.6051279 -0.3705204 -0.583716 -0.722489 -0.528931 -0.5241611 -0.6674482 -0.5059778 -0.6377411 -0.580752 -0.220551 -0.8530283 -0.4729694 -0.3979051 -0.7737694 -0.4929022 0.9368606 0.341524 -0.07519024 2.21337e-6 4.15139e-7 1 0.9075827 0.4197926 0.008255541 0.641725 0.2969989 -0.7070932 0.6776875 0.4149302 -0.6071018 4.24806e-4 -8.72299e-5 -1 1.12759e-4 6.00021e-5 -1 3.55877e-6 2.52048e-6 -1 -0.918191 -0.3928471 -0.05095618 0 4.5651e-7 -1 0.9278963 0.3701172 -0.04496657 0.9288018 0.3671023 -0.0506258 1.15233e-6 5.1827e-6 -1 -0.9864577 -0.1615822 -0.02814823 0.9924483 0.1192144 0.02888804 -3.2402e-6 -2.95326e-7 -1 -0.9949088 -0.09648227 -0.02911698 1.3787e-4 1.15086e-5 -1 -0.9091905 -0.2913118 -0.2975066 -0.09113496 -0.1513919 -0.9842636 -0.02861881 -0.1060982 -0.9939438 -0.1304873 -0.1206263 -0.9840846 -0.4627009 -0.4025894 -0.789829 -0.1052842 -0.01304441 -0.9943567 -0.4302929 0.1191545 -0.8947907 -0.7865383 0.3853011 -0.4825978 -0.7992765 0.4643472 -0.3814957 -0.6853098 0.5516932 -0.4753788 -0.6462873 0.4684075 -0.6024178 -0.5265039 0.2668572 -0.8072057 -0.1304384 0.06451934 -0.989355 -0.08670836 0.05278688 -0.9948343 -0.1503275 0.04701113 -0.987518 -0.1324471 0.02852976 -0.9907794 -0.1764439 0.01985526 -0.9841104 -0.3221126 0.02665275 -0.9463262 -0.08388119 0.0878688 -0.9925941 -0.5344562 0.5883479 -0.6067976 -0.06175833 0.3057821 -0.9500966 -0.08622682 0.9276385 -0.3633893 0.1572804 0.8767509 -0.4545006 -0.2893916 0.685442 -0.6681481 -0.1290411 0.7708241 -0.6238418 -0.1924694 0.838219 -0.5102397 0.002186 0.7715879 -0.6361191 0.293252 0.5584424 -0.7759803 0.2984137 0.5762219 -0.7608664 0.4673406 0.7541778 -0.4613118 0.2305091 0.5109969 -0.8280989 0.1797031 0.9019594 -0.3926525 0.6643732 0.7023722 -0.2555025 0.3620871 0.9240651 -0.1224606 0.3410633 0.918783 -0.1987804 -0.4739748 0.562944 -0.6770836 -0.5190514 0.7980188 -0.3061894 -0.3042976 0.947077 -0.1022167 -0.4125012 0.9044011 0.1090937 -0.5328957 0.8453188 0.03818827 -0.1450908 0.8138257 0.5627046 -0.1090659 0.8938751 0.4348471 -0.3059682 0.8749729 0.375241 -0.6273736 0.7751541 0.07442176 -0.4901747 0.8487709 0.1982847 -0.674133 0.7098975 -0.2039371 -0.8207396 0.5596778 0.1146614 -0.4016567 0.7054696 0.5839389 -0.5278946 0.6079285 0.5930854 -0.5248359 0.6069273 0.5968137 -0.2739189 0.4374397 0.8565133 -0.2494969 0.8161168 0.5212531 -0.2591983 0.6385221 0.7246419 -0.1909982 0.5519086 0.8117368 -0.06712383 0.6219184 0.7802 -0.01011276 0.1564171 0.9876393 -0.06064498 0.1534366 0.9862959 -0.09086483 0.1022747 0.9905976 -0.1065532 0.1146811 0.9876713 -0.4052054 0.4835962 0.7758501 -0.5224769 0.5564686 0.6460347 -0.3736282 0.08782857 0.9234111 -0.4259178 0.2581574 0.8671498 -0.7074275 0.26091 0.6568657 -0.9477635 0.3189425 0.004500031 -0.9274821 0.3548151 -0.1178273 -2.88625e-7 -4.99247e-6 -1 0.9205906 -0.3888133 -0.03656733 1.26004e-6 2.23425e-6 -1 4.06456e-4 -1.47938e-4 -1 -0.9376053 0.3462562 -0.03167062 -0.9739568 0.2267307 0.001259863 -0.9749604 0.2039877 0.0885511 -0.9963408 0.06803166 -0.05173844 -0.997632 0.06105709 -0.03166311 -0.8324542 0.09099125 0.5465718 -0.9285585 0.1992226 0.3131924 -0.867045 0.2773433 0.4139008 -0.8371919 0.09261268 0.5390107 -0.8488114 -0.5286806 -0.004000842 0.835022 0.5493618 0.03065741 2.0489e-6 4.84945e-6 -1 -0.8012614 -0.5946315 -0.06628435 -0.8385581 -0.5429307 0.04524201 0.7632705 0.6429013 -0.06400179 0.7067019 0.7055532 0.05260384 -3.13891e-6 -7.60511e-7 1 1.56739e-6 2.08255e-6 1 -0.6823489 -0.7309219 0.01238292 -0.7161297 -0.6960589 -0.05157768 3.60703e-6 -1.51257e-6 1 0.861717 0.5007508 0.0818082 0.7787902 0.6272345 -0.007922649 -3.79331e-6 2.38604e-6 1 -0.7966833 -0.6042205 -0.01460742 -0.8196759 -0.5682817 -0.07202309 -0.7933456 -0.6086301 0.01312941 0 -3.75907e-7 1 0.777095 0.6273607 -0.05041879 1.30308e-6 1.73137e-6 1 -0.8317297 -0.5538524 0.03838479 -2.66132e-7 2.38861e-6 1 -0.9011816 -0.4238182 0.09082877 -0.8874099 -0.4607387 -0.01495641 -0.6182616 -0.7824387 -0.0744462 0 1.00323e-6 1 -0.5302678 -0.8472918 0.03020989 -0.526378 -0.8492527 0.04118567 0 -2.51231e-6 1 -8.41748e-6 2.73717e-6 1 0.4652938 0.8831562 -0.0594716 0 -8.94949e-7 1 0.5824724 0.8128179 -0.007274091 0.5514071 0.8337243 0.02922582 0.6218074 0.7831268 0.008258461 0.4011449 0.5050897 -0.7641775 2.62019e-4 3.38253e-4 -1 -0.6164939 -0.7870724 -0.02127337 -0.6116662 -0.7908946 -0.01871639 -0.3865579 -0.9207718 -0.05246412 -4.16756e-6 3.01885e-6 -1 0.4034371 0.9138002 -0.04698652 0.3360685 0.9415543 0.02309739 2.21677e-6 3.4903e-6 -1 0.06062108 -0.9052834 0.4204607 -0.04192113 -0.8792166 0.4745746 0.2248229 -0.8555406 0.4663742 -0.2041726 -0.5996533 0.7737763 -0.2240921 -0.6210424 0.7510587 -0.03161066 -0.5334879 0.8452169 -0.05474311 -0.2330399 0.9709251 0.1508148 -0.368259 0.9174095 0.4623889 -0.5134801 0.7228657 0.4749695 -0.7433711 0.47096 0.0286616 -0.4246078 0.9049237 0.1092728 -0.7371995 0.6667807 0.3648414 -0.7674188 0.5272184 0.3525626 -0.9009296 0.2530327 0.282288 -0.9585077 0.03970748 0 -1.85888e-6 1 0.2443908 -0.9696703 0.003576457 -0.279835 0.9588519 0.04791265 0 -9.24812e-7 1 -1.1837e-5 -8.38559e-7 1 0.2112728 -0.9762554 0.04784852 -1.68403e-5 8.65674e-5 -1 0.2042113 -0.9783895 -0.03243339 0.0788784 0.9964969 0.0277881 0.08863788 -0.9960631 0.001306295 -1.55436e-6 0 -1 0 -1.05824e-6 -1 -0.08039104 0.9953107 -0.05379629 0.083911 -0.9915847 0.09858453 -0.3448179 -0.9375731 0.04535931 -0.2162686 -0.9709207 0.1026695 0.1506388 0.9871641 -0.05305796 -0.1863981 -0.9820352 -0.02937024 1.71956e-5 8.17556e-5 -1 0.08086699 0.6917979 -0.7175487 0.1164164 0.9931513 0.00989288 0 2.35651e-6 1 -0.36233 -0.9320403 -0.004245221 0.3688721 0.9288868 0.03321117 0 -9.92947e-7 1 0.2829782 0.9590742 -0.01000893 0.4074493 0.9131814 -0.009219229 -0.4459776 -0.8940077 -0.04306226 0.5134897 0.8579468 0.01599562 -1.96918e-6 0 -1 -0.4907909 -0.866431 0.09177035 8.26082e-7 0 -1 0.5898807 0.8059502 -0.04985243 -9.2117e-6 0 -1 0.6870451 0.7264662 0.01469361 -0.5474391 -0.8348156 0.05825293 0 2.25697e-6 1 8.31735e-6 -1.78133e-6 -1 -0.5975331 -0.801138 -0.0336498 -0.6136211 -0.7895125 0.01180821 1.66572e-6 3.50309e-6 -1 0.6950444 0.718517 0.02543115 -8.84442e-7 -9.37263e-7 1 -0.4003342 -0.9144973 -0.05854475 0 -1.12879e-6 1 -0.2669082 -0.9637183 -0.002649426 0.1627946 0.7548798 -0.6353381 -2.82354e-4 4.55961e-4 -1 8.57969e-6 1.65655e-6 -1 -0.09224152 -0.99085 -0.09852808 -3.76911e-7 -2.50718e-6 -1 -0.07484656 -0.9960603 -0.04756051 -0.1898048 0.9807081 0.04675251 0 -2.44394e-6 -1 -3.1019e-6 -7.72533e-7 -1 0.1957045 -0.9796617 -0.04430598 0.2172777 -0.9761096 7.12263e-4 0.3700516 -0.9285089 0.03054755 0.3884031 -0.9212618 -0.02048802 -0.3655381 0.9307011 -0.01331871 0 -1.02439e-6 -1 -0.3171485 0.9460355 -0.06658762 -0.04593598 0.9989441 -7.81977e-4 -1.14339e-6 0 1 -0.05341434 0.9985119 0.01100331 5.82743e-6 0 -1 -0.324732 0.9455698 -0.02114123 0.6160639 -0.786216 -0.04826921 -0.4875783 0.8730648 0.005039155 0 1.38393e-6 -1 -0.4909949 0.8706509 0.02985441 1.7255e-4 2.45165e-4 -1 -0.3485547 0.6771762 -0.6480294 1.10095e-6 -1.92577e-7 1 0.4524899 -0.890716 0.04333525 0.4770392 -0.8785313 -0.02482801 -3.194e-6 1.02474e-6 1 -0.5497968 0.8351798 0.01408582 2.09131e-6 1.5465e-6 1 -0.5707625 0.8191145 0.05728679 0.5549562 -0.8312606 0.03208726 0.5706301 -0.8211433 -0.01024544 -0.8008702 0.5936657 0.07853722 0 -1.89771e-6 1 0.7339468 -0.6702064 -0.1102066 0.8270269 -0.5556811 0.08511906 2.05231e-6 -2.64673e-6 1 0.879958 -0.4749496 0.009848356 0 2.6995e-6 -1 -0.8843674 0.4647896 -0.04318624 1.15583e-6 1.03493e-6 -1 -7.85523e-6 -1.27431e-6 -1 0.8818225 -0.4691858 -0.04747539 0 2.36708e-6 -1 -0.8782674 0.4778922 -0.01630109 0.8490266 -0.5269654 0.03822696 0.9025564 -0.2965498 0.3121702 0.8473742 -0.3752934 0.3756486 0.8902462 -0.4553422 -0.01120072 -5.42638e-7 -2.00713e-6 -1 -0.9880682 0.1468945 -0.04629611 0.9949201 -0.100667 -3.25988e-4 -0.9997965 0.01943403 0.005418956 -1.42831e-5 0 -1 0.9950285 0.02325415 -0.09683871 0.9996653 -0.01011139 -0.02381432 -1.07621e-4 -1.40448e-6 -1 0.9975774 0.04858672 -0.04978764 -4.42209e-6 4.86743e-6 -1 -2.05814e-6 0 -1 -0.9979823 -0.06011694 0.02043008 0.9553315 0.2952463 -0.01309591 0.9572938 0.2889277 0.01045972 -0.9898795 -0.134691 -0.04468786 -0.6431388 -0.06677109 -0.7628331 -0.9859004 -0.1673308 -9.28653e-4 0.9781559 0.1993066 -0.05905997 -0.9878947 -0.1422843 -0.06180006 -1.88768e-6 0 1 0.9879465 0.1289935 0.08557188 0 3.06424e-6 1 2.00495e-6 0 1 -0.954451 -0.2821444 0.09704601 0.9467529 0.3208569 -0.02664142 3.98673e-6 -8.46457e-7 1 -0.8859894 -0.46289 0.02749049 -1.52122e-6 0 -1 0.8613336 0.4862838 0.1470797 0.5011087 0.2432791 0.8304851 0.3065322 0.06053161 0.9499337 0.8634091 0.2650077 0.4292967 0.8783778 0.1268344 0.4608314 0.8003354 -0.1538842 0.579468 0.771344 -0.1874374 0.6081905 0.1341696 -0.3439108 0.9293676 0.4423426 -0.6433505 0.6248466 0.7047765 -0.5107629 0.492353 0.7114956 -0.6001533 0.3654997 -0.5448092 0.3669072 -0.7540306 -0.8317353 0.5551541 0.004543185 0.7483018 -0.6631487 0.01668316 0 -1.09304e-6 -1 -0.730483 0.6827293 0.0165978 -2.31382e-6 -2.49928e-6 -1 -2.52214e-6 -7.77499e-7 -1 -0.6959833 0.7160966 -0.05303752 0.6638207 -0.7454542 0.06033343 0.7350815 -0.6774258 -0.02737957 0.7632241 -0.645249 -0.03380465 -2.36135e-4 1.9747e-4 -1 0.6053919 -0.309707 0.7332 0.6016036 -0.4075188 0.6870238 0.4640519 -0.5181314 0.7184677 0.1257035 -0.1178919 0.9850382 0.04137486 -0.0979864 0.9943273 0.05463719 -0.1429239 0.9882245 0.01915144 -0.1668961 0.9857885 0.1335624 -0.3886643 0.9116476 0.2216389 -0.4061118 0.886538 0.272954 -0.593433 0.7571879 0.5450758 -0.2103747 0.8115633 0.9433539 -0.3180595 0.09445452 0.8283455 -0.4310552 0.35782 0.80372 -0.5353561 0.2596693 0.3862754 -0.4124003 0.825056 0.4596478 -0.2851774 0.8410694 0.3785006 -0.3967695 0.8362483 0.01847237 -0.7867625 0.6169794 0.242271 -0.923657 0.2969219 0.5966939 -0.7997221 -0.06633985 0.6064006 -0.7813053 -0.1477856 0.8133801 -0.3522617 -0.4629521 0.851837 -0.5228113 -0.03228259 0.665107 -0.6140213 0.424983 0.6026753 -0.7524572 0.2656893 0.7598448 -0.6221423 -0.1886131 0.727156 -0.6858426 -0.02939724 0.7853865 -0.5073648 -0.3546114 0.7022189 -0.3924027 -0.5940614 0.2736729 -0.7554531 0.59531 0.6642197 -0.6254982 0.4093462 0.4584115 -0.7463474 0.4825189 0.4531816 -0.6787943 0.5778102 0.8564523 -0.509968 -0.08013927 0.8928807 -0.3824673 -0.2376617 0.9251905 -0.2645278 -0.272117 0.966174 -0.1745156 0.1898747 0.9184822 -0.2545373 -0.3026572 0.9952046 -0.04802626 -0.08521437 0.8843373 0.4650842 0.04054814 0.7667096 0.5314341 -0.3601863 0.7998217 0.5875006 -0.1229974 0.9246863 0.3023297 -0.231413 0.9418123 0.1509358 0.3003466 0.9438761 -0.1156762 0.3093819 0.890449 -0.2255192 0.3952742 0.5133306 -0.1141831 0.8505609 0.6077062 -0.2024167 0.7679328 0.2688279 0.2082842 0.9403986 0.4913029 0.2706874 0.8278586 0.1098026 0.06149697 0.9920492 0.1396901 0.1160978 0.9833657 0.3089945 0.3873132 0.8686259 0.1528428 0.03341352 0.9876855 0 -6.72147e-7 -1 -0.622778 -0.778096 -0.08194124 -0.4763688 -0.4132032 -0.776103 -0.9039118 -0.4238057 -0.05772459 0.938727 0.3445697 0.007957816 -1.17424e-6 4.76925e-6 1 -2.35836e-6 1.93506e-6 -1 -0.8402113 -0.537583 -0.07106041 0 1.84907e-6 -1 0.8671032 0.498073 -0.007444441 0.8726128 0.4842021 -0.06399416 0.7262961 0.5211707 0.4481911 0.6502435 0.4789031 0.5897756 0.8237074 0.5670042 0.003517389 1.2819e-6 6.02239e-7 -1 0.7755689 0.6238477 0.09647411 0.920041 0.3898868 -0.03889578 0.4495715 0.4035454 -0.7968919 0.4542416 0.4808579 -0.7499602 0.5369121 0.3441751 -0.7702396 0.102628 0.1083686 -0.9887992 0.1696209 0.08030903 -0.9822317 0.1496923 0.1224817 -0.981117 0.1316722 0.07665771 -0.9883249 0.1720131 0.01430767 -0.9849908 0.5891041 0.07439333 -0.8046254 0.8353891 -0.07933568 -0.5439034 0.8961985 -0.1070952 -0.4305333 0.7374726 -0.2661268 -0.620734 0.6916539 -0.1426028 -0.7080109 0.1283823 -0.03189516 -0.9912118 0.5158593 -0.1404412 -0.8450832 0.4182083 -0.2777945 -0.8648307 0.4516729 -0.3310598 -0.8284872 0.09523475 -0.06628811 -0.9932454 0.1078079 -0.1173986 -0.9872158 0.1146996 -0.5936074 -0.7965391 0.1736273 -0.3543758 -0.9188425 0.691331 -0.204482 -0.6929998 0.7333133 -0.2654986 -0.625909 0.7458099 -0.04800146 -0.6644272 0.7846306 0.01814371 -0.6196981 0.7380763 0.2003219 -0.6442939 0.731915 0.2129934 -0.6472513 0.8672388 0.03586512 -0.4965992 0.991919 -0.1125807 0.05849981 0.9799314 -0.1793824 -0.08692818 0.9905771 -0.1320988 -0.03615349 -7.83816e-6 -7.75109e-6 1 -0.9989412 0.04583293 -0.003994464 -0.7800994 0.2714331 -0.5637101 -1.73587e-4 -1.812e-4 -1 0.9467828 -0.3205251 -0.02942848 0.940358 -0.3354139 0.05678528 0.9498725 -0.312525 -0.008385837 0.6523903 -0.7567083 0.04218506 1.10672e-6 2.21444e-6 1 -0.6287361 0.7776181 -0.001032054 1.93414e-6 5.88784e-6 1 0.6470975 -0.762041 0.02363413 0 -1.4217e-6 1 -0.6649845 0.7466235 -0.01867866 -8.35466e-6 0 -1 -1.62918e-4 2.4812e-4 -1 0.5537642 -0.8326689 -0.002826213 0.5389482 -0.8423256 0.004757106 3.07329e-6 -8.81868e-7 -1 0 -9.13186e-7 -1 -0.5072457 0.8617984 0.002345681 2.57121e-6 1.38865e-6 -1 -0.3562622 0.6371926 -0.6834201 0.624766 -0.7808045 -0.003427028 4.94876e-6 1.49465e-6 1 -0.7384355 0.6737548 -0.02770406 -3.34419e-6 -8.24871e-7 1 0.495271 -0.4621288 -0.7356247 0.5390564 -0.368938 -0.7571679 0.2801937 -0.1581345 -0.946829 0.4201938 -0.4317201 -0.7981573 0.263217 -0.7174965 -0.6449152 0.2558481 -0.7404581 -0.6215011 0.1352906 -0.8937204 -0.4277389 0.4285508 -0.6697191 -0.6064822 0.4808017 -0.6569736 -0.5807026 0.1436176 -0.6835874 -0.7155993 -0.03143495 -0.4971475 -0.8670964 -0.01508057 -0.1916062 -0.981356 0.01577931 -0.1140863 -0.9933456 0.2322927 -0.5334601 -0.8133022 0.07770401 -0.1577721 -0.9844136 0.05608928 -0.1319804 -0.9896643 0.03746843 -0.155952 -0.9870538 0.09304785 -0.1085138 -0.9897308 0.3794712 -0.4597806 -0.8028721 0.2596668 -0.3835154 -0.8862782 0.6808515 -0.5759799 -0.4524252 0.4089758 -0.3186856 -0.8550897 0.5172474 -0.7295075 -0.4475199 0.3610936 -0.9028142 -0.2335338 0.09145438 -0.9225123 -0.3749764 0.1225773 -0.9863092 -0.1103132 0.1566757 -0.96204 -0.2234545 -0.4017106 -0.8890453 -0.219607 -0.5632329 -0.7734397 -0.2907919 -0.5440155 -0.8383017 -0.03602313 -0.4296107 -0.8786551 0.2083263 -0.5317739 -0.841392 -0.09631139 -0.2209665 -0.8191645 0.5292857 -0.2187471 -0.8244657 0.5219253 -0.2308751 -0.5601491 0.7955688 0.09984219 -0.6957195 0.711341 -0.04592335 -0.08047044 0.9956986 -0.215053 -0.3524199 0.9107978 -0.5590644 -0.3506674 0.7513184 -0.5411055 -0.3451371 0.7668673 -0.7514617 -0.589092 0.297113 -0.4081795 -0.5500212 0.7286056 -0.388593 -0.3577463 0.8491249 -0.2364807 -0.6034698 0.7615124 -0.5621792 -0.5933294 0.5761206 -0.5090322 -0.7586335 0.4066469 -0.6154112 -0.1378357 0.7760609 -0.5804625 -0.03412896 0.8135715 -0.6229947 0.1499819 0.767713 -0.6199411 0.1483421 0.7704983 -0.1927672 -9.94131e-4 0.981244 -0.4295276 -0.1063132 0.896774 -0.1397261 -0.04670417 0.9890882 -0.1371688 -0.07738089 0.9875206 -0.2233753 -0.2351267 0.9459487 -0.7755197 -0.0268917 0.6307505 -0.6925404 -0.05224704 0.7194846 -0.6258269 -0.1831654 0.7581499 -0.6270235 -0.2884209 0.7236402 -0.5599864 -0.4609981 0.6884011 -0.6080465 -0.5606126 0.5621327 -0.7466938 -0.1338319 0.6515654 -0.7610333 -0.4623011 0.4550892 -0.7334252 -0.3678889 0.5716164 -0.6768637 -0.1810696 0.7134909 -0.2430477 -0.1797857 0.9532077 -0.2396633 -0.1451513 0.9599441 -0.3294892 -0.6051551 0.7247235 -0.3000147 -0.4399027 0.8464496 -0.5322043 -0.6049796 0.5922485 -0.1656384 -0.00737828 0.986159 -0.177742 0.04252761 0.9831578 -0.1652856 0.0366345 0.9855652 -0.6241754 0.1478661 0.7671642 -0.5465946 0.308921 0.7783331 -0.5305549 0.2906252 0.7962716 -0.1368546 0.08453869 0.9869772 -0.1433347 0.08668649 0.9858706 -0.334496 0.266576 0.903908 -0.5526648 0.5170914 0.6535887 -0.7116698 0.5157572 0.4769912 -0.9022257 0.430827 -0.01941758 -0.9024782 0.430169 -0.0220887 -0.926285 0.3765031 0.01555055 -0.9735114 0.1333007 -0.1857594 -0.9547432 -0.07118177 -0.2887881 -0.6039803 -0.06109744 -0.7946541 -0.4751092 -0.09198206 -0.8751062 -0.5664706 0.08099555 -0.820092 -0.6985614 0.05272811 -0.7136048 -0.6064217 0.1035656 -0.7883699 -0.1535058 -0.05178779 -0.9867898 -0.3580361 -0.1495633 -0.9216512 -0.1127089 -0.09682869 -0.9888989 -0.4438222 -0.1873174 -0.8763185 -0.9668378 -0.07791823 -0.2432149 -0.9406547 0.01362591 -0.3390915 -0.9609587 0.1613258 -0.2247943 -0.9886247 -0.1418038 0.05012881 -0.7989512 -0.5960487 -0.08001959 -0.5687938 -0.7754712 -0.274077 -0.4194188 -0.633072 -0.6506211 -0.3061183 -0.872507 -0.3808192 -0.2007147 -0.8494415 -0.4880192 -0.1740982 -0.4611487 -0.8700756 0.1041954 -0.6073726 -0.7875544 -0.03166323 -0.7284971 -0.6843168 0.2537122 -0.5631178 -0.786466 0.4718205 -0.6241725 -0.6227312 0.3772613 -0.905056 -0.1963356 0.2672277 -0.6780388 -0.6847282 0.07483005 -0.6994476 -0.7107557 -0.1645355 -0.6628167 -0.7304808 -0.2104572 -0.4168502 -0.8842757 -0.4937179 -0.4113584 -0.7661769 -0.5562768 -0.2080369 -0.8045352 -0.8039615 -0.1479157 -0.575992 -0.9686076 -0.1751822 0.176382 -0.9545253 -0.2940488 -0.04916232 -0.8949105 -0.4462047 -0.00605005 -0.8952726 -0.4445565 0.02927088 -0.4953516 -0.6047174 -0.6236534 -0.5794149 -0.5896031 -0.5627136 -0.6746778 -0.5119478 -0.5317136 -0.6094033 -0.4217292 -0.6713957 -0.3770281 -0.2425064 -0.8938907 -0.8528582 -0.3088565 -0.4209997 -0.9047133 -0.4221118 0.05757921 -0.9127219 -0.2113959 -0.3496435 -0.2946899 -0.3925531 -0.8712406 -0.08211815 -0.1222113 -0.9891012 -0.3527469 -0.5190599 -0.7785541 -0.05342489 -0.4868057 -0.871875 -0.07872903 -0.1761105 -0.9812171 -0.187252 -0.8694176 -0.4572196 -0.6831106 -0.7209817 -0.1163847 -0.8218315 -0.5695522 0.01426416 -0.8638545 0.06071567 0.5000691 -0.847 -0.08556526 0.5246616 -0.9177811 0.2204186 0.3302934 -0.9344392 0.1168397 0.3364104 -0.7976714 0.2666001 0.5409664 -0.9333412 0.02304476 0.3582502 -0.9589779 0.05517429 0.2780597 -0.7024605 -0.7099234 -0.05057746 -0.7315661 0.349901 0.5851327 -0.7693753 0.3902198 0.505757 -0.3379797 0.38174 0.8602583 -0.4028553 0.5033686 0.7644135 -0.1118838 -0.147636 0.9826931 -0.09711652 -0.09361875 0.9908602 -0.2250573 -0.1061061 0.9685509 -0.8450682 -0.293666 0.4467887 -0.7630482 -0.3290331 0.5563225 -0.7271111 -0.4930672 0.4776969 -0.8327482 -0.2758508 0.4800384 -0.66617 -0.2301852 0.7093888 -0.175658 -0.04407799 0.983464 -0.6321535 -0.6140072 0.4726278 -0.6302228 -0.6067543 0.4844261 -0.3538895 -0.797339 0.4888893 -0.05149435 -0.2189708 0.9743717 0.001931965 -0.09533727 0.9954432 0.07039928 -0.3457132 0.9356957 -0.04609245 -0.6482548 0.7600272 -0.01805889 -0.5333343 0.8457117 0.2414112 -0.9244608 0.295115 -0.04219007 -0.8406081 0.5399981 -0.1154605 -0.4850412 0.8668357 -0.03765147 -0.8481726 0.5283804 -0.06253862 -0.9977987 0.02206206 0.01026332 -0.9797254 0.200082 0.4674196 -0.8836535 0.02598947 0.1484484 -0.9866623 -0.06678718 -0.1139782 -0.9770457 -0.1799748 -0.302802 -0.9487485 -0.09048396 -0.2378956 -0.9561993 0.1705544 -0.1102207 -0.977357 0.1806229 -0.3802603 -0.8380293 0.3912917 -0.3955525 -0.714009 0.5776933 0.6348761 -0.572717 -0.5185823 -0.198029 -0.5276544 -0.8260542 -0.195831 -0.541446 -0.8176102 -0.0340746 -0.4088575 -0.9119619 0.7288308 -0.4429718 -0.5220936 0.8175035 -0.3269309 -0.4741353 0.9107564 -0.1613783 -0.3801054 0.8354833 -0.4109836 -0.3647741 0.3897812 -0.07766658 -0.9176266 0 2.97684e-6 1 -0.8779695 0.4757482 -0.05322796 0.8908288 -0.446783 -0.0825175 -0.8946552 0.4465408 -0.01390224 5.7095e-6 0 -1 -7.18645e-6 -5.46917e-6 1 0.8830708 -0.4673579 0.04198229 0.8624895 -0.5060414 0.005844295 2.32904e-6 0 1 -0.9503514 0.3006533 0.08024913 -2.39427e-6 2.33764e-6 1 -2.68404e-4 9.33489e-5 -1 0.9500109 -0.2981562 0.09264105 -6.03808e-6 2.7158e-6 -1 -1.35588e-6 -1.39395e-6 -1 -0.9836222 0.1800712 0.007859826 0.9761695 -0.2009778 -0.08186042 0.9882919 -0.1469497 0.04104882 0 -6.31028e-6 1 -0.9810774 0.1862909 -0.0527541 0 -1.67714e-6 1 0 -1.63867e-6 1 -0.99608 0.03268468 0.08219754 3.74376e-6 2.10888e-6 1 0 3.37467e-6 1 0.9974899 -0.02738124 0.06530189 0.9179395 0.173142 -0.356944 0.4552041 0.1996793 -0.8677081 0.9018874 0.3276008 -0.2815617 0.5010179 0.05450856 -0.8637186 0.1507487 -0.03162795 -0.9880661 0.1740728 -0.09540253 -0.9801006 0.5728196 -0.09575104 -0.8140697 0.9460716 0.1092858 -0.3049675 0.7516078 0.1934655 -0.6306004 0.8271424 0.3464517 -0.4425007 0.6857666 0.5563961 -0.4691989 0.42369 0.3038773 -0.8533143 0.6760489 0.5152366 -0.5267724 0.5264267 0.6771995 -0.5140777 0.7572936 0.5627998 -0.331305 0.4165112 0.4662287 -0.7804801 0.8055303 0.3491318 -0.4787775 0.4330937 0.2244983 -0.8729436 0.611457 0.2191975 -0.760311 0.764776 0.03702503 -0.6432316 0.6064581 0.1908254 -0.7718771 0.1613261 0.01559937 -0.9867779 0.1512268 0.06386792 -0.9864336 0.1065946 0.1938292 -0.9752271 0.03278768 0.1648373 -0.9857757 0.006786584 0.1160318 -0.9932223 0.08564889 0.1677645 -0.9820995 -0.01664835 0.4280564 -0.9035987 0.1024348 0.6627215 -0.7418271 -0.007041811 0.9267188 -0.3756895 0.1008509 0.9033176 -0.4169491 0.2873708 0.668737 -0.6857178 0.4887684 0.7023724 -0.5174732 0.4018273 0.7728801 -0.4911124 0.7757602 0.6274672 -0.06694066 0.7862037 0.615273 0.05764597 0 -2.73282e-6 1 -3.81077e-4 -3.66452e-4 -1 0.7197794 0.69345 -0.03232145 0.7137051 0.7004446 0.001599252 1.42858e-6 8.53127e-7 -1 -0.7222328 -0.6894015 0.05572503 -1.98679e-6 4.36516e-6 -1 0.6911628 0.7183242 -0.07940047 0.7048285 0.7080444 0.04347473 1.05992e-6 -5.07367e-6 1 0.6928825 0.7210448 0.002874195 -0.613386 -0.7867667 0.06896418 -3.61401e-6 2.91171e-6 1 -2.57783e-6 2.07689e-6 1 0.635571 0.7707071 -0.0453903 -0.492976 -0.8700395 0.002506434 -8.33986e-6 2.54538e-6 1 0.5571854 0.617312 0.555401 0.5085074 0.6393615 0.576747 0.4544312 0.6090966 0.6499951 1.6261e-6 3.81681e-7 -1 -0.3514304 -0.9351468 -0.04469066 -0.3669888 -0.9300987 -0.01535958 -1.88306e-6 1.94e-6 1 0.4778905 0.8743016 0.08495533 4.20669e-6 -4.14399e-6 1 -0.5387935 -0.8413108 -0.04356384 0.574369 0.8142125 -0.08460748 -0.3053107 -0.9518136 -0.02892243 7.13794e-7 1.16397e-6 1 -0.3759519 -0.9254251 0.0474224 5.59288e-6 -3.42216e-7 1 9.14869e-6 1.59765e-6 1 -0.4872208 -0.8732786 -5.3846e-4 0.2944186 0.951882 -0.08507871 0.1221699 0.989957 -0.07113188 -0.1477754 -0.9859822 0.07746845 -2.6726e-6 1.0695e-6 1 0.1908895 0.9810997 0.03169888 -4.58791e-7 0 1 0.2380818 0.9711679 -0.01225101 -3.84793e-5 -2.92321e-4 -1 0.1353905 0.9907727 -0.006240904 0.1554057 0.9877305 -0.0154221 2.09203e-6 0 -1 0.2074558 0.9736655 -0.09453874 0 -2.20454e-6 -1 0.3234533 0.9393535 0.113987 0.2685502 0.6294698 0.7291424 0.1282856 0.1389011 0.981962 -0.02455604 0.6671251 0.744541 0.0546202 0.8911864 0.4503369 0.3049355 0.5571802 0.772376 0.4254994 0.4968178 0.7563878 0.4959842 0.6791974 0.5410088 0.5711729 0.4750548 0.6693912 0.5964972 0.3388746 0.727568 0.5795303 0.4776635 0.6602896 0.3886117 0.1911479 0.9013565 0.138709 0.08396267 0.9867676 0.464559 0.1184802 0.8775804 0.752018 0.3282236 0.5716102 0.5688667 -0.03650736 0.8216192 0.4697149 6.66543e-4 0.882818 0.9049208 -0.04046195 0.423652 0.8537558 -0.05649703 0.5175994 0.9777102 0.08344167 0.1926663 0.8473113 0.3049684 0.4348081 0.9548352 0.2473914 0.1645825 0.8577971 0.4730477 0.201023 0.7840026 0.5040826 0.3622717 0.6849916 0.6917771 0.2285411 0.5616089 0.8228862 0.08633518 -0.0431506 0.9926406 0.1131499 -0.1351795 0.9907398 0.01269656 -0.2152261 0.9464525 -0.2406356 -0.002112329 0.9984233 0.05609285 -0.3219552 0.9026896 -0.2854757 -0.4846317 0.7834499 -0.3890224 0.1236848 0.9716941 -0.2012776 0.09301692 0.9579488 -0.2714447 0.5793986 0.8142477 -0.03602719 0.1546036 0.9411137 0.3006709 0.3519421 0.8394138 0.4141513 0.4091833 0.8934718 0.1851407 0.3372932 0.8684192 0.3634303 0.5772256 0.7569638 0.306295 0.7673987 0.2120766 0.605081 0.7443104 0.6556394 0.1270396 0.1405094 0.9547408 0.2621589 0.7634209 0.02473646 0.6454275 0.6988785 0.1726024 0.6941018 0.5700297 0.1192224 0.8129281 0.1329096 0.02613478 0.9907836 0.1505681 0.6768098 0.7205954 0.05627316 0.1811147 0.9818508 0.05996721 0.1662322 0.9842616 0.2321666 0.51967 0.8222176 0.2598099 0.796877 0.5454228 0.06998252 0.2275948 0.9712379 0.06151038 0.51998 0.8519608 0.03017175 0.7512831 0.65929 0.002266108 0.9029539 0.4297315 0.2609677 0.8274877 0.497152 -0.09481197 0.9596801 0.264622 0.1566084 -0.9874001 -0.02269607 -3.2059e-6 0 -1 0.1870747 -0.9822292 0.0151295 0.0537247 0.9966692 0.0613529 -0.07103925 -0.9974699 -0.002727985 1.57837e-6 -2.01856e-6 -1 -0.08138853 -0.9964915 -0.01951283 -0.02727377 0.996612 -0.0775941 2.52013e-6 -1.98271e-6 -1 -0.1055371 0.9916364 0.074292 0.1549879 0.9872645 0.03588408 0.01012593 -0.9976424 -0.06787627 -6.70855e-7 -2.47416e-6 1 -0.03563851 0.9990413 -0.02542531 -0.006237387 0.999242 0.03842675 -0.1770308 0.9837934 -0.02847421 -0.152301 0.8292983 -0.5376511 -0.887859 0.3996968 -0.2279229 -0.6791918 0.4625182 -0.5698908 -0.482015 0.451144 -0.7510864 -0.501619 0.1819275 -0.8457428 -0.651466 0.369735 -0.6624864 -0.5751777 0.3102228 -0.7569231 -0.367 0.7483801 -0.5524837 -0.4959878 0.5960049 -0.6314859 -0.523836 0.5390375 -0.6595714 -0.4331066 0.8115368 -0.3922075 -0.548751 0.7486414 -0.3720329 -0.2928528 0.7869801 -0.5430465 -0.2032508 0.7117791 -0.6723538 -0.04940623 0.1297572 -0.9903141 -0.01599669 0.2388126 -0.970934 -0.05411851 0.2033436 -0.9776107 -0.04133123 0.3270863 -0.9440903 0.08260643 0.6492949 -0.7560373 -0.2410425 0.40327 -0.8827638 -0.07027393 0.7489872 -0.6588473 -0.7053335 0.1026502 -0.7014041 -0.896177 0.01535719 -0.4434309 -0.8509904 -0.1865512 -0.4909319 -0.8757269 -0.01524025 -0.4825662 -0.9747043 0.2063326 -0.08589756 0 -1.60812e-6 1 0 3.45619e-7 1 -0.9594985 0.2724911 0.07149374 0.9611352 -0.2758647 -0.01086717 0.9980751 -0.06045937 -0.01381939 2.6496e-4 2.85514e-4 -1 0.7225382 -0.1508808 -0.6746655 0.7515254 -0.1383219 -0.6450402 0.9832493 -0.1815029 0.01666474 -0.9680822 0.2496607 0.02205663 -1.44502e-6 3.19715e-7 1 -0.9505914 0.3084093 -0.03549176 3.24696e-6 2.77664e-6 1 -4.32037e-6 -6.20819e-6 1 -0.8670511 0.4912031 0.08331942 -7.5874e-6 0 -1 0.8317999 -0.5548904 -0.01434135 -1.87703e-6 0 -1 0.7803781 -0.6253046 0.002069473 0 -1.23818e-6 -1 0.7494456 -0.6593804 -0.05957251 -0.7762373 0.618447 0.122388 -0.2790464 0.897542 0.3413966 3.03555e-6 2.74824e-6 -1 -0.6660513 0.7454201 -0.02692049 -0.6527017 0.7542242 -0.07159841 0.6018288 -0.798496 0.01436555 6.22083e-6 0 -1 6.54255e-6 4.09136e-6 1 -0.7102712 0.7028783 0.03843009 -0.6014239 0.796523 -0.06197279 0 -1.05705e-6 1 0.5219989 -0.8529446 0.001639366 2.74268e-6 2.3131e-6 1 -0.3788203 0.9219424 0.08073014 0.3124342 -0.9498955 0.009143471 0 1.01148e-6 1 0.3227899 -0.9464347 -0.008247554 -0.3106474 0.94976 -0.03813499 4.18595e-6 1.11511e-6 1 -2.93001e-6 2.85888e-7 1 -0.184212 0.9828239 -0.01110541 -0.2380121 0.971081 -0.01876324 2.01371e-6 0 1 -0.5621161 0.8237135 0.07430797 0 -1.36428e-6 1 0.5430786 -0.8388462 0.03745698 -2.01116e-6 9.1217e-7 1 -1.50499e-5 -6.74312e-6 1 0.5494671 -0.8354637 -0.009299278 0.5596452 -0.8271992 -0.05038678 -2.21176e-6 0 -1 -0.5660236 0.8243567 0.007307469 0.4492916 -0.892858 0.03069013 -3.90809e-6 3.32774e-6 -1 -0.4699762 0.8824433 -0.02040433 2.33026e-6 3.27821e-6 -1 -0.5533187 0.8298941 0.07151412 -0.2935486 0.9539809 0.06123489 -9.45216e-6 -2.45152e-7 -1 -0.2456039 0.9672409 -0.06421589 -7.46033e-7 -2.41821e-6 -1 0.1912528 -0.647141 -0.7379911 0.2821451 -0.9593718 3.76914e-4 0.3267504 -0.9450939 -0.005643486 -6.53543e-6 0 -1 9.60351e-5 -2.83604e-4 -1 -0.3232721 0.9457359 -0.03284692 -8.521e-7 0 -1 -0.2569103 0.9663937 -0.008970201 0.3630461 -0.9300987 -0.05580413 -0.4603026 0.887758 0.002722442 -0.3676276 0.8005046 0.4733312 -0.166309 0.7649205 0.6222844 -0.07227134 0.1724092 0.9823707 -0.01029866 0.1553687 0.9878029 -0.128377 0.6107363 0.7813581 -0.4040856 0.6049488 0.6861135 -0.6303464 0.5391421 0.55856 -0.7495023 0.5898332 0.3005715 -1.37486e-6 -2.68605e-6 -1 -0.8430657 0.5377973 0.003783166 0 5.62012e-7 -1 1.59925e-6 1.01361e-6 -1 -0.876551 0.4793741 0.04311674 -0.8473492 0.5250458 -0.07953941 -0.8333908 0.55005 0.05389571 -2.08231e-6 -3.92034e-6 1 0.8545814 -0.5193036 -0.00379461 3.34348e-6 -2.58e-6 1 0.8643173 -0.5024927 0.02137422 1.66302e-6 0 1 -0.809687 0.5774409 -0.1047338 -0.9086237 0.4079285 -0.08942854 0.9076629 -0.4192792 0.01879012 -0.3185712 0.6044974 0.7301339 -0.116719 0.2997582 0.9468483 -0.03820538 0.4405322 0.8969236 5.11086e-5 -3.62205e-4 -1 0.4098138 -0.7158221 -0.5653772 0.4618263 -0.4675501 -0.7537331 0.7046551 -0.7095072 0.007799327 -0.543129 0.8383482 0.04672628 -0.2500593 0.9682239 -0.003608345 9.43487e-7 0 1 2.88472e-6 1.05665e-6 1 0.1260154 -0.9901294 0.06135118 -7.67997e-7 2.33358e-6 1 -0.4701566 0.8798477 -0.06943172 -0.7191707 0.6948199 0.004358768 -2.9637e-6 0 1 -3.27537e-6 -1.4734e-6 1 -0.7101465 0.7016943 -0.05759459 0.7357563 -0.6767135 0.02686232 0.7200674 -0.6939008 -0.002155303 5.15001e-6 -3.4681e-6 1 3.21292e-4 -3.09673e-4 -1 -0.7169452 0.6961097 -0.03769683 -1.9758e-6 1.92168e-6 -1 0.6369436 -0.7706603 0.01963728 -0.7487638 0.1995802 -0.6320763 -0.7911019 0.1779499 -0.5852278 0.95287 -0.3021072 0.02775454 -1.79945e-6 0 -1 0.9825889 -0.1822831 -0.03594356 0.9915195 -0.1264486 0.0299974 0.9997834 -0.0208165 -3.53954e-5 -7.83928e-6 0 -1 -0.9534114 -0.2909455 0.07973349 -0.9271388 -0.3745473 0.01131421 -0.9850264 -0.1723601 -0.003876924 0.9971613 0.04637503 -0.05931878 -3.9851e-6 -2.24826e-6 1 0.9983935 -0.04695469 0.03171199 0.999605 -0.005161046 -0.02762722 -2.55871e-6 -1.93558e-6 1 -0.9983313 0.05334925 -0.02210819 -0.9988344 0.03524303 0.03298223 2.46781e-6 1.86682e-6 1 -0.9960515 -0.06004875 0.06538826 -8.46088e-7 1.72275e-7 -1 -2.85159e-6 2.37812e-6 -1 -0.6277089 -0.2962639 -0.7198675 -0.6079266 -0.4352139 -0.664089 -0.5561121 -0.1100586 -0.8237879 -0.6124236 -0.0421015 -0.7894079 -0.2866851 -0.09414237 -0.9533881 -0.7995913 -0.3437079 -0.492462 -2.80608e-6 2.73796e-7 1 0.1595495 0.8170635 0.5540319 0.1024233 0.7069239 0.6998345 0.0368154 0.1605786 0.9863363 0.07409346 0.09142094 0.9930521 0.5232554 0.4407429 0.7293488 0.3923096 0.7227991 0.5689066 9.57879e-5 -4.07308e-4 -1 -0.2623129 -0.763277 -0.5904238 -0.2863226 -0.9581224 -0.004571437 -0.1769985 -0.7042648 -0.6875191 -0.2434147 -0.9699203 0.00198996 7.3021e-6 0 1 2.14101e-6 -2.30344e-6 1 0.2146112 0.972682 0.08849757 0.4508617 0.8925776 -0.005383849 0.5189405 0.8533305 0.05027943 0.4828201 0.8737305 -0.05898952 0.4585282 0.8882277 0.0283432 0.5564054 0.8309013 0.004023194 -9.76653e-7 0 -1 -2.3582e-4 -4.42566e-4 -0.9999999 0.4596935 0.8877543 -0.02396583 3.92351e-6 3.15774e-6 -1 -0.5301239 -0.8476299 0.02219289 5.96788e-6 -7.00393e-7 -1 -1.39694e-6 2.22897e-6 1 -0.767871 -0.6403753 -0.01713889 -0.8009554 -0.5961951 0.05497312 2.27385e-6 6.4816e-7 1 -0.7556537 -0.6549574 0.004304885 -0.7828204 -0.6222459 -0.001577675 -6.61204e-7 2.03427e-6 1 0.8554443 0.5178298 0.008221268 0.8495579 0.5264117 -0.0337978 0.7176133 0.4176107 -0.5573441 0.6204567 0.466294 -0.630558 0.4907623 0.6045068 -0.6274743 0.09604865 0.1758301 -0.9797236 0.4380355 0.516929 -0.7354655 0.1268895 0.7595741 -0.6379235 0.245349 0.824725 -0.5095415 0.8009131 0.4493819 -0.3957199 0.6075276 0.7911065 0.07113862 0.6302088 -0.03482598 0.7756444 0.3649476 -0.1382673 0.9207038 0.7454211 0.03978234 0.6654057 0.6531397 0.02260446 0.7569001 0.1201231 -0.02478247 0.9924497 0.1158708 0.004392027 0.9932547 0.6123924 -0.2038919 0.7638086 0.1758416 -0.06099301 0.9825271 0.09828108 -0.07010489 0.9926864 0.9940743 -0.04689258 -0.09806931 0.9544492 0.2634192 -0.140133 0.9662688 0.08822381 -0.2419529 0.3091776 -0.651367 0.6929144 0.4013978 -0.873876 0.2742641 0.4002844 -0.8728051 -0.2792556 0.5608622 -0.4250153 0.7104898 0.8246081 -0.271347 0.4963792 0.8533931 -0.4208856 0.3075316 0.08532142 -0.08914059 0.9923579 0.2769141 -0.2610902 0.9247435 0.7205142 0.2675088 0.6397644 0.7634572 0.2802611 0.5818822 -0.9456682 -0.3221998 -0.04357957 3.53811e-6 0 -1 0.9437818 0.3304665 -0.008240044 0.9573574 0.2874938 -0.02853614 -1.19619e-6 0 -1 -5.75128e-4 2.636e-4 -0.9999998 -0.7431251 -0.3054739 -0.5953577 -9.84072e-5 -3.58974e-5 -1 -0.9690456 -0.2465814 0.01218622 0.9360814 0.3467465 0.05931681 2.24354e-6 1.55065e-6 1 -3.59758e-6 0 -1 -0.9949301 -0.100219 0.008391201 0.992011 0.1144062 0.05315518 0.9988347 -0.005003809 0.04800307 0.8112705 -0.5846288 -0.007022082 0.3233382 -0.9416664 -0.09336346 0.180489 -0.7626463 0.6211236 -0.06227022 -0.7996683 0.5972045 -0.1706824 -0.8373265 0.5193766 -0.744402 -0.6603028 0.0993278 1.25675e-6 0 -1 2.02317e-6 1.36466e-6 -1 -0.8822203 -0.4701921 -0.02463263 2.29872e-6 0 -1 -0.7977694 0.4580512 0.3921139 -0.6474344 0.3337668 0.6851485 -0.0438627 0.7214226 0.6911045 -0.4527987 0.7403663 0.496821 -0.72898 0.6236523 0.2822163 -0.6691381 0.673089 -0.3149691 -0.464128 0.5278219 -0.7113293 -0.3871282 0.3531021 -0.851734 -0.343457 0.5148537 -0.78547 0.1591077 0.8770301 -0.4533243 0.2468602 0.7170125 -0.6518843 0.2479434 0.7184938 -0.6498391 0.08576744 0.6139076 -0.7847047 0.4709555 0.7744415 -0.4224233 -0.2815857 0.6786746 -0.6783144 -0.2507926 0.5728093 -0.7803799 -0.1133825 0.1044515 -0.9880458 -0.09335047 0.1666466 -0.9815878 -0.4865785 0.2584775 -0.8345243 -0.7980567 0.2491651 -0.5486549 -0.8933022 0.2362548 -0.3823544 -0.9638072 -0.1252216 -0.235362 -0.9910707 -0.1285728 -0.03532516 -0.9826874 -0.170716 0.07198321 5.84424e-7 2.19409e-7 1 0.9720657 0.2189068 0.084665 -4.76749e-6 3.75101e-6 1 -0.9754467 -0.218494 -0.02764588 6.09704e-6 0 -1 0.9898797 0.1413227 -0.01289445 -0.9850341 -0.1723317 -0.003102183 -0.9876994 -0.1500478 0.04399675 3.43548e-6 -2.703e-6 1 -0.9470492 -0.3022322 -0.1084151 -0.05027353 -0.9091761 -0.4133661 0.8660227 0.5000049 0 2.24921e-6 0 1 -9.96659e-7 0 1 4.17576e-7 0 1 0.8660228 -0.5000045 0 -0.9586767 -0.2844952 0.00123918 -0.99876 -0.049775 -9.88287e-4 -0.9893566 0.1455083 9.54146e-4 0 1.23933e-7 -1 -0.9237042 0.3831046 -0.001273214 0 0 -1 0 0 -1 -4.35582e-6 0 1 -0.566104 0.8243324 -0.001594722 -0.4350521 0.9004048 9.7441e-4 8.38504e-6 0 1 0.03647649 0.9993345 -5.15034e-4 0 0 -1 0.08122968 0.9966953 3.35969e-4 -1.81836e-6 0 1 0.5006264 0.8656634 -5.53191e-4 0.5623667 0.8268876 8.33394e-4 8.34243e-7 0 1 -0.8660061 -0.5000336 0 -0.8660073 0.5000315 0 0.9878347 -0.1555071 -5.69188e-4 0 0 -1 0.9731838 -0.230028 7.95787e-4 0.8357535 -0.5491043 -7.56558e-4 -2.97787e-6 0 1 0.7042314 -0.709969 0.001522481 0.5641564 -0.8256673 -0.001023948 0.1731844 -0.9848895 -7.31311e-5 -5.78241e-7 0 1 0.1142059 -0.9934565 0.001148641 0 0 -1 -0.3264092 -0.945228 -0.001129031 -0.4066933 -0.9135647 4.26769e-4 -0.7337085 -0.6794642 6.04841e-4 0 0 -1 -0.8157691 -0.5783758 -0.001576185 1.74549e-6 0 1 0 0 -1 0 0 -1 0 0 -1 0 0 -1 0 0 -1 0 2.48745e-7 -1 0.9314395 0.3638958 6.58176e-4 0.9061678 0.4229177 -8.08826e-4 0 0 -1 -0.795109 0.6064652 0.001387834 -0.2219047 -0.3154096 -0.9226458 -0.08004093 -0.06598275 -0.9946054 0 -1 -1.40336e-6 0 -1 2.58272e-6 -0.9958929 -0.06750804 0.06033354 -0.995882 0.06751918 -0.06050074 0.05123758 0.07549673 0.9958289 0.1651754 -0.1780304 0.970063 0.05877685 -0.2266011 0.9722126 0.03188383 0 0.9994917 -0.4999321 -5.68434e-6 -0.8660647 -0.3121255 -0.282808 0.9069716 0.01414519 0.2507922 0.9679377 -0.004147112 -0.9999914 0 0.9998767 0 -0.01570218 0 -0.9994214 0.03401345 0.9998551 -0.01702398 0 0.9896458 4.39209e-4 -0.1435303 -9.2758e-7 5.69925e-6 1 0.05029571 0.06017655 0.9969199 -8.12267e-6 0 1 0.05877614 -0.2265945 0.9722141 0.03188318 0 0.9994916 -2.97499e-7 -1 -5.81052e-7 0 -1 -6.58635e-7 3.13545e-7 -1 0 -0.2219049 -0.3154013 -0.9226486 -0.08004051 -0.06598055 -0.9946056 -0.4999322 -5.68415e-6 -0.8660646 -0.9958821 0.06751716 -0.06050086 -0.9958931 -0.06750553 0.06033325 0.05123984 0.07549434 0.9958289 0 1 -5.78324e-7 0.1651768 -0.1780248 0.9700639 -0.3120977 -0.2827969 0.9069846 0.01414197 0.2507976 0.9679363 0.02402162 0.1318033 0.9909848 -0.00412923 -0.9999915 0 0.9999177 -0.01268327 0.001940667 0.9967311 0.02379751 -0.07720732 0.999849 0.00336337 -0.01705336 0 -0.9994266 0.03386288 -0.01767361 -0.1937487 0.9808921 0 -0.09828174 0.9951587 -1 4.87206e-6 0 -0.01709187 -0.3161396 0.9485588 0.03945606 0.2018388 0.9786238 6.57429e-4 0.9999971 0.002366065 -0.07913303 0.03214251 0.9963458 -1 -2.31551e-6 -7.61155e-7 -0.1041877 0.9943826 0.01866352 0.001949369 -0.2155975 0.9764804 -0.03414845 0.2974516 0.954126 -0.001022517 0.9989806 -0.04513216 0 0.9989811 -0.04513192 0 -0.09055912 -0.9958911 -0.9989772 0.04503375 -0.004064202 0.006650149 0.9976969 -0.06750357 -0.001685619 0.9959542 -0.08984583 -0.1076543 -0.5337127 -0.8387857 -0.9990839 -0.02296751 -0.03610837 0 -0.7070497 -0.7071639 1 8.91512e-7 0 1.32717e-7 -1 0 -1 0 5.73121e-7 -0.1841114 -0.9817564 0.04751247 0 -0.5470283 -0.8371142 0.1046424 -0.7031688 -0.7032807 -0.6499073 -3.14286e-4 -0.7600135 -0.6492615 0 -0.7605652 -0.9999907 0 -0.004321634 -0.4351303 -0.8875534 0.1513631 0.1237366 -0.9885231 0.08666771 -0.9999827 -0.003619313 0.004640817 -0.9999903 0.004408776 0 0.3504234 -0.9365915 0 0.9998197 -0.00987643 -0.01621919 0.99998 0.00632286 0 0.9998275 0 -0.01857393 0.9985509 -0.05221068 -0.01305007 0.9920503 0.03575116 0.1206577 -9.0951e-6 0 -1 0.993884 0 0.1104297 0.9999879 -0.001816987 -0.00459361 0.9909927 0.04932737 0.1245003 0.9983971 -0.05219632 -0.02188754 0.9976544 -0.05215954 -0.04433113 0.969044 0.03492414 0.2444058 0.5324475 0.8253148 -0.1880302 0.5513682 -0.1764303 -0.8153928 0.9515783 -0.3044847 -0.04228371 0.9985467 -0.04106348 -0.03490775 0.9770933 4.3602e-4 -0.2128108 0.5495347 -0.1832138 -0.8151345 0.5335946 0.8246833 -0.1875484 0.9690448 0.0349276 0.2444021 0.9473512 -0.3158431 -0.05261993 0.9983577 0.007356107 0.05681502 0.9982753 -0.01928371 -0.05544841 0.9969486 0.03593182 0.06929916 0.9986892 -0.01234567 -0.04967457 0.6743246 0.7376276 0.03452312 0.7877123 0.03363823 0.6151243 0.9969711 -0.04850363 0.06079572 0.02188897 -0.1319297 -0.9910175 0.2974035 -0.02458423 0.9544354 0.9698741 0.1478749 -0.1935908 0.9740831 0.143624 -0.1747403 0.2150546 0.01635909 0.9764651 0.953622 -0.1227919 -0.2748222 0.9153214 -0.4027241 0 0.795033 -0.5991765 -0.09439384 0.2969046 0.9542621 -0.03509241 0.999999 -5.53573e-4 -0.001315057 0.9999991 0.001050829 -8.49963e-4 0.07429081 0.9970634 0.01858752 0.9806686 0.1363781 -0.1403225 -0.003695547 0.5032116 0.8641554 0.02447289 0.1435204 0.9893448 0.03438305 0.1815296 0.9827843 -0.3007563 -0.0884428 0.9495912 0.002954959 -0.8316908 0.5552314 0.9999876 -0.001326858 0.004808008 -0.003093183 -0.810541 0.5856737 0.001575171 -0.01092416 0.9999392 -0.9961255 0.0608989 0.0634467 -0.998645 0.050834 0.01114338 6.08603e-5 -0.008288383 0.9999657 -0.007250308 0.998151 0.0603488 0.007250607 0.9981511 -0.06034773 2.05868e-4 0.02809083 -0.9996054 0.003427922 0.02216798 -0.9997485 0.9986701 0.04802751 0.0187475 0.9956896 0.06731277 -0.06380516 0.9912694 -0.05873775 -0.1180457 0.9760128 -0.2081978 0.06366276 0 0.9993216 0.03682869 -0.02981066 0.9966853 0.07569468 1 2.91213e-5 0 0 0.04573452 -0.9989537 -1 0 7.25473e-7 -0.009173393 0.06333476 -0.9979503 1 1.0705e-6 0 3.23491e-4 -0.9986095 -0.05271703 0.747397 -0.1843913 -0.6382771 -0.009609162 -0.9984413 -0.05497872 0.9994643 -0.02904731 0.01508045 0.9909432 0.03570878 0.129447 0.1239118 0.9922932 0 1 2.34322e-6 0 0.931648 0.3627742 -0.02066493 0.5132557 0.0040102 -0.8582264 0.9976875 -0.0679273 -0.002342939 0.9996355 0.01751929 -0.02054166 1 4.60103e-5 0 0.08185374 -0.2161977 0.9729124 0.07125204 0 0.9974583 0.03018105 0.07971626 0.9963606 0.994472 -0.1013056 -0.02761691 0.9747757 -0.2186962 0.04454678 0.9655075 -0.02076655 -0.2595462 0.9721783 0.01031482 -0.2340148 0.5564333 -0.1669043 -0.8139564 0.9575037 -0.2871931 -0.02659058 0.9690446 0.03491884 0.2444038 0.5331283 0.8249356 -0.1877649 0.9988491 -0.03050339 -0.0370149 0.9939561 -0.07795405 -0.07729506 0.9978147 0.0359534 0.05543684 0.9928746 -0.07787042 0.09020143 0.9856324 0.05327999 0.1602818 0.9992707 -0.01880878 0.03323179 0.9993902 -3.64234e-4 -0.0349192 0.9819308 0.1832786 0.04712641 0.680527 -0.7310349 0.04970854 0.9743687 -0.06964427 -0.2139052 1 -3.17275e-6 0 0.7092683 -0.001408278 -0.7049373 1.55321e-4 0.002184808 0.9999976 0 0.003757834 0.999993 0.9999907 0.004314124 -2.61524e-4 0.05833429 0.9974429 -0.04129052 0.9999872 0.004812121 0.001545608 0.001193463 0.9593199 0.2823189 0.008489966 -0.02432751 -0.999668 0.9978424 -0.05122154 0.04107195 0.002754032 0.03477412 0.9993914 0.9965162 -0.05453032 0.06310254 -2.17091e-4 0.02994918 0.9995514 -0.9986899 -0.04459106 0.02510482 -0.9957216 -0.06684994 -0.06379449 -0.007250428 -0.9981507 -0.06035393 0.007250845 -0.9981508 0.0603547 -2.92512e-4 -0.0402795 -0.9991885 -0.003718972 0.94912 0.3148929 -0.1419566 -0.07051801 0.9873579 0.07291471 0.2065195 0.9757218 0.03047132 0.01883983 0.9993581 -0.009254932 -0.5018469 0.8649071 -0.02491331 -0.1457273 0.9890111 -1 9.46363e-7 -7.60835e-7 0.02524524 -0.7069221 0.7068409 1 8.54059e-6 0 0.9979953 0.05233579 0.03558617 0.7131905 0.6995723 -0.04424864 0.9739558 -0.09938448 -0.2037967 -0.01075607 -0.9998345 0.01467579 0.3094735 0.05356878 0.9493981 0.9820863 -0.1287959 -0.1375438 0.9771043 -0.2117587 0.02062636 -0.004401743 0.01724201 0.9998417 0.7414641 0.1173568 -0.66065 0.8532758 0 -0.52146 0.8675331 0.4973523 -0.005201756 0.8617823 0.5072784 0 0.9989828 0.0431661 -0.01304835 0.8456897 -0.02039706 0.5332852 0.9989943 0.001867115 0.04479831 0.06479382 -0.9948675 0.07772094 -0.2039414 -0.9789831 0 0 -0.0416367 -0.9991328 0.9988399 0.01510274 0.04572641 0.01493549 -0.07060384 -0.9973927 0.9999362 -0.003542065 -0.01072627 -0.01166695 -0.9995522 -0.02755546 0.004380047 -0.9973362 -0.07281142 -0.002017021 -0.9959538 -0.0898444 0.9999204 -0.001773476 -0.01249665 -0.004501044 0.1446093 -0.9894787 0.9999272 0 -0.01207208 -3.21032e-6 0 1 -0.3421528 0.9320762 0.1190192 0.4428153 0.8891671 0.1153097 -0.9999707 -0.006994187 0.00311923 -0.9999918 0 -0.004041433 0.1242057 0.9922566 0 -2.76875e-6 0 -1 -0.2421019 0.9682372 0.06247806 -2.40651e-5 0 -1 0 0.9992775 -0.03800553 0.9683397 0.2455627 -0.04491317 -0.1185072 -0.9929533 0 0.204882 -0.8728268 -0.4429413 -0.2048877 0.8728044 -0.4429826 -0.9682824 -0.245781 -0.04495418 0.1185048 0.9929535 0 -1.29328e-6 0 -1 0 -0.9992777 -0.03800213 0.2009674 0.9761733 -0.08184075 0.9612569 -0.2747023 -0.02288907 -1.49097e-6 1 0 -0.9774423 -0.1603518 -0.1374557 -1 -6.62314e-6 -2.03476e-6 -0.1076524 0.533712 -0.8387864 0 0.70705 -0.7071635 0 0.1104298 -0.993884 0 0.9995676 -0.0294038 -0.1321845 0.9912251 0 -1 -2.75559e-6 5.64437e-7 0 0.08792436 -0.9961272 0.1620638 -0.04647809 -0.9856852 0.4992799 0.3937659 -0.7717953 0 1 3.58268e-7 -0.9949774 0.09307461 -0.03684151 0.2790223 0.9569687 0.07973355 -2.81238e-6 0 -1 8.98257e-6 0 -1 0 -1 1.59561e-6 -1 -1.85934e-6 0 -0.004132688 -0.9999915 0 -0.3120464 -0.28268 0.9070387 0.01414233 0.2507994 0.9679359 -0.4999293 -5.68205e-6 -0.8660662 0.02402126 0.1318098 0.9909839 0.05029577 0.0601688 0.9969204 0.05877715 -0.2265134 0.9722331 0.03188353 0 0.9994916 1.5175e-7 -1 -2.63454e-6 -5.94999e-7 -1 -2.32421e-6 0.1651785 -0.1779597 0.9700754 6.2709e-7 -1 0 -0.08004218 -0.06595575 -0.994607 -0.2219166 -0.3152946 -0.9226822 0.05124062 0.07546657 0.9958309 -0.9958948 -0.06748044 0.06033331 -0.9958838 0.06749206 -0.06050097 -9.27582e-7 5.69926e-6 1 0 -0.9994255 0.03389126 0.9998564 0 -0.01695168 0 1 -2.4581e-6 0.999831 -0.01838314 0 1.25854e-7 1 0 -9.27581e-7 5.69926e-6 1 -5.94999e-7 -1 0 -0.4999288 -5.68417e-6 -0.8660665 -0.3121123 -0.282796 0.9069799 1.5175e-7 -1 1.31727e-6 0.02418249 -0.06387984 0.9976646 -7.34844e-7 0.2295532 0.9732962 -1.82015e-7 1 0 -0.2219077 -0.3154011 -0.9226479 0 1 -1.15665e-6 0 -1 -2.80671e-6 0.1651763 -0.1780242 0.970064 -0.9958931 -0.06750553 0.06033319 -0.9958821 0.06751716 -0.06050068 -0.08003813 -0.06598085 -0.9946057 6.2709e-7 -1 -5.16545e-6 -1.68979e-7 1 0 0.03188365 0 0.9994917 -1.25854e-7 -1 0 0 -1 2.4581e-6 -8.12292e-6 0 1 0.05027115 0.06014722 0.9969229 -9.27547e-7 5.69905e-6 1 0.986168 -0.001581907 -0.1657419 0.9880101 0.01231127 -0.1538981 0.998804 -0.03122395 -0.03762525 0.9971036 -0.05212604 -0.05538314 0.4423413 -0.1474399 -0.8846445 0.9473741 -0.3157742 -0.05262094 0.9690444 0.03492182 0.2444043 0.8320471 0.5547051 0 0.9862686 -8.78775e-4 -0.1651473 0.01767444 0.1937652 0.9808888 0 0.09829038 0.9951578 0.01709121 0.3161821 0.9485446 0 0.1643968 0.9863944 0 -1 -3.93294e-6 -0.9997639 0 -0.02172821 1.21275e-5 0 -1 6.06392e-6 0 -1 -4.17233e-6 0 -1 -2.09743e-6 0 -1 0 -1 1.55584e-7 2.22943e-6 0 -1 -5.88777e-6 0 -1 -2.03814e-6 0 -1 0.9999324 0 -0.01162642 0.9969773 0.0776937 0 4.25516e-7 -1 0 0.5027554 -0.2721871 -0.820458 0.1627424 -0.5579686 -0.8137482 0.1951704 0.09757977 -0.9759031 0.08326357 0.04162734 -0.9956578 0 0.9992787 -0.03797775 0.1184197 0.9929637 0 -0.9682609 -0.2458662 -0.04495161 -0.204891 0.8728556 -0.4428802 0 -0.9992785 -0.03798043 -0.1184405 -0.9929612 0 0.2048781 -0.8728735 -0.4428509 0.9683253 0.2456204 -0.04490792 0.9683235 0.2456273 -0.04490846 3.49754e-5 0 -1 0.1184197 0.9929636 0 -0.2048861 0.8728594 -0.4428749 0 -0.9992786 -0.03797769 -0.9682605 -0.2458682 -0.0449512 -0.1184316 -0.9929623 0 0.204877 -0.8728824 -0.4428339 -2.40651e-5 0 -1 -3.49744e-5 0 -1 0 0.9992786 -0.03798073 0.9683247 0.2456227 -0.04490906 -0.1184322 -0.9929623 0 0.2048832 -0.8728785 -0.4428386 -0.2048891 0.8728521 -0.442888 -0.9682637 -0.2458557 -0.04495072 0.1184287 0.9929626 0 0 -0.9992787 -0.03797727 -0.9984521 -0.05562084 0 -0.043397 -0.9990579 0 -0.01715904 -0.999794 0.01083868 0 -0.9996203 -0.02755641 2.27382e-6 0 -1 0 0.5489394 -0.8358622 0.1048392 0.703154 -0.7032662 -0.9999908 0 0.004309952 0.1234439 -0.9885599 0.08666557 -0.9999909 1.40392e-5 0.004291236 -0.9999907 1.40404e-5 -0.004312634 0.3501682 -0.9366869 0 0.9998275 0 -0.01857405 -9.63292e-7 -1 9.71475e-7 -0.4351418 -0.8875472 0.1513663 0.5215526 0.8408271 0.1448891 -0.9999908 0 -0.004289269 -6.41835e-6 0 1 -0.2369539 0.9715087 0.00486952 0.07176935 0.9937363 0.08565944 -0.6492627 0 -0.7605643 -0.6422178 0.002151608 -0.7665193 -0.663991 0 -0.7477406 -0.6318948 0.01160103 -0.7749674 0.9996326 -0.02710586 0 -1 -2.23651e-6 7.86649e-7 -0.1570081 -0.9865789 0.04483968 -0.03539985 -0.9346343 0.3538442 0.3409988 -0.9350058 -0.09738671 -0.02995514 -0.996438 0.07882881 1 0 2.32831e-6 0.02831661 -0.9968177 -0.07451659 1.65376e-6 0 -1 0.0739569 -0.9763022 0.2033823 -0.08268737 -0.9702862 -0.2273929 -1 0 2.32829e-6 2.48065e-6 0 1 0.01814055 0.1127115 -0.9934622 0.004237949 0.9985506 -0.05365407 0.2688288 -0.9627239 -0.0298984 0.9999991 -7.63884e-4 -0.001098692 0.973072 -0.06678211 -0.2206155 0.9946641 -0.06826633 -0.07735013 0.9966794 0.05388426 0.06104809 0.9938839 0 0.1104299 -0.003772377 -0.139084 -0.9902734 0 -0.1104303 -0.993884 -0.195963 -0.9796581 -0.04322713 0.02402031 0.1317814 0.9909878 -0.9952064 0.089329 -0.03980815 0 -1 4.54748e-7 -0.994838 -0.1014764 0 -0.002273201 0.9999974 0 0.03712785 0.02268177 0.9990532 -8.02035e-7 0 1 -0.01206541 0.9987825 -0.04783266 -0.1935817 0.9677318 -0.1613116 6.06476e-6 0 1 -0.3670712 -0.917533 0.1529444 -0.193578 0.9677332 -0.1613074 0.1864383 -0.9320362 -0.310724 3.76585e-6 1.61962e-6 1 0.1865026 0.9319887 0.3108277 -0.1936501 -0.9677087 0.1613679 -0.3671963 0.9174749 -0.1529927 -0.1936526 -0.9677076 0.1613717 -1 0 0 -2.06231e-6 -1.77392e-6 1 6.06474e-6 0 1 -0.193581 0.9677321 -0.1613101 0.186439 -0.9320365 -0.3107227 -0.3670721 -0.9175334 0.1529403 -0.002548635 -0.9999957 -0.001511931 0 -0.9999418 0.01078629 -0.01614558 -0.9878425 0.154618 -1 -3.83764e-6 0 -0.0159958 0.8393226 0.5433984 0.01620459 0.5591959 0.8288772 -1 -5.1798e-7 0 -0.008715689 0.01533013 0.9998446 0.06825023 -0.1036315 0.9922714 0.06599164 -0.2740095 -0.9594602 1 1.79082e-6 0 -0.1570384 -0.9789299 -0.1305189 -1 0 -1.24176e-6 0.146554 0.9842939 -0.0984252 1 0 1.24176e-6 0 1 -2.2726e-7 -5.01654e-7 0 -1 0.9908405 0.1350371 0 -2.04849e-6 0 -1 0.9938919 -0.1029487 -0.03975492 7.27247e-6 0 -1 -0.9787787 0.1893697 -0.07830297 0 1 4.54748e-7 0.2423832 0.9695616 0.03465235 -0.9999459 0 -0.0104072 -0.01199328 0.9998402 -0.01326185 3.63796e-6 0 -1 -0.9999459 0 -0.01040589 -0.997566 -0.06817471 -0.01464605 0.124075 -0.99223 -0.009219408 0.01142013 -0.9998633 0.01195871 0 -1 4.54521e-7 -1.26322e-5 0 -1 0.999946 0 -0.01039582 -1.97707e-6 0 -1 0.01201587 -0.9998398 -0.0132718 -0.2423835 -0.9695618 0.03464382 -0.9975891 -0.06848657 -0.0112102 0.02479982 -0.08066654 -0.9964327 -0.02488535 0.08066534 -0.9964305 0.9975702 0.06811654 -0.0146293 -0.1240263 0.9922362 -0.009209752 -0.011388 0.9998636 0.01196628 2.129e-7 0 -1 3.95442e-6 0 -1 -0.1880692 -0.9799805 -0.06533217 0.09877741 -0.9951096 0 0.1499134 0.9800269 -0.1306648 0.9565963 -0.2811889 -0.07652771 0 1 -1.86413e-6 0 1 1.02522e-6 0 1 -1.3782e-6 -1 0 -1.24176e-6 0.06446635 0.9957098 -0.06637758 -0.07995188 0.9967988 0 -0.2049559 -0.9701859 -0.1293548 0.003526389 0.9999926 -0.001534998 -0.06599181 0.2740859 -0.9594384 -1 1.56122e-6 0 -0.01754856 -0.8296579 0.5579963 1 5.9863e-6 0 0.007411837 -0.5818443 0.8132664 1 -2.11245e-6 0 -0.005336761 -0.008079588 0.9999532 4.27195e-7 1 0 -0.0683794 0.08358705 0.9941517 1 -3.94984e-6 0 -9.89932e-6 0 -1 -0.1050423 0.9944678 0 0.9975969 0.06837487 -0.01119667 0.02479922 -0.08058691 -0.996439 -0.02489101 0.0807532 -0.9964233 0.2424732 0.969539 0.0346564 -0.01200908 0.9998398 -0.01327985 -0.9975646 -0.06819385 -0.01464611 -0.02488315 0.08058762 -0.9964369 0.02480083 -0.08078968 -0.9964227 0.9975954 0.06839776 -0.01119607 0.01142227 -0.9998634 0.01194697 0.124026 -0.9922361 -0.009221494 3.75845e-6 0 -1 0.1996527 0.9776967 -0.06517678 0.1134212 -0.9886166 -0.09885805 0 0.9992771 -0.03801721 0.968224 0.2460034 -0.04499804 -8.73958e-6 0 -1 -0.1840596 -0.9817665 0.0475043 2.23431e-6 0 -1 -1 0 5.73125e-7 0.9999324 0 -0.01162713 0.9969775 0.07769083 0 0.5028283 -0.2722181 -0.8204031 0.08326041 0.04162573 -0.9956582 0.1951887 0.09757131 -0.9759002 0.1627482 -0.5579773 -0.8137411 -2.12322e-6 -1 0 0 -0.09052121 -0.9958946 -0.9989776 0.04502606 -0.004064381 0 -1 5.67225e-6 -0.9990837 -0.02297681 -0.03611147 -0.1076741 -0.5337133 -0.8387827 -0.00349164 -0.1369494 -0.9905719 0 -0.1104298 -0.9938839 -0.001558125 0.9959508 -0.089886 0.006728947 0.997679 -0.0677604 0.9998803 0.009955167 -0.01185315 0 -0.01518362 -0.9998848 0.9917659 -0.1259763 -0.02303069 0.9923179 0.1237143 0 0.9994991 -0.02035576 0.02423685 0.9994788 0.02088713 0.02461397 0.9997465 -0.01457154 -0.01717042 0 0.01588153 -0.9998739 0.004490971 -0.9973108 -0.07315236 -0.001800596 -0.9959528 -0.0898599 -0.004026353 0.1410122 -0.9899997 0 0.1104342 -0.9938835 -1 1.83737e-6 5.64442e-7 0 0.9995678 -0.02939921 0.1064369 0.7030956 -0.7030846 -0.2420328 0.9682551 0.06246763 0 0.5476648 -0.8366979 -2.22613e-6 0 -1 -0.9681696 -0.2462101 -0.04503673 0 -0.9992775 -0.03800916 0.961272 -0.2746496 -0.02288705 0.2009764 0.9761705 -0.0818513 0.2791075 0.9569429 0.0797457 -6.69679e-7 0 -1 -0.9949742 0.09310364 -0.03685206 1.54121e-6 1 1.43341e-6 0.4993816 0.3936992 -0.7717637 0.1620477 -0.04647892 -0.9856877 0 0.08789485 -0.9961298 -0.9774413 -0.1603597 -0.1374527 -0.1076484 0.533756 -0.8387588 0 0.7071068 -0.7071068 0 -0.9996197 -0.02757883 -0.04344391 -0.9990559 0 -0.01717811 -0.9997937 0.01084905 -0.01167017 -0.9995515 -0.02757805 0 0.09414738 0.9955583 -0.1547642 -0.06293189 0.9859451 0.02501863 0.1677053 0.9855197 -1 -4.02696e-7 0 0 -1 3.19126e-6 -1 -7.57724e-6 0 0 0.1643571 0.986401 0.01709097 0.3161099 0.9485687 0.9952517 0.02724176 -0.09344571 0.9897857 -0.08107835 -0.117263 0.01767361 0.193785 0.9808849 0 0.09830063 0.9951568 0.9778959 -0.04659366 -0.2038347 0.987585 0.1534337 0.03367489 0.9988129 0.02314913 0.04286056 0.9980828 -0.04755181 -0.03961938 0.9994863 0.02316606 0.02214664 0.9972162 -0.04909729 0.05611896 0.9986981 -0.023606 -0.04522293 0.6691208 -0.7416146 0.04780381 0.9980883 0.05915987 -0.01789063 0.8533079 -0.01083254 0.521295 0.9981835 0.00250405 0.06019496 1 1.41306e-5 0 0 -0.04155427 -0.9991362 -0.1016601 -0.9943628 0.03013145 0.06477695 -0.9948682 0.07772594 0.02839916 -0.9995895 -0.003791868 0.9575145 0.2854272 0.04120147 -0.008040249 -0.9971297 0.07528454 0.8208827 0.566684 -0.0708577 0.991212 0.1284826 -0.03148043 0.1188114 0.04262185 0.9920017 0.9810108 -0.1315155 -0.1425535 0.9816627 -0.1365987 -0.1329632 -0.002568721 0.09855866 -0.995128 0.9999986 -0.001273214 -0.001172006 0.1202681 -0.9926664 0.01220709 0.8905196 -0.4395845 -0.1172196 0.9930009 0.07523101 -0.091048 -0.005512297 -0.7109155 0.703256 0.03472435 -0.09025937 0.9953128 0.9999995 -2.01008e-4 -0.001006245 -0.004410624 0.8666944 0.4988201 0.005649387 -0.02010512 -0.9997819 0.9984218 -0.0519244 0.02139568 0.9962072 -0.05962294 0.06337648 -4.53898e-4 0.01415729 0.9998997 -1.07715e-4 0.01474809 0.9998914 -0.9957479 -0.06649023 -0.06375914 -0.9987593 -0.04738056 0.01532262 -2.23484e-4 -0.03081566 -0.9995251 -0.007236242 -0.9981507 -0.06035631 0.007267594 -0.9981487 0.06038606 0.003222227 0.8405957 0.5416535 0.9999892 4.63542e-4 0.004630386 -0.01150685 0.2179099 0.9759011 0.7896761 -0.1291953 -0.5997669 0.1163825 0.9914804 -0.05849546 0.02106535 0.996616 -0.07945334 0.2704623 -0.9626139 -0.01498442 0.3064868 0.05528336 0.9502683 -0.1409537 -0.9891964 0.04028236 0.3408319 -0.935065 -0.09740227 2.48055e-6 0 -1 -0.08269745 -0.9702817 -0.2274085 0.07396519 -0.9762991 0.2033945 -1 0 2.3283e-6 1.6537e-6 0 1 -0.03540414 -0.9346124 0.3539016 0.002166807 -0.1629584 0.9866306 0.01494097 -0.07053893 -0.9973971 0.991259 -0.1259267 -0.0393483 0.9867815 0.002874851 -0.1620312 0.998826 -0.04213219 0.0239067 0.03679901 -0.3446857 -0.9379967 0.8566135 0.5049082 -0.106213 0.9241848 0.3799954 0.03854775 0.1258971 0.99181 0.02151823 0.1003354 0.9949538 0 -0.07162231 0.9974293 0.002241134 0.005472898 0.99997 0.005470037 0.01495283 -0.9998883 0 -0.7072271 0 -0.7069866 -0.0172432 -0.9998486 0.002378404 -0.7071874 -0.01049554 -0.7069483 -0.6736705 0 -0.7390319 0.01725745 -0.9998481 0.00246632 -0.0243144 -0.9997044 0 0.091457 -0.9951369 -0.03658324 -0.1061629 0.9943488 0 1 -4.21061e-6 0 0 0.998977 -0.04522395 0.01649731 0.2544128 0.966955 -0.3119362 -0.2826064 0.9070996 -0.01178377 -0.9939708 0.1090108 0.03188496 0 0.9994916 0.05878067 -0.226512 0.9722331 0 -1 -5.6133e-6 0.1652346 -0.1779579 0.9700663 0.05129379 0.07544136 0.9958301 0 1 5.53802e-6 -0.9958915 0.06743186 -0.06044197 -0.9959018 -0.06742072 0.06028467 -0.07997518 -0.06593692 -0.9946137 -0.2218982 -0.3153396 -0.9226713 -0.5000134 0 -0.8660178 0.05258202 0.06292015 0.9966325 0.02394998 0.1524674 0.9880183 0.9992596 -0.03298854 -0.01980161 -0.3120002 -0.2826221 0.9070726 -0.5000126 0 -0.8660181 -6.07015e-7 -1 5.26923e-6 2.38075e-6 -1 4.64989e-6 -0.2218994 -0.3153414 -0.9226703 -0.07997703 -0.06593692 -0.9946135 -2.50901e-6 -1 -1.0332e-5 0 -1 5.6133e-6 0.05878019 -0.2265102 0.9722336 0.03188419 0 0.9994916 0.02395009 0.1525985 0.987998 0.05253607 0.06287688 0.9966376 8.11675e-6 0 1 0.01652449 0.2543623 0.9669679 0.9865602 0.001274883 -0.1633936 0.9976391 0.03482842 -0.0591883 0.9997675 0.004168689 -0.02115702 -0.01189351 -0.9938583 0.1100195 -0.01767355 -0.1937844 0.980885 0 -0.09830051 0.9951568 -1 4.87294e-6 0 -0.01709103 -0.3161113 0.9485682 0.03920716 0.1994405 0.9791253 0.9982749 -0.03415483 -0.04775768 -0.03237849 0.4290589 0.9026961 0.9736461 -0.03199279 -0.2258095 0.5866588 0.8086313 0.04412448 -0.1042717 0.9943736 0.01867496 7.63394e-4 0.999996 0.00274837 0.01818418 -0.2718074 0.9621798 -0.08236634 0.02901721 0.9961796 -0.312192 -0.09480428 0.945277 -0.01417851 -0.8105571 0.585488 0.9985774 0.0464698 0.02615052 0.9957151 0.06695234 -0.0637874 1.103e-4 0.01516747 -0.999885 0.005017578 0.02418076 -0.9996951 -0.9986357 0.05091392 0.01160246 -0.9961286 0.06085038 0.06344443 0.004549741 -0.009340167 0.9999461 1.21316e-4 -0.01679325 0.999859 -0.007235586 0.9981517 0.06034189 0.00726813 0.9981496 -0.06037205 -1 1.21311e-5 1.51435e-6 0.9996526 -0.02551859 -0.006594896 0.01062071 -0.8960118 0.4439033 -0.005131602 0.7159311 0.6981521 0.9996356 -0.02694696 -0.001593947 0.9117181 0.3664369 -0.1857261 -0.02964693 0.9994429 0.01532989 0.721312 -0.690092 -0.05900961 0.01801967 -0.9722714 -0.2331603 0.9999734 -0.005435347 0.004858613 0.207714 -0.9758844 -0.06711715 0.3008071 0.9465856 -0.1161497 0.6892694 0 -0.7245052 0.0277965 -0.01166462 0.9995456 0.9574952 -0.2206156 -0.1858268 1 2.76375e-5 0 0.9153103 -0.4027495 0 1 -1.44806e-5 0 0.9978138 -0.04121279 0.05166459 0.7610607 -0.6384238 -0.1148986 0.7927624 0.03649753 0.6084372 0.9600486 0.16578 -0.2254412 0.9794489 0.1438704 -0.1413549 0.02096778 -0.08734732 -0.9959573 0.252139 -0.04354876 0.9667106 -0.009175658 0.06334173 -0.9979497 0.9987288 -0.009286403 0.04954463 0.9969463 0.0359323 0.06933295 0.9984859 -0.03249156 -0.04438936 0.969015 0.03493237 0.2445198 0.9515479 -0.304577 -0.04230284 0.5370374 -0.1719002 -0.8258579 0.6180709 0.7727864 -0.1441857 0.9971002 -0.05216073 -0.05541115 0.9983944 -0.05222982 -0.02192443 0.9988989 -0.02969276 -0.0363236 0 0.9994876 0.03201204 0 0.04573589 -0.9989537 -0.02863734 0.9972031 0.06903684 -1 0 0 0.03071528 0.1407777 0.9895647 0.9962332 -0.05520522 0.06687134 0.03260362 0.1474267 0.9885355 0 0.9989801 -0.04515254 -0.001024007 0.9989795 -0.04515516 -0.9997639 0 -0.02173495 -0.9984511 -0.05563908 0 0.9980486 -0.0384038 -0.04923701 0.9918625 0.06182277 -0.1112955 0.9577986 -0.2824695 -0.05322712 0.9758128 -0.2184948 0.007027447 0.05129414 0.07544189 0.99583 0 1 4.62716e-6 0 1 -1.1076e-5 -0.9958915 0.06743186 -0.06044226 -1.06141e-5 0 -1 0.01849418 0.9979643 0.0610345 -0.6711027 0.01253145 -0.7412585 0 -0.5462338 -0.8376328 -1.74795e-5 0 -1 0 -0.9992783 -0.03798884 -1.3064e-6 0 -1 -0.9681766 -0.2461836 -0.04503136 -0.1184421 -0.992961 0 0.2049281 -0.8727851 -0.443002 -0.2049086 0.8727282 -0.4431231 0.1185153 0.9929522 0 0 0.9992775 -0.03800916 0.9682259 0.2459963 -0.04499524 -0.1185032 -0.9929537 0 0.2048799 -0.8727831 -0.443028 -0.2048879 0.8727654 -0.4430592 0.1184875 0.9929556 0 1.33087e-5 0 1 -0.1321645 0.9912279 0 0.106159 -0.7031111 -0.7031111 0 -0.7071068 -0.7071068 1 5.34998e-6 0 -2.02108e-6 0 -1 -0.1959301 -0.9796649 -0.04322016 0 -1 -1.8248e-6</float_array>
          <technique_common>
            <accessor source="#shape0-mesh-normals-array" count="10879" stride="3">
              <param name="X" type="float"/>
              <param name="Y" type="float"/>
              <param name="Z" type="float"/>
            </accessor>
          </technique_common>
        </source>
        <vertices id="shape0-mesh-vertices">
          <input semantic="POSITION" source="#shape0-mesh-positions"/>
        </vertices>
        <triangles count="11999">
          <input semantic="VERTEX" source="#shape0-mesh-vertices" offset="0"/>
          <input semantic="NORMAL" source="#shape0-mesh-normals" offset="1"/>
          <p>0 0 16 0 15 0 0 1 15 1 1 1 0 2 159 2 16 2 159 3 3 3 16 3 0 4 1 4 4 4 5 5 161 5 4 5 4 6 161 6 6 6 7 7 5 7 4 7 1 8 7 8 4 8 9 9 10 9 41 9 40 10 41 10 12 10 13 11 40 11 12 11 14 12 41 12 10 12 41 13 14 13 12 13 8 14 14 14 10 14 17 15 8 15 10 15 8 16 15 16 14 16 15 17 8 17 1 17 13 18 12 18 16 18 12 19 14 19 16 19 15 20 16 20 14 20 1 21 17 21 2 21 8 22 17 22 1 22 20 23 19 23 18 23 20 24 22 24 23 24 20 25 21 25 22 25 19 26 20 26 23 26 19 27 23 27 31 27 25 28 22 28 39 28 23 29 22 29 30 29 30 30 22 30 24 30 25 31 24 31 22 31 26 32 25 32 39 32 27 33 25 33 26 33 28 34 31 34 25 34 28 35 25 35 29 35 29 36 25 36 27 36 25 37 30 37 24 37 25 38 31 38 30 38 35 39 33 39 64 39 26 40 36 40 35 40 37 41 29 41 38 41 29 42 34 42 38 42 36 43 38 43 34 43 36 44 34 44 35 44 37 45 31 45 28 45 28 46 29 46 37 46 9 47 36 47 26 47 26 48 39 48 9 48 39 31 22 31 21 31 9 49 39 49 11 49 39 50 21 50 11 50 36 51 40 51 38 51 13 52 38 52 40 52 37 53 13 53 18 53 37 54 38 54 13 54 18 55 19 55 37 55 40 56 36 56 41 56 9 57 41 57 36 57 37 58 19 58 31 58 32 59 35 59 34 59 29 60 32 60 34 60 44 61 71 61 27 61 27 62 43 62 44 62 88 63 71 63 45 63 44 61 45 61 71 61 88 64 3081 64 46 64 88 65 45 65 3081 65 44 61 50 61 47 61 48 66 50 66 44 66 44 67 49 67 48 67 43 68 49 68 44 68 44 69 47 69 45 69 52 70 51 70 53 70 51 71 47 71 53 71 55 72 54 72 53 72 53 73 50 73 55 73 55 74 50 74 117 74 117 75 50 75 116 75 50 61 59 61 116 61 57 76 42 76 61 76 43 77 42 77 57 77 57 78 58 78 43 78 43 79 58 79 49 79 50 61 48 61 59 61 49 80 59 80 48 80 60 81 59 81 49 81 60 31 58 31 56 31 49 31 58 31 60 31 57 82 56 82 58 82 62 83 92 83 61 83 63 84 62 84 61 84 63 85 65 85 62 85 66 86 63 86 61 86 64 87 66 87 61 87 32 88 68 88 33 88 68 89 69 89 67 89 32 90 69 90 68 90 67 91 69 91 74 91 74 92 66 92 67 92 70 93 86 93 29 93 29 94 27 94 70 94 70 95 71 95 72 95 70 96 27 96 71 96 69 97 87 97 73 97 87 98 75 98 73 98 73 99 75 99 65 99 73 100 65 100 63 100 74 101 69 101 73 101 73 102 63 102 74 102 74 103 63 103 66 103 65 104 75 104 62 104 79 105 90 105 97 105 75 106 82 106 62 106 89 107 81 107 78 107 89 108 78 108 84 108 83 109 89 109 84 109 78 110 77 110 84 110 84 111 77 111 76 111 85 112 83 112 86 112 83 113 84 113 87 113 87 114 76 114 82 114 84 115 76 115 87 115 83 116 87 116 69 116 86 117 83 117 69 117 85 118 86 118 70 118 85 119 70 119 72 119 87 120 82 120 75 120 72 121 71 121 88 121 85 122 72 122 88 122 85 123 88 123 46 123 90 124 1469 124 91 124 82 125 76 125 95 125 82 126 95 126 62 126 78 127 81 127 80 127 78 128 80 128 98 128 95 129 78 129 98 129 80 130 79 130 97 130 77 131 78 131 95 131 76 132 77 132 95 132 62 133 95 133 92 133 93 134 109 134 94 134 80 135 97 135 98 135 3079 136 95 136 1874 136 1874 137 1875 137 108 137 1874 138 108 138 3079 138 1875 139 3080 139 108 139 100 140 107 140 99 140 99 141 101 141 100 141 99 142 104 142 101 142 103 143 102 143 99 143 99 144 106 144 103 144 105 145 104 145 99 145 107 146 106 146 99 146 108 147 110 147 109 147 111 148 109 148 93 148 93 149 92 149 111 149 109 150 110 150 112 150 106 151 112 151 110 151 109 152 112 152 94 152 107 153 112 153 106 153 93 154 61 154 92 154 57 155 61 155 93 155 93 156 94 156 57 156 113 31 56 31 94 31 60 31 56 31 113 31 114 157 1259 157 113 157 113 158 112 158 114 158 1259 159 115 159 113 159 94 160 112 160 113 160 60 161 113 161 115 161 57 162 94 162 56 162 115 163 1259 163 1257 163 1257 164 59 164 115 164 115 165 59 165 60 165 54 166 117 166 118 166 53 167 54 167 118 167 53 168 118 168 52 168 118 169 1307 169 52 169 46 170 1307 170 119 170 52 171 1307 171 46 171 46 172 119 172 120 172 121 173 85 173 46 173 46 174 120 174 121 174 122 175 83 175 85 175 121 176 122 176 85 176 122 177 123 177 83 177 120 178 83 178 123 178 120 179 123 179 124 179 121 180 120 180 124 180 121 181 124 181 125 181 125 182 127 182 121 182 124 183 123 183 126 183 127 184 126 184 123 184 121 185 127 185 122 185 127 186 123 186 122 186 125 187 128 187 127 187 128 188 126 188 127 188 124 189 126 189 130 189 128 190 130 190 126 190 125 191 124 191 129 191 124 192 130 192 129 192 125 193 129 193 131 193 1045 194 129 194 130 194 128 195 131 195 158 195 1045 196 132 196 129 196 133 197 129 197 134 197 134 198 135 198 133 198 134 199 137 199 135 199 136 200 135 200 137 200 134 201 132 201 1048 201 1048 202 137 202 134 202 1048 203 1049 203 137 203 138 204 137 204 1049 204 144 205 824 205 139 205 140 206 139 206 824 206 142 61 140 61 823 61 141 207 142 207 823 207 142 208 143 208 140 208 143 209 139 209 140 209 144 210 139 210 145 210 145 211 139 211 147 211 146 212 145 212 148 212 1397 213 146 213 148 213 136 61 146 61 1397 61 1397 214 149 214 136 214 136 215 149 215 135 215 133 216 135 216 149 216 150 61 133 61 149 61 133 61 150 61 153 61 150 217 151 217 153 217 154 61 151 61 152 61 153 218 151 218 154 218 133 61 153 61 155 61 153 219 157 219 155 219 153 220 154 220 157 220 154 61 152 61 157 61 157 221 152 221 156 221 13 222 157 222 156 222 3 223 157 223 13 223 3 224 2232 224 157 224 159 225 158 225 3 225 3 226 158 226 2232 226 6 227 161 227 160 227 2 228 17 228 163 228 7 229 2 229 163 229 5 230 7 230 162 230 7 231 163 231 162 231 163 232 17 232 10 232 168 233 1027 233 167 233 167 234 1027 234 1028 234 167 235 1098 235 168 235 168 236 1098 236 169 236 169 237 170 237 168 237 1025 238 170 238 169 238 174 239 170 239 1025 239 170 240 172 240 171 240 170 241 173 241 172 241 174 242 173 242 170 242 173 243 177 243 172 243 177 244 171 244 172 244 175 245 171 245 176 245 178 246 180 246 177 246 180 247 176 247 177 247 181 248 176 248 180 248 175 249 176 249 181 249 168 250 175 250 181 250 168 251 181 251 182 251 184 252 1020 252 168 252 185 253 183 253 186 253 186 254 187 254 185 254 187 255 188 255 202 255 200 256 202 256 189 256 190 61 200 61 189 61 189 257 202 257 188 257 191 258 189 258 186 258 186 259 189 259 188 259 191 61 985 61 189 61 189 260 985 260 190 260 983 261 190 261 985 261 192 262 190 262 983 262 983 61 193 61 192 61 195 263 193 263 194 263 194 264 196 264 195 264 194 61 197 61 196 61 196 265 975 265 190 265 197 266 975 266 196 266 194 267 198 267 972 267 200 268 976 268 199 268 975 61 976 61 200 61 975 269 200 269 190 269 199 270 201 270 200 270 200 271 201 271 202 271 203 31 202 31 201 31 204 272 183 272 185 272 185 273 187 273 203 273 185 274 203 274 204 274 187 275 202 275 203 275 195 276 192 276 193 276 195 277 196 277 192 277 192 278 196 278 190 278 207 279 183 279 204 279 204 280 206 280 207 280 207 281 205 281 183 281 2239 282 250 282 205 282 207 283 209 283 2239 283 2239 284 205 284 207 284 207 285 206 285 209 285 206 31 208 31 209 31 209 286 208 286 2240 286 208 287 210 287 2240 287 208 288 211 288 210 288 211 289 212 289 210 289 214 290 213 290 216 290 216 291 215 291 214 291 230 292 217 292 216 292 216 293 2289 293 230 293 217 294 215 294 216 294 230 295 218 295 217 295 218 296 215 296 217 296 219 297 220 297 218 297 219 31 218 31 230 31 218 298 220 298 221 298 221 299 215 299 218 299 226 300 2740 300 230 300 2740 301 229 301 230 301 230 302 229 302 222 302 230 303 228 303 223 303 230 304 223 304 219 304 230 61 224 61 227 61 226 31 230 31 225 31 227 305 228 305 230 305 233 306 230 306 231 306 231 307 230 307 232 307 2680 308 232 308 230 308 270 309 230 309 233 309 2680 31 230 31 236 31 230 31 222 31 234 31 270 310 238 310 230 310 230 311 234 311 237 311 236 312 230 312 235 312 235 313 230 313 2962 313 2962 314 230 314 237 314 230 315 238 315 241 315 230 316 240 316 224 316 239 317 240 317 230 317 230 318 241 318 239 318 239 319 241 319 242 319 242 320 240 320 239 320 241 321 238 321 243 321 243 322 246 322 2243 322 244 323 2243 323 246 323 238 324 246 324 243 324 245 325 244 325 247 325 244 326 246 326 247 326 245 327 247 327 271 327 248 31 245 31 271 31 249 328 2242 328 248 328 2242 31 245 31 248 31 249 329 250 329 2239 329 2239 330 2242 330 249 330 249 331 2238 331 250 331 253 332 2238 332 252 332 252 333 254 333 253 333 255 31 254 31 256 31 252 334 256 334 254 334 279 335 258 335 257 335 257 336 260 336 259 336 259 337 279 337 257 337 256 31 260 31 257 31 261 31 263 31 262 31 231 338 266 338 267 338 267 339 268 339 231 339 267 340 269 340 268 340 266 341 269 341 267 341 270 342 268 342 269 342 246 343 238 343 264 343 270 344 264 344 238 344 266 345 270 345 269 345 265 346 264 346 270 346 266 347 265 347 270 347 246 348 264 348 263 348 247 349 246 349 263 349 248 350 271 350 260 350 249 351 248 351 272 351 248 352 260 352 256 352 272 353 248 353 256 353 252 354 2238 354 272 354 272 355 256 355 252 355 272 356 2238 356 249 356 271 357 261 357 260 357 271 358 247 358 261 358 247 359 263 359 261 359 231 360 268 360 233 360 233 361 268 361 270 361 265 362 266 362 231 362 265 363 232 363 274 363 231 364 232 364 265 364 273 365 264 365 265 365 265 366 274 366 273 366 262 367 275 367 276 367 261 368 262 368 276 368 260 369 261 369 276 369 260 370 276 370 259 370 262 371 273 371 275 371 278 372 277 372 276 372 276 373 277 373 279 373 276 374 279 374 259 374 350 375 277 375 278 375 350 376 278 376 3069 376 350 377 354 377 277 377 354 378 351 378 277 378 277 379 351 379 279 379 352 380 279 380 351 380 282 381 283 381 281 381 283 61 287 61 281 61 281 61 287 61 280 61 258 382 280 382 287 382 258 383 287 383 257 383 284 384 283 384 282 384 300 61 284 61 282 61 285 385 284 385 300 385 286 386 285 386 300 386 3077 387 285 387 286 387 255 388 256 388 257 388 257 389 287 389 255 389 255 390 287 390 288 390 283 391 288 391 287 391 255 392 288 392 289 392 288 61 283 61 290 61 290 393 289 393 288 393 253 394 289 394 290 394 253 395 254 395 289 395 286 396 294 396 293 396 293 397 294 397 295 397 293 398 297 398 286 398 2258 399 292 399 293 399 293 400 292 400 297 400 296 401 2258 401 293 401 3061 402 306 402 987 402 3061 403 298 403 306 403 3061 404 3060 404 298 404 295 405 294 405 299 405 282 406 281 406 301 406 282 407 301 407 302 407 300 61 282 61 302 61 295 408 299 408 305 408 305 409 306 409 295 409 300 61 302 61 303 61 305 61 299 61 304 61 300 410 304 410 299 410 303 411 304 411 300 411 306 412 307 412 987 412 305 413 307 413 306 413 305 61 304 61 308 61 317 414 307 414 305 414 305 415 308 415 317 415 310 416 311 416 313 416 312 417 313 417 311 417 309 418 310 418 319 418 314 419 309 419 319 419 317 420 318 420 307 420 987 421 307 421 318 421 303 422 309 422 314 422 314 423 308 423 303 423 318 424 974 424 987 424 317 425 974 425 318 425 320 426 313 426 321 426 315 427 321 427 313 427 322 428 321 428 315 428 315 429 335 429 322 429 969 430 323 430 333 430 333 431 324 431 969 431 326 432 327 432 2226 432 2226 433 325 433 326 433 325 434 328 434 329 434 326 435 325 435 329 435 329 436 328 436 330 436 328 437 324 437 330 437 330 61 324 61 331 61 333 61 323 61 334 61 323 438 335 438 334 438 334 439 336 439 337 439 338 61 334 61 337 61 333 440 334 440 338 440 338 441 340 441 331 441 338 442 331 442 333 442 330 61 331 61 340 61 339 443 330 443 342 443 330 444 340 444 342 444 337 445 336 445 355 445 338 446 348 446 340 446 341 447 348 447 338 447 338 61 337 61 341 61 342 448 340 448 348 448 342 61 348 61 344 61 343 449 342 449 344 449 343 450 344 450 347 450 343 451 346 451 345 451 347 61 346 61 343 61 347 452 344 452 356 452 344 61 349 61 356 61 281 453 280 453 301 453 352 454 351 454 312 454 312 455 280 455 352 455 312 456 311 456 280 456 353 457 351 457 354 457 341 458 353 458 354 458 341 61 354 61 350 61 341 459 349 459 348 459 350 460 349 460 341 460 344 61 348 61 349 61 353 461 355 461 351 461 337 462 355 462 353 462 341 61 337 61 353 61 301 463 311 463 310 463 302 464 310 464 309 464 302 465 301 465 310 465 303 61 302 61 309 61 303 466 308 466 304 466 312 467 351 467 355 467 301 61 280 61 311 61 356 468 349 468 3068 468 3069 469 3068 469 349 469 3069 470 349 470 350 470 356 471 3068 471 3067 471 357 472 356 472 3067 472 347 473 356 473 357 473 357 61 3065 61 347 61 347 61 3065 61 346 61 358 474 3073 474 2391 474 346 475 3073 475 358 475 346 476 358 476 345 476 359 477 358 477 2391 477 345 478 358 478 359 478 339 479 342 479 343 479 343 61 345 61 339 61 339 61 345 61 3075 61 345 480 360 480 3075 480 345 481 359 481 360 481 2391 482 360 482 359 482 2391 483 369 483 361 483 365 484 2672 484 364 484 364 485 361 485 365 485 365 486 367 486 2672 486 365 487 361 487 369 487 362 488 367 488 366 488 370 489 362 489 366 489 365 490 369 490 368 490 368 491 367 491 365 491 372 31 369 31 2391 31 368 492 369 492 372 492 366 493 367 493 371 493 370 494 366 494 371 494 370 495 371 495 381 495 2681 496 370 496 381 496 383 497 371 497 367 497 384 498 383 498 367 498 372 499 384 499 368 499 384 500 367 500 368 500 376 501 375 501 377 501 379 502 375 502 376 502 375 503 374 503 378 503 375 504 378 504 395 504 375 505 379 505 374 505 393 506 377 506 375 506 375 507 395 507 393 507 374 508 373 508 380 508 2680 509 380 509 373 509 374 510 380 510 378 510 382 511 380 511 2680 511 382 512 2681 512 390 512 2681 513 386 513 390 513 388 514 384 514 372 514 381 515 371 515 386 515 2681 516 381 516 386 516 386 517 371 517 385 517 383 518 385 518 371 518 2680 519 2681 519 382 519 2391 520 388 520 372 520 388 521 387 521 384 521 387 522 383 522 384 522 418 523 387 523 388 523 382 524 390 524 391 524 391 31 423 31 382 31 395 525 423 525 392 525 395 526 392 526 393 526 395 527 394 527 423 527 382 528 423 528 394 528 397 529 396 529 398 529 377 530 398 530 396 530 399 531 377 531 396 531 399 532 404 532 400 532 400 533 377 533 399 533 396 534 273 534 399 534 400 535 404 535 401 535 402 536 403 536 401 536 401 537 403 537 400 537 401 538 404 538 402 538 403 539 402 539 232 539 232 540 402 540 274 540 273 541 274 541 399 541 404 542 399 542 274 542 404 543 274 543 402 543 400 544 403 544 232 544 275 545 273 545 396 545 275 31 406 31 405 31 275 546 396 546 397 546 3070 547 405 547 406 547 3070 548 406 548 407 548 407 549 406 549 408 549 407 550 408 550 3064 550 3064 551 408 551 411 551 411 552 408 552 409 552 458 553 410 553 409 553 409 554 410 554 411 554 409 555 412 555 466 555 409 556 466 556 458 556 407 557 3064 557 3071 557 415 558 2657 558 414 558 414 559 418 559 2391 559 2391 560 417 560 414 560 416 561 418 561 414 561 414 562 2657 562 416 562 417 61 413 61 414 61 414 563 413 563 419 563 390 564 386 564 422 564 391 565 390 565 422 565 386 566 385 566 421 566 418 567 429 567 387 567 429 568 389 568 387 568 421 569 385 569 420 569 389 570 420 570 385 570 393 571 392 571 425 571 392 572 423 572 425 572 391 573 422 573 427 573 422 31 421 31 427 31 431 574 424 574 391 574 391 575 427 575 431 575 425 576 423 576 424 576 391 577 424 577 423 577 393 578 425 578 426 578 416 579 429 579 418 579 427 580 421 580 2654 580 421 581 420 581 2654 581 2654 582 420 582 2658 582 428 583 420 583 389 583 428 584 2658 584 420 584 389 585 429 585 428 585 428 586 429 586 2656 586 416 587 2656 587 429 587 431 588 430 588 433 588 431 589 433 589 436 589 427 590 2654 590 430 590 425 591 424 591 434 591 426 592 425 592 434 592 434 593 424 593 435 593 431 594 435 594 424 594 434 595 435 595 436 595 431 596 436 596 435 596 434 597 436 597 437 597 426 598 434 598 437 598 437 599 436 599 438 599 438 600 436 600 432 600 438 601 426 601 437 601 432 602 439 602 438 602 414 603 439 603 415 603 438 604 439 604 440 604 440 605 439 605 443 605 414 606 441 606 439 606 419 607 442 607 414 607 442 608 441 608 414 608 443 609 441 609 444 609 442 610 445 610 441 610 444 31 441 31 445 31 483 611 448 611 449 611 448 61 450 61 449 61 448 61 452 61 450 61 452 612 451 612 450 612 453 613 448 613 483 613 483 614 447 614 453 614 453 61 447 61 454 61 419 615 454 615 447 615 453 616 456 616 448 616 456 617 452 617 448 617 456 618 3071 618 452 618 3071 619 455 619 452 619 457 31 451 31 455 31 459 31 451 31 457 31 457 620 458 620 459 620 458 621 460 621 461 621 459 622 458 622 461 622 464 623 443 623 463 623 464 31 463 31 462 31 464 624 462 624 465 624 443 31 439 31 441 31 464 625 440 625 443 625 468 626 440 626 464 626 467 627 468 627 464 627 467 628 464 628 465 628 412 629 467 629 466 629 466 630 467 630 465 630 467 631 440 631 468 631 412 632 440 632 467 632 412 633 469 633 440 633 409 634 469 634 412 634 409 635 408 635 469 635 438 636 469 636 397 636 440 637 469 637 438 637 275 638 397 638 469 638 469 639 408 639 275 639 408 640 406 640 275 640 458 31 466 31 460 31 466 641 465 641 460 641 460 642 465 642 462 642 463 643 443 643 444 643 470 644 462 644 472 644 472 31 462 31 463 31 471 645 473 645 475 645 473 646 474 646 475 646 476 647 475 647 474 647 477 648 475 648 476 648 477 649 478 649 475 649 479 650 478 650 477 650 481 651 479 651 480 651 478 652 479 652 481 652 471 653 478 653 482 653 478 654 481 654 482 654 481 655 480 655 450 655 471 656 482 656 459 656 482 657 481 657 459 657 459 658 481 658 451 658 459 659 461 659 471 659 446 660 447 660 1674 660 483 61 1674 61 447 61 446 661 1674 661 1673 661 484 61 1674 61 483 61 483 662 449 662 484 662 480 663 477 663 486 663 449 664 480 664 485 664 484 665 449 665 485 665 485 666 480 666 1670 666 480 667 486 667 1670 667 486 668 476 668 487 668 476 669 474 669 487 669 487 670 474 670 488 670 473 671 488 671 474 671 471 672 490 672 489 672 489 673 473 673 471 673 471 674 470 674 490 674 470 675 472 675 490 675 1635 676 472 676 463 676 1652 31 472 31 1635 31 490 677 472 677 1652 677 489 678 491 678 473 678 492 679 473 679 491 679 493 680 491 680 489 680 489 681 490 681 493 681 493 682 490 682 494 682 492 683 491 683 495 683 1648 684 497 684 496 684 496 685 492 685 495 685 496 686 505 686 498 686 496 687 498 687 499 687 496 688 499 688 507 688 496 689 497 689 500 689 500 690 501 690 496 690 501 691 502 691 496 691 496 692 502 692 503 692 503 693 504 693 496 693 504 694 505 694 496 694 492 695 496 695 506 695 496 696 508 696 506 696 507 697 508 697 496 697 508 698 507 698 518 698 510 699 509 699 511 699 509 700 506 700 511 700 512 701 564 701 518 701 518 702 564 702 508 702 568 703 512 703 513 703 512 704 518 704 513 704 568 705 513 705 515 705 514 706 568 706 515 706 514 707 515 707 516 707 516 708 515 708 513 708 516 709 513 709 547 709 517 61 523 61 513 61 547 710 513 710 523 710 518 711 517 711 513 711 521 61 523 61 517 61 521 712 517 712 519 712 519 713 517 713 520 713 521 714 522 714 523 714 518 715 520 715 517 715 526 716 520 716 527 716 527 717 520 717 507 717 518 718 507 718 520 718 528 719 526 719 527 719 519 720 526 720 528 720 528 721 525 721 519 721 519 722 525 722 524 722 2180 723 524 723 525 723 529 724 525 724 536 724 2265 725 533 725 2264 725 2264 726 533 726 530 726 537 727 1526 727 536 727 533 728 534 728 538 728 535 729 538 729 534 729 533 730 538 730 2184 730 532 731 533 731 2184 731 530 732 532 732 539 732 539 733 540 733 2261 733 532 734 541 734 539 734 539 735 541 735 540 735 543 736 540 736 541 736 532 737 542 737 541 737 543 738 541 738 519 738 519 739 524 739 543 739 542 740 521 740 541 740 519 741 541 741 521 741 544 742 546 742 545 742 544 743 545 743 548 743 545 744 547 744 548 744 549 745 547 745 545 745 545 746 550 746 549 746 551 747 550 747 545 747 553 748 555 748 552 748 552 749 555 749 554 749 558 750 557 750 573 750 573 751 559 751 558 751 559 752 560 752 562 752 560 61 561 61 562 61 570 753 561 753 563 753 570 754 564 754 561 754 562 755 561 755 564 755 565 756 553 756 556 756 556 757 557 757 565 757 565 758 3052 758 553 758 555 759 553 759 3052 759 565 760 557 760 550 760 567 761 550 761 557 761 568 762 562 762 512 762 562 61 564 61 512 61 570 763 569 763 508 763 508 764 564 764 570 764 511 765 506 765 569 765 508 766 569 766 506 766 577 767 511 767 572 767 571 61 511 61 577 61 511 768 569 768 572 768 563 61 569 61 570 61 563 769 575 769 569 769 572 770 569 770 575 770 1531 771 560 771 559 771 573 772 1531 772 559 772 573 773 557 773 574 773 556 774 574 774 557 774 572 775 575 775 576 775 1660 776 579 776 580 776 580 777 581 777 1660 777 582 778 1659 778 590 778 1659 779 583 779 590 779 1659 780 581 780 583 780 580 781 583 781 581 781 578 782 577 782 588 782 577 783 576 783 588 783 578 784 588 784 598 784 576 785 575 785 584 785 563 786 584 786 575 786 563 787 585 787 586 787 586 61 584 61 563 61 592 788 591 788 582 788 1658 789 591 789 1754 789 592 790 1754 790 591 790 582 791 590 791 592 791 590 61 593 61 592 61 592 792 593 792 1760 792 593 793 594 793 1760 793 594 61 595 61 596 61 595 794 597 794 596 794 597 795 598 795 599 795 598 796 600 796 599 796 599 797 600 797 601 797 600 798 1533 798 601 798 601 61 1533 61 602 61 597 799 599 799 603 799 599 800 601 800 1555 800 603 801 599 801 1555 801 596 802 603 802 604 802 1761 803 596 803 604 803 1761 804 604 804 1556 804 605 805 1761 805 1556 805 647 806 607 806 606 806 647 807 606 807 609 807 609 808 1556 808 654 808 653 809 3051 809 615 809 616 810 615 810 3051 810 616 31 3051 31 617 31 617 811 618 811 616 811 617 812 642 812 618 812 642 813 619 813 618 813 661 814 619 814 640 814 620 61 661 61 640 61 622 61 621 61 623 61 649 815 623 815 624 815 648 816 649 816 624 816 648 817 624 817 1928 817 625 818 648 818 1928 818 626 819 648 819 625 819 625 820 627 820 626 820 626 821 627 821 647 821 627 822 628 822 647 822 1836 823 645 823 630 823 632 824 631 824 634 824 631 825 645 825 634 825 632 826 634 826 635 826 634 827 645 827 1833 827 1836 828 1833 828 645 828 627 829 1935 829 628 829 1935 830 629 830 628 830 1931 831 636 831 646 831 646 832 637 832 1931 832 646 833 636 833 651 833 630 834 651 834 636 834 630 835 636 835 1836 835 624 836 623 836 1927 836 623 61 638 61 1927 61 638 837 620 837 639 837 620 838 640 838 639 838 1937 839 642 839 617 839 644 840 633 840 617 840 643 841 1937 841 617 841 617 842 633 842 643 842 631 843 652 843 645 843 630 844 645 844 652 844 646 845 650 845 637 845 629 846 637 846 650 846 610 847 629 847 608 847 629 848 650 848 608 848 628 849 629 849 610 849 647 850 628 850 610 850 649 851 622 851 623 851 646 31 651 31 611 31 632 852 614 852 631 852 614 853 652 853 631 853 612 854 611 854 651 854 626 855 647 855 609 855 1556 856 655 856 654 856 657 857 658 857 659 857 659 858 658 858 660 858 659 61 660 61 661 61 657 859 659 859 621 859 656 860 657 860 621 860 656 861 621 861 622 861 660 862 619 862 661 862 660 863 662 863 619 863 618 864 619 864 662 864 663 865 618 865 662 865 614 866 664 866 1748 866 1748 867 613 867 614 867 614 31 653 31 664 31 666 31 1945 31 616 31 616 868 1945 868 615 868 616 869 663 869 666 869 666 870 663 870 1947 870 662 871 1947 871 663 871 671 872 1548 872 668 872 1548 873 1546 873 668 873 667 874 668 874 1708 874 668 875 672 875 670 875 2159 876 673 876 668 876 667 877 671 877 668 877 1708 878 668 878 675 878 668 879 670 879 675 879 673 880 672 880 668 880 668 881 669 881 2159 881 1734 882 672 882 673 882 672 31 673 31 692 31 677 883 673 883 672 883 1734 884 670 884 672 884 1734 885 675 885 670 885 1734 886 676 886 675 886 692 887 676 887 675 887 1708 888 675 888 676 888 676 889 677 889 675 889 1081 890 678 890 679 890 678 891 1950 891 679 891 678 892 1727 892 1950 892 677 893 1727 893 678 893 682 894 681 894 678 894 678 895 680 895 677 895 678 896 681 896 680 896 678 31 701 31 683 31 1081 897 3050 897 678 897 678 898 3050 898 684 898 684 899 685 899 678 899 678 900 685 900 701 900 686 901 684 901 3050 901 692 902 686 902 690 902 686 903 3050 903 690 903 692 904 690 904 687 904 687 61 691 61 688 61 690 905 689 905 687 905 687 906 689 906 691 906 691 907 693 907 694 907 688 908 691 908 694 908 694 909 693 909 695 909 1081 910 695 910 693 910 695 911 696 911 694 911 688 912 694 912 696 912 697 913 696 913 695 913 697 914 698 914 696 914 688 915 696 915 698 915 1081 916 699 916 697 916 699 917 698 917 697 917 699 918 700 918 698 918 683 919 699 919 1081 919 701 920 699 920 683 920 700 921 699 921 701 921 700 61 692 61 688 61 700 922 701 922 702 922 692 923 700 923 702 923 702 924 701 924 685 924 692 925 702 925 703 925 702 926 685 926 703 926 703 927 685 927 684 927 692 928 703 928 686 928 703 929 684 929 686 929 688 930 698 930 700 930 708 931 688 931 704 931 688 932 692 932 704 932 707 933 706 933 688 933 688 934 706 934 705 934 707 935 688 935 708 935 708 936 714 936 709 936 708 937 1124 937 2000 937 708 938 710 938 1124 938 708 61 725 61 710 61 757 939 708 939 2000 939 757 940 742 940 708 940 711 941 724 941 708 941 708 942 712 942 717 942 726 61 712 61 708 61 713 61 714 61 708 61 708 943 724 943 713 943 708 944 709 944 715 944 708 945 715 945 725 945 716 61 711 61 708 61 717 946 716 946 708 946 708 947 718 947 726 947 708 948 727 948 718 948 708 949 720 949 719 949 721 61 720 61 708 61 708 950 728 950 721 950 742 951 722 951 708 951 708 952 722 952 723 952 704 953 728 953 708 953 719 61 727 61 708 61 723 954 707 954 708 954 723 955 729 955 707 955 730 956 729 956 1081 956 707 957 729 957 730 957 707 958 730 958 706 958 683 959 730 959 1081 959 731 960 730 960 683 960 706 961 730 961 731 961 706 962 731 962 705 962 683 963 732 963 731 963 705 964 731 964 732 964 705 965 732 965 733 965 705 966 733 966 734 966 688 967 705 967 734 967 734 968 733 968 735 968 734 969 735 969 736 969 736 970 688 970 734 970 688 971 736 971 757 971 736 972 735 972 737 972 736 973 737 973 738 973 738 974 737 974 739 974 739 975 740 975 738 975 738 976 740 976 757 976 741 977 740 977 739 977 741 978 742 978 740 978 743 979 741 979 1081 979 743 980 742 980 741 980 743 981 722 981 742 981 744 982 722 982 743 982 1081 983 744 983 743 983 744 984 723 984 722 984 723 985 744 985 729 985 1081 986 729 986 744 986 740 987 742 987 757 987 1081 988 741 988 739 988 1081 989 739 989 737 989 757 990 736 990 738 990 1081 991 746 991 745 991 1081 992 747 992 746 992 2000 993 745 993 748 993 2000 61 748 61 757 61 746 994 748 994 745 994 746 995 749 995 748 995 757 996 748 996 749 996 747 997 749 997 746 997 757 61 749 61 750 61 757 998 750 998 755 998 757 999 751 999 688 999 1081 1000 751 1000 747 1000 688 1001 751 1001 1081 1001 752 31 753 31 751 31 751 1002 753 1002 747 1002 747 1003 750 1003 749 1003 753 1004 750 1004 747 1004 752 1005 750 1005 753 1005 752 1006 755 1006 750 1006 752 31 751 31 754 31 754 1007 755 1007 752 1007 754 1008 756 1008 755 1008 755 61 756 61 757 61 754 1009 757 1009 756 1009 751 1010 757 1010 754 1010 1081 1011 745 1011 781 1011 745 1012 758 1012 781 1012 1985 1013 759 1013 745 1013 745 1014 759 1014 758 1014 2000 1015 1985 1015 745 1015 758 1016 761 1016 760 1016 763 1017 760 1017 761 1017 2000 1018 760 1018 761 1018 761 31 760 31 762 31 763 1019 761 1019 764 1019 762 1020 765 1020 764 1020 758 1021 765 1021 764 1021 763 1022 764 1022 765 1022 2000 1023 764 1023 765 1023 766 31 765 31 762 31 763 1024 765 1024 766 1024 758 1025 766 1025 765 1025 2000 1026 765 1026 766 1026 763 1027 766 1027 767 1027 762 1028 767 1028 766 1028 758 1029 767 1029 766 1029 766 1030 767 1030 2000 1030 762 1031 769 1031 767 1031 771 1032 770 1032 772 1032 768 1033 772 1033 770 1033 778 31 772 31 768 31 762 1034 778 1034 768 1034 773 1035 778 1035 762 1035 762 1036 774 1036 773 1036 762 1037 760 1037 774 1037 758 1038 760 1038 774 1038 1145 1039 774 1039 760 1039 774 1040 760 1040 2000 1040 1145 1041 775 1041 774 1041 773 1042 774 1042 775 1042 775 1043 781 1043 774 1043 775 61 774 61 2000 61 774 1044 781 1044 758 1044 1145 1045 776 1045 775 1045 776 31 777 31 773 31 773 1046 779 1046 780 1046 773 1047 777 1047 779 1047 780 1048 781 1048 779 1048 2000 1049 780 1049 779 1049 1145 1050 780 1050 779 1050 1145 1051 779 1051 777 1051 1145 1052 777 1052 776 1052 782 61 780 61 2000 61 1145 1053 782 1053 780 1053 782 1054 781 1054 780 1054 780 31 782 31 773 31 773 1055 783 1055 778 1055 783 31 784 31 778 31 771 1056 784 1056 785 1056 785 1057 2072 1057 771 1057 785 1058 786 1058 2072 1058 1135 1059 783 1059 773 1059 773 1060 788 1060 1135 1060 787 31 788 31 773 31 773 1061 782 1061 787 1061 1145 1062 788 1062 787 1062 788 1063 781 1063 787 1063 2000 1064 788 1064 787 1064 1145 1065 789 1065 788 1065 1145 1066 790 1066 789 1066 1135 1067 789 1067 790 1067 2000 1068 790 1068 789 1068 790 1069 781 1069 789 1069 789 1070 781 1070 788 1070 783 31 791 31 784 31 785 1071 784 1071 791 1071 793 1072 1153 1072 1154 1072 793 1073 1154 1073 792 1073 792 1074 795 1074 794 1074 794 1075 2072 1075 792 1075 792 1076 1154 1076 795 1076 792 1077 2072 1077 786 1077 796 1078 794 1078 795 1078 798 1079 1173 1079 799 1079 799 1080 797 1080 798 1080 799 1081 1173 1081 1176 1081 799 1082 800 1082 797 1082 796 1083 797 1083 800 1083 801 1084 800 1084 799 1084 799 1085 1176 1085 801 1085 801 1086 1176 1086 802 1086 804 1087 803 1087 1176 1087 1176 1088 803 1088 802 1088 805 1089 804 1089 1390 1089 805 1090 803 1090 804 1090 1390 1091 806 1091 805 1091 1390 61 1386 61 806 61 807 1092 806 1092 1386 1092 809 1093 806 1093 807 1093 808 1094 809 1094 807 1094 3047 1095 803 1095 805 1095 805 1096 806 1096 3047 1096 3047 1097 802 1097 803 1097 808 1098 810 1098 811 1098 811 61 809 61 808 61 810 1099 1395 1099 141 1099 811 1100 810 1100 813 1100 810 1101 141 1101 813 1101 811 1102 1050 1102 812 1102 1050 1103 814 1103 812 1103 817 1104 816 1104 815 1104 817 1105 818 1105 816 1105 801 1106 816 1106 818 1106 819 1107 834 1107 1051 1107 817 1108 1051 1108 834 1108 835 61 819 61 820 61 820 1109 821 1109 835 1109 835 1110 821 1110 833 1110 821 1111 822 1111 833 1111 822 1112 823 1112 832 1112 823 1113 831 1113 832 1113 827 1114 865 1114 826 1114 865 1115 825 1115 826 1115 831 1116 824 1116 3045 1116 832 1117 831 1117 3045 1117 822 1118 832 1118 837 1118 817 61 834 61 838 61 838 1119 818 1119 817 1119 833 1120 822 1120 837 1120 835 1121 846 1121 819 1121 835 1122 833 1122 836 1122 833 61 837 61 836 61 846 1123 848 1123 834 1123 838 1124 834 1124 848 1124 840 1125 854 1125 841 1125 840 1126 839 1126 843 1126 842 1127 843 1127 839 1127 844 1128 843 1128 842 1128 842 61 845 61 844 61 846 1129 845 1129 848 1129 847 1130 846 1130 835 1130 835 1131 836 1131 847 1131 849 1132 3046 1132 850 1132 836 1133 849 1133 851 1133 847 1134 851 1134 852 1134 852 61 853 61 847 61 847 1135 853 1135 846 1135 847 1136 836 1136 851 1136 853 1137 845 1137 846 1137 879 1138 854 1138 840 1138 840 61 855 61 879 61 840 1139 843 1139 855 1139 856 1140 855 1140 843 1140 844 1141 845 1141 856 1141 856 1142 843 1142 844 1142 856 1143 845 1143 857 1143 875 1144 845 1144 853 1144 875 1145 857 1145 845 1145 851 1146 849 1146 858 1146 849 1147 850 1147 858 1147 870 1148 860 1148 861 1148 862 1149 861 1149 863 1149 862 1150 870 1150 861 1150 860 1151 859 1151 3044 1151 872 1152 3044 1152 859 1152 860 1153 3044 1153 864 1153 3045 1154 3044 1154 872 1154 863 61 865 61 827 61 827 1155 828 1155 863 1155 867 1156 866 1156 828 1156 867 1157 830 1157 868 1157 868 1158 866 1158 867 1158 863 1159 861 1159 865 1159 861 1160 860 1160 864 1160 861 1161 864 1161 865 1161 863 1162 866 1162 862 1162 868 1163 869 1163 866 1163 868 1164 1047 1164 1056 1164 870 1165 871 1165 860 1165 871 61 2207 61 859 61 871 61 859 61 860 61 872 1166 859 1166 2207 1166 858 1167 873 1167 2206 1167 851 61 858 61 2209 61 872 1168 873 1168 850 1168 858 1169 850 1169 873 1169 862 1170 866 1170 869 1170 852 1171 2209 1171 874 1171 875 61 852 61 874 61 852 1172 851 1172 2209 1172 856 1173 857 1173 876 1173 877 1174 876 1174 857 1174 878 1175 855 1175 856 1175 879 1176 915 1176 854 1176 915 1177 880 1177 854 1177 854 1178 880 1178 881 1178 882 1179 881 1179 880 1179 883 1180 2048 1180 882 1180 883 1181 884 1181 2048 1181 884 1182 891 1182 885 1182 891 1183 2046 1183 885 1183 888 1184 886 1184 887 1184 886 1185 2046 1185 889 1185 886 1186 889 1186 887 1186 889 1187 2046 1187 890 1187 891 1188 890 1188 2046 1188 883 1189 892 1189 884 1189 892 31 891 31 884 31 892 1190 898 1190 891 1190 895 1191 892 1191 883 1191 897 1192 898 1192 892 1192 895 1193 897 1193 892 1193 893 1194 880 1194 894 1194 893 1195 894 1195 896 1195 896 31 895 31 893 31 901 1196 900 1196 931 1196 931 1197 902 1197 901 1197 903 61 909 61 904 61 909 1198 902 1198 904 1198 912 1199 905 1199 906 1199 903 1200 905 1200 908 1200 912 61 907 61 905 61 908 1201 905 1201 907 1201 908 61 909 61 903 61 909 1202 910 1202 902 1202 901 61 902 61 910 61 899 31 900 31 911 31 901 1203 911 1203 900 1203 899 31 911 31 890 31 898 1204 899 1204 890 1204 2208 1205 911 1205 901 1205 901 1206 910 1206 2208 1206 914 61 913 61 917 61 914 1207 916 1207 915 1207 916 31 894 31 915 31 906 1208 917 1208 912 1208 906 1209 918 1209 917 1209 914 1210 917 1210 918 1210 903 1211 919 1211 905 1211 906 61 905 61 919 61 914 1212 918 1212 920 1212 2332 61 918 61 2364 61 2332 61 920 61 918 61 923 31 925 31 924 31 925 1213 926 1213 924 1213 926 1214 927 1214 928 1214 924 1215 926 1215 929 1215 926 31 928 31 929 31 903 1216 904 1216 933 1216 933 1217 919 1217 903 1217 906 1218 919 1218 3043 1218 933 61 904 61 935 61 932 1219 935 1219 904 1219 946 1220 932 1220 931 1220 946 61 934 61 932 61 934 1221 935 1221 932 1221 936 1222 933 1222 948 1222 933 1223 935 1223 948 1223 927 1224 938 1224 939 1224 938 1225 937 1225 939 1225 927 1226 939 1226 928 1226 939 1227 937 1227 930 1227 946 1228 930 1228 937 1228 931 1229 930 1229 946 1229 940 1230 927 1230 926 1230 941 1231 940 1231 925 1231 925 1232 940 1232 926 1232 923 1233 941 1233 925 1233 923 1234 922 1234 942 1234 923 31 942 31 941 31 941 1235 942 1235 940 1235 940 1236 943 1236 944 1236 940 1237 942 1237 943 1237 944 1238 927 1238 940 1238 944 1239 952 1239 938 1239 944 1240 938 1240 927 1240 952 1241 945 1241 938 1241 946 1242 937 1242 945 1242 938 1243 945 1243 937 1243 934 1244 947 1244 935 1244 948 61 947 61 949 61 950 1245 948 1245 949 1245 951 61 954 61 934 61 954 1246 947 1246 934 1246 951 1247 945 1247 2271 1247 2271 1248 954 1248 951 1248 954 1249 955 1249 947 1249 956 61 947 61 955 61 953 1250 949 1250 956 1250 949 61 947 61 956 61 957 61 953 61 958 61 953 1251 956 1251 958 1251 958 1252 956 1252 959 1252 956 61 955 61 959 61 960 1253 965 1253 961 1253 2364 1254 961 1254 965 1254 2364 1255 964 1255 962 1255 962 1256 963 1256 2364 1256 2391 1257 2364 1257 965 1257 2364 1258 2407 1258 964 1258 957 1259 958 1259 960 1259 960 1260 961 1260 957 1260 969 1261 966 1261 967 1261 967 1262 968 1262 969 1262 977 1263 321 1263 322 1263 322 1264 970 1264 977 1264 977 1265 976 1265 321 1265 2224 1266 321 1266 976 1266 973 1267 979 1267 974 1267 2223 1268 971 1268 194 1268 194 1269 972 1269 2223 1269 971 1270 2224 1270 975 1270 971 1271 975 1271 197 1271 194 61 971 61 197 61 2224 61 976 61 975 61 973 1272 972 1272 978 1272 978 1273 979 1273 973 1273 979 1274 2222 1274 980 1274 980 1275 974 1275 979 1275 978 1276 2222 1276 979 1276 978 1277 972 1277 198 1277 981 1278 2222 1278 978 1278 978 1279 198 1279 981 1279 982 61 2233 61 981 61 2233 1280 2220 1280 981 1280 983 61 982 61 981 61 981 1281 198 1281 193 1281 193 1282 983 1282 981 1282 982 1283 984 1283 986 1283 191 61 986 61 984 61 982 1284 985 1284 984 1284 191 1285 984 1285 985 1285 983 1286 985 1286 982 1286 184 1287 168 1287 186 1287 168 1288 182 1288 186 1288 182 61 986 61 191 61 186 1289 182 1289 191 1289 2233 1290 1011 1290 2220 1290 1011 1291 980 1291 2220 1291 987 1292 988 1292 989 1292 991 1293 994 1293 996 1293 996 1294 994 1294 995 1294 996 1295 995 1295 999 1295 999 1296 992 1296 996 1296 993 1297 997 1297 998 1297 992 1298 999 1298 1000 1298 997 1299 992 1299 2266 1299 999 1300 1001 1300 1000 1300 1002 1301 1003 1301 2235 1301 1005 1302 1006 1302 184 1302 1007 1303 1008 1303 1017 1303 1017 1304 1004 1304 1007 1304 1007 1305 1004 1305 1003 1305 1007 1306 1003 1306 1009 1306 1009 1307 1003 1307 1002 1307 1002 1308 988 1308 1010 1308 991 1309 990 1309 994 1309 1010 1310 987 1310 980 1310 1010 1311 988 1311 987 1311 980 1312 1011 1312 1012 1312 980 1313 1012 1313 1008 1313 1008 1314 1010 1314 980 1314 1009 1315 1010 1315 1008 1315 1009 1316 1002 1316 1010 1316 1008 1317 1007 1317 1009 1317 1008 1318 1012 1318 1014 1318 1013 1319 1014 1319 1012 1319 1015 1320 1014 1320 1013 1320 1013 1321 2234 1321 986 1321 1013 1322 986 1322 1015 1322 1015 1323 182 1323 1016 1323 1015 1324 986 1324 182 1324 1006 1325 1005 1325 1018 1325 1018 1326 1005 1326 1017 1326 1018 1327 1008 1327 1019 1327 1017 1328 1008 1328 1018 1328 1021 1329 1020 1329 1019 1329 1015 1330 1021 1330 1014 1330 1021 1331 1019 1331 1014 1331 1018 1332 1020 1332 1006 1332 1006 1333 1020 1333 184 1333 1021 1334 1022 1334 1020 1334 1020 1335 1022 1335 168 1335 179 1336 1021 1336 1015 1336 179 1337 178 1337 173 1337 1023 1338 1021 1338 179 1338 168 1339 1022 1339 1024 1339 1022 1340 1021 1340 1024 1340 1024 1341 1021 1341 1023 1341 174 1342 1023 1342 179 1342 174 1343 1025 1343 1023 1343 179 1344 173 1344 174 1344 1028 1345 1027 1345 1035 1345 1031 1346 1029 1346 167 1346 1032 1347 1031 1347 1030 1347 1034 1348 1033 1348 1026 1348 1026 1349 1033 1349 1035 1349 1025 1350 1034 1350 1026 1350 1035 1351 1036 1351 1028 1351 1036 1352 1035 1352 1033 1352 1030 1353 1031 1353 167 1353 1032 1354 1030 1354 1036 1354 1033 1355 1032 1355 1036 1355 1036 1356 1030 1356 1028 1356 1028 1357 1030 1357 167 1357 1032 1358 1033 1358 2231 1358 2231 1359 1031 1359 1032 1359 1029 1360 1031 1360 2231 1360 161 1361 162 1361 1040 1361 167 1362 1029 1362 1041 1362 1038 1363 1040 1363 164 1363 1037 1364 164 1364 166 1364 1042 1365 1037 1365 166 1365 166 1366 164 1366 165 1366 1041 1367 1042 1367 166 1367 1029 1368 1042 1368 1041 1368 160 1369 1040 1369 1038 1369 2230 1370 1039 1370 1037 1370 2230 1371 1033 1371 1043 1371 1044 1372 1039 1372 2230 1372 2230 1373 1043 1373 1044 1373 1044 1374 1038 1374 1039 1374 160 1375 1038 1375 1044 1375 1045 1376 158 1376 159 1376 0 1377 6 1377 1045 1377 1045 1378 159 1378 0 1378 6 1379 160 1379 1044 1379 1045 1380 6 1380 1044 1380 133 1381 155 1381 158 1381 1045 1382 1044 1382 132 1382 1046 1383 132 1383 1044 1383 1044 1384 1043 1384 1047 1384 1044 1385 1047 1385 830 1385 1046 1386 1044 1386 830 1386 1048 1387 1046 1387 829 1387 829 61 1049 61 1048 61 827 1388 1049 1388 828 1388 829 1389 828 1389 1049 1389 827 61 826 61 138 61 138 1390 826 1390 3078 1390 826 1391 825 1391 3078 1391 141 1392 823 1392 822 1392 823 1393 140 1393 831 1393 815 1394 1051 1394 817 1394 819 1395 1051 1395 1050 1395 820 1396 819 1396 1050 1396 821 61 141 61 822 61 815 1397 814 1397 1051 1397 1050 1398 1051 1398 814 1398 820 61 1050 61 811 61 811 1399 813 1399 820 1399 820 1400 813 1400 821 1400 813 61 141 61 821 61 140 1401 824 1401 831 1401 3078 1402 825 1402 144 1402 825 1403 824 1403 144 1403 1048 1404 132 1404 1046 1404 138 1405 1049 1405 827 1405 1052 1406 1053 1406 1055 1406 1047 31 1043 31 1056 31 1057 1407 869 1407 868 1407 868 1408 1056 1408 1057 1408 862 1409 869 1409 1058 1409 1057 1410 1058 1410 869 1410 862 1411 1058 1411 1059 1411 1055 1412 1058 1412 1057 1412 1059 1413 1058 1413 1055 1413 1055 1414 1060 1414 1059 1414 1060 1415 1061 1415 1059 1415 1061 1416 1062 1416 1059 1416 1059 1417 1062 1417 862 1417 1062 1418 1092 1418 862 1418 1063 1419 2207 1419 1097 1419 1097 1420 1064 1420 1063 1420 1089 1421 1064 1421 1098 1421 1098 1422 1041 1422 1089 1422 1089 1423 1041 1423 166 1423 1065 1424 2205 1424 1063 1424 887 1425 1065 1425 1063 1425 1066 1426 1078 1426 1063 1426 1063 1427 1067 1427 1072 1427 1063 1428 1068 1428 1079 1428 1063 1429 1074 1429 1071 1429 1063 1430 1076 1430 1069 1430 1070 1431 1076 1431 1063 1431 1063 1432 1077 1432 1070 1432 1071 31 1067 31 1063 31 1063 1433 1072 1433 1073 1433 1063 1434 1073 1434 1068 1434 1063 1435 1075 1435 1074 1435 1063 1436 1069 1436 1075 1436 1063 1437 1078 1437 1077 1437 1064 31 1066 31 1063 31 1063 31 1079 31 887 31 2082 1438 1079 1438 1084 1438 1084 1439 1079 1439 1068 1439 704 1440 1079 1440 1068 1440 704 1441 1080 1441 1079 1441 1079 1442 2089 1442 1068 1442 1080 1443 2089 1443 1079 1443 887 1444 1079 1444 1080 1444 2082 1445 1080 1445 1079 1445 1068 1446 2089 1446 1073 1446 1073 1447 2089 1447 1072 1447 1072 1448 2089 1448 1067 1448 1067 1449 2089 1449 1071 1449 1071 1450 2089 1450 1074 1450 1082 1451 2089 1451 1081 1451 1075 1452 2089 1452 1082 1452 1074 1453 2089 1453 1075 1453 1075 1454 1082 1454 1069 1454 1069 1455 1082 1455 1076 1455 1076 1456 1082 1456 1070 1456 1070 1457 1082 1457 1077 1457 1077 1458 1082 1458 1078 1458 1078 1459 1082 1459 1083 1459 1083 1460 1084 1460 1078 1460 1078 31 1066 31 1083 31 704 1461 1078 1461 1083 1461 1085 1462 1084 1462 1083 1462 704 1463 1083 1463 1085 1463 1083 1464 1082 1464 1085 1464 1066 1465 1085 1465 1083 1465 1085 1466 1082 1466 1086 1466 1086 1467 1084 1467 1085 1467 704 1468 1085 1468 1086 1468 1066 1469 1086 1469 1085 1469 704 1470 1086 1470 1087 1470 1086 1471 1082 1471 1087 1471 1087 1472 1084 1472 1086 1472 1066 1473 1087 1473 1086 1473 1088 1474 1084 1474 1087 1474 1087 1475 1082 1475 1088 1475 704 1476 1087 1476 1088 1476 1110 1477 1088 1477 1087 1477 1110 31 1087 31 1066 31 1090 1478 1110 1478 1066 1478 1089 1479 166 1479 1090 1479 1090 1480 1066 1480 1089 1480 1092 1481 1062 1481 1061 1481 1060 1482 1094 1482 1061 1482 1061 1483 1094 1483 1091 1483 1061 1484 1091 1484 1092 1484 1093 61 1091 61 1094 61 1093 61 1094 61 1095 61 1093 1485 1097 1485 1096 1485 1096 1486 1091 1486 1093 1486 1098 1487 1097 1487 1093 1487 1093 1488 1095 1488 169 1488 169 1489 1098 1489 1093 1489 1053 1490 1054 1490 1095 1490 169 1491 1095 1491 1054 1491 1053 1492 1095 1492 1099 1492 1055 1493 1053 1493 1099 1493 1099 1494 1095 1494 1094 1494 1055 1495 1099 1495 1060 1495 1099 1496 1094 1496 1060 1496 1098 1497 1064 1497 1100 1497 1097 1498 1100 1498 1064 1498 1097 1499 2207 1499 1096 1499 1096 61 2207 61 1091 61 1098 1500 167 1500 1041 1500 1098 1501 1100 1501 1097 1501 1101 1502 1403 1502 1102 1502 1101 1503 1102 1503 1104 1503 1104 1504 162 1504 1101 1504 1104 1505 1102 1505 1107 1505 1104 1506 165 1506 162 1506 1040 1507 162 1507 165 1507 1105 1508 165 1508 1104 1508 1105 1509 1107 1509 1106 1509 1107 31 716 31 1106 31 711 31 716 31 1107 31 1107 1510 724 1510 711 1510 1104 1511 1107 1511 1105 1511 716 31 717 31 1106 31 1106 1512 717 1512 712 1512 712 31 726 31 1106 31 726 31 718 31 1106 31 718 31 727 31 1106 31 1106 1513 720 1513 721 1513 721 31 728 31 1106 31 1106 1514 728 1514 1108 1514 1106 1515 1108 1515 1109 1515 1118 1516 165 1516 1105 1516 1105 1517 1110 1517 1118 1517 1111 1518 1112 1518 1110 1518 1113 1519 1082 1519 1112 1519 1114 1520 1082 1520 1113 1520 1115 1521 1082 1521 1114 1521 1116 1522 1082 1522 1115 1522 1088 1523 1082 1523 1116 1523 763 1524 1084 1524 1117 1524 1088 1525 1117 1525 1084 1525 1116 1526 1117 1526 1088 1526 1115 1527 1117 1527 1116 1527 1114 1528 1117 1528 1115 1528 1113 1529 1117 1529 1114 1529 1112 1530 1117 1530 1113 1530 704 1531 1088 1531 1116 1531 1110 1532 1116 1532 1088 1532 1118 1533 1110 1533 1090 1533 1110 1534 1115 1534 1116 1534 1118 1535 166 1535 165 1535 1090 1536 166 1536 1118 1536 1110 1537 1114 1537 1115 1537 704 1538 1116 1538 1115 1538 704 1539 1115 1539 1114 1539 704 1540 1114 1540 1113 1540 1110 1541 1113 1541 1114 1541 704 1542 1113 1542 1112 1542 1110 1543 1112 1543 1113 1543 1111 1544 1117 1544 1112 1544 1120 1545 1117 1545 1111 1545 1111 1546 1120 1546 704 1546 1111 1547 1119 1547 1120 1547 1110 1548 1120 1548 1111 1548 704 1549 1120 1549 1121 1549 1120 1550 1119 1550 1121 1550 1121 1551 1117 1551 1120 1551 1106 1552 1121 1552 1120 1552 1106 31 1120 31 1110 31 704 1553 1121 1553 1109 1553 1109 1554 1117 1554 1121 1554 1121 1555 1119 1555 1109 1555 1106 1556 1109 1556 1121 1556 1109 1557 1119 1557 1108 1557 1108 1558 1119 1558 728 1558 728 1559 1119 1559 721 1559 721 1560 1119 1560 720 1560 720 1561 1119 1561 719 1561 719 1562 1119 1562 727 1562 727 1563 1119 1563 718 1563 718 1564 1119 1564 726 1564 1081 1565 1122 1565 1119 1565 712 1566 1119 1566 1122 1566 726 1567 1119 1567 712 1567 712 1568 1122 1568 717 1568 717 1569 1122 1569 716 1569 716 1570 1122 1570 711 1570 711 1571 1122 1571 724 1571 724 1572 1122 1572 713 1572 713 1573 1122 1573 714 1573 714 1574 1122 1574 709 1574 709 1575 1122 1575 715 1575 1081 1576 1123 1576 1122 1576 715 1577 1122 1577 1123 1577 715 1578 1123 1578 725 1578 725 1579 1123 1579 710 1579 710 1580 1123 1580 1124 1580 1124 1581 1123 1581 1126 1581 1125 1582 1124 1582 1126 1582 1103 1583 1126 1583 1124 1583 2000 1584 1124 1584 1126 1584 1125 1585 1126 1585 1127 1585 1125 1586 1127 1586 1128 1586 1127 1587 1123 1587 1128 1587 1103 1588 1128 1588 1127 1588 2000 1589 1127 1589 1128 1589 1126 1590 1123 1590 1127 1590 1128 1591 1123 1591 1129 1591 1125 1592 1128 1592 1129 1592 1129 1593 1128 1593 1103 1593 2000 1594 1128 1594 1129 1594 1129 1595 1123 1595 1130 1595 1125 1596 1129 1596 1130 1596 1103 1597 1130 1597 1129 1597 2000 1598 1129 1598 1130 1598 1130 1599 1123 1599 1131 1599 1125 1600 1130 1600 1131 1600 1131 1601 1130 1601 1103 1601 1131 31 2000 31 1130 31 1125 1602 1131 1602 1132 1602 1132 1603 1123 1603 1133 1603 1133 1604 1123 1604 1134 1604 1134 1605 1123 1605 1136 1605 1136 1606 1134 1606 1135 1606 1134 1607 1136 1607 2000 1607 1125 1608 1134 1608 1136 1608 1125 1609 1133 1609 1134 1609 1125 1610 1132 1610 1133 1610 1125 1611 1136 1611 1137 1611 1137 1612 1123 1612 1138 1612 1135 1613 1138 1613 1137 1613 1137 31 1138 31 2000 31 1125 1614 1137 1614 1138 1614 1136 1615 1123 1615 1137 1615 1125 1616 1138 1616 1145 1616 1145 1617 1138 1617 1139 1617 1138 1618 1123 1618 1139 1618 1135 1619 1139 1619 1138 1619 2000 1620 1138 1620 1139 1620 1139 1621 1123 1621 781 1621 1139 1622 781 1622 1140 1622 1140 1623 781 1623 1141 1623 1141 1624 781 1624 1142 1624 1142 1625 781 1625 1143 1625 1143 1626 781 1626 1144 1626 1145 1627 1143 1627 1144 1627 1135 1628 1144 1628 1143 1628 2000 1629 1143 1629 1144 1629 1145 1630 1144 1630 1146 1630 1135 1631 790 1631 1146 1631 1145 1632 1146 1632 790 1632 1146 1633 781 1633 790 1633 1146 61 790 61 2000 61 1135 1634 1146 1634 1144 1634 1135 1635 1147 1635 783 1635 1147 1636 791 1636 783 1636 1148 1637 791 1637 1149 1637 1147 1638 1149 1638 791 1638 792 1639 1150 1639 1416 1639 1148 1640 1150 1640 785 1640 785 1641 1150 1641 786 1641 792 1642 786 1642 1150 1642 785 1643 791 1643 1148 1643 792 1644 1416 1644 793 1644 1413 1645 1153 1645 1152 1645 1413 1646 1151 1646 1153 1646 795 1647 1154 1647 1155 1647 1154 1648 1153 1648 1151 1648 1154 1649 1151 1649 1156 1649 1154 1650 1156 1650 1155 1650 1171 1651 1155 1651 1156 1651 1151 1652 1171 1652 1156 1652 1151 1653 1157 1653 1171 1653 1157 31 1172 31 1171 31 1151 1654 2203 1654 1157 1654 1157 1655 1361 1655 1172 1655 1157 1656 1166 1656 1361 1656 1168 1657 1172 1657 1361 1657 1168 1658 1361 1658 1159 1658 1361 1659 1166 1659 1158 1659 1158 1660 1364 1660 1361 1660 1161 1661 1369 1661 1368 1661 1161 1662 1165 1662 1369 1662 1159 61 1369 61 1165 61 1159 1663 1165 1663 1168 1663 1162 1664 1163 1664 1160 1664 1161 1665 1160 1665 1163 1665 1158 1666 1162 1666 1367 1666 1162 1667 1160 1667 1367 1667 1368 1668 1160 1668 1161 1668 1166 1669 1162 1669 1158 1669 1161 1670 1163 1670 1164 1670 1164 1671 1165 1671 1161 1671 1166 1672 1167 1672 1162 1672 1167 1673 1163 1673 1162 1673 1163 1674 1167 1674 1169 1674 1164 1675 1163 1675 1169 1675 1175 1676 1167 1676 1166 1676 1164 1677 1169 1677 1170 1677 1173 1678 1164 1678 1170 1678 1168 1679 1173 1679 798 1679 798 1680 797 1680 1168 1680 1171 1681 797 1681 796 1681 796 1682 1155 1682 1171 1682 1171 1683 1172 1683 797 1683 1164 1684 1173 1684 1165 1684 1168 1685 1165 1685 1173 1685 1168 1686 797 1686 1172 1686 1173 1687 1170 1687 1176 1687 1169 1688 1167 1688 1174 1688 1175 1689 1174 1689 1167 1689 1170 1690 1169 1690 1391 1690 1176 1691 1170 1691 1391 1691 1177 1692 1174 1692 1175 1692 1157 31 1177 31 1175 31 1177 1693 2197 1693 1174 1693 2198 1694 1179 1694 1180 1694 1181 1695 2198 1695 1180 1695 1184 1696 1183 1696 1186 1696 1183 1697 1187 1697 1186 1697 1182 1698 1187 1698 1183 1698 1190 1699 2197 1699 1424 1699 1423 1700 1424 1700 2197 1700 1189 1701 2198 1701 1181 1701 1189 1702 1188 1702 2198 1702 1186 1703 1191 1703 1316 1703 1186 1704 1187 1704 1192 1704 1192 1705 1191 1705 1186 1705 1426 1706 1430 1706 1206 1706 1429 1707 1426 1707 1206 1707 1210 1708 1209 1708 1432 1708 1194 1709 1432 1709 1209 1709 1195 1710 1196 1710 1204 1710 1204 1711 1210 1711 1195 1711 1200 61 1436 61 1201 61 1201 1712 1199 1712 1200 1712 1198 1713 1199 1713 1202 1713 1203 1714 1198 1714 1202 1714 1207 1715 1193 1715 1194 1715 1331 1716 1205 1716 1193 1716 1207 1717 1331 1717 1193 1717 1207 1718 1209 1718 1337 1718 1208 1719 1337 1719 1209 1719 1194 1720 1209 1720 1207 1720 1210 31 1204 31 1211 31 1204 1721 1196 1721 1211 1721 1211 1722 1196 1722 1213 1722 1212 31 1196 31 1203 31 1212 31 1213 31 1196 31 1211 1723 1213 1723 2195 1723 2195 1724 1213 1724 2194 1724 1212 31 2194 31 1213 31 1214 1725 1308 1725 1217 1725 1215 1726 1217 1726 1308 1726 1215 1727 1216 1727 1219 1727 1218 1728 1217 1728 1215 1728 1218 31 1215 31 1219 31 100 1729 1219 1729 1216 1729 1221 1730 1220 1730 1218 1730 1218 1731 1219 1731 1221 1731 1221 1732 1219 1732 1222 1732 101 1733 1222 1733 1219 1733 104 1734 1222 1734 101 1734 1221 1735 1222 1735 1224 1735 104 1736 1224 1736 1222 1736 1889 1737 1223 1737 1221 1737 1221 1738 1224 1738 1889 1738 1226 1739 1225 1739 1891 1739 1227 1740 1226 1740 1891 1740 1228 1741 1225 1741 1226 1741 1227 1742 1228 1742 1226 1742 1229 1743 1230 1743 1228 1743 1229 1744 1228 1744 1227 1744 1230 1745 1225 1745 1228 1745 1230 1746 1231 1746 1225 1746 1234 1747 1231 1747 1230 1747 1234 1748 1230 1748 1233 1748 1232 1749 1230 1749 1229 1749 1233 1750 1230 1750 1232 1750 1235 1751 1231 1751 1234 1751 1233 1752 1235 1752 1234 1752 1235 1753 1236 1753 1231 1753 1236 1754 1220 1754 1231 1754 1237 1755 1236 1755 1235 1755 1235 1756 1238 1756 1237 1756 1238 1757 1240 1757 1239 1757 1235 1758 1233 1758 1238 1758 1233 1759 1240 1759 1238 1759 1232 1760 1241 1760 1240 1760 1233 1761 1232 1761 1240 1761 1244 1762 1245 1762 1243 1762 1242 61 1243 61 1245 61 1245 61 1246 61 1242 61 1246 1763 1241 1763 1242 1763 1244 1764 1247 1764 1317 1764 1317 1765 1245 1765 1244 1765 2191 1766 2192 1766 1256 1766 1250 61 2191 61 1255 61 2191 1767 1256 1767 1255 1767 1249 1768 1250 1768 1254 1768 1250 1769 1255 1769 1254 1769 1251 61 1252 61 1249 61 1249 1770 1254 1770 1251 1770 1249 61 1252 61 1248 61 1253 1771 1248 1771 1252 1771 1257 1772 1259 1772 1256 1772 1255 1773 1256 1773 1259 1773 1255 1774 1259 1774 1260 1774 1310 1775 1255 1775 1260 1775 1254 61 1255 61 1310 61 116 1776 1258 1776 1261 1776 117 1777 116 1777 1261 1777 117 1778 1261 1778 1262 1778 118 61 1262 61 1263 61 1257 1779 1256 1779 1264 1779 1264 1780 1258 1780 1257 1780 1264 61 1256 61 2192 61 1264 1781 2193 1781 1258 1781 1261 1782 2193 1782 1265 1782 1266 1783 1261 1783 1265 1783 1263 1784 1266 1784 1267 1784 1267 1785 1270 1785 1268 1785 1269 1786 1268 1786 1270 1786 1266 1787 1265 1787 1303 1787 1267 61 1266 61 1303 61 1265 61 2193 61 1271 61 1272 1788 1271 1788 2193 1788 1272 1789 2193 1789 1264 1789 1264 61 1273 61 1272 61 1264 61 2192 61 1273 61 1274 1790 1273 1790 2192 1790 1276 61 1277 61 1900 61 1898 1791 1273 1791 1274 1791 1265 61 1271 61 1278 61 1303 1792 1265 1792 1278 1792 1302 61 1303 61 1298 61 1298 1793 1303 1793 1443 1793 1303 1794 1278 1794 1443 1794 1290 1795 1896 1795 1284 1795 1285 61 1290 61 1284 61 1285 1796 1286 1796 1288 1796 1287 1797 1288 1797 1286 1797 1285 1798 1288 1798 1289 1798 1289 1799 1290 1799 1285 1799 1291 61 1292 61 1294 61 1292 1800 1293 1800 1294 1800 1293 61 1295 61 1297 61 1294 1801 1293 1801 1297 1801 1290 1802 1291 1802 1896 1802 1291 61 1294 61 1896 61 1896 61 1294 61 1283 61 1294 1803 1297 1803 1283 1803 1297 61 1295 61 1282 61 1295 1804 1296 1804 1281 1804 1295 1805 1281 1805 1282 1805 1280 61 1281 61 1296 61 1278 1806 1279 1806 1444 1806 1443 1807 1278 1807 1444 1807 1298 61 1443 61 1452 61 1452 1808 1442 1808 1298 1808 1299 1809 1442 1809 1441 1809 1299 1810 1300 1810 1301 1810 1299 1811 1270 1811 1442 1811 1302 1812 1442 1812 1270 1812 1302 1813 1270 1813 1267 1813 1267 1814 1303 1814 1302 1814 1269 61 1270 61 1299 61 1299 1815 1301 1815 1269 1815 89 1816 1304 1816 1301 1816 1269 1817 1301 1817 1304 1817 1267 1818 1268 1818 1263 1818 1305 1819 1268 1819 1269 1819 119 1820 1268 1820 1305 1820 118 1821 1268 1821 1307 1821 119 1822 1307 1822 1268 1822 1305 1823 1306 1823 119 1823 119 1824 1306 1824 120 1824 120 1825 1306 1825 83 1825 116 61 59 61 1258 61 118 61 117 61 1262 61 1257 1826 1258 1826 59 1826 1308 1827 1260 1827 1259 1827 1309 1828 1260 1828 1308 1828 1309 1829 1310 1829 1260 1829 1309 1830 1308 1830 1201 1830 1201 1831 1310 1831 1309 1831 1311 1832 1310 1832 1439 1832 1201 61 1439 61 1310 61 1251 1833 1310 1833 1311 1833 1311 1834 1312 1834 1251 1834 1313 1835 1252 1835 1312 1835 1314 1836 1315 1836 1317 1836 1317 61 1253 61 1313 61 1318 61 1315 61 1316 61 1317 1837 1315 1837 1318 1837 1317 1838 1247 1838 1253 1838 1247 1839 1248 1839 1253 1839 1319 1840 1320 1840 1246 1840 1318 61 1319 61 1246 61 1246 1841 1320 1841 1241 1841 1321 31 1241 31 1320 31 1321 1842 1322 1842 1239 1842 1321 1843 1239 1843 1240 1843 1240 1844 1241 1844 1321 1844 1322 1845 1208 1845 1239 1845 1206 1846 1205 1846 1323 1846 1325 1847 1206 1847 1323 1847 1325 1848 1327 1848 1324 1848 1328 1849 1324 1849 1327 1849 1316 1850 1326 1850 1328 1850 1326 1851 1324 1851 1328 1851 1330 1852 1329 1852 1331 1852 1332 1853 1330 1853 1331 1853 1323 1854 1205 1854 1329 1854 1331 1855 1329 1855 1205 1855 1207 1856 1337 1856 1332 1856 1334 1857 1208 1857 1322 1857 1335 1858 1334 1858 1322 1858 1335 1859 1322 1859 1321 1859 1321 1860 1320 1860 1335 1860 1316 1861 1320 1861 1319 1861 1335 1862 1320 1862 1336 1862 1316 1863 1336 1863 1320 1863 1335 1864 1333 1864 1334 1864 1334 1865 1333 1865 1208 1865 1208 1866 1333 1866 1337 1866 1332 1867 1337 1867 1333 1867 1335 1868 1336 1868 1330 1868 1335 1869 1330 1869 1333 1869 1333 1870 1330 1870 1346 1870 1349 1871 1338 1871 1330 1871 1330 1872 1336 1872 1339 1872 1339 1873 1349 1873 1330 1873 1343 61 1341 61 1316 61 1316 1874 1341 1874 1342 1874 1342 1875 1336 1875 1316 1875 1316 1876 1328 1876 1343 1876 1343 1877 1344 1877 1341 1877 1328 1878 1344 1878 1343 1878 1328 1879 1327 1879 1344 1879 1340 1880 1344 1880 1327 1880 1340 1881 1327 1881 1325 1881 1325 1882 1323 1882 1345 1882 1346 1883 1330 1883 1332 1883 1332 1884 1333 1884 1346 1884 1323 1885 1329 1885 1345 1885 1345 1886 1329 1886 1338 1886 1330 1887 1338 1887 1329 1887 1325 1888 1345 1888 1340 1888 1341 1889 1370 1889 1353 1889 1342 1890 1341 1890 1353 1890 1350 1891 1348 1891 1349 1891 1347 1892 1351 1892 1370 1892 1350 1893 1352 1893 1348 1893 1347 1894 1348 1894 1352 1894 1342 61 1353 61 1354 61 1353 1895 1351 1895 1354 1895 1351 1896 1347 1896 1359 1896 1355 1897 1360 1897 1339 1897 1360 1898 1365 1898 1339 1898 1354 1899 1351 1899 1356 1899 1355 1900 1354 1900 1356 1900 1355 1901 1356 1901 1357 1901 1358 1902 1356 1902 1351 1902 1357 1903 1360 1903 1355 1903 1363 1904 1359 1904 1352 1904 1365 1905 1363 1905 1352 1905 1351 1906 1359 1906 1358 1906 1357 1907 1361 1907 1360 1907 1361 1908 1365 1908 1360 1908 1358 1909 1366 1909 1356 1909 1357 1910 1356 1910 1366 1910 1364 1911 1363 1911 1365 1911 1361 1912 1364 1912 1365 1912 1159 1913 1361 1913 1357 1913 1357 1914 1366 1914 1159 1914 1367 1915 1362 1915 1363 1915 1364 1916 1367 1916 1363 1916 1368 1917 1366 1917 1358 1917 1358 1918 1362 1918 1368 1918 1367 1919 1160 1919 1362 1919 1368 1920 1362 1920 1160 1920 1158 1921 1367 1921 1364 1921 1159 1922 1366 1922 1369 1922 1368 1923 1369 1923 1366 1923 1358 1924 1359 1924 1362 1924 1363 1925 1362 1925 1359 1925 1339 1926 1365 1926 1350 1926 1365 1927 1352 1927 1350 1927 1342 61 1354 61 1355 61 1355 1928 1339 1928 1342 1928 1347 1929 1352 1929 1359 1929 1353 1930 1370 1930 1351 1930 1350 1931 1349 1931 1339 1931 1341 1932 1344 1932 1370 1932 1347 1933 1370 1933 1344 1933 1347 1934 1344 1934 1340 1934 1340 1935 1348 1935 1347 1935 1349 1936 1348 1936 1338 1936 1340 1937 1345 1937 1348 1937 1338 1938 1348 1938 1345 1938 1342 1939 1339 1939 1336 1939 1332 1940 1331 1940 1207 1940 1325 1941 1324 1941 1429 1941 1191 1942 1324 1942 1326 1942 1206 1943 1430 1943 1205 1943 1193 1944 1205 1944 1430 1944 1191 1945 1326 1945 1316 1945 1429 1946 1206 1946 1325 1946 1316 1947 1319 1947 1318 1947 1317 1948 1318 1948 1245 1948 1246 61 1245 61 1318 61 1253 1949 1252 1949 1313 1949 1317 61 1313 61 1314 61 1251 1950 1254 1950 1310 1950 1315 61 1371 61 1316 61 1314 61 1313 61 1372 61 1313 1951 1312 1951 1372 1951 1314 1952 1372 1952 1373 1952 1373 1953 1371 1953 1314 1953 1373 1954 1374 1954 1371 1954 1316 1955 1371 1955 1374 1955 1376 1956 1374 1956 1373 1956 1373 61 1372 61 1376 61 1376 1957 1186 1957 1374 1957 1316 61 1374 61 1186 61 1376 61 1372 61 1377 61 1378 1958 1377 1958 1375 1958 1376 61 1377 61 1185 61 1378 1959 1185 1959 1377 1959 1384 61 1378 61 1437 61 1437 1960 1383 1960 1384 1960 1380 1961 1379 1961 1198 1961 1197 1962 1380 1962 1198 1962 1408 1963 1197 1963 1410 1963 1408 1964 1380 1964 1197 1964 1380 1965 1381 1965 1379 1965 1382 1966 1379 1966 1381 1966 1383 61 1382 61 1388 61 1384 1967 1383 1967 1388 1967 1385 1968 1386 1968 1185 1968 1184 61 1185 61 1386 61 1382 1969 1381 1969 1389 1969 1388 1970 1382 1970 1389 1970 1389 1971 1381 1971 1404 1971 1387 61 807 61 1385 61 807 1972 1386 1972 1385 1972 1184 1973 1386 1973 1390 1973 1390 1974 1183 1974 1184 1974 1391 1975 1169 1975 1178 1975 1182 1976 1183 1976 1176 1976 1176 1977 1391 1977 1182 1977 1182 1978 1391 1978 2196 1978 1391 1979 1178 1979 2196 1979 1169 1980 2197 1980 1178 1980 1169 1981 1174 1981 2197 1981 804 1982 1176 1982 1183 1982 1390 1983 804 1983 1183 1983 1387 1984 1388 1984 1392 1984 1392 1985 1389 1985 1393 1985 1387 1986 1392 1986 808 1986 1392 1987 1393 1987 810 1987 808 1988 1392 1988 810 1988 1147 1989 1394 1989 1393 1989 1393 1990 1394 1990 1395 1990 1395 1991 810 1991 1393 1991 1135 1992 143 1992 1394 1992 143 1993 1103 1993 147 1993 1103 1994 143 1994 1135 1994 145 1995 147 1995 1396 1995 148 1996 145 1996 1396 1996 1398 1997 148 1997 1396 1997 1397 1998 148 1998 1398 1998 1398 1999 1396 1999 150 1999 1397 2000 1398 2000 149 2000 150 61 149 61 1398 61 147 2001 1399 2001 1396 2001 150 2002 1396 2002 151 2002 1396 2003 1399 2003 151 2003 151 61 1399 61 152 61 152 2004 1399 2004 1401 2004 1401 2005 1399 2005 1400 2005 162 2006 163 2006 10 2006 1401 2007 162 2007 10 2007 1401 2008 1400 2008 1402 2008 1402 2009 1400 2009 1403 2009 1399 2010 1103 2010 1400 2010 1403 2011 1400 2011 1103 2011 147 2012 1103 2012 1399 2012 1401 2013 1403 2013 1101 2013 1101 2014 162 2014 1401 2014 1401 2015 1402 2015 1403 2015 10 2016 9 2016 1401 2016 9 2017 156 2017 1401 2017 1401 2018 156 2018 152 2018 1403 2019 1103 2019 1102 2019 1394 2020 143 2020 142 2020 1395 2021 1394 2021 142 2021 143 2022 147 2022 139 2022 1147 2023 1135 2023 1394 2023 1149 2024 1147 2024 1404 2024 1393 2025 1404 2025 1147 2025 1389 2026 1404 2026 1393 2026 1149 2027 1404 2027 1406 2027 1405 2028 1149 2028 1406 2028 1405 2029 1409 2029 1407 2029 1408 2030 1409 2030 1405 2030 1405 2031 1406 2031 1408 2031 1406 31 1404 31 1381 31 1412 2032 1414 2032 1411 2032 1412 2033 1415 2033 1414 2033 1414 2034 1409 2034 1411 2034 1411 2035 1409 2035 1410 2035 1410 2036 1409 2036 1408 2036 1412 2037 1413 2037 1415 2037 1415 2038 1413 2038 1152 2038 1414 2039 1415 2039 793 2039 1415 2040 1152 2040 793 2040 1414 2041 1407 2041 1409 2041 1405 2042 1407 2042 1148 2042 1416 2043 1407 2043 1414 2043 1414 31 793 31 1416 31 1416 2044 1150 2044 1407 2044 1148 2045 1149 2045 1405 2045 1148 31 1407 31 1150 31 793 2046 1152 2046 1153 2046 1411 2047 1417 2047 1412 2047 1408 2048 1406 2048 1380 2048 1406 31 1381 31 1380 31 1410 2049 1417 2049 1411 2049 1418 2050 1417 2050 1410 2050 1410 2051 1419 2051 1418 2051 1418 2052 1419 2052 1181 2052 1418 2053 1181 2053 1151 2053 1151 2054 1413 2054 1418 2054 1417 2055 1418 2055 1413 2055 1417 2056 1413 2056 1412 2056 1410 2057 1197 2057 1419 2057 1419 2058 1421 2058 1181 2058 1420 2059 1421 2059 1419 2059 1420 2060 1419 2060 1433 2060 1189 2061 1181 2061 1427 2061 1427 2062 1422 2062 1189 2062 1190 2063 1424 2063 1426 2063 1424 2064 1423 2064 1426 2064 1427 2065 1181 2065 1428 2065 1434 2066 1421 2066 1420 2066 1434 2067 1428 2067 1421 2067 1431 2068 1423 2068 1422 2068 1427 2069 1431 2069 1422 2069 1190 2070 1426 2070 1429 2070 1426 2071 1423 2071 1430 2071 1425 2072 1190 2072 1429 2072 1195 2073 1433 2073 1196 2073 1197 31 1196 31 1433 31 1192 2074 1425 2074 1191 2074 1193 2075 1430 2075 1431 2075 1425 2076 1429 2076 1324 2076 1191 2077 1425 2077 1324 2077 1194 2078 1193 2078 1427 2078 1427 2079 1193 2079 1431 2079 1427 2080 1432 2080 1194 2080 1210 2081 1432 2081 1434 2081 1195 2082 1210 2082 1434 2082 1427 2083 1428 2083 1432 2083 1434 2084 1432 2084 1428 2084 1431 31 1430 31 1423 31 1195 2085 1434 2085 1420 2085 1420 2086 1433 2086 1195 2086 1421 2087 1428 2087 1181 2087 1435 2088 1190 2088 1425 2088 1192 2089 1435 2089 1425 2089 1423 2090 1188 2090 1422 2090 1189 2091 1422 2091 1188 2091 1187 2092 1435 2092 1192 2092 1197 2093 1433 2093 1419 2093 1388 61 1389 61 1392 61 808 61 807 61 1387 61 1387 61 1385 61 1384 61 1384 2094 1388 2094 1387 2094 1385 2095 1185 2095 1378 2095 1384 2096 1385 2096 1378 2096 1376 2097 1185 2097 1184 2097 1200 2098 1379 2098 1382 2098 1382 61 1383 61 1200 61 1200 61 1383 61 1436 61 1437 2099 1436 2099 1383 2099 1438 2100 1436 2100 1437 2100 1200 2101 1199 2101 1379 2101 1438 2102 1439 2102 1436 2102 1201 61 1436 61 1439 61 1311 2103 1439 2103 1438 2103 1438 61 1312 61 1311 61 1201 2104 1308 2104 1199 2104 1202 2105 1199 2105 1308 2105 1203 2106 1202 2106 1212 2106 1215 2107 1308 2107 114 2107 114 2108 1216 2108 1215 2108 112 2109 1216 2109 114 2109 100 2110 1216 2110 112 2110 100 2111 112 2111 107 2111 1438 61 1375 61 1312 61 1372 2112 1312 2112 1375 2112 1375 2113 1377 2113 1372 2113 1437 61 1375 61 1438 61 1437 61 1378 61 1375 61 1198 2114 1379 2114 1199 2114 1314 2115 1371 2115 1315 2115 1251 61 1312 61 1252 61 1308 2116 1259 2116 114 2116 89 2117 83 2117 1306 2117 1263 2118 1268 2118 118 2118 1306 2119 1304 2119 89 2119 1305 2120 1304 2120 1306 2120 1269 2121 1304 2121 1305 2121 1263 61 1262 61 1266 61 1262 2122 1261 2122 1266 2122 1298 2123 1442 2123 1302 2123 80 2124 81 2124 89 2124 1440 2125 80 2125 89 2125 89 2126 1300 2126 1440 2126 79 2127 80 2127 1440 2127 1445 2128 1279 2128 1280 2128 1280 2129 1296 2129 1445 2129 1445 2130 1296 2130 1868 2130 1445 2131 1446 2131 1279 2131 1441 2132 1448 2132 1449 2132 1449 2133 1473 2133 1300 2133 1449 2134 1300 2134 1441 2134 1450 2135 1473 2135 1449 2135 1449 2136 1448 2136 1450 2136 1450 2137 1448 2137 1451 2137 1452 2138 1451 2138 1448 2138 1452 2139 1453 2139 1454 2139 1454 2140 1451 2140 1452 2140 1453 2141 1447 2141 1455 2141 1454 2142 1453 2142 1455 2142 1456 2143 1457 2143 1478 2143 1456 2144 1455 2144 1457 2144 1454 2145 1455 2145 1456 2145 1478 2146 1457 2146 1477 2146 1450 2147 1456 2147 1478 2147 1477 2148 1459 2148 1458 2148 1457 61 1459 61 1477 61 1458 2149 1459 2149 1462 2149 1462 2150 1459 2150 1460 2150 1446 2151 1460 2151 1459 2151 1457 2152 1446 2152 1459 2152 1446 2153 1871 2153 1460 2153 1461 2154 1460 2154 1871 2154 1462 2155 97 2155 91 2155 1462 2156 1460 2156 1461 2156 1458 2157 1463 2157 1479 2157 1462 2158 1463 2158 1458 2158 1464 2159 1463 2159 1462 2159 1462 2160 91 2160 1464 2160 91 2161 96 2161 1464 2161 1489 2162 1466 2162 1467 2162 2173 2163 1471 2163 1473 2163 1470 31 1473 31 1471 31 1470 2164 90 2164 1474 2164 1474 2165 1473 2165 1470 2165 1474 2166 1300 2166 1473 2166 1440 2167 1300 2167 1474 2167 1474 2168 79 2168 1440 2168 90 2169 79 2169 1474 2169 1450 2170 1451 2170 1456 2170 1454 2171 1456 2171 1451 2171 2173 2172 1473 2172 1450 2172 1450 2173 1475 2173 2173 2173 1475 2174 1476 2174 1472 2174 2173 61 1475 61 1472 61 1472 2175 1476 2175 1479 2175 1458 61 1479 61 1476 61 1475 2176 1477 2176 1476 2176 1478 2177 1477 2177 1475 2177 1478 2178 1475 2178 1450 2178 1458 2179 1476 2179 1477 2179 1441 2180 1442 2180 1448 2180 1452 2181 1448 2181 1442 2181 1452 61 1443 61 1453 61 1443 2182 1447 2182 1453 2182 1443 2183 1444 2183 1447 2183 1444 2184 1279 2184 1447 2184 1447 2185 1279 2185 1446 2185 1470 2186 1469 2186 90 2186 2176 2187 1472 2187 1480 2187 2173 2188 1472 2188 2176 2188 1472 2189 1479 2189 1480 2189 1481 2190 1480 2190 1479 2190 1481 2191 2176 2191 1480 2191 1482 2192 2176 2192 1481 2192 1484 2193 1471 2193 1483 2193 1483 2194 1482 2194 1485 2194 1481 2195 1485 2195 1482 2195 1486 2196 1485 2196 1481 2196 1484 2197 1483 2197 1490 2197 1483 2198 1485 2198 1490 2198 1484 2199 1489 2199 1469 2199 1470 2200 1471 2200 1484 2200 1484 2201 1469 2201 1470 2201 1489 2202 1467 2202 1469 2202 1489 2203 1487 2203 1486 2203 1490 2204 1485 2204 1487 2204 1486 2205 1487 2205 1485 2205 1487 2206 1484 2206 1490 2206 1489 2207 1484 2207 1487 2207 1486 2208 1488 2208 1466 2208 1488 2209 1491 2209 1466 2209 1486 2210 1466 2210 1489 2210 1491 2211 1492 2211 1468 2211 1466 2212 1491 2212 1468 2212 1466 2213 1494 2213 1467 2213 1494 2214 1464 2214 1467 2214 1466 2215 1495 2215 1494 2215 1494 2216 1495 2216 1496 2216 1496 2217 1497 2217 1494 2217 1464 2218 1494 2218 1497 2218 1500 2219 1502 2219 1501 2219 1502 2220 1503 2220 1501 2220 1505 2221 1503 2221 1502 2221 1505 2222 1504 2222 1503 2222 1506 2223 1504 2223 1505 2223 1507 2224 1506 2224 1505 2224 1509 2225 1517 2225 1508 2225 1517 2226 1510 2226 1508 2226 1507 2227 1508 2227 1510 2227 1506 2228 1507 2228 1512 2228 1507 2229 1510 2229 1512 2229 1512 2230 1495 2230 1506 2230 1466 2231 1468 2231 1511 2231 1511 2232 1506 2232 1466 2232 1468 2233 1513 2233 1514 2233 1511 2234 1468 2234 1514 2234 1514 2235 1516 2235 1515 2235 1514 2236 1515 2236 1511 2236 1513 2237 1516 2237 1514 2237 1504 2238 1515 2238 1464 2238 1464 2239 1498 2239 1504 2239 1464 2240 1497 2240 1498 2240 1504 2241 1498 2241 1499 2241 1515 2242 1516 2242 1465 2242 1464 2243 1515 2243 1465 2243 1465 31 1516 31 1493 31 1513 2244 1493 2244 1516 2244 1468 2245 1492 2245 1513 2245 1492 2246 1493 2246 1513 2246 1511 2247 1515 2247 1506 2247 1515 2248 1504 2248 1506 2248 1466 2249 1506 2249 1495 2249 1512 2250 1510 2250 1495 2250 1495 2251 1510 2251 1517 2251 1495 2252 1517 2252 1496 2252 1521 2253 1525 2253 1520 2253 1522 2254 1525 2254 1521 2254 1524 2255 537 2255 1577 2255 1525 2256 1524 2256 1520 2256 536 2257 1526 2257 529 2257 537 2258 536 2258 1577 2258 1523 2259 1524 2259 1577 2259 1527 2260 1524 2260 1525 2260 1529 2261 1530 2261 574 2261 573 2262 574 2262 1530 2262 573 2263 1536 2263 1531 2263 1536 2264 587 2264 1531 2264 587 2265 1535 2265 585 2265 586 2266 585 2266 1535 2266 586 2267 1532 2267 584 2267 1533 2268 584 2268 1532 2268 588 2269 1533 2269 600 2269 598 2270 588 2270 600 2270 586 2271 1535 2271 1534 2271 1534 61 1532 61 586 61 1536 2272 1553 2272 587 2272 1553 2273 1535 2273 587 2273 1537 2274 1536 2274 573 2274 573 2275 1530 2275 1537 2275 1538 2276 1528 2276 1543 2276 1528 2277 1527 2277 1543 2277 1543 2278 1527 2278 1542 2278 1564 61 1539 61 1538 61 1538 2279 1543 2279 1564 2279 1543 2280 1542 2280 1563 2280 1564 2281 1543 2281 1563 2281 1522 2282 1541 2282 1542 2282 1564 2283 1561 2283 1539 2283 1540 2284 1539 2284 1561 2284 1558 61 1554 61 1540 61 1540 2285 1561 2285 1558 2285 1558 2286 1557 2286 1554 2286 1557 2287 1544 2287 1554 2287 1547 2288 1545 2288 1546 2288 1546 2289 1548 2289 1547 2289 1550 2290 1548 2290 1549 2290 658 2291 1550 2291 1549 2291 1547 2292 1548 2292 1551 2292 1550 2293 1551 2293 1548 2293 1544 2294 1552 2294 1553 2294 1554 2295 1544 2295 1553 2295 1540 2296 1554 2296 1536 2296 1554 2297 1553 2297 1536 2297 1540 61 1536 61 1537 61 1537 2298 1539 2298 1540 2298 1537 2299 1530 2299 1539 2299 602 2300 1532 2300 1551 2300 1534 2301 1551 2301 1532 2301 1534 2302 1535 2302 1547 2302 1547 61 1551 61 1534 61 1547 2303 1535 2303 1552 2303 1553 61 1552 61 1535 61 602 2304 1551 2304 1550 2304 601 2305 602 2305 1550 2305 601 61 1550 61 658 61 1555 2306 601 2306 658 2306 604 2307 603 2307 656 2307 603 2308 1555 2308 656 2308 1555 2309 658 2309 657 2309 656 2310 1555 2310 657 2310 604 2311 656 2311 655 2311 1556 61 604 61 655 61 605 2312 1556 2312 609 2312 606 2313 605 2313 609 2313 1533 2314 1532 2314 602 2314 1544 2315 1545 2315 1552 2315 1547 2316 1552 2316 1545 2316 658 2317 1549 2317 660 2317 1546 2318 1545 2318 668 2318 1559 2319 1557 2319 1558 2319 1567 2320 1559 2320 1558 2320 1567 2321 1561 2321 1560 2321 1558 2322 1561 2322 1567 2322 1560 2323 1561 2323 1562 2323 1562 2324 1563 2324 1565 2324 1564 2325 1563 2325 1562 2325 1562 2326 1561 2326 1564 2326 1542 2327 1541 2327 1566 2327 1563 2328 1542 2328 1566 2328 1566 2329 1519 2329 2167 2329 1565 2330 1566 2330 2167 2330 1560 2331 1562 2331 1565 2331 1560 2332 1565 2332 2164 2332 1567 2333 1560 2333 2164 2333 1571 61 1568 61 1499 61 1499 61 1568 61 1570 61 1569 2334 1570 2334 1568 2334 1569 2335 1568 2335 1557 2335 1568 2336 1571 2336 1545 2336 1499 2337 1572 2337 1571 2337 1498 2338 1572 2338 1499 2338 1498 2339 1573 2339 1572 2339 1572 2340 1573 2340 668 2340 1574 2341 1573 2341 1498 2341 1498 2342 1497 2342 1574 2342 1574 2343 669 2343 1573 2343 1574 2344 1497 2344 1575 2344 1574 2345 1575 2345 1576 2345 1576 2346 669 2346 1574 2346 536 2347 525 2347 1577 2347 1520 2348 1523 2348 1577 2348 1578 2349 1541 2349 1521 2349 1496 2350 1518 2350 1497 2350 1519 2351 1578 2351 1575 2351 1578 2352 1521 2352 1575 2352 1519 2353 1575 2353 1497 2353 1518 2354 1519 2354 1497 2354 528 2355 1577 2355 525 2355 528 2356 527 2356 1605 2356 527 2357 507 2357 1605 2357 2154 2358 1579 2358 2158 2358 2158 2359 1520 2359 2154 2359 2158 2360 1521 2360 1520 2360 1579 2361 1580 2361 2156 2361 2155 2362 1580 2362 1581 2362 674 2363 2155 2363 1582 2363 2155 2364 1581 2364 1582 2364 1582 2365 1581 2365 1583 2365 1584 2366 1583 2366 1579 2366 1582 2367 1584 2367 1585 2367 681 2368 1586 2368 1585 2368 1582 2369 1585 2369 1586 2369 692 2370 1585 2370 1586 2370 1586 31 1585 31 1579 31 692 31 1586 31 704 31 1587 31 1586 31 1579 31 1582 2371 1586 2371 1587 2371 704 2372 1586 2372 1587 2372 681 2373 1587 2373 1586 2373 1579 2374 1588 2374 1587 2374 681 2375 1588 2375 1587 2375 1587 31 1588 31 704 31 1582 2376 1587 2376 1588 2376 1582 2377 1588 2377 1589 2377 1582 2378 1589 2378 1590 2378 681 2379 1590 2379 1589 2379 1590 31 1589 31 1579 31 704 2380 1589 2380 1590 2380 1582 2381 1590 2381 1591 2381 704 2382 1590 2382 1591 2382 1594 2383 1591 2383 1590 2383 681 2384 1591 2384 1590 2384 1582 2385 1591 2385 1592 2385 681 2386 1592 2386 1591 2386 1594 2387 1592 2387 1591 2387 1591 61 1592 61 704 61 704 2388 1592 2388 1593 2388 681 2389 1593 2389 1592 2389 1582 2390 1592 2390 1593 2390 1594 2391 1593 2391 1592 2391 704 2392 1593 2392 1595 2392 1594 2393 1595 2393 1593 2393 681 2394 1595 2394 1593 2394 1582 2395 1593 2395 1595 2395 1594 2396 1596 2396 1595 2396 704 2397 1595 2397 1596 2397 681 2398 1596 2398 1595 2398 1582 2399 1595 2399 1596 2399 1582 2400 1596 2400 1597 2400 704 2401 1597 2401 1599 2401 681 2402 1599 2402 1597 2402 1582 2403 1597 2403 1599 2403 1594 2404 1599 2404 1597 2404 1582 2405 1599 2405 1598 2405 674 2406 1582 2406 1598 2406 1598 2407 1599 2407 1602 2407 704 2408 1599 2408 1602 2408 1599 2409 1594 2409 1602 2409 681 2410 1602 2410 1599 2410 1603 2411 1602 2411 681 2411 1594 2412 1601 2412 1602 2412 1603 2413 1601 2413 1602 2413 1598 2414 1602 2414 1601 2414 704 2415 1602 2415 1601 2415 1603 2416 1604 2416 1601 2416 1601 61 1604 61 704 61 1604 31 1601 31 1594 31 1598 2417 1601 2417 1604 2417 704 2418 1604 2418 1606 2418 1605 31 1604 31 1594 31 1605 2419 1606 2419 1604 2419 1603 2420 1606 2420 1604 2420 1598 2421 1604 2421 1606 2421 1603 2422 1607 2422 1606 2422 704 2423 1606 2423 1607 2423 1605 2424 1607 2424 1606 2424 1598 2425 1606 2425 1607 2425 1603 2426 1609 2426 1607 2426 1607 61 1609 61 704 61 1598 2427 1607 2427 1609 2427 1607 2428 1605 2428 1609 2428 1605 2429 1610 2429 1609 2429 1603 2430 1610 2430 1609 2430 704 2431 1609 2431 1610 2431 1598 2432 1609 2432 1610 2432 1603 2433 1611 2433 1610 2433 1598 2434 1610 2434 1611 2434 1610 61 1611 61 704 61 1605 2435 1611 2435 1610 2435 1611 31 1605 31 1612 31 704 2436 1611 2436 1612 2436 1603 2437 1612 2437 1611 2437 1598 2438 1611 2438 1612 2438 1603 2439 1613 2439 1612 2439 507 2440 1613 2440 1605 2440 507 2441 1614 2441 1613 2441 1613 2442 1603 2442 1614 2442 704 2443 1613 2443 1614 2443 1598 2444 1613 2444 1614 2444 1615 2445 1614 2445 507 2445 704 2446 1614 2446 1615 2446 1614 2447 1603 2447 1615 2447 1598 2448 1614 2448 1615 2448 507 2449 1616 2449 1615 2449 1615 2450 1603 2450 1616 2450 704 2451 1615 2451 1616 2451 1598 2452 1615 2452 1616 2452 507 2453 1617 2453 1616 2453 704 2454 1616 2454 1617 2454 1616 2455 1603 2455 1617 2455 1598 2456 1616 2456 1617 2456 1617 2457 1603 2457 1618 2457 1618 2458 1617 2458 507 2458 1598 2459 1617 2459 1618 2459 1617 61 1618 61 704 61 1619 2460 1618 2460 507 2460 704 2461 1618 2461 1619 2461 1618 2462 1603 2462 1619 2462 1598 2463 1618 2463 1619 2463 1619 2464 1603 2464 1622 2464 682 2465 1622 2465 1603 2465 1598 2466 1619 2466 1620 2466 1598 2467 1620 2467 1621 2467 1621 61 499 61 704 61 1621 2468 1622 2468 499 2468 1598 2469 1621 2469 499 2469 507 2470 499 2470 1621 2470 499 2471 1622 2471 498 2471 498 2472 1622 2472 505 2472 505 2473 1622 2473 504 2473 504 2474 1622 2474 503 2474 503 2475 1622 2475 502 2475 1623 2476 1622 2476 682 2476 1950 2477 1625 2477 1623 2477 1624 2478 1622 2478 1623 2478 1625 2479 1624 2479 1623 2479 1628 2480 1687 2480 1627 2480 692 2481 1627 2481 1628 2481 1627 2482 1624 2482 1628 2482 1628 31 1627 31 1626 31 1628 2483 1624 2483 1625 2483 1629 31 1696 31 1630 31 1626 2484 1630 2484 1696 2484 1632 2485 1633 2485 1631 2485 1631 2486 1685 2486 1634 2486 1635 2487 1633 2487 1632 2487 1635 2488 1632 2488 1650 2488 1631 2489 1650 2489 1632 2489 1649 2490 1637 2490 1636 2490 1637 2491 1634 2491 1636 2491 1636 2492 1634 2492 1638 2492 495 2493 1636 2493 1638 2493 1630 31 495 31 1638 31 496 2494 1640 2494 1647 2494 1639 2495 1640 2495 496 2495 496 2496 495 2496 1639 2496 1641 2497 1647 2497 1640 2497 1647 31 1640 31 692 31 1647 2498 1624 2498 1640 2498 1640 2499 1624 2499 1642 2499 1641 2500 1640 2500 1642 2500 1640 2501 1642 2501 692 2501 1642 31 1640 31 1639 31 1641 2502 1642 2502 1643 2502 1642 2503 1624 2503 1643 2503 1643 2504 692 2504 1642 2504 1639 2505 1643 2505 1642 2505 1644 31 1643 31 1639 31 1643 31 1644 31 692 31 1641 2506 1643 2506 1644 2506 1643 2507 1624 2507 1644 2507 1641 2508 1644 2508 1687 2508 1641 2509 1687 2509 674 2509 1687 2510 1644 2510 1645 2510 1644 2511 1624 2511 1645 2511 1639 2512 1645 2512 1644 2512 1644 31 1645 31 692 31 1687 2513 1645 2513 1646 2513 692 2514 1645 2514 1646 2514 1626 2515 1646 2515 1645 2515 1645 2516 1624 2516 1646 2516 1627 2517 1687 2517 1646 2517 1646 2518 1624 2518 1627 2518 692 2519 1646 2519 1627 2519 1627 31 1646 31 1626 31 1639 2520 1630 2520 1626 2520 1626 2521 1645 2521 1639 2521 1634 2522 1629 2522 1638 2522 1629 31 1630 31 1638 31 1685 2523 1629 2523 1634 2523 1648 31 1647 31 692 31 1641 2524 1648 2524 1647 2524 1648 2525 1624 2525 1647 2525 1647 2526 1648 2526 496 2526 1641 2527 497 2527 1648 2527 1641 2528 500 2528 497 2528 1641 2529 501 2529 500 2529 1641 2530 502 2530 501 2530 1641 2531 503 2531 502 2531 1641 2532 504 2532 503 2532 1641 2533 505 2533 504 2533 1641 2534 498 2534 505 2534 1641 2535 499 2535 498 2535 1598 2536 499 2536 1641 2536 674 2537 1598 2537 1641 2537 1648 2538 1622 2538 1624 2538 1639 2539 495 2539 1630 2539 1631 2540 1634 2540 1637 2540 1649 2541 1636 2541 495 2541 495 2542 491 2542 1649 2542 494 2543 1650 2543 1631 2543 493 2544 494 2544 1631 2544 493 2545 1631 2545 1637 2545 1637 2546 1649 2546 493 2546 493 2547 1649 2547 491 2547 1635 31 1650 31 1652 31 490 2548 1652 2548 494 2548 1635 2549 444 2549 1651 2549 444 2550 445 2550 1651 2550 1651 2551 445 2551 1653 2551 1654 2552 1653 2552 445 2552 1651 2553 1653 2553 1655 2553 1654 2554 1655 2554 1653 2554 1657 2555 1655 2555 1654 2555 1656 61 1657 61 1654 61 1633 2556 1655 2556 1658 2556 1657 61 1659 61 582 61 582 2557 1655 2557 1657 2557 579 2558 1664 2558 578 2558 1664 2559 577 2559 578 2559 1664 2560 571 2560 577 2560 1660 2561 581 2561 1661 2561 1659 2562 1661 2562 581 2562 1656 2563 1661 2563 1659 2563 1660 61 1661 61 1662 61 1662 2564 579 2564 1660 2564 1662 2565 1663 2565 579 2565 1663 2566 1669 2566 1664 2566 1669 2567 571 2567 1664 2567 1663 61 1664 61 579 61 1669 2568 510 2568 571 2568 510 61 511 61 571 61 1662 2569 1665 2569 1663 2569 1665 61 1669 61 1663 61 1662 61 1661 61 1666 61 1656 2570 1666 2570 1661 2570 1675 2571 1656 2571 1667 2571 1675 2572 1666 2572 1656 2572 1662 61 1666 61 1668 61 1668 2573 1665 2573 1662 2573 1665 61 1670 61 1669 61 485 61 1670 61 1665 61 1668 2574 485 2574 1665 2574 486 2575 487 2575 1671 2575 487 2576 488 2576 1671 2576 1671 2577 488 2577 492 2577 1670 2578 486 2578 1669 2578 486 2579 1671 2579 510 2579 1669 2580 486 2580 510 2580 492 2581 506 2581 1671 2581 1671 2582 506 2582 509 2582 509 2583 510 2583 1671 2583 492 2584 488 2584 473 2584 1668 61 1672 61 484 61 484 2585 485 2585 1668 2585 1673 2586 1674 2586 1672 2586 484 61 1672 61 1674 61 1673 2587 1672 2587 1675 2587 1673 61 1675 61 1667 61 1675 2588 1672 2588 1666 2588 1668 61 1666 61 1672 61 1667 2589 445 2589 442 2589 442 2590 446 2590 1667 2590 1667 2591 446 2591 1673 2591 463 2592 444 2592 1635 2592 1654 2593 445 2593 1667 2593 1656 61 1654 61 1667 61 1657 61 1656 61 1659 61 582 2594 591 2594 1655 2594 1658 2595 1655 2595 591 2595 1631 2596 1658 2596 1676 2596 1676 2597 1677 2597 1678 2597 1676 2598 1679 2598 1677 2598 1658 2599 1679 2599 1676 2599 1679 2600 1658 2600 1680 2600 1680 2601 1681 2601 1679 2601 1679 2602 1681 2602 1677 2602 1681 2603 1758 2603 1682 2603 1680 2604 1758 2604 1681 2604 1682 2605 1683 2605 1681 2605 1683 2606 1678 2606 1681 2606 1684 2607 1678 2607 1683 2607 1676 2608 1678 2608 1631 2608 1631 2609 1678 2609 1684 2609 1683 2610 1629 2610 1684 2610 1684 2611 1629 2611 1685 2611 1626 2612 1686 2612 1628 2612 692 2613 1628 2613 1686 2613 1686 2614 1687 2614 1628 2614 1628 2615 1625 2615 1686 2615 1688 2616 1687 2616 1686 2616 692 2617 1688 2617 1689 2617 1626 2618 1689 2618 1688 2618 1689 2619 1687 2619 1688 2619 1688 2620 1625 2620 1689 2620 1689 61 1691 61 692 61 1690 31 1689 31 1626 31 1690 2621 1691 2621 1689 2621 1691 2622 1687 2622 1689 2622 1689 2623 1625 2623 1691 2623 1692 2624 1687 2624 1691 2624 1692 2625 674 2625 1687 2625 1693 2626 674 2626 1692 2626 1692 2627 1625 2627 1693 2627 1693 31 1692 31 1690 31 692 2628 1692 2628 1693 2628 1693 61 1694 61 692 61 1693 2629 1625 2629 1694 2629 1690 2630 1694 2630 1693 2630 1694 2631 674 2631 1693 2631 1690 2632 1695 2632 1694 2632 1695 2633 674 2633 1694 2633 1697 2634 674 2634 1695 2634 1695 61 1697 61 692 61 1695 2635 1625 2635 1697 2635 1690 2636 1697 2636 1695 2636 692 2637 1697 2637 1698 2637 1698 31 1697 31 1690 31 1697 2638 1625 2638 1698 2638 1698 2639 674 2639 1697 2639 1690 2640 1699 2640 1698 2640 692 2641 1698 2641 1699 2641 1698 2642 1625 2642 1699 2642 1699 2643 674 2643 1698 2643 1690 2644 1700 2644 1699 2644 692 2645 1699 2645 1700 2645 1699 2646 1625 2646 1700 2646 1700 2647 674 2647 1699 2647 1700 2648 1705 2648 1701 2648 1700 2649 1625 2649 1705 2649 1700 31 1690 31 1701 31 1701 2650 674 2650 1700 2650 1700 61 1701 61 692 61 1701 2651 1705 2651 1702 2651 1702 2652 1705 2652 1703 2652 692 2653 1703 2653 1704 2653 1690 2654 1704 2654 1703 2654 1704 2655 674 2655 1703 2655 1703 2656 1705 2656 1704 2656 692 2657 1704 2657 1706 2657 1704 2658 1705 2658 1706 2658 1706 2659 674 2659 1704 2659 1704 31 1690 31 1706 31 1706 2660 1705 2660 1707 2660 1707 2661 1705 2661 1709 2661 1708 2662 1709 2662 1707 2662 1709 2663 674 2663 1707 2663 692 2664 1707 2664 1709 2664 1709 2665 1713 2665 674 2665 1710 2666 1705 2666 1711 2666 1709 2667 1705 2667 1710 2667 1711 2668 1705 2668 1950 2668 1710 2669 1711 2669 1712 2669 692 2670 1710 2670 1712 2670 1708 2671 1712 2671 1710 2671 1712 2672 1713 2672 1710 2672 1710 2673 1713 2673 1709 2673 1712 2674 1711 2674 1714 2674 1714 2675 1713 2675 1712 2675 1714 31 1712 31 1708 31 692 2676 1712 2676 1714 2676 1715 2677 1713 2677 1714 2677 1714 2678 1711 2678 1715 2678 692 2679 1715 2679 1716 2679 1716 31 1715 31 1708 31 1715 2680 1711 2680 1716 2680 1716 2681 1713 2681 1715 2681 1717 31 1716 31 1708 31 1717 2682 1713 2682 1716 2682 1716 2683 1711 2683 1717 2683 692 31 1716 31 1717 31 1717 2684 1711 2684 1718 2684 1718 2685 1713 2685 1717 2685 1713 2686 1718 2686 1719 2686 1718 2687 1711 2687 1719 2687 1708 2688 1719 2688 1718 2688 692 2689 1718 2689 1719 2689 1721 2690 1719 2690 1708 2690 1708 2691 1722 2691 1721 2691 1721 2692 1711 2692 1722 2692 692 2693 1721 2693 1722 2693 1713 2694 1721 2694 1722 2694 1713 2695 1722 2695 1723 2695 674 2696 1713 2696 1723 2696 1723 2697 1722 2697 1724 2697 1723 2698 1724 2698 1725 2698 1723 2699 1725 2699 1726 2699 1726 2700 1711 2700 1727 2700 1950 2701 1727 2701 1711 2701 1725 2702 1711 2702 1726 2702 1724 2703 1711 2703 1725 2703 1722 2704 1711 2704 1724 2704 1726 2705 1727 2705 1728 2705 692 2706 1726 2706 1728 2706 1708 2707 1728 2707 1726 2707 1723 2708 1726 2708 1728 2708 1729 2709 1728 2709 1708 2709 1723 2710 1728 2710 1729 2710 1728 2711 1727 2711 1729 2711 1728 31 1729 31 692 31 1729 2712 1708 2712 1730 2712 1723 2713 1729 2713 1730 2713 1729 2714 1727 2714 1730 2714 1729 2715 1730 2715 692 2715 1730 2716 1727 2716 1731 2716 692 31 1730 31 1731 31 1708 2717 1731 2717 1730 2717 1723 2718 1730 2718 1731 2718 1731 2719 1727 2719 1732 2719 1723 2720 1731 2720 1732 2720 1723 2721 1732 2721 1734 2721 674 2722 1723 2722 1734 2722 1734 2723 1732 2723 1733 2723 1732 2724 1727 2724 1733 2724 1733 2725 1727 2725 1735 2725 1734 2726 1735 2726 1736 2726 1734 2727 1736 2727 1737 2727 692 2728 1737 2728 1738 2728 1737 2729 677 2729 1738 2729 1708 2730 1738 2730 1737 2730 1734 2731 1737 2731 1738 2731 692 2732 1738 2732 1739 2732 1738 2733 677 2733 1739 2733 1708 2734 1739 2734 1738 2734 1734 2735 1738 2735 1739 2735 692 2736 1739 2736 1740 2736 1740 31 1739 31 1708 31 1739 2737 677 2737 1740 2737 1734 2738 1739 2738 1740 2738 1734 2739 1740 2739 1741 2739 692 2740 1741 2740 676 2740 1708 2741 676 2741 1741 2741 1734 2742 1741 2742 676 2742 1741 2743 677 2743 676 2743 1740 31 1741 31 692 31 1740 2744 677 2744 1741 2744 1708 2745 1741 2745 1740 2745 692 2746 1736 2746 1737 2746 1736 2747 1727 2747 1737 2747 1708 2748 1737 2748 1736 2748 1737 2749 1727 2749 677 2749 692 2750 1735 2750 1736 2750 1708 2751 1736 2751 1735 2751 1735 2752 1727 2752 1736 2752 1734 2753 1733 2753 1735 2753 1733 31 1735 31 692 31 1735 31 1733 31 1708 31 1732 31 1708 31 1733 31 1732 31 1733 31 692 31 1731 2754 1732 2754 692 2754 1732 31 1731 31 1708 31 1725 31 1708 31 1726 31 1725 2755 1726 2755 692 2755 1724 31 1725 31 692 31 1708 31 1725 31 1724 31 1708 2756 1724 2756 1722 2756 1722 2757 1724 2757 692 2757 1719 2758 1711 2758 1721 2758 1713 2759 1719 2759 1721 2759 1745 2760 1743 2760 1744 2760 1751 2761 1745 2761 1744 2761 1745 2762 1945 2762 1743 2762 1751 31 1748 31 1745 31 1748 31 664 31 1745 31 1747 2763 1784 2763 650 2763 608 2764 650 2764 1784 2764 608 2765 1784 2765 1777 2765 607 2766 608 2766 1777 2766 1783 2767 1781 2767 1748 2767 1748 2768 1749 2768 1783 2768 1748 2769 1781 2769 613 2769 1750 2770 1749 2770 1751 2770 1749 2771 1748 2771 1751 2771 1753 2772 1752 2772 1754 2772 1754 2773 1752 2773 1755 2773 1743 2774 1755 2774 1752 2774 1743 2775 1752 2775 1744 2775 1752 2776 1751 2776 1744 2776 1757 2777 1756 2777 1743 2777 1756 2778 1755 2778 1743 2778 1757 2779 1743 2779 1946 2779 1946 2780 1742 2780 1757 2780 1682 31 1742 31 1720 31 1757 2781 1742 2781 1758 2781 1682 2782 1758 2782 1742 2782 1690 2783 1682 2783 1708 2783 1757 2784 1758 2784 1759 2784 1759 2785 1756 2785 1757 2785 1759 2786 1758 2786 1680 2786 1759 2787 1680 2787 1756 2787 1756 2788 1680 2788 1755 2788 1658 2789 1754 2789 1755 2789 1680 2790 1658 2790 1755 2790 1708 2791 1682 2791 1720 2791 592 2792 1753 2792 1754 2792 594 2793 596 2793 1761 2793 1760 2794 594 2794 1761 2794 596 2795 597 2795 603 2795 1760 2796 1761 2796 605 2796 1760 2797 605 2797 592 2797 592 61 605 61 1762 61 1762 2798 1753 2798 592 2798 1762 2799 1763 2799 1753 2799 1764 61 1762 61 605 61 1764 2800 1763 2800 1762 2800 1764 2801 1765 2801 1763 2801 1765 2802 1750 2802 1763 2802 1767 2803 1764 2803 605 2803 1764 2804 1766 2804 1768 2804 1764 2805 1767 2805 1766 2805 1787 2806 1765 2806 1764 2806 1764 2807 1768 2807 1769 2807 1764 2808 1769 2808 1787 2808 1785 2809 1944 2809 1773 2809 1770 2810 1775 2810 1771 2810 1766 2811 1774 2811 1768 2811 1773 2812 1776 2812 1770 2812 1776 2813 1775 2813 1770 2813 1767 2814 1774 2814 1766 2814 1774 2815 1777 2815 1773 2815 1777 2816 1776 2816 1773 2816 1779 2817 1777 2817 1774 2817 1780 2818 1772 2818 1746 2818 1775 2819 1746 2819 1772 2819 1780 31 1781 31 1782 31 1778 2820 1772 2820 1780 2820 1782 2821 1778 2821 1780 2821 1782 2822 1772 2822 1778 2822 1750 2823 1772 2823 1782 2823 1772 2824 1750 2824 1765 2824 1750 2825 1782 2825 1749 2825 1782 2826 1783 2826 1749 2826 1783 2827 1782 2827 1781 2827 1775 2828 1776 2828 1784 2828 1777 2829 1784 2829 1776 2829 607 2830 1777 2830 1779 2830 1767 2831 607 2831 1779 2831 665 2832 1781 2832 1780 2832 1780 2833 1746 2833 665 2833 1775 2834 1784 2834 1747 2834 1747 2835 1746 2835 1775 2835 606 2836 607 2836 1767 2836 605 2837 606 2837 1767 2837 1767 2838 1779 2838 1774 2838 1768 2839 1774 2839 1944 2839 1773 2840 1944 2840 1774 2840 1771 2841 1775 2841 1772 2841 1773 2842 1770 2842 1785 2842 1794 2843 1771 2843 1772 2843 1772 2844 1765 2844 1794 2844 1793 2845 1771 2845 1794 2845 1943 2846 1793 2846 1792 2846 1785 2847 1943 2847 1792 2847 1787 2848 1769 2848 1788 2848 1769 2849 1786 2849 1788 2849 1789 2850 1786 2850 1785 2850 1787 61 1788 61 1790 61 1789 2851 1791 2851 1786 2851 1788 2852 1786 2852 1791 2852 1792 2853 1793 2853 1795 2853 1794 2854 1795 2854 1793 2854 1790 2855 1796 2855 1794 2855 1796 2856 1795 2856 1794 2856 1788 2857 1791 2857 1797 2857 1789 2858 1792 2858 1799 2858 1792 2859 1795 2859 1799 2859 1798 2860 1796 2860 1790 2860 1803 2861 1795 2861 1796 2861 1798 2862 1803 2862 1796 2862 1800 2863 1801 2863 1789 2863 1789 2864 1799 2864 1800 2864 1789 2865 1801 2865 1791 2865 1797 2866 1791 2866 1801 2866 1803 2867 1802 2867 1795 2867 1802 2868 1799 2868 1795 2868 1798 2869 1797 2869 1804 2869 1804 2870 1797 2870 1809 2870 1797 2871 1801 2871 1809 2871 1802 2872 1805 2872 1799 2872 1800 2873 1799 2873 1805 2873 1800 2874 1808 2874 1801 2874 1806 2875 1803 2875 1804 2875 1807 2876 1802 2876 1803 2876 1800 2877 1810 2877 1811 2877 1808 2878 1811 2878 1813 2878 1809 2879 1808 2879 1813 2879 1809 2880 1813 2880 1814 2880 1806 2881 1809 2881 1814 2881 1812 2882 1810 2882 1807 2882 1803 2883 1812 2883 1807 2883 1813 2884 1811 2884 1816 2884 1816 2885 1811 2885 1821 2885 1806 2886 1817 2886 1861 2886 1816 2887 1818 2887 1817 2887 1861 2888 1817 2888 1818 2888 1819 2889 1818 2889 1816 2889 1816 2890 1821 2890 1819 2890 1861 2891 1818 2891 1825 2891 1819 2892 1825 2892 1818 2892 1823 2893 1825 2893 1819 2893 1819 2894 1821 2894 1823 2894 1942 2895 1822 2895 1815 2895 1822 2896 1821 2896 1815 2896 1823 2897 1821 2897 1824 2897 1822 2898 1824 2898 1821 2898 1827 2899 1942 2899 1820 2899 1827 2900 1822 2900 1942 2900 1827 2901 1826 2901 1822 2901 1826 2902 1824 2902 1822 2902 1823 2903 1829 2903 1825 2903 1861 2904 1825 2904 1829 2904 1823 2905 1824 2905 1828 2905 1828 2906 1829 2906 1823 2906 1828 2907 1824 2907 1830 2907 1826 2908 1830 2908 1824 2908 1829 2909 1933 2909 625 2909 1828 2910 1933 2910 1829 2910 1828 2911 1830 2911 1932 2911 1932 2912 1933 2912 1828 2912 1831 2913 1930 2913 1826 2913 1837 2914 1833 2914 1834 2914 1833 2915 1832 2915 1834 2915 633 2916 1833 2916 1837 2916 633 2917 634 2917 1833 2917 1833 2918 1835 2918 1832 2918 1833 2919 1836 2919 1835 2919 1837 2920 1838 2920 643 2920 643 2921 633 2921 1837 2921 1834 2922 1840 2922 1837 2922 1838 2923 1837 2923 1840 2923 1838 2924 1840 2924 1941 2924 1839 2925 1838 2925 1941 2925 1839 2926 1941 2926 1847 2926 1847 2927 643 2927 1839 2927 1843 2928 1842 2928 1844 2928 1841 31 1844 31 1842 31 1843 2929 1844 2929 1845 2929 1938 2930 643 2930 1846 2930 1847 2931 1846 2931 643 2931 1850 2932 1847 2932 1848 2932 1849 2933 1846 2933 1847 2933 1850 2934 1849 2934 1847 2934 1848 2935 1851 2935 1850 2935 1850 2936 1851 2936 1905 2936 1834 2937 1905 2937 1851 2937 1849 2938 1886 2938 1846 2938 1852 31 1846 31 1886 31 1853 2939 1846 2939 1852 2939 1852 2940 1854 2940 1853 2940 1845 2941 1855 2941 1856 2941 1940 2942 1845 2942 1856 2942 1854 2943 1866 2943 1855 2943 1856 2944 1855 2944 1866 2944 1921 2945 1940 2945 1857 2945 1858 61 1921 61 1857 61 1861 61 1863 61 1288 61 1861 61 1862 61 1863 61 1860 2946 1288 2946 1863 2946 1864 2947 1858 2947 1291 2947 1858 2948 1292 2948 1291 2948 1858 61 1857 61 1292 61 1859 2949 1858 2949 1864 2949 1860 61 1859 61 1864 61 1857 2950 1940 2950 1865 2950 1940 2951 1856 2951 1865 2951 1856 2952 1867 2952 1865 2952 1866 2953 1868 2953 1856 2953 1856 2954 1868 2954 1867 2954 1866 2955 1869 2955 1868 2955 1869 2956 1445 2956 1868 2956 1871 2957 1445 2957 1869 2957 1869 2958 1870 2958 1871 2958 1870 2959 99 2959 102 2959 1870 2960 102 2960 1876 2960 1870 2961 1876 2961 1871 2961 1871 2962 1876 2962 1872 2962 1876 2963 1875 2963 1872 2963 1873 2964 1872 2964 1875 2964 1462 2965 1872 2965 1873 2965 1461 2966 1871 2966 1872 2966 1462 2967 1461 2967 1872 2967 1874 2968 98 2968 1873 2968 103 2969 1876 2969 102 2969 1873 2970 1875 2970 1874 2970 1875 2971 1876 2971 3080 2971 1874 2972 95 2972 98 2972 103 2973 3080 2973 1876 2973 1873 2974 98 2974 97 2974 1873 2975 97 2975 1462 2975 1455 2976 1447 2976 1457 2976 1447 2977 1446 2977 1457 2977 1445 2978 1871 2978 1446 2978 1866 2979 1854 2979 1877 2979 1877 2980 1884 2980 1866 2980 1866 2981 1884 2981 1869 2981 1849 2982 1850 2982 1878 2982 1878 2983 1886 2983 1849 2983 1850 2984 1880 2984 1879 2984 1879 2985 1892 2985 1887 2985 1888 2986 1887 2986 1892 2986 1883 2987 1884 2987 1882 2987 1881 2988 1882 2988 1884 2988 1869 2989 1884 2989 1883 2989 1883 2990 1885 2990 1869 2990 1870 2991 1869 2991 1885 2991 1885 2992 99 2992 1870 2992 1879 2993 1878 2993 1850 2993 1879 2994 1886 2994 1878 2994 1879 2995 1887 2995 1886 2995 1852 31 1886 31 1887 31 1852 2996 1887 2996 1888 2996 1888 2997 1877 2997 1852 2997 1881 2998 1884 2998 1877 2998 1888 2999 1881 2999 1877 2999 1889 3000 1885 3000 1883 3000 1883 3001 1882 3001 1889 3001 1891 3002 1890 3002 1888 3002 1224 3003 1885 3003 1889 3003 1224 3004 105 3004 1885 3004 1891 3005 1225 3005 1890 3005 1225 3006 1882 3006 1890 3006 1227 3007 1891 3007 1892 3007 1892 3008 1893 3008 1227 3008 1227 3009 1893 3009 1229 3009 1225 3010 1223 3010 1882 3010 1229 3011 1894 3011 1232 3011 1242 3012 1241 3012 1894 3012 1232 3013 1894 3013 1241 3013 1242 61 1286 61 1243 61 1285 61 1284 61 1901 61 1285 3014 1901 3014 1895 3014 1284 3015 1896 3015 1901 3015 1283 3016 1297 3016 1897 3016 1282 3017 1899 3017 1898 3017 1897 61 1282 61 1898 61 1283 3018 1897 3018 1276 3018 1276 3019 1897 3019 1275 3019 1897 3020 1898 3020 1275 3020 1898 3021 1899 3021 1273 3021 1895 3022 1901 3022 1244 3022 1901 3023 1896 3023 1900 3023 1896 61 1283 61 1900 61 1900 61 1283 61 1276 61 1244 3024 1243 3024 1895 3024 1244 3025 1901 3025 1247 3025 1901 3026 1900 3026 1247 3026 1247 3027 1900 3027 1277 3027 1272 61 1899 61 1280 61 1280 3028 1271 3028 1272 3028 1280 61 1899 61 1281 61 1282 3029 1281 3029 1899 3029 1297 61 1282 61 1897 61 1287 61 1286 61 1242 61 1895 3030 1243 3030 1285 3030 1285 3031 1243 3031 1286 3031 1242 3032 1894 3032 1287 3032 1229 3033 1902 3033 1894 3033 1287 3034 1894 3034 1902 3034 1893 3035 1902 3035 1229 3035 1288 3036 1287 3036 1861 3036 1287 3037 1902 3037 1861 3037 1903 3038 1902 3038 1893 3038 1903 31 1908 31 1902 31 1861 3039 1902 3039 1908 3039 1893 3040 1880 3040 1903 3040 1880 3041 1850 3041 1904 3041 1850 3042 1905 3042 1904 3042 1880 3043 1904 3043 1906 3043 1834 3044 1907 3044 1909 3044 1907 3045 1906 3045 1909 3045 1861 3046 1908 3046 1806 3046 1907 3047 1908 3047 1903 3047 1903 3048 1906 3048 1907 3048 1903 3049 1880 3049 1906 3049 1904 3050 1834 3050 1909 3050 1906 3051 1904 3051 1909 3051 1904 3052 1905 3052 1834 3052 1907 3053 1803 3053 1908 3053 1806 3054 1908 3054 1803 3054 1820 3055 1803 3055 1907 3055 1910 3056 1820 3056 1907 3056 1834 3057 1910 3057 1907 3057 1911 3058 1910 3058 1834 3058 1911 3059 1820 3059 1910 3059 1827 3060 1820 3060 1912 3060 1911 3061 1912 3061 1820 3061 1913 3062 1912 3062 1911 3062 1913 3063 1911 3063 1834 3063 1913 3064 1914 3064 1912 3064 1827 3065 1912 3065 1914 3065 1915 3066 1913 3066 1834 3066 1915 3067 1914 3067 1913 3067 1915 3068 1916 3068 1914 3068 1827 3069 1914 3069 1916 3069 1832 3070 1916 3070 1915 3070 1834 3071 1832 3071 1915 3071 1831 3072 1826 3072 1827 3072 1827 3073 1934 3073 1831 3073 1827 3074 1916 3074 1934 3074 1832 3075 1934 3075 1916 3075 1893 3076 1917 3076 1880 3076 1917 3077 1879 3077 1880 3077 1893 3078 1892 3078 1917 3078 1888 3079 1890 3079 1881 3079 1917 3080 1892 3080 1879 3080 1890 31 1882 31 1881 31 1289 3081 1288 3081 1860 3081 1860 3082 1864 3082 1289 3082 1289 61 1864 61 1290 61 1864 3083 1291 3083 1290 3083 1292 3084 1865 3084 1293 3084 1865 3085 1867 3085 1295 3085 1865 3086 1295 3086 1293 3086 1295 3087 1868 3087 1296 3087 1867 3088 1868 3088 1295 3088 1888 3089 1892 3089 1891 3089 1889 3090 1882 3090 1223 3090 1885 3091 105 3091 99 3091 1852 3092 1877 3092 1854 3092 1857 3093 1865 3093 1292 3093 1861 61 1922 61 1862 61 1918 3094 1862 3094 1922 3094 1918 3095 1924 3095 1919 3095 1923 3096 1924 3096 1918 3096 1918 3097 1922 3097 1923 3097 1861 61 1929 61 1922 61 1929 3098 1923 3098 1922 3098 1926 3099 639 3099 1939 3099 639 61 1843 61 1939 61 1927 3100 1926 3100 1925 3100 1924 3101 1927 3101 1925 3101 1928 3102 1924 3102 1923 3102 1929 3103 1928 3103 1923 3103 625 3104 1928 3104 1929 3104 1861 3105 625 3105 1929 3105 1930 3106 629 3106 1830 3106 1931 3107 1930 3107 1831 3107 1831 3108 1934 3108 1931 3108 1932 3109 1830 3109 629 3109 1932 3110 627 3110 1933 3110 1935 3111 627 3111 1932 3111 1932 3112 629 3112 1935 3112 625 3113 1933 3113 627 3113 1931 3114 1934 3114 636 3114 1835 3115 636 3115 1934 3115 1836 3116 636 3116 1835 3116 1931 3117 637 3117 1930 3117 637 3118 629 3118 1930 3118 635 3119 634 3119 633 3119 638 3120 639 3120 1926 3120 1938 3121 1936 3121 1937 3121 1938 3122 1937 3122 643 3122 1841 31 1842 31 1936 31 1938 3123 1841 3123 1936 3123 1937 3124 1936 3124 642 3124 640 3125 641 3125 1843 3125 1843 3126 641 3126 1842 3126 642 31 1842 31 641 31 1936 31 1842 31 642 31 1927 3127 638 3127 1926 3127 639 61 640 61 1843 61 1928 61 624 61 1924 61 624 3128 1927 3128 1924 3128 1924 3129 1925 3129 1920 3129 1925 3130 1926 3130 1920 3130 1920 3131 1926 3131 1921 3131 1926 3132 1939 3132 1921 3132 1921 3133 1939 3133 1940 3133 1939 3134 1845 3134 1940 3134 1845 3135 1844 3135 1855 3135 1859 3136 1920 3136 1858 3136 1920 3137 1921 3137 1858 3137 1918 3138 1859 3138 1860 3138 1860 3139 1863 3139 1918 3139 1918 3140 1863 3140 1862 3140 1919 3141 1920 3141 1859 3141 1918 61 1919 61 1859 61 1853 3142 1841 3142 1938 3142 1853 3143 1854 3143 1841 3143 1854 3144 1844 3144 1841 3144 1938 31 1846 31 1853 31 1854 31 1855 31 1844 31 1924 3145 1920 3145 1919 3145 1939 61 1843 61 1845 61 1941 3146 1848 3146 1847 3146 1941 3147 1851 3147 1848 3147 1941 3148 1840 3148 1851 3148 1851 3149 1840 3149 1834 3149 643 3150 1838 3150 1839 3150 1835 3151 1934 3151 1832 3151 1930 3152 1830 3152 1826 3152 1861 3153 1829 3153 625 3153 1820 3154 1942 3154 1812 3154 1820 3155 1812 3155 1803 3155 1811 3156 1815 3156 1821 3156 1942 3157 1815 3157 1812 3157 1812 3158 1815 3158 1810 3158 1811 3159 1810 3159 1815 3159 1806 3160 1814 3160 1817 3160 1814 3161 1813 3161 1817 3161 1817 3162 1813 3162 1816 3162 1808 3163 1800 3163 1811 3163 1807 3164 1810 3164 1802 3164 1800 3165 1805 3165 1810 3165 1802 3166 1810 3166 1805 3166 1809 3167 1806 3167 1804 3167 1809 3168 1801 3168 1808 3168 1804 3169 1803 3169 1798 3169 1790 3170 1788 3170 1798 3170 1798 3171 1788 3171 1797 3171 1790 3172 1794 3172 1787 3172 1785 3173 1792 3173 1789 3173 1943 3174 1771 3174 1793 3174 1785 3175 1786 3175 1944 3175 1768 3176 1944 3176 1769 3176 1770 3177 1771 3177 1943 3177 1785 3178 1770 3178 1943 3178 1769 3179 1944 3179 1786 3179 1787 3180 1794 3180 1765 3180 1763 3181 1750 3181 1753 3181 1753 3182 1750 3182 1752 3182 1750 3183 1751 3183 1752 3183 665 3184 613 3184 1781 3184 1747 3185 611 3185 1746 3185 610 3186 608 3186 607 3186 647 3187 610 3187 607 3187 646 3188 611 3188 1747 3188 1747 3189 650 3189 646 3189 612 3190 613 3190 665 3190 665 3191 611 3191 612 3191 665 3192 1746 3192 611 3192 666 3193 1947 3193 1946 3193 1946 31 1945 31 666 31 664 3194 1945 3194 1745 3194 1720 3195 1947 3195 662 3195 667 3196 1720 3196 662 3196 1720 31 1742 31 1947 31 1708 3197 1720 3197 667 3197 1946 3198 1947 3198 1742 3198 1946 3199 1743 3199 1945 3199 1719 31 1721 31 692 31 1708 3200 1718 3200 1717 3200 692 3201 1717 3201 1718 3201 1708 3202 1715 3202 1714 3202 1714 31 1715 31 692 31 1710 31 1709 31 1708 31 1709 61 1710 61 692 61 1707 3203 674 3203 1706 3203 1707 3204 1690 3204 1708 3204 1706 31 1690 31 1707 31 692 3205 1706 3205 1707 3205 1703 3206 674 3206 1702 3206 1702 3207 674 3207 1701 3207 1690 3208 1703 3208 1702 3208 692 3209 1702 3209 1703 3209 692 3210 1701 3210 1702 3210 1701 31 1690 31 1702 31 1950 3211 1705 3211 1625 3211 1690 3212 1696 3212 1682 3212 1683 3213 1682 3213 1696 3213 692 3214 1694 3214 1695 3214 1694 3215 1625 3215 1695 3215 1683 3216 1696 3216 1629 3216 1690 3217 1692 3217 1691 3217 1691 3218 1625 3218 1692 3218 692 3219 1691 3219 1692 3219 1626 3220 1696 3220 1690 3220 1626 3221 1688 3221 1686 3221 1686 31 1688 31 692 31 1686 3222 1625 3222 1688 3222 1631 3223 1684 3223 1685 3223 1677 3224 1681 3224 1678 3224 1631 3225 1633 3225 1658 3225 1651 3226 1655 3226 1633 3226 494 3227 1652 3227 1650 3227 1635 3228 1651 3228 1633 3228 704 61 498 61 692 61 692 61 1948 61 704 61 692 3229 1949 3229 1948 3229 1958 3230 1949 3230 692 3230 497 31 1648 31 692 31 692 3231 500 3231 497 3231 692 3232 501 3232 500 3232 692 3233 502 3233 501 3233 692 31 503 31 502 31 692 3234 504 3234 503 3234 505 31 504 31 692 31 692 3235 498 3235 505 3235 2153 3236 1949 3236 1958 3236 1958 3237 1623 3237 2153 3237 1958 3238 1950 3238 1623 3238 1951 3239 679 3239 1950 3239 1950 3240 1953 3240 1951 3240 1950 3241 1952 3241 1953 3241 1954 3242 687 3242 1955 3242 1953 3243 1954 3243 1955 3243 1953 3244 1955 3244 1951 3244 1951 3245 1955 3245 1956 3245 1956 61 1955 61 687 61 1951 3246 1956 3246 679 3246 679 3247 1956 3247 687 3247 1081 3248 687 3248 688 3248 679 3249 687 3249 1081 3249 1952 3250 1954 3250 1953 3250 687 3251 1954 3251 1957 3251 1952 3252 1957 3252 1954 3252 1950 3253 1958 3253 1957 3253 1957 3254 1958 3254 687 3254 1950 3255 1957 3255 1952 3255 687 3256 1958 3256 692 3256 1960 3257 1959 3257 2153 3257 2153 3258 1623 3258 1961 3258 2153 3259 1959 3259 1949 3259 1963 3260 1949 3260 2152 3260 1962 3261 1963 3261 2152 3261 1963 3262 1948 3262 1949 3262 1964 3263 1963 3263 1962 3263 1964 3264 1948 3264 1963 3264 1964 3265 1962 3265 1965 3265 1965 3266 1966 3266 1964 3266 1966 3267 704 3267 1964 3267 1964 3268 704 3268 1948 3268 704 3269 1966 3269 1969 3269 1970 3270 1966 3270 1965 3270 1967 3271 1968 3271 1966 3271 1971 61 1967 61 1966 61 1966 3272 1968 3272 1969 3272 1970 3270 1971 3270 1966 3270 704 31 2105 31 1971 31 1971 61 1997 61 704 61 1973 61 1974 61 1971 61 1985 3270 1971 3270 1970 3270 1971 3273 1972 3273 1967 3273 1971 3274 2105 3274 1972 3274 1971 3275 1974 3275 1997 3275 1971 3276 1999 3276 1973 3276 2009 3277 1999 3277 1971 3277 1985 3278 2009 3278 1971 3278 683 3279 1995 3279 1980 3279 683 3280 1975 3280 1981 3280 1978 3281 1977 3281 683 3281 1979 3282 683 3282 1976 3282 1977 3283 2106 3283 683 3283 1979 61 1978 61 683 61 1985 31 1976 31 683 31 1980 3284 1975 3284 683 3284 683 3285 1981 3285 1985 3285 1985 3286 1983 3286 1081 3286 1985 3287 1982 3287 1983 3287 1985 3288 1984 3288 1982 3288 1985 3289 1981 3289 1984 3289 1983 3290 1987 3290 1986 3290 1983 3291 1986 3291 1081 3291 1986 3292 1987 3292 1988 3292 1988 3293 1987 3293 704 3293 1986 3294 1988 3294 1990 3294 704 3295 1990 3295 1988 3295 1081 3296 1986 3296 1989 3296 1986 3297 1990 3297 1989 3297 1990 3298 1991 3298 1989 3298 1989 3299 1991 3299 1081 3299 704 3300 1992 3300 1990 3300 1992 3301 1991 3301 1990 3301 1081 3302 1991 3302 683 3302 1993 3303 1992 3303 704 3303 1993 3304 1991 3304 1992 3304 683 3305 1991 3305 1994 3305 1993 3306 1994 3306 1991 3306 1993 3307 1995 3307 1994 3307 1994 3308 1995 3308 683 3308 1996 3309 1995 3309 1993 3309 1996 3310 1993 3310 704 3310 1996 3311 1980 3311 1995 3311 704 3312 1997 3312 1996 3312 1997 3313 1980 3313 1996 3313 704 3314 1987 3314 2009 3314 1987 3315 1998 3315 2009 3315 1983 3316 1998 3316 1987 3316 1982 3317 1998 3317 1983 3317 1998 3318 1999 3318 2009 3318 1998 3319 1982 3319 1999 3319 1999 3320 1982 3320 1984 3320 1999 3321 1984 3321 1981 3321 2001 3322 1985 3322 2000 3322 2013 3323 1985 3323 2001 3323 2013 3324 2002 3324 1985 3324 2002 3325 2009 3325 1985 3325 2001 61 2009 61 2003 61 2004 61 2003 61 2009 61 2005 61 2004 61 2009 61 2000 61 2009 61 2001 61 2006 3326 2004 3326 2005 3326 2006 3327 2005 3327 2007 3327 2002 3328 2006 3328 2007 3328 2002 3329 2007 3329 2008 3329 2009 3330 2010 3330 2005 3330 2007 3331 2005 3331 2010 3331 2008 3332 2010 3332 2009 3332 2008 3333 2009 3333 2002 3333 2007 3334 2010 3334 2008 3334 2002 31 2011 31 2006 31 2011 3335 2004 3335 2006 3335 2011 3336 2003 3336 2004 3336 2002 3337 2012 3337 2011 3337 2012 3338 2003 3338 2011 3338 2012 3339 2001 3339 2003 3339 2012 31 2002 31 2013 31 2013 3340 2001 3340 2012 3340 2000 3341 2043 3341 704 3341 704 3342 2009 3342 2000 3342 2014 3343 2015 3343 2000 3343 2016 3344 2000 3344 2015 3344 2000 3345 2016 3345 2017 3345 2017 61 2028 61 2000 61 2000 3346 2018 3346 2029 3346 2000 3347 2032 3347 2020 3347 2020 61 2033 61 2000 61 2033 61 2021 61 2000 61 2021 61 2022 61 2000 61 2000 3348 2022 3348 2034 3348 2000 3349 2035 3349 2036 3349 2000 3350 2036 3350 2037 3350 2000 3351 2037 3351 2023 3351 2000 3352 2023 3352 2024 3352 2000 3353 2038 3353 2027 3353 2026 61 2025 61 2000 61 2000 3354 2027 3354 2026 3354 2000 3355 2079 3355 2014 3355 2000 3356 2028 3356 2018 3356 2000 3357 2029 3357 2030 3357 2031 61 2000 61 2030 61 2000 3358 2031 3358 2019 3358 2000 3359 2019 3359 2032 3359 2000 3360 2034 3360 2035 3360 2038 61 2000 61 2024 61 2000 3361 2025 3361 2045 3361 2040 31 2039 31 2000 31 2000 3362 2039 3362 2041 3362 2000 3363 2042 3363 2040 3363 2041 3364 2044 3364 2000 3364 2000 3365 2045 3365 2042 3365 2044 3366 2043 3366 2000 3366 888 3367 2042 3367 2045 3367 2045 3368 2087 3368 2042 3368 2082 3369 2045 3369 2042 3369 884 31 885 31 2047 31 2048 3370 884 3370 2047 3370 885 3371 2049 3371 2086 3371 885 3372 2086 3372 2047 3372 885 3373 2046 3373 2049 3373 2048 3374 2047 3374 2051 3374 2047 3375 2086 3375 2050 3375 2051 3376 2047 3376 2050 3376 2051 3377 882 3377 2048 3377 2058 3378 2050 3378 2085 3378 2050 3379 881 3379 2051 3379 882 3380 2051 3380 881 3380 2050 3381 2052 3381 881 3381 841 3382 881 3382 2052 3382 854 3383 881 3383 841 3383 2058 3384 2084 3384 2053 3384 2053 3385 2055 3385 2054 3385 2084 3386 2055 3386 2053 3386 2057 3387 2054 3387 2056 3387 2058 3388 2053 3388 2060 3388 2053 3389 2054 3389 2060 3389 2033 31 2057 31 2021 31 2020 31 2032 31 2057 31 2057 3390 2033 3390 2020 3390 2019 31 2031 31 2057 31 2057 3391 2032 3391 2019 3391 2057 3392 2059 3392 2054 3392 2057 3393 2031 3393 2030 3393 2030 31 2029 31 2057 31 2029 3394 2018 3394 2057 3394 2018 31 2028 31 2057 31 2057 3395 2028 3395 2017 3395 2057 3396 2016 3396 2015 3396 2017 31 2016 31 2057 31 2014 31 2079 31 2057 31 2057 3397 2015 3397 2014 3397 2061 3398 2060 3398 768 3398 2060 3399 2061 3399 2062 3399 2060 3400 2059 3400 768 3400 762 3401 768 3401 2059 3401 2061 3402 768 3402 770 3402 2063 3403 2061 3403 770 3403 2064 3404 2061 3404 2063 3404 2065 3405 2061 3405 2064 3405 2064 3406 2066 3406 2065 3406 2066 3407 2052 3407 2050 3407 2050 3408 2065 3408 2066 3408 840 3409 841 3409 801 3409 801 3410 818 3410 839 3410 801 61 839 61 840 61 838 3411 839 3411 818 3411 841 3412 2052 3412 2067 3412 2066 3413 2067 3413 2052 3413 2068 3414 841 3414 2067 3414 2068 3415 2067 3415 2063 3415 2066 3416 2063 3416 2067 3416 2068 3417 2070 3417 2069 3417 2063 3418 2070 3418 2068 3418 2070 3419 770 3419 2071 3419 2063 3420 770 3420 2070 3420 2069 3421 2070 3421 2071 3421 2071 3422 770 3422 771 3422 771 3423 2069 3423 2071 3423 2069 3424 796 3424 2068 3424 2072 3425 796 3425 2069 3425 2069 3426 771 3426 2072 3426 771 3427 772 3427 784 3427 778 31 784 31 772 31 796 3428 2072 3428 794 3428 796 3429 800 3429 2068 3429 2068 3430 800 3430 841 3430 801 3431 841 3431 800 3431 2064 3432 2063 3432 2066 3432 2050 3433 2062 3433 2065 3433 2062 3434 2061 3434 2065 3434 2050 3435 2058 3435 2062 3435 2058 3436 2060 3436 2062 3436 762 3437 2073 3437 2074 3437 2074 31 2075 31 762 31 758 3438 2074 3438 2075 3438 2000 3439 2075 3439 2074 3439 763 3440 2075 3440 2074 3440 763 3441 2074 3441 2073 3441 763 3442 2073 3442 2076 3442 762 3443 2076 3443 2073 3443 762 3444 2077 3444 2076 3444 758 3445 2077 3445 2076 3445 763 3446 2076 3446 2077 3446 2000 3447 2076 3447 2077 3447 2000 3448 2073 3448 2076 3448 758 3449 2076 3449 2073 3449 759 3450 2077 3450 758 3450 2057 31 2077 31 762 31 2057 3451 2078 3451 2077 3451 763 3452 2077 3452 2078 3452 2000 3453 2077 3453 2078 3453 759 3454 2078 3454 2077 3454 2078 31 2057 31 2079 31 2078 61 2079 61 2000 61 759 3455 2079 3455 2078 3455 763 3456 2078 3456 2079 3456 763 3457 2079 3457 2014 3457 763 3458 2014 3458 2080 3458 2080 3459 2014 3459 2015 3459 2080 3460 2015 3460 2016 3460 2080 3461 2016 3461 2017 3461 2080 3462 2017 3462 2028 3462 2080 3463 2028 3463 2018 3463 2080 3464 2018 3464 2029 3464 2080 3465 2029 3465 2030 3465 2080 3466 2030 3466 2031 3466 2080 3467 2031 3467 2019 3467 2080 3468 2019 3468 2032 3468 2080 3469 2032 3469 2020 3469 2080 3470 2020 3470 2081 3470 763 3471 2080 3471 2081 3471 2081 3472 2020 3472 2033 3472 2081 3473 2033 3473 2021 3473 2081 3474 2021 3474 2022 3474 2081 3475 2022 3475 2034 3475 2081 3476 2034 3476 2035 3476 2081 3477 2035 3477 2036 3477 2081 3478 2036 3478 2037 3478 2081 3479 2037 3479 2023 3479 2081 3480 2023 3480 2024 3480 2081 3481 2024 3481 2082 3481 763 3482 2081 3482 2082 3482 2082 3483 2024 3483 2038 3483 2082 3484 2038 3484 2027 3484 2082 3485 2027 3485 2026 3485 2082 3486 2026 3486 2025 3486 2082 3487 2025 3487 2045 3487 758 3488 2075 3488 2083 3488 763 3489 2083 3489 2075 3489 2000 3490 2083 3490 2075 3490 2083 3491 762 3491 2075 3491 758 3492 2083 3492 769 3492 762 3493 2083 3493 769 3493 763 3494 769 3494 2083 3494 2000 3495 769 3495 2083 3495 763 3496 767 3496 769 3496 2000 3497 2074 3497 2073 3497 758 3498 2073 3498 2074 3498 762 3499 2059 3499 2057 3499 2060 3500 2054 3500 2059 3500 2056 31 2034 31 2057 31 2057 3501 2022 3501 2021 3501 2057 3502 2034 3502 2022 3502 2056 3503 2035 3503 2034 3503 2056 3504 2054 3504 2055 3504 2056 3505 2036 3505 2035 3505 2056 3506 2037 3506 2036 3506 2056 3507 2023 3507 2037 3507 2056 3508 2024 3508 2023 3508 888 3509 2027 3509 2056 3509 2056 3510 2055 3510 888 3510 2056 3511 2027 3511 2038 3511 2084 3512 886 3512 2055 3512 888 3513 2055 3513 886 3513 2049 3514 886 3514 2084 3514 2049 3515 2046 3515 886 3515 2049 3516 2084 3516 2085 3516 2049 3517 2085 3517 2086 3517 2085 3518 2050 3518 2086 3518 888 3519 2025 3519 2026 3519 888 3520 2026 3520 2027 3520 2085 3521 2084 3521 2058 3521 2038 31 2024 31 2056 31 888 3522 2045 3522 2025 3522 2025 3523 2087 3523 2045 3523 2026 3524 2087 3524 2025 3524 2027 3525 2087 3525 2026 3525 2038 3526 2087 3526 2027 3526 2024 3527 2087 3527 2038 3527 2023 3528 2087 3528 2024 3528 2037 3529 2087 3529 2023 3529 2036 3530 2087 3530 2037 3530 2036 3531 2088 3531 2087 3531 1985 3532 2087 3532 2088 3532 2088 3533 2036 3533 2035 3533 2088 3534 2035 3534 2034 3534 2088 3535 2034 3535 2022 3535 2088 3536 2022 3536 2021 3536 2088 3537 2021 3537 2033 3537 2088 3538 2033 3538 2020 3538 2088 3539 2020 3539 2032 3539 2088 3540 2032 3540 2019 3540 2088 3541 2019 3541 2031 3541 2088 3542 2031 3542 2030 3542 2088 3543 2030 3543 759 3543 1985 3544 2088 3544 759 3544 759 3545 2030 3545 2029 3545 759 3546 2029 3546 2018 3546 759 3547 2018 3547 2028 3547 759 3548 2028 3548 2017 3548 759 3549 2017 3549 2016 3549 759 3550 2016 3550 2015 3550 2089 3551 2087 3551 1985 3551 2042 3552 2087 3552 2089 3552 2042 3553 2089 3553 2040 3553 2040 3554 2089 3554 2039 3554 2039 3555 2089 3555 2041 3555 2041 3556 2089 3556 2044 3556 2044 3557 2089 3557 2043 3557 2043 3558 2089 3558 2090 3558 887 3559 2090 3559 2043 3559 2082 3560 2043 3560 2090 3560 704 3561 2043 3561 2090 3561 1985 3562 1081 3562 2089 3562 2090 3563 2089 3563 2091 3563 2091 3564 2092 3564 704 3564 887 3565 2092 3565 2091 3565 2082 3566 2091 3566 2092 3566 2091 3567 2089 3567 2092 3567 2082 3568 2090 3568 2091 3568 704 3569 2092 3569 1080 3569 1080 31 2092 31 887 31 2082 3570 2092 3570 1080 3570 2092 3571 2089 3571 1080 3571 2090 3572 2091 3572 704 3572 887 31 2091 31 2090 31 2082 3573 2044 3573 2043 3573 2082 3574 2041 3574 2044 3574 2082 3575 2039 3575 2041 3575 2082 3576 2040 3576 2039 3576 2082 3577 2042 3577 2040 3577 887 3578 2044 3578 2041 3578 887 3579 2043 3579 2044 3579 887 3580 2041 3580 2039 3580 887 3581 2040 3581 2042 3581 887 3582 2042 3582 888 3582 887 3583 2039 3583 2040 3583 759 3584 2014 3584 2079 3584 759 3585 2015 3585 2014 3585 1999 3586 1981 3586 1973 3586 1973 3587 1981 3587 1974 3587 1974 3588 1981 3588 1975 3588 1974 3589 1975 3589 1997 3589 1997 3590 1975 3590 1980 3590 1979 3591 682 3591 678 3591 678 3592 2094 3592 1979 3592 1976 3593 682 3593 1979 3593 2095 31 1978 31 1979 31 1979 3594 2094 3594 2093 3594 2093 3595 2095 3595 1979 3595 1969 3596 2093 3596 2094 3596 704 3597 1969 3597 2096 3597 1969 3598 2094 3598 2096 3598 2096 3599 2094 3599 2097 3599 678 3600 2098 3600 2094 3600 2097 3601 2094 3601 2098 3601 2097 3602 2098 3602 2099 3602 704 3603 2097 3603 2099 3603 678 3604 2100 3604 2098 3604 2099 3605 2098 3605 2100 3605 2099 3606 2100 3606 2101 3606 704 3607 2099 3607 2101 3607 2101 3608 2100 3608 2102 3608 683 31 2102 31 678 31 2102 3609 2103 3609 2101 3609 704 3610 2101 3610 2103 3610 2104 3611 2103 3611 2102 3611 2104 3612 2105 3612 2103 3612 683 3613 2106 3613 2104 3613 2106 3614 2105 3614 2104 3614 704 3615 2103 3615 2105 3615 2104 3616 2102 3616 683 3616 678 3617 2102 3617 2100 3617 2096 3618 2097 3618 704 3618 682 3619 2107 3619 1623 3619 1623 3620 2107 3620 2108 3620 1623 3621 2108 3621 2109 3621 2108 3622 1962 3622 2109 3622 1962 3623 1961 3623 2109 3623 2109 3624 1961 3624 1623 3624 2110 3625 1962 3625 2108 3625 2107 31 2110 31 2108 31 2111 31 2110 31 2107 31 1962 3626 2110 3626 2111 3626 682 3627 2111 3627 2107 3627 1962 3628 2111 3628 2112 3628 2112 3629 2111 3629 682 3629 1965 3630 2112 3630 682 3630 1965 3631 1962 3631 2112 3631 1976 3632 2117 3632 682 3632 682 3633 2149 3633 1965 3633 682 3634 2113 3634 2149 3634 682 3635 2114 3635 2113 3635 682 31 2115 31 2114 31 2115 31 682 31 2116 31 682 3636 2117 3636 2116 3636 2119 3637 2121 3637 2118 3637 2118 3638 2135 3638 2122 3638 2118 3639 2122 3639 2123 3639 2123 3640 2124 3640 2118 3640 2118 3641 2124 3641 2120 3641 2125 31 2134 31 2118 31 2118 3642 2126 3642 2125 3642 2127 31 2126 31 2118 31 2118 3643 2128 3643 2127 3643 2120 31 2129 31 2118 31 2129 3644 2130 3644 2118 3644 2118 31 2131 31 2132 31 2118 3645 2132 3645 2133 3645 2118 31 2133 31 2128 31 2134 31 2119 31 2118 31 2118 3646 2121 3646 2135 3646 2137 3647 2120 3647 2136 3647 2137 3648 2136 3648 1976 3648 2138 3649 2120 3649 2137 3649 2138 3650 2137 3650 1976 3650 2138 3651 2129 3651 2120 3651 2139 3652 2129 3652 2138 3652 2138 3653 1976 3653 2139 3653 2139 3654 2130 3654 2129 3654 2139 3655 1976 3655 1970 3655 2139 3656 2118 3656 2130 3656 2140 3657 2118 3657 2139 3657 2140 3658 2139 3658 1970 3658 2140 3659 2131 3659 2118 3659 2141 3660 2131 3660 2140 3660 1970 3661 2141 3661 2140 3661 2141 3662 2132 3662 2131 3662 2142 3663 2132 3663 2141 3663 2142 3664 2141 3664 1970 3664 2132 3665 2142 3665 2133 3665 2133 3666 2142 3666 2143 3666 2143 3667 2142 3667 1970 3667 2133 3668 2143 3668 2144 3668 1970 3669 2144 3669 2143 3669 2133 3670 2144 3670 2128 3670 1965 3671 2144 3671 1970 3671 2128 3672 2144 3672 2145 3672 2145 3673 2144 3673 1965 3673 2128 3674 2145 3674 2127 3674 1965 3675 2146 3675 2145 3675 2127 3676 2145 3676 2146 3676 2127 3677 2146 3677 2126 3677 2126 3678 2146 3678 2147 3678 1965 3679 2147 3679 2146 3679 1965 3680 2148 3680 2147 3680 2126 3681 2147 3681 2148 3681 2126 3682 2148 3682 2125 3682 2125 3683 2148 3683 2149 3683 1965 3684 2149 3684 2148 3684 2125 3685 2149 3685 2134 3685 2124 3686 2136 3686 2120 3686 2123 3687 2136 3687 2124 3687 1976 3688 2136 3688 2150 3688 2123 3689 2150 3689 2136 3689 2123 3690 2117 3690 2150 3690 1976 3691 2150 3691 2117 3691 2122 3692 2117 3692 2123 3692 2121 3693 2115 3693 2135 3693 2134 3694 2113 3694 2119 3694 2121 3695 2114 3695 2115 3695 2119 3696 2114 3696 2121 3696 2119 3697 2113 3697 2114 3697 2134 3698 2149 3698 2113 3698 2122 3699 2116 3699 2117 3699 2135 3700 2116 3700 2122 3700 2135 3701 2115 3701 2116 3701 1968 3702 2093 3702 1969 3702 1968 3703 2095 3703 2093 3703 1968 3704 1978 3704 2095 3704 1967 3705 1978 3705 1968 3705 1970 3706 1976 3706 1985 3706 1972 3707 1978 3707 1967 3707 1972 3708 1977 3708 1978 3708 1977 3709 1972 3709 2106 3709 2106 3710 1972 3710 2105 3710 1962 3711 2151 3711 1961 3711 2152 3712 2151 3712 1962 3712 2152 3713 1949 3713 1959 3713 2152 3714 1959 3714 2151 3714 2151 3715 1959 3715 1960 3715 2151 3716 1960 3716 1961 3716 1961 3717 1960 3717 2153 3717 497 3718 1622 3718 1648 3718 500 3719 1622 3719 497 3719 501 3720 1622 3720 500 3720 502 3721 1622 3721 501 3721 1620 3722 1622 3722 1621 3722 1619 3723 1622 3723 1620 3723 507 3724 1621 3724 1620 3724 704 3725 1620 3725 1621 3725 1620 3726 1619 3726 507 3726 704 3727 1619 3727 1620 3727 1598 3728 1612 3728 1613 3728 1613 31 1612 31 1605 31 704 3729 1612 3729 1613 3729 528 3730 1605 3730 1608 3730 1608 3731 1577 3731 528 3731 1600 3732 1577 3732 1608 3732 1608 3733 1605 3733 1600 3733 1600 3734 1605 3734 1594 3734 1600 3735 1520 3735 1577 3735 1600 3736 1594 3736 2154 3736 2154 3737 1520 3737 1600 3737 2154 3738 1594 3738 1579 3738 682 3739 1603 3739 681 3739 681 3740 1597 3740 1596 3740 1594 3741 1597 3741 1596 3741 1596 61 1597 61 704 61 1594 3742 1590 3742 1579 3742 681 3743 1589 3743 1588 3743 1579 3744 1589 3744 1588 3744 704 3745 1588 3745 1589 3745 1579 3746 1585 3746 1584 3746 1584 31 1585 31 692 31 681 3747 1585 3747 1584 3747 1582 3748 1583 3748 1584 3748 1583 31 1584 31 692 31 681 3749 1584 3749 1583 3749 692 3750 1581 3750 1583 3750 1579 3751 1583 3751 1581 3751 681 3752 1583 3752 1581 3752 681 3753 1581 3753 680 3753 692 3754 1580 3754 1581 3754 1579 3755 1581 3755 1580 3755 680 3756 1581 3756 1580 3756 2155 3757 2156 3757 1580 3757 680 3758 2156 3758 2157 3758 2156 31 2157 31 1579 31 692 3759 2157 3759 2156 3759 2155 3760 2157 3760 2156 3760 1579 31 2157 31 2159 31 2158 3761 1579 3761 2159 3761 2158 3762 1575 3762 1521 3762 2159 3763 2157 3763 2160 3763 2155 3764 2160 3764 2157 3764 692 3765 2160 3765 2157 3765 680 3766 2157 3766 2160 3766 2159 3767 2160 3767 2161 3767 2161 31 2160 31 692 31 680 3768 2160 3768 2161 3768 2155 3769 2161 3769 2160 3769 692 3770 2162 3770 2161 3770 680 3771 2161 3771 2162 3771 2155 3772 2162 3772 2161 3772 2162 31 2159 31 2161 31 2158 3773 2159 3773 1576 3773 2155 3774 673 3774 2162 3774 1734 3775 673 3775 2155 3775 1734 3776 2155 3776 674 3776 2159 3777 2162 3777 673 3777 673 31 2162 31 692 31 680 3778 2162 3778 673 3778 2156 31 1580 31 692 31 680 3779 1580 3779 2156 3779 1576 3780 1575 3780 2158 3780 1576 3781 2159 3781 669 3781 668 3782 1573 3782 669 3782 1568 3783 1545 3783 1544 3783 668 3784 1545 3784 1572 3784 1572 3785 1545 3785 1571 3785 2163 3786 1570 3786 1569 3786 1567 3787 2164 3787 2163 3787 1499 61 1570 61 2166 61 2163 3788 2166 3788 1570 3788 2164 3789 2165 3789 2163 3789 2165 3790 2166 3790 2163 3790 2164 3791 1565 3791 1509 3791 2165 61 2164 61 1500 61 1500 61 1501 61 2165 61 1501 3792 2166 3792 2165 3792 1501 3793 1503 3793 2166 3793 1499 3794 2166 3794 1503 3794 2164 3795 1509 3795 1500 3795 2167 3796 1519 3796 1518 3796 1565 3797 2167 3797 1509 3797 1509 3798 2167 3798 1517 3798 2167 3799 1496 3799 1517 3799 2167 3800 1518 3800 1496 3800 2168 3801 2169 3801 1500 3801 1500 3802 2169 3802 1502 3802 2168 3803 2170 3803 2169 3803 2168 3804 2171 3804 2170 3804 1509 3805 2170 3805 2171 3805 2172 3806 2171 3806 2168 3806 2172 3807 2168 3807 1500 3807 1500 3808 1471 3808 2173 3808 1500 3809 1509 3809 1471 3809 2173 3810 2172 3810 1500 3810 2173 3811 2174 3811 2172 3811 1471 3812 2178 3812 2175 3812 2174 3813 2175 3813 2178 3813 2173 3814 2176 3814 2174 3814 2176 3815 2175 3815 2174 3815 2176 3816 2177 3816 2175 3816 2176 3817 1482 3817 2177 3817 2177 3818 1482 3818 1483 3818 1471 3819 2177 3819 1483 3819 1471 3820 2175 3820 2177 3820 2174 3821 2178 3821 2172 3821 1471 3822 2171 3822 2178 3822 2172 3823 2178 3823 2171 3823 1509 3824 2171 3824 1471 3824 2169 3825 2170 3825 1507 3825 2169 3826 1507 3826 1502 3826 1507 3827 2170 3827 1508 3827 1502 3828 1507 3828 1505 3828 1509 3829 1508 3829 2170 3829 1541 3830 1522 3830 1521 3830 1569 3831 1559 3831 1567 3831 1567 3832 2163 3832 1569 3832 1557 3833 1559 3833 1569 3833 1557 3834 1568 3834 1544 3834 1566 3835 1578 3835 1519 3835 1566 3836 1541 3836 1578 3836 1563 3837 1566 3837 1565 3837 660 3838 1549 3838 662 3838 662 3839 1549 3839 1548 3839 1527 3840 1522 3840 1542 3840 1525 3841 1522 3841 1527 3841 1538 61 1539 61 1530 61 1529 3842 1528 3842 1538 3842 1538 3843 1530 3843 1529 3843 2179 61 598 61 597 61 595 3844 2179 3844 597 3844 588 3845 576 3845 1533 3845 576 3846 584 3846 1533 3846 589 61 598 61 2179 61 580 3847 589 3847 2179 3847 580 3848 2179 3848 595 3848 595 61 594 61 580 61 590 3849 594 3849 593 3849 580 3850 594 3850 583 3850 590 3851 583 3851 594 3851 1531 3852 587 3852 560 3852 1528 3853 552 3853 1527 3853 552 3854 1524 3854 1527 3854 552 3855 537 3855 1524 3855 553 3856 552 3856 1528 3856 556 3857 553 3857 1528 3857 1526 3858 537 3858 552 3858 554 3859 2186 3859 2184 3859 554 3860 2182 3860 552 3860 2182 3861 1526 3861 552 3861 2182 3862 529 3862 1526 3862 2181 3863 2180 3863 529 3863 2182 3864 554 3864 2181 3864 2181 3865 529 3865 2182 3865 532 3866 2184 3866 2183 3866 2183 3867 2185 3867 542 3867 2183 3868 2184 3868 2186 3868 2183 3869 542 3869 532 3869 2183 3870 546 3870 2185 3870 2186 3871 546 3871 2183 3871 554 3872 546 3872 2186 3872 544 3873 542 3873 2185 3873 546 3874 544 3874 2185 3874 554 3875 2184 3875 2188 3875 2181 3876 554 3876 2188 3876 2181 3877 2188 3877 2187 3877 2187 3878 2180 3878 2181 3878 2188 3879 538 3879 2187 3879 2188 3880 2184 3880 538 3880 2187 3881 538 3881 535 3881 2180 3882 2187 3882 535 3882 1529 3883 574 3883 556 3883 556 3884 1528 3884 1529 3884 587 61 585 61 560 61 1524 3885 1523 3885 1520 3885 1499 61 1503 61 1504 61 1465 31 1493 31 2189 31 1464 3886 1465 3886 2189 3886 1464 3887 2189 3887 1463 3887 2189 3888 1493 3888 2190 3888 1492 3889 2190 3889 1493 3889 2189 3890 2190 3890 1492 3890 1491 3891 2189 3891 1492 3891 1488 3892 1463 3892 2189 3892 1488 3893 2189 3893 1491 3893 1486 3894 1463 3894 1488 3894 1486 3895 1479 3895 1463 3895 1481 3896 1479 3896 1486 3896 91 3897 1469 3897 96 3897 1467 3898 1464 3898 96 3898 1469 3899 1467 3899 96 3899 1441 3900 1300 3900 1299 3900 89 3901 1301 3901 1300 3901 1280 3902 1279 3902 1271 3902 1278 61 1271 61 1279 61 1272 61 1273 61 1899 61 1275 3903 1898 3903 1274 3903 1276 3904 1275 3904 1250 3904 1275 3905 2191 3905 1250 3905 1275 3906 1274 3906 2191 3906 1274 3907 2192 3907 2191 3907 1276 3908 1250 3908 1249 3908 1249 3909 1248 3909 1276 3909 1276 61 1248 61 1277 61 1247 3910 1277 3910 1248 3910 1261 61 1258 61 2193 61 1208 3911 2195 3911 1239 3911 2195 3912 2194 3912 1239 3912 1239 3913 2194 3913 1238 3913 1237 3914 1238 3914 2194 3914 1237 3915 1214 3915 1236 3915 1237 31 2194 31 1212 31 1212 3916 1214 3916 1237 3916 1214 3917 1217 3917 1236 3917 1218 3918 1220 3918 1217 3918 1236 31 1217 31 1220 31 1231 3919 1220 3919 1223 3919 1231 3920 1223 3920 1225 3920 105 3921 1224 3921 104 3921 1221 3922 1223 3922 1220 3922 101 3923 1219 3923 100 3923 1202 3924 1308 3924 1214 3924 1212 3925 1202 3925 1214 3925 1208 3926 1211 3926 2195 3926 1210 3927 1211 3927 1208 3927 1208 3928 1209 3928 1210 3928 1203 3929 1196 3929 1197 3929 1197 3930 1198 3930 1203 3930 1184 3931 1186 3931 1376 3931 1435 3932 1178 3932 1190 3932 1178 3933 2197 3933 1190 3933 2196 3934 1178 3934 1435 3934 1187 3935 2196 3935 1435 3935 1182 3936 2196 3936 1187 3936 1177 3937 1179 3937 1188 3937 2198 3938 1188 3938 1179 3938 1423 3939 2197 3939 1177 3939 1177 3940 1188 3940 1423 3940 1151 3941 1181 3941 1180 3941 1180 3942 1179 3942 2199 3942 1180 3943 2199 3943 2200 3943 1180 3944 2200 3944 2201 3944 1151 3945 1180 3945 2201 3945 2201 3946 2200 3946 2202 3946 2201 3947 2202 3947 2203 3947 1151 3948 2201 3948 2203 3948 1157 3949 2202 3949 1177 3949 2203 3950 2202 3950 1157 3950 2202 3951 2200 3951 1177 3951 2200 3952 2199 3952 1177 3952 2199 31 1179 31 1177 31 1175 31 1166 31 1157 31 796 3953 795 3953 1155 3953 1144 3954 781 3954 1146 3954 2000 3955 1144 3955 1146 3955 1145 3956 1142 3956 1143 3956 1145 3957 1141 3957 1142 3957 1145 3958 1140 3958 1141 3958 1145 3959 1139 3959 1140 3959 1135 3960 1143 3960 1142 3960 2000 3961 1142 3961 1143 3961 1135 3962 1142 3962 1141 3962 2000 3963 1141 3963 1142 3963 1135 3964 1141 3964 1140 3964 2000 3965 1140 3965 1141 3965 1135 3966 1140 3966 1139 3966 2000 3967 1139 3967 1140 3967 1081 3968 781 3968 1123 3968 763 3969 1125 3969 1145 3969 1135 3970 1137 3970 1136 3970 2000 3971 1136 3971 1137 3971 1134 3972 1133 3972 1135 3972 1135 3973 1133 3973 1103 3973 1133 3974 1134 3974 2000 3974 1103 3975 1133 3975 1132 3975 1132 31 1133 31 2000 31 1131 3976 1123 3976 1132 3976 1103 3977 1132 3977 1131 3977 2000 3978 1131 3978 1132 3978 1103 3979 1127 3979 1126 3979 1126 31 1127 31 2000 31 1125 3980 710 3980 1124 3980 2204 3981 710 3981 1125 3981 2204 3982 1125 3982 763 3982 2204 3983 725 3983 710 3983 725 3984 2204 3984 715 3984 715 3985 2204 3985 709 3985 709 3986 2204 3986 714 3986 714 3987 2204 3987 713 3987 713 3988 2204 3988 724 3988 724 3989 2204 3989 711 3989 711 3990 2204 3990 716 3990 716 3991 2204 3991 717 3991 717 3992 2204 3992 712 3992 712 3993 2204 3993 726 3993 726 3994 2204 3994 718 3994 718 3995 2204 3995 727 3995 727 3996 2204 3996 719 3996 719 3997 2204 3997 720 3997 720 3998 2204 3998 1117 3998 763 3999 1117 3999 2204 3999 720 4000 1117 4000 721 4000 721 4001 1117 4001 728 4001 728 4002 1117 4002 1108 4002 1108 4003 1117 4003 1109 4003 1111 4004 1082 4004 1119 4004 1081 4005 1119 4005 1082 4005 1112 4006 1082 4006 1111 4006 1112 4007 1111 4007 704 4007 1105 4008 1106 4008 1110 4008 1109 4009 1108 4009 704 4009 704 4010 1108 4010 728 4010 1106 4011 727 4011 719 4011 720 31 1106 31 719 31 1107 4012 713 4012 724 4012 1102 31 714 31 1107 31 1102 4013 709 4013 714 4013 1107 4014 714 4014 713 4014 1103 4015 725 4015 1102 4015 715 4016 709 4016 1102 4016 725 31 715 31 1102 31 1103 4017 710 4017 725 4017 1103 4018 1124 4018 710 4018 164 4019 1040 4019 165 4019 1078 4020 1084 4020 1077 4020 1077 4021 1084 4021 1070 4021 1084 4022 1076 4022 1070 4022 1084 4023 1069 4023 1076 4023 1084 4024 1075 4024 1069 4024 1084 4025 1074 4025 1075 4025 1084 4026 1071 4026 1074 4026 1084 4027 1067 4027 1071 4027 1084 4028 1072 4028 1067 4028 1084 4029 1073 4029 1072 4029 1084 4030 1068 4030 1073 4030 763 4031 2082 4031 1084 4031 1089 4032 1066 4032 1064 4032 1078 61 704 61 1077 61 704 4033 1070 4033 1077 4033 704 4034 1076 4034 1070 4034 704 4035 1069 4035 1076 4035 704 4036 1075 4036 1069 4036 704 4037 1074 4037 1075 4037 704 4038 1068 4038 1073 4038 1073 4039 1072 4039 704 4039 704 4040 1067 4040 1071 4040 1071 4041 1074 4041 704 4041 704 4042 1072 4042 1067 4042 889 4043 1065 4043 887 4043 889 4044 2206 4044 1065 4044 2205 4045 1065 4045 873 4045 2205 4046 2207 4046 1063 4046 1091 4047 2207 4047 871 4047 1092 4048 871 4048 870 4048 1092 4049 1091 4049 871 4049 2205 4050 873 4050 872 4050 872 4051 2207 4051 2205 4051 2208 4052 2209 4052 2206 4052 2206 4053 873 4053 1065 4053 2208 4054 2206 4054 889 4054 874 4055 2209 4055 910 4055 2208 4056 910 4056 2209 4056 2208 4057 889 4057 911 4057 889 4058 890 4058 911 4058 874 4059 910 4059 909 4059 908 4060 907 4060 876 4060 908 4061 876 4061 877 4061 877 4062 874 4062 908 4062 878 61 876 61 907 61 878 4063 907 4063 912 4063 912 4064 913 4064 878 4064 878 4065 913 4065 855 4065 879 61 855 61 913 61 879 61 913 61 914 61 908 61 874 61 909 61 875 4066 874 4066 877 4066 862 4067 1092 4067 870 4067 1057 4068 1056 4068 2210 4068 1055 4069 1057 4069 2210 4069 2214 4070 1043 4070 1052 4070 1055 4071 2214 4071 1052 4071 1043 4072 2210 4072 1056 4072 1055 4073 2211 4073 2214 4073 1055 4074 2210 4074 2211 4074 2214 4075 2212 4075 1043 4075 1043 4076 2212 4076 2210 4076 2210 4077 2212 4077 2213 4077 2211 4078 2210 4078 2213 4078 2215 4079 2212 4079 2214 4079 2211 4080 2215 4080 2214 4080 2215 4081 2216 4081 2212 4081 2213 4082 2212 4082 2216 4082 2211 4083 2213 4083 2217 4083 2217 4084 2218 4084 2211 4084 2218 4085 2215 4085 2211 4085 2218 4086 2216 4086 2215 4086 2213 4087 2216 4087 2219 4087 2218 4088 2219 4088 2216 4088 2220 4089 2218 4089 2217 4089 2220 4090 2219 4090 2218 4090 2220 4091 980 4091 2219 4091 2221 4092 2220 4092 2217 4092 2217 4093 2213 4093 2221 4093 2222 4094 2219 4094 980 4094 2213 4095 2219 4095 2222 4095 2221 4096 2213 4096 2222 4096 981 4097 2220 4097 2221 4097 974 4098 980 4098 987 4098 973 4099 974 4099 317 4099 317 4100 316 4100 973 4100 973 4101 316 4101 972 4101 314 4102 972 4102 316 4102 2223 4103 972 4103 314 4103 314 4104 319 4104 2223 4104 320 4105 321 4105 2224 4105 319 4106 320 4106 2224 4106 319 4107 2224 4107 971 4107 2223 61 319 61 971 61 322 4108 2225 4108 970 4108 968 4109 970 4109 323 4109 323 4110 970 4110 2225 4110 969 61 968 61 323 61 969 4111 324 4111 966 4111 328 61 966 61 324 61 959 4112 966 4112 328 4112 325 4113 959 4113 328 4113 2226 4114 965 4114 960 4114 2226 61 958 61 325 61 960 61 958 61 2226 61 958 4115 959 4115 325 4115 322 61 335 61 2225 61 323 4116 2225 4116 335 4116 2221 4117 2222 4117 981 4117 2227 4118 1054 4118 1053 4118 2227 4119 169 4119 1054 4119 1052 4120 2228 4120 1053 4120 1053 4121 2228 4121 2227 4121 2228 4122 2229 4122 2227 4122 1052 4123 1043 4123 2229 4123 2229 4124 1043 4124 1033 4124 2229 4125 1033 4125 1034 4125 2227 4126 2229 4126 1034 4126 1033 4127 2230 4127 2231 4127 2230 4128 1042 4128 2231 4128 2231 4129 1042 4129 1029 4129 2230 4130 1037 4130 1042 4130 2227 4131 1034 4131 1025 4131 1052 4132 2229 4132 2228 4132 1025 4133 169 4133 2227 4133 829 4134 1046 4134 830 4134 868 4135 830 4135 1047 4135 829 4136 830 4136 867 4136 131 4137 129 4137 133 4137 133 4138 158 4138 131 4138 155 4139 157 4139 2232 4139 155 4140 2232 4140 158 4140 1039 4141 1038 4141 164 4141 1039 4142 164 4142 1037 4142 160 4143 161 4143 1040 4143 168 4144 1024 4144 1027 4144 1024 4145 1026 4145 1027 4145 1024 4146 1023 4146 1026 4146 1025 4147 1026 4147 1023 4147 1035 4148 1027 4148 1026 4148 177 4149 176 4149 171 4149 178 4150 177 4150 173 4150 1019 4151 1020 4151 1018 4151 179 4152 1015 4152 1016 4152 1016 4153 178 4153 179 4153 1008 4154 1014 4154 1019 4154 1005 4155 1004 4155 1017 4155 1016 4156 182 4156 181 4156 1016 4157 181 4157 178 4157 1013 4158 1011 4158 2234 4158 1012 4159 1011 4159 1013 4159 1011 4160 2233 4160 2234 4160 2233 4161 986 4161 2234 4161 1004 4162 1005 4162 183 4162 1003 4163 1004 4163 183 4163 2235 4164 183 4164 205 4164 2236 4165 1002 4165 205 4165 989 4166 2236 4166 250 4166 994 4167 990 4167 250 4167 988 4168 1002 4168 2236 4168 1002 4169 2235 4169 205 4169 995 4170 994 4170 2238 4170 2237 4171 995 4171 2238 4171 2238 4172 994 4172 250 4172 2236 4173 205 4173 250 4173 209 31 2240 31 2241 31 209 4174 2241 4174 2242 4174 2239 4175 209 4175 2242 4175 2242 31 2241 31 245 31 2241 4176 244 4176 245 4176 2244 4177 2243 4177 244 4177 241 4178 243 4178 228 4178 242 4179 241 4179 228 4179 240 4180 2245 4180 224 4180 242 4181 2245 4181 240 4181 2245 4182 2246 4182 227 4182 2245 31 242 31 2246 31 224 4183 2245 4183 227 4183 242 4184 228 4184 2246 4184 227 4185 2246 4185 228 4185 243 4186 2243 4186 2247 4186 2247 4187 2243 4187 2244 4187 223 4188 213 4188 219 4188 219 4189 213 4189 220 4189 220 4190 213 4190 214 4190 220 4191 214 4191 221 4191 221 4192 214 4192 215 4192 213 31 223 31 2248 31 2247 4193 2248 4193 223 4193 210 4194 2247 4194 2244 4194 212 4195 2248 4195 2247 4195 212 4196 2289 4196 2248 4196 2289 4197 213 4197 2248 4197 210 4198 212 4198 2247 4198 2240 4199 210 4199 2244 4199 2240 4200 2244 4200 2241 4200 243 4201 2247 4201 223 4201 228 4202 243 4202 223 4202 2241 4203 2244 4203 244 4203 2268 4204 251 4204 2266 4204 2266 4205 1000 4205 2268 4205 2249 4206 2251 4206 998 4206 2249 4207 2250 4207 2251 4207 2251 4208 2250 4208 2252 4208 2251 4209 2252 4209 2253 4209 2251 31 2253 31 2254 31 2255 4210 2251 4210 2254 4210 2255 4211 2254 4211 2256 4211 2255 4212 2256 4212 290 4212 290 61 2257 61 2255 61 290 4213 2256 4213 253 4213 253 4214 2256 4214 524 4214 290 61 291 61 2257 61 2258 4215 2257 4215 291 4215 2258 4216 291 4216 292 4216 993 4217 2255 4217 2257 4217 993 4218 2257 4218 2258 4218 296 4219 3061 4219 2259 4219 3061 4220 987 4220 991 4220 987 4221 989 4221 990 4221 987 4222 990 4222 991 4222 3061 4223 991 4223 992 4223 2259 4224 3061 4224 992 4224 296 4225 993 4225 2260 4225 296 4226 2259 4226 993 4226 2258 4227 2260 4227 993 4227 2258 4228 296 4228 2260 4228 2254 31 2253 31 2262 31 2252 4229 2262 4229 2253 4229 2249 4230 2261 4230 2250 4230 2261 4231 2252 4231 2250 4231 530 4232 2261 4232 2249 4232 531 4233 2262 4233 2252 4233 2261 4234 531 4234 2252 4234 531 4235 2263 4235 2262 4235 2254 31 2262 31 2263 31 543 4236 2254 4236 540 4236 2254 4237 2263 4237 540 4237 539 4238 2261 4238 530 4238 540 4239 2263 4239 531 4239 2261 4240 540 4240 531 4240 2256 4241 2254 4241 543 4241 524 4242 2256 4242 543 4242 530 4243 998 4243 2264 4243 2249 4244 998 4244 530 4244 2265 4245 2267 4245 251 4245 2265 4246 2264 4246 2267 4246 253 4247 524 4247 2265 4247 997 4248 2266 4248 2264 4248 2266 4249 251 4249 2267 4249 2264 4250 2266 4250 2267 4250 998 4251 997 4251 2264 4251 251 4252 2238 4252 253 4252 2265 4253 251 4253 253 4253 998 4254 2255 4254 993 4254 998 4255 2251 4255 2255 4255 2266 4256 992 4256 1000 4256 2268 4257 1001 4257 2237 4257 2268 4258 2237 4258 251 4258 1001 4259 999 4259 2237 4259 2237 4260 2238 4260 251 4260 990 4261 989 4261 250 4261 989 4262 988 4262 2236 4262 999 4263 995 4263 2237 4263 2235 4264 1003 4264 183 4264 2268 4265 1000 4265 1001 4265 993 4266 2259 4266 997 4266 2259 4267 992 4267 997 4267 992 4268 991 4268 996 4268 186 4269 183 4269 184 4269 982 4270 986 4270 2233 4270 199 4271 976 4271 977 4271 977 4272 970 4272 199 4272 2269 4273 970 4273 968 4273 2269 4274 2270 4274 970 4274 199 4275 970 4275 2270 4275 2271 4276 2269 4276 967 4276 2271 4277 2270 4277 2269 4277 2273 4278 199 4278 2270 4278 2272 4279 2270 4279 2271 4279 2272 4280 2273 4280 2270 4280 201 4281 199 4281 2273 4281 952 4282 2274 4282 2272 4282 952 4283 2272 4283 945 4283 2271 4284 967 4284 954 4284 967 4285 955 4285 954 4285 2271 4286 945 4286 2272 4286 952 4287 2275 4287 2274 4287 2272 4288 2274 4288 2278 4288 2274 4289 2275 4289 2276 4289 2290 4290 2276 4290 2275 4290 2274 4291 2276 4291 2277 4291 2278 31 2277 31 211 31 2280 4292 2279 4292 2281 4292 2281 4293 2279 4293 2290 4293 2285 4294 2280 4294 2281 4294 2281 4295 2282 4295 230 4295 230 4296 2285 4296 2281 4296 2281 4297 2284 4297 2282 4297 2281 4298 2290 4298 2283 4298 2283 4299 2284 4299 2281 4299 2287 4300 2286 4300 2285 4300 2286 4301 2280 4301 2285 4301 230 4302 2287 4302 2285 4302 2288 4303 2286 4303 2287 4303 230 4304 2289 4304 2287 4304 2288 4305 2280 4305 2286 4305 211 4306 2277 4306 212 4306 2277 4307 2289 4307 212 4307 2288 4308 2287 4308 2290 4308 2287 4309 2289 4309 2290 4309 2288 4310 2290 4310 2279 4310 2280 4311 2288 4311 2279 4311 2290 4312 2289 4312 2276 4312 2277 4313 2276 4313 2289 4313 2284 4314 2291 4314 2294 4314 2283 4315 2291 4315 2284 4315 2284 4316 2292 4316 2293 4316 2294 4317 2292 4317 2284 4317 2284 4318 2293 4318 2282 4318 2294 4319 2291 4319 2292 4319 2293 4320 2297 4320 2420 4320 2293 4321 2420 4321 2282 4321 2292 4322 2295 4322 2293 4322 2293 4323 2295 4323 2296 4323 2296 4324 2297 4324 2293 4324 2296 4325 2298 4325 2297 4325 2308 4326 2297 4326 2298 4326 2297 4327 2308 4327 2299 4327 2297 4328 2299 4328 2420 4328 2299 4329 2300 4329 2301 4329 2420 4330 2299 4330 2301 4330 2299 4331 2305 4331 2300 4331 2305 4332 2302 4332 2300 4332 2419 4333 3038 4333 2321 4333 2321 4334 2418 4334 2419 4334 2304 4335 2303 4335 2315 4335 3037 4336 2315 4336 2303 4336 2308 4337 2309 4337 2307 4337 2307 4338 2309 4338 2311 4338 2338 4339 2310 4339 2307 4339 2307 4340 2310 4340 2305 4340 2311 31 2338 31 2307 31 2312 4341 2313 4341 2320 4341 2314 4342 2320 4342 2313 4342 2314 4343 2324 4343 2315 4343 2316 4344 2315 4344 2324 4344 2318 4345 2316 4345 2317 4345 2319 4346 2318 4346 2317 4346 3037 4347 2320 4347 2314 4347 2314 4348 2315 4348 3037 4348 2312 4349 2322 4349 2335 4349 2338 4350 2335 4350 2322 4350 963 4351 2319 4351 2364 4351 963 4352 2318 4352 2319 4352 2312 4353 2320 4353 2321 4353 2321 4354 2322 4354 2312 4354 963 4355 2306 4355 2318 4355 2306 4356 2316 4356 2318 4356 2306 4357 2304 4357 2316 4357 2304 4358 2315 4358 2316 4358 2338 4359 2322 4359 2310 4359 2317 4360 3032 4360 2319 4360 2324 4361 2323 4361 2316 4361 2317 4362 2316 4362 2323 4362 2336 4363 2325 4363 2313 4363 2314 4364 2313 4364 2325 4364 2327 4365 2336 4365 2326 4365 2327 4366 2325 4366 2336 4366 3036 4367 2325 4367 2328 4367 2327 4368 2328 4368 2325 4368 2329 4369 2328 4369 2327 4369 2326 4370 2329 4370 2327 4370 2331 4371 2328 4371 2330 4371 2331 4372 2344 4372 2328 4372 2344 4373 3036 4373 2328 4373 2309 4374 2328 4374 2326 4374 2330 4375 2328 4375 2309 4375 2330 4376 2309 4376 943 4376 2330 4377 922 4377 921 4377 920 4378 2330 4378 921 4378 2332 4379 2330 4379 920 4379 2330 31 943 31 922 31 2311 4380 2309 4380 2333 4380 2333 4381 2337 4381 2311 4381 2333 4382 2309 4382 2326 4382 2336 4383 2334 4383 2326 4383 2336 4384 2335 4384 2334 4384 2337 4385 2334 4385 2335 4385 2337 4386 2338 4386 2311 4386 2337 4387 2335 4387 2338 4387 2312 4388 2335 4388 2336 4388 2336 4389 2313 4389 2312 4389 2337 4390 2326 4390 2334 4390 2333 4391 2326 4391 2337 4391 2332 4392 2364 4392 2339 4392 2339 4393 2330 4393 2332 4393 2364 4394 3033 4394 2339 4394 2339 4395 2331 4395 2330 4395 3033 4396 2340 4396 2339 4396 2342 4397 2341 4397 2323 4397 3034 4398 2340 4398 3033 4398 2342 4399 2323 4399 3035 4399 3036 4400 2342 4400 3035 4400 2344 4401 2342 4401 3036 4401 2343 4402 2340 4402 3034 4402 3034 4403 2323 4403 2343 4403 2343 4404 2323 4404 2341 4404 2343 4405 2341 4405 2345 4405 2345 4406 2340 4406 2343 4406 2349 4407 2344 4407 2331 4407 2349 4408 2342 4408 2344 4408 2349 4409 2348 4409 2342 4409 2348 4410 2341 4410 2342 4410 2339 4411 2340 4411 2346 4411 2345 4412 2346 4412 2340 4412 2348 4413 2347 4413 2341 4413 2345 4414 2341 4414 2347 4414 2353 31 2349 31 2331 31 2353 4415 2348 4415 2349 4415 2345 4416 2347 4416 2350 4416 2350 4417 2346 4417 2345 4417 2339 4418 2346 4418 2351 4418 2351 4419 2331 4419 2339 4419 2351 4420 2346 4420 2352 4420 2352 4421 2350 4421 2354 4421 2350 4422 2347 4422 2354 4422 2353 4423 2355 4423 2348 4423 2347 4424 2348 4424 2355 4424 2350 4425 2352 4425 2346 4425 2352 4426 2354 4426 3028 4426 2352 4427 3028 4427 2351 4427 3027 4428 2355 4428 3026 4428 2356 4429 3026 4429 2355 4429 2357 31 2356 31 2353 31 2356 4430 2355 4430 2353 4430 2357 4431 2353 4431 2331 4431 2347 4432 2355 4432 3027 4432 2354 4433 2347 4433 3027 4433 2357 31 2358 31 2356 31 2357 4434 2359 4434 2358 4434 2331 4435 2360 4435 2357 4435 2360 4436 2361 4436 2357 4436 2361 4437 2360 4437 3030 4437 2362 4438 2360 4438 2331 4438 2351 4439 2362 4439 2331 4439 2363 4440 2362 4440 2351 4440 2364 4441 2363 4441 2351 4441 2365 4442 2829 4442 2366 4442 3014 4443 2367 4443 2386 4443 2367 4444 2385 4444 2386 4444 2369 4445 3014 4445 2361 4445 3014 4446 2374 4446 2361 4446 2368 4447 3014 4447 2369 4447 3014 4448 2370 4448 2374 4448 2370 4449 2371 4449 2374 4449 2374 4450 2372 4450 2373 4450 2361 4451 2374 4451 2373 4451 2372 4452 2374 4452 2380 4452 2359 4453 2376 4453 2375 4453 2372 4454 2375 4454 2376 4454 2372 4455 2376 4455 2373 4455 2373 4456 2376 4456 2377 4456 2373 4457 2377 4457 2361 4457 2361 4458 2377 4458 2357 4458 2377 4459 2359 4459 2357 4459 2359 4460 2377 4460 2376 4460 2380 4461 2379 4461 2372 4461 2379 4462 2375 4462 2372 4462 2359 4463 2375 4463 2378 4463 2379 4464 2378 4464 2375 4464 2359 4465 2378 4465 2446 4465 3021 4466 2359 4466 2446 4466 2379 4467 2380 4467 2396 4467 2396 4468 2378 4468 2379 4468 2383 4469 2386 4469 2384 4469 2386 4470 2385 4470 2384 4470 2390 4471 2388 4471 2364 4471 2390 4472 2364 4472 2391 4472 2364 4473 2388 4473 2392 4473 2364 4474 2392 4474 2389 4474 2407 4475 2393 4475 2423 4475 2394 4476 2423 4476 2393 4476 2364 4477 2393 4477 2407 4477 2422 4478 2446 4478 2424 4478 2446 4479 2395 4479 2424 4479 2402 4480 2397 4480 2398 4480 2402 31 2398 31 2399 31 2400 4481 2403 4481 2399 4481 2400 4482 2399 4482 2401 4482 2401 4483 2399 4483 2426 4483 2399 4484 2398 4484 2426 4484 2399 4485 2403 4485 2402 4485 2403 4486 2404 4486 2402 4486 2402 4487 2404 4487 2397 4487 2405 4488 2397 4488 2404 4488 2424 31 2406 31 2410 31 2405 4489 2404 4489 2421 4489 2421 4490 2406 4490 2405 4490 2407 4491 2412 4491 964 4491 2409 4492 2417 4492 2412 4492 964 4493 2412 4493 2417 4493 2413 4494 2417 4494 2409 4494 2413 4495 2408 4495 2414 4495 2304 4496 2417 4496 2413 4496 2413 4497 2414 4497 2304 4497 2415 4498 2416 4498 2418 4498 2419 4499 2418 4499 2416 4499 2419 4500 2416 4500 2282 4500 2300 4501 2420 4501 2301 4501 2300 4502 2302 4502 2420 4502 2419 4503 2420 4503 2302 4503 2282 4504 2420 4504 2419 4504 2304 4505 2306 4505 2417 4505 2304 4506 2414 4506 2303 4506 2415 4507 2303 4507 2414 4507 962 4508 2417 4508 2306 4508 964 4509 2417 4509 962 4509 2404 4510 2403 4510 2400 4510 2400 4511 2282 4511 2404 4511 2404 4512 2282 4512 2421 4512 2282 4513 2416 4513 2421 4513 2408 4514 2415 4514 2414 4514 2415 4515 2411 4515 2416 4515 2421 4516 2416 4516 2411 4516 2410 4517 2411 4517 2415 4517 2408 4518 2410 4518 2415 4518 2409 4519 2408 4519 2413 4519 2410 4520 2406 4520 2411 4520 2421 4521 2411 4521 2406 4521 2407 4522 2423 4522 2412 4522 2422 4523 2424 4523 2410 4523 2394 4524 2422 4524 2409 4524 2409 4525 2423 4525 2394 4525 2396 4526 2397 4526 2405 4526 2405 4527 2395 4527 2396 4527 2424 4528 2395 4528 2406 4528 2405 4529 2406 4529 2395 4529 2422 4530 2410 4530 2408 4530 2409 4531 2422 4531 2408 4531 2409 4532 2412 4532 2423 4532 2398 4533 2397 4533 2425 4533 2396 4534 2425 4534 2397 4534 2398 4535 2425 4535 2381 4535 2381 4536 2445 4536 2398 4536 2398 4537 2445 4537 2426 4537 2861 4538 2401 4538 2427 4538 2431 4539 2428 4539 2861 4539 2427 4540 2429 4540 2861 4540 2430 4541 2431 4541 2861 4541 2429 4542 2430 4542 2861 4542 2432 4543 2433 4543 2778 4543 2778 4544 2434 4544 2432 4544 2434 4545 2435 4545 2432 4545 2432 4546 2435 4546 2437 4546 2432 4547 2436 4547 2390 4547 2432 4548 2437 4548 2436 4548 2390 4549 2436 4549 2388 4549 2860 4550 2431 4550 2438 4550 2437 4551 2860 4551 2438 4551 2860 4552 2428 4552 2431 4552 2435 4553 2860 4553 2437 4553 2438 4554 2431 4554 2430 4554 2438 4555 2430 4555 2439 4555 2437 4556 2438 4556 2439 4556 2437 4557 2439 4557 2442 4557 2436 4558 2437 4558 2442 4558 2440 4559 2388 4559 2436 4559 2436 4560 2442 4560 2440 4560 2440 4561 2392 4561 2388 4561 2439 4562 2430 4562 2441 4562 2429 4563 2441 4563 2430 4563 2443 4564 2392 4564 2440 4564 2440 4565 2442 4565 2443 4565 2443 4566 2442 4566 2387 4566 2387 4567 2389 4567 2443 4567 2443 4568 2389 4568 2392 4568 2387 4569 2442 4569 2385 4569 2384 4570 2385 4570 2442 4570 2382 4571 2429 4571 2444 4571 2381 4572 2382 4572 2444 4572 2383 4573 2384 4573 2439 4573 2384 4574 2442 4574 2439 4574 2383 4575 2441 4575 2429 4575 2383 4576 2439 4576 2441 4576 2381 4577 2444 4577 2445 4577 2444 4578 2427 4578 2445 4578 2394 4579 2447 4579 2422 4579 2447 4580 2446 4580 2422 4580 2396 4581 2380 4581 2425 4581 3019 4582 2393 4582 2364 4582 2381 4583 2425 4583 2380 4583 2396 4584 2395 4584 2378 4584 2446 4585 2378 4585 2395 4585 2444 4586 2429 4586 2427 4586 2860 4587 2448 4587 2428 4587 2435 4588 2449 4588 2860 4588 2449 4589 2448 4589 2860 4589 2434 4590 2451 4590 2449 4590 2451 4591 2452 4591 2449 4591 2454 4592 2813 4592 2455 4592 2454 4593 2456 4593 2859 4593 2457 4594 2456 4594 2454 4594 2454 4595 2458 4595 2813 4595 2859 4596 2450 4596 2454 4596 2454 4597 2450 4597 2458 4597 2461 4598 2811 4598 2808 4598 2459 4599 2811 4599 2461 4599 2461 4600 2460 4600 2451 4600 2460 4601 2452 4601 2451 4601 2461 4602 2463 4602 2460 4602 2463 4603 2462 4603 2460 4603 2464 4604 2463 4604 2461 4604 2808 4605 2464 4605 2461 4605 2832 4606 2462 4606 2467 4606 2463 4607 2467 4607 2462 4607 2469 4608 2808 4608 2475 4608 2469 4609 2464 4609 2808 4609 2465 4610 2466 4610 2463 4610 2464 4611 2465 4611 2463 4611 2832 4612 2466 4612 2831 4612 2463 4613 2466 4613 2467 4613 2466 4614 2832 4614 2467 4614 2466 4615 2468 4615 2831 4615 2469 4616 2475 4616 3007 4616 3007 4617 2476 4617 2469 4617 2470 4618 2475 4618 2471 4618 2470 4619 2471 4619 2473 4619 2470 4620 2473 4620 2472 4620 2473 4621 2477 4621 2474 4621 2473 4622 2471 4622 2477 4622 2476 4623 2465 4623 2464 4623 2469 4624 2476 4624 2464 4624 2478 4625 2479 4625 2845 4625 2474 4626 2845 4626 2479 4626 2480 4627 2479 4627 2478 4627 2481 4628 2479 4628 2480 4628 2474 4629 2479 4629 2481 4629 2474 4630 2481 4630 2482 4630 2482 31 2481 31 2488 31 2480 31 2488 31 2481 31 2482 31 2488 31 2487 31 2488 61 2483 61 2489 61 2488 4631 2820 4631 2483 4631 2485 31 2488 31 2484 31 2485 4632 2519 4632 2488 4632 2486 61 2488 61 2490 61 2487 61 2488 61 2489 61 2490 31 2488 31 2519 31 2490 4633 2492 4633 2486 4633 2510 4634 2491 4634 2490 4634 2491 4635 2492 4635 2490 4635 2490 4636 2519 4636 2510 4636 2492 4637 2494 4637 2495 4637 2486 4638 2492 4638 2496 4638 2496 4639 2492 4639 2497 4639 2492 4640 2493 4640 2497 4640 2495 4641 2493 4641 2492 4641 2491 31 2494 31 2492 31 2798 4642 2498 4642 2499 4642 2495 4643 2498 4643 2493 4643 2493 4644 2498 4644 2801 4644 2798 4645 2801 4645 2498 4645 2499 4646 2500 4646 2798 4646 2501 4647 2502 4647 2391 4647 2391 4648 2797 4648 2501 4648 2501 4649 2503 4649 2502 4649 2501 4650 2505 4650 2503 4650 2501 4651 2500 4651 2506 4651 2501 4652 2797 4652 2507 4652 2501 4653 2507 4653 2500 4653 2508 4654 2499 4654 2498 4654 2495 4655 2508 4655 2498 4655 2494 4656 2508 4656 2495 4656 2500 4657 2499 4657 2506 4657 2508 4658 2509 4658 2499 4658 2506 4659 2499 4659 2509 4659 2491 4660 2511 4660 2494 4660 2511 4661 2508 4661 2494 4661 2511 4662 2510 4662 2508 4662 2510 4663 2509 4663 2508 4663 2506 4664 2509 4664 2515 4664 2501 4665 2506 4665 2515 4665 2501 4666 2515 4666 2512 4666 2504 4667 2501 4667 2512 4667 2504 31 2513 31 2854 31 2504 4668 2512 4668 2517 4668 2504 4669 2517 4669 2513 4669 2515 4670 2509 4670 2532 4670 2510 4671 2532 4671 2509 4671 2511 4672 2491 4672 2510 4672 2512 4673 2515 4673 2973 4673 2973 4674 2516 4674 2517 4674 2516 4675 2518 4675 2517 4675 2973 4676 2517 4676 2512 4676 2519 4677 2517 4677 2518 4677 2519 4678 2513 4678 2517 4678 2523 4679 2519 4679 2520 4679 2520 4680 2519 4680 2488 4680 2521 31 2519 31 2522 31 2521 61 2488 61 2519 61 2523 4681 2513 4681 2519 4681 2524 61 2519 61 2525 61 2526 4682 2519 4682 2518 4682 2526 4683 2529 4683 2527 4683 2527 4684 2519 4684 2526 4684 2518 4685 2528 4685 2526 4685 2526 4686 2528 4686 2529 4686 2529 4687 2531 4687 2530 4687 2527 4688 2529 4688 2530 4688 2529 4689 2528 4689 2531 4689 2533 4690 2535 4690 2534 4690 2535 4691 2987 4691 2534 4691 2537 4692 2535 4692 2536 4692 2536 4693 2535 4693 2533 4693 2538 4694 2535 4694 2537 4694 2538 4695 2987 4695 2535 4695 2533 4696 2987 4696 2986 4696 2976 4697 2533 4697 2986 4697 2539 4698 2976 4698 2540 4698 2539 4699 2540 4699 2541 4699 2973 61 2539 61 2541 61 2540 4700 2542 4700 2544 4700 2541 4701 2540 4701 2544 4701 2541 4702 2544 4702 2545 4702 2544 4703 2557 4703 2880 4703 2545 4704 2544 4704 2880 4704 2973 61 2545 61 2881 61 2545 4705 2880 4705 2881 4705 2550 31 2546 31 2880 31 2550 4706 2547 4706 2546 4706 2547 4707 2551 4707 2549 4707 2554 4708 2555 4708 2556 4708 2934 4709 2554 4709 2556 4709 2880 4710 2557 4710 2555 4710 2556 4711 2555 4711 2933 4711 2558 4712 2586 4712 2559 4712 2559 4713 2586 4713 2585 4713 2585 4714 2561 4714 2559 4714 2561 4715 2560 4715 2559 4715 2562 4716 2563 4716 2971 4716 2560 4717 2564 4717 2562 4717 2564 31 2563 31 2562 31 2561 4718 2564 4718 2560 4718 2571 4719 2565 4719 2566 4719 2570 31 2566 31 2565 31 2567 4720 2565 4720 2571 4720 2565 4721 2567 4721 2568 4721 2565 4722 2568 4722 2569 4722 2565 4723 2569 4723 2570 4723 2573 4724 2571 4724 2572 4724 2571 4725 2574 4725 2572 4725 2573 4726 2519 4726 2571 4726 2519 4727 2567 4727 2571 4727 2571 4728 2566 4728 2574 4728 2572 4729 2574 4729 2577 4729 2574 4730 2576 4730 2575 4730 2574 4731 2575 4731 2577 4731 2574 4732 2566 4732 2570 4732 2584 4733 2577 4733 2575 4733 2578 4734 2577 4734 2584 4734 2577 4735 2606 4735 2572 4735 2580 4736 2583 4736 2581 4736 2582 4737 2580 4737 2581 4737 2573 4738 2580 4738 2582 4738 2573 4739 2579 4739 2580 4739 2580 4740 2579 4740 2583 4740 2579 4741 2606 4741 2583 4741 2584 4742 2575 4742 2608 4742 2586 4743 2588 4743 2907 4743 2907 4744 2588 4744 2905 4744 2907 4745 2609 4745 2585 4745 2661 4746 2589 4746 2591 4746 2661 4747 2591 4747 2943 4747 2590 4748 2593 4748 2943 4748 2591 4749 2592 4749 2943 4749 2593 4750 2661 4750 2943 4750 2594 4751 2596 4751 2595 4751 2595 4752 2599 4752 2594 4752 2596 4753 2594 4753 2597 4753 2594 4754 2598 4754 2597 4754 2601 4755 2602 4755 2599 4755 2601 4756 2599 4756 2595 4756 2600 4757 2599 4757 2602 4757 2603 4758 2602 4758 2581 4758 2582 4759 2581 4759 2602 4759 2582 4760 2602 4760 2601 4760 2603 4761 2604 4761 2602 4761 2600 4762 2602 4762 2604 4762 2605 4763 2604 4763 2603 4763 2600 31 2604 31 2607 31 2606 4764 2581 4764 2583 4764 2603 4765 2581 4765 2606 4765 2605 4766 2603 4766 2606 4766 2608 61 2585 61 2609 61 2608 4767 2609 4767 2610 4767 2608 4768 2610 4768 2391 4768 2391 4769 2691 4769 2615 4769 2608 4770 2391 4770 2616 4770 2610 4771 2611 4771 2391 4771 2611 4772 2612 4772 2391 4772 2614 4773 2613 4773 2391 4773 2615 4774 2614 4774 2391 4774 2627 4775 2626 4775 2619 4775 2618 4776 2619 4776 2626 4776 2620 4777 2618 4777 2617 4777 2614 4778 2620 4778 2617 4778 2620 4779 2963 4779 2618 4779 2963 4780 2619 4780 2618 4780 2622 31 2627 31 2621 31 2623 4781 2624 4781 2622 4781 2967 4782 2625 4782 2623 4782 2625 4783 2624 4783 2623 4783 2613 4784 2617 4784 2633 4784 2633 4785 2391 4785 2613 4785 2617 4786 2618 4786 2632 4786 2633 4787 2617 4787 2632 4787 2632 4788 2618 4788 2628 4788 2618 4789 2631 4789 2628 4789 2618 4790 2626 4790 2631 4790 2627 4791 2631 4791 2626 4791 2630 4792 2666 4792 2599 4792 2629 4793 2666 4793 2630 4793 2633 4794 2632 4794 2634 4794 2639 4795 2631 4795 2635 4795 2634 4796 2632 4796 2636 4796 2637 4797 2634 4797 2640 4797 2391 4798 2634 4798 2637 4798 2634 4799 2636 4799 2640 4799 2628 4800 2631 4800 2638 4800 2639 4801 2638 4801 2631 4801 2628 4802 2638 4802 2643 4802 2636 4803 2628 4803 2643 4803 2640 4804 2642 4804 2637 4804 2637 61 2648 61 415 61 2642 4805 2648 4805 2637 4805 415 4806 2641 4806 2637 4806 2642 4807 2647 4807 2648 4807 2646 4808 2650 4808 2647 4808 2648 4809 2647 4809 2650 4809 2644 4810 2645 4810 2649 4810 2646 4811 2644 4811 2649 4811 2649 4812 2645 4812 2652 4812 415 4813 2648 4813 2651 4813 2648 4814 2650 4814 2651 4814 2651 4815 2650 4815 2657 4815 2651 4816 2657 4816 415 4816 2649 4817 2652 4817 2655 4817 2646 4818 2649 4818 2655 4818 436 4819 2653 4819 432 4819 2653 4820 430 4820 432 4820 2655 4821 2652 4821 2654 4821 430 4822 2654 4822 2652 4822 2646 4823 2655 4823 428 4823 2657 4824 2650 4824 2656 4824 2646 4825 2656 4825 2650 4825 428 4826 2656 4826 2646 4826 2655 4827 2654 4827 2658 4827 428 4828 2655 4828 2658 4828 2657 4829 2656 4829 416 4829 433 4830 2653 4830 436 4830 433 4831 430 4831 2653 4831 430 4832 2652 4832 432 4832 432 31 2652 31 2645 31 2643 4833 2644 4833 2646 4833 2646 4834 2647 4834 2643 4834 432 4835 2630 4835 2641 4835 432 4836 2645 4836 2630 4836 2638 4837 2645 4837 2644 4837 2638 4838 2639 4838 2645 4838 2645 4839 2639 4839 2630 4839 2636 4840 2643 4840 2647 4840 2643 4841 2638 4841 2644 4841 2642 4842 2636 4842 2647 4842 2640 4843 2636 4843 2642 4843 432 4844 2641 4844 439 4844 415 4845 439 4845 2641 4845 2599 4846 2641 4846 2630 4846 2637 4847 2641 4847 2391 4847 2391 4848 2641 4848 2616 4848 2641 4849 2599 4849 2600 4849 2616 4850 2641 4850 2600 4850 2599 4851 2659 4851 2594 4851 2659 4852 2660 4852 2594 4852 2594 4853 2660 4853 2598 4853 2660 4854 2661 4854 2598 4854 2589 4855 2661 4855 2662 4855 2660 4856 2662 4856 2661 4856 2663 4857 2589 4857 2662 4857 2663 4858 2662 4858 2967 4858 2662 4859 2660 4859 2664 4859 2967 4860 2662 4860 2664 4860 2664 4861 2660 4861 2665 4861 2660 4862 2659 4862 2665 4862 2659 4863 2666 4863 2664 4863 2664 4864 2666 4864 2967 4864 2659 4865 2664 4865 2665 4865 2667 31 2668 31 2663 31 2668 4866 2589 4866 2663 4866 2967 4867 2900 4867 2663 4867 2669 4868 2900 4868 2967 4868 2669 4869 2670 4869 2900 4869 2894 4870 2900 4870 2670 4870 2670 4871 2895 4871 2894 4871 2966 4872 2965 4872 2690 4872 2965 4873 2671 4873 2690 4873 364 4874 2672 4874 2968 4874 2968 4875 2691 4875 364 4875 2671 4876 2964 4876 2692 4876 2964 4877 2672 4877 2692 4877 2686 4878 2688 4878 2895 4878 2894 4879 2895 4879 2688 4879 2689 4880 2893 4880 2894 4880 2894 4881 2688 4881 2689 4881 2893 4882 2673 4882 2896 4882 2896 4883 2673 4883 2696 4883 2893 4884 2689 4884 2674 4884 2674 4885 2673 4885 2893 4885 2673 4886 236 4886 2693 4886 2676 4887 236 4887 2673 4887 2673 4888 2693 4888 2696 4888 2673 4889 2675 4889 2676 4889 2674 4890 2675 4890 2673 4890 2676 31 2680 31 236 31 2677 4891 2680 4891 2676 4891 2676 4892 2675 4892 2677 4892 2677 4893 2675 4893 2685 4893 2677 4894 2678 4894 2679 4894 2677 4895 2679 4895 2680 4895 2680 4896 2683 4896 2681 4896 2681 4897 2683 4897 363 4897 379 4898 373 4898 374 4898 379 4899 376 4899 373 4899 2680 4900 373 4900 376 4900 2690 4901 363 4901 2682 4901 2683 4902 2682 4902 363 4902 2678 4903 2677 4903 2684 4903 2685 4904 2684 4904 2677 4904 2687 4905 2685 4905 2675 4905 2687 4906 2684 4906 2685 4906 2678 4907 2684 4907 2686 4907 2686 4908 2682 4908 2678 4908 2686 4909 2684 4909 2688 4909 2687 4910 2688 4910 2684 4910 2689 4911 2688 4911 2687 4911 2686 4912 2690 4912 2682 4912 2690 4913 2671 4913 363 4913 2671 4914 2692 4914 363 4914 2691 4915 2391 4915 361 4915 364 4916 2691 4916 361 4916 2692 4917 2672 4917 362 4917 363 4918 2692 4918 362 4918 2689 4919 2687 4919 2674 4919 2674 4920 2687 4920 2675 4920 2679 4921 2683 4921 2680 4921 2678 4922 2683 4922 2679 4922 2678 4923 2682 4923 2683 4923 2693 4924 2694 4924 2696 4924 2695 4925 2700 4925 2702 4925 2695 4926 2697 4926 2700 4926 2702 4927 2920 4927 2695 4927 2697 4928 2696 4928 2694 4928 2706 4929 2958 4929 2920 4929 2702 4930 2706 4930 2920 4930 2700 4931 2701 4931 2702 4931 236 4932 2701 4932 2693 4932 236 4933 2703 4933 2701 4933 2693 4934 2701 4934 2704 4934 2700 4935 2704 4935 2701 4935 2703 4936 2705 4936 2701 4936 2705 4937 2702 4937 2701 4937 2700 4938 2693 4938 2704 4938 2706 4939 237 4939 2707 4939 2706 4940 2707 4940 2958 4940 2710 4941 2712 4941 2699 4941 2699 4942 2712 4942 2886 4942 2886 4943 2712 4943 2708 4943 2712 4944 2710 4944 2709 4944 2882 4945 237 4945 2711 4945 2709 4946 2882 4946 2711 4946 2713 4947 2708 4947 2712 4947 2712 4948 2709 4948 2713 4948 2713 4949 2709 4949 2715 4949 2391 4950 2708 4950 2716 4950 2713 4951 2716 4951 2708 4951 2720 4952 2716 4952 2713 4952 2713 4953 2715 4953 2720 4953 2717 4954 2719 4954 2715 4954 2391 4955 2716 4955 2721 4955 2720 4956 2721 4956 2716 4956 2720 4957 2715 4957 2719 4957 2722 4958 2721 4958 2720 4958 2720 4959 2719 4959 2722 4959 2714 4960 2723 4960 2718 4960 2723 4961 2717 4961 2718 4961 2723 4962 2876 4962 2717 4962 2876 4963 2719 4963 2717 4963 2874 4964 2714 4964 2724 4964 2874 4965 2877 4965 2714 4965 2877 31 2723 31 2714 31 2726 4966 2727 4966 2725 4966 2714 4967 2725 4967 2727 4967 2714 4968 2727 4968 2729 4968 2724 4969 2729 4969 2738 4969 2730 4970 2726 4970 2728 4970 2732 4971 2731 4971 2730 4971 234 4688 2732 4688 2730 4688 2730 4972 2731 4972 2733 4972 2733 4973 2726 4973 2730 4973 2730 4974 2728 4974 234 4974 2734 31 2737 31 2739 31 2733 4975 2739 4975 2737 4975 2735 4976 2736 4976 2734 4976 2736 31 2737 31 2734 31 2738 4977 2735 4977 2391 4977 2738 4978 2736 4978 2735 4978 2736 4979 2727 4979 2737 4979 2733 4980 2737 4980 2727 4980 2733 4981 2727 4981 2726 4981 2738 4982 2729 4982 2736 4982 2729 4983 2727 4983 2736 4983 2731 4984 2739 4984 2733 4984 2735 4985 2734 4985 2741 4985 2735 4986 2741 4986 2391 4986 2741 4987 2734 4987 2740 4987 2734 31 2739 31 2740 31 2740 4988 2739 4988 229 4988 2742 4989 229 4989 2739 4989 2742 4990 2739 4990 2731 4990 2732 31 2742 31 2731 31 2742 4991 2732 4991 229 4991 2741 4992 2740 4992 2749 4992 2749 31 2743 31 2748 31 226 4993 2746 4993 2745 4993 226 4994 2745 4994 2743 4994 2743 4995 2745 4995 2744 4995 2746 4996 2744 4996 2745 4996 2746 4997 2747 4997 2744 4997 2748 4998 2744 4998 2747 4998 2748 4999 2747 4999 2753 4999 2751 5000 2748 5000 2753 5000 2391 5001 2750 5001 2752 5001 2750 5002 2751 5002 2752 5002 2751 5003 2753 5003 2754 5003 2754 5004 2752 5004 2751 5004 2754 5005 2756 5005 2752 5005 2752 5006 2756 5006 2391 5006 2757 5007 2756 5007 2754 5007 2754 5008 2758 5008 2757 5008 2758 5009 2755 5009 2866 5009 2746 5010 2866 5010 2755 5010 2759 5011 2757 5011 2761 5011 2759 5012 2760 5012 2757 5012 2757 5013 2760 5013 2790 5013 2761 5014 2757 5014 2767 5014 2762 5015 2780 5015 2761 5015 2763 5016 2765 5016 2761 5016 230 5017 2763 5017 2761 5017 2761 5018 2764 5018 2762 5018 2761 5019 2765 5019 2764 5019 2766 5020 230 5020 2761 5020 2761 5021 2767 5021 2766 5021 2768 5022 2764 5022 2765 5022 2770 5023 2768 5023 2769 5023 2770 5024 2764 5024 2768 5024 2770 5025 2762 5025 2764 5025 2771 5026 2770 5026 2769 5026 2773 5027 2770 5027 2771 5027 2774 5028 2772 5028 2861 5028 2771 5029 2772 5029 2774 5029 2771 5030 2774 5030 2775 5030 2773 5031 2771 5031 2775 5031 2775 5032 2774 5032 2861 5032 2779 5033 2776 5033 2777 5033 2776 5034 2839 5034 2777 5034 2777 5035 2839 5035 2778 5035 2778 5036 2453 5036 2777 5036 2453 5037 2779 5037 2777 5037 2453 5038 2780 5038 2779 5038 2433 5039 2781 5039 2453 5039 2781 5040 2761 5040 2453 5040 2453 5041 2761 5041 2780 5041 2432 5042 2782 5042 2433 5042 2782 5043 2781 5043 2433 5043 2432 5044 2390 5044 2784 5044 2391 5045 2784 5045 2390 5045 2432 5046 2784 5046 2783 5046 2783 5047 2782 5047 2432 5047 2785 5048 2759 5048 2781 5048 2782 5049 2785 5049 2781 5049 2786 5050 2782 5050 2783 5050 2783 5051 2784 5051 2786 5051 2785 5052 2790 5052 2760 5052 2782 5053 2787 5053 2785 5053 2786 5054 2788 5054 2793 5054 2789 5055 2855 5055 2787 5055 2793 5056 2788 5056 2794 5056 2794 5057 2788 5057 2391 5057 2793 5058 2804 5058 2789 5058 2391 5059 2796 5059 2797 5059 2795 5060 2797 5060 2796 5060 2800 5061 2798 5061 2795 5061 2798 5062 2797 5062 2795 5062 2798 5063 2799 5063 2488 5063 2488 5064 2802 5064 2798 5064 2798 5065 2507 5065 2797 5065 2802 5066 2801 5066 2798 5066 2800 5067 2799 5067 2798 5067 2803 5068 2502 5068 2503 5068 2805 5069 2799 5069 2800 5069 2803 5070 2503 5070 2806 5070 2806 5071 2804 5071 2803 5071 2804 5072 2807 5072 2805 5072 2807 5073 2799 5073 2805 5073 2806 5074 2811 5074 2804 5074 2811 5075 2807 5075 2804 5075 2808 5076 2811 5076 2806 5076 2806 5077 2505 5077 2808 5077 2811 5078 2809 5078 2807 5078 2488 5079 2799 5079 2810 5079 2809 5080 2810 5080 2799 5080 2488 5081 2810 5081 2823 5081 2811 5082 2812 5082 2809 5082 2812 5083 2810 5083 2809 5083 2812 5084 2813 5084 2810 5084 2823 5085 2810 5085 2813 5085 2811 5086 2814 5086 2812 5086 2814 5087 2813 5087 2812 5087 2459 5088 2814 5088 2811 5088 2835 5089 2833 5089 2817 5089 2817 31 2815 31 2835 31 2816 5090 2815 5090 2483 5090 2483 5091 2815 5091 2489 5091 2489 5092 2815 5092 2833 5092 2833 5093 2815 5093 2817 5093 2835 5094 2815 5094 2819 5094 2816 5095 2818 5095 2815 5095 2815 5096 2818 5096 2819 5096 2821 5097 2820 5097 2818 5097 2816 5098 2821 5098 2818 5098 2821 5099 2816 5099 2820 5099 2818 5100 2820 5100 2822 5100 2488 5101 2822 5101 2820 5101 2823 5102 2822 5102 2488 5102 2818 5103 2822 5103 2823 5103 2818 5104 2823 5104 2819 5104 2820 5105 2816 5105 2483 5105 2824 5106 2489 5106 2833 5106 2824 5107 2833 5107 2832 5107 2825 5108 2489 5108 2824 5108 2824 5109 2826 5109 2825 5109 2827 5110 2826 5110 2824 5110 2830 5111 2824 5111 2832 5111 2827 5112 2824 5112 2830 5112 2826 5113 2827 5113 2365 5113 2825 5114 2365 5114 2828 5114 2826 5115 2365 5115 2825 5115 2365 5116 2827 5116 2829 5116 2827 5117 2830 5117 2829 5117 2831 5118 2830 5118 2832 5118 2829 5119 2830 5119 2831 5119 2360 5120 2828 5120 2365 5120 2828 31 2487 31 2825 31 2487 5121 2828 5121 2360 5121 2825 31 2487 31 2489 31 2834 5122 2836 5122 2819 5122 2819 5123 2836 5123 2835 5123 2836 5124 2832 5124 2835 5124 2835 5125 2832 5125 2833 5125 2819 5126 2823 5126 2834 5126 2460 5127 2462 5127 2452 5127 2832 31 2452 31 2462 31 2836 5128 2450 5128 2832 5128 2450 5129 2452 5129 2832 5129 2834 5130 2837 5130 2836 5130 2834 5131 2823 5131 2458 5131 2813 5132 2458 5132 2823 5132 2459 5133 2461 5133 2434 5133 2458 5134 2837 5134 2834 5134 2450 5135 2837 5135 2458 5135 2461 5136 2451 5136 2434 5136 2814 5137 2459 5137 2838 5137 2838 5138 2459 5138 2839 5138 2813 5139 2838 5139 2455 5139 2434 5140 2839 5140 2459 5140 2813 5141 2814 5141 2838 5141 2837 5142 2450 5142 2836 5142 2504 5143 2849 5143 2840 5143 2840 5144 2501 5144 2504 5144 2471 5145 2475 5145 2505 5145 2475 5146 2808 5146 2505 5146 2501 5147 2841 5147 2505 5147 2841 5148 2471 5148 2505 5148 2842 5149 2471 5149 2841 5149 2474 5150 2842 5150 2843 5150 2845 5151 2474 5151 2843 5151 2478 5152 2845 5152 2844 5152 2845 5153 2843 5153 2844 5153 2477 5154 2471 5154 2842 5154 2842 5155 2474 5155 2477 5155 2842 5156 2841 5156 2846 5156 2843 5157 2842 5157 2846 5157 2844 5158 2843 5158 2847 5158 2478 5159 2844 5159 2847 5159 2843 31 2846 31 2848 31 2847 5160 2843 5160 2848 5160 2848 5161 2478 5161 2847 5161 2848 31 2846 31 2840 31 2840 5162 2488 5162 2848 5162 2846 5163 2501 5163 2840 5163 2840 5164 2849 5164 2488 5164 2849 5165 2850 5165 2520 5165 2520 5166 2488 5166 2849 5166 2850 5167 2853 5167 2851 5167 2850 5168 2849 5168 2853 5168 2520 5169 2850 5169 2851 5169 2520 5170 2851 5170 2523 5170 2851 5171 2853 5171 2852 5171 2523 4993 2851 4993 2852 4993 2852 5172 2514 5172 2523 5172 2852 5173 2853 5173 2514 5173 2504 5174 2854 5174 2849 5174 2853 5175 2849 5175 2854 5175 2853 5176 2854 5176 2514 5176 2514 5177 2854 5177 2513 5177 2846 5178 2841 5178 2501 5178 2480 5179 2478 5179 2848 5179 2848 5180 2488 5180 2480 5180 2809 5181 2799 5181 2807 5181 2806 5182 2503 5182 2505 5182 2803 5183 2804 5183 2793 5183 2793 5184 2502 5184 2803 5184 2855 5185 2800 5185 2790 5185 2795 5186 2790 5186 2800 5186 2391 5187 2502 5187 2794 5187 2793 5188 2794 5188 2502 5188 2805 5189 2800 5189 2855 5189 2804 5190 2805 5190 2855 5190 2857 5191 2802 5191 2856 5191 2858 5192 2802 5192 2488 5192 2856 5193 2802 5193 2858 5193 2857 5194 2801 5194 2802 5194 2857 5195 2858 5195 2496 5195 2857 5196 2496 5196 2497 5196 2493 5197 2801 5197 2857 5197 2497 5198 2493 5198 2857 5198 2798 5199 2500 5199 2507 5199 2496 5200 2858 5200 2488 5200 2856 5201 2858 5201 2857 5201 2792 31 2790 31 2795 31 2795 5202 2796 5202 2792 5202 2855 5203 2790 5203 2787 5203 2792 5204 2796 5204 2791 5204 2391 5205 2791 5205 2796 5205 2804 5206 2855 5206 2789 5206 2793 5207 2789 5207 2786 5207 2792 5208 2791 5208 2757 5208 2757 31 2790 31 2792 31 2757 5209 2791 5209 2756 5209 2756 5210 2791 5210 2391 5210 2786 5211 2789 5211 2782 5211 2789 5212 2787 5212 2782 5212 2788 5213 2784 5213 2391 5213 2786 5214 2784 5214 2788 5214 2787 5215 2790 5215 2785 5215 2785 5216 2760 5216 2759 5216 2781 5217 2759 5217 2761 5217 2433 5218 2453 5218 2778 5218 2779 5219 2780 5219 2762 5219 2773 5220 2762 5220 2770 5220 2434 5221 2778 5221 2839 5221 2454 31 2779 31 2762 31 2457 5222 2454 5222 2773 5222 2773 5223 2862 5223 2457 5223 2454 5224 2455 5224 2779 5224 2455 5225 2776 5225 2779 5225 2455 5226 2838 5226 2776 5226 2838 5227 2839 5227 2776 5227 2862 5228 2861 5228 2859 5228 2859 5229 2861 5229 2428 5229 2862 5230 2859 5230 2456 5230 2457 5231 2862 5231 2456 5231 2859 5232 2428 5232 2450 5232 2773 5233 2454 5233 2762 5233 2862 5234 2773 5234 2775 5234 2775 5235 2861 5235 2862 5235 2771 5236 2769 5236 2772 5236 2861 5237 2772 5237 2401 5237 2400 5238 2401 5238 2772 5238 2772 5239 2769 5239 2863 5239 2863 5240 2400 5240 2772 5240 2863 5241 2769 5241 2763 5241 230 5242 2400 5242 2863 5242 2863 5243 2763 5243 230 5243 2763 5244 2769 5244 2864 5244 2769 5245 2768 5245 2864 5245 2864 5246 2768 5246 2865 5246 2864 5247 2865 5247 2763 5247 2763 5248 2865 5248 2765 5248 2768 5249 2765 5249 2865 5249 2767 5250 2866 5250 2867 5250 2867 5251 2866 5251 2868 5251 2868 5252 2766 5252 2767 5252 2866 5253 2869 5253 2868 5253 2869 5254 2766 5254 2868 5254 225 5255 2869 5255 2746 5255 2766 5256 2869 5256 225 5256 2869 5257 2866 5257 2746 5257 2757 5258 2758 5258 2767 5258 2758 5259 2866 5259 2767 5259 2868 5260 2767 5260 2867 5260 225 5261 230 5261 2766 5261 2753 5262 2755 5262 2758 5262 2746 5263 2755 5263 2747 5263 2753 5264 2747 5264 2755 5264 2754 31 2753 31 2758 31 2750 5265 2749 5265 2751 5265 2749 5266 2748 5266 2751 5266 2391 5267 2741 5267 2750 5267 2741 5268 2749 5268 2750 5268 225 5170 2746 5170 226 5170 2743 5269 2744 5269 2748 5269 2743 31 2749 31 2740 31 2743 5270 2740 5270 226 5270 222 4683 2732 4683 234 4683 229 5271 2732 5271 222 5271 2391 5272 2724 5272 2738 5272 2724 5273 2714 5273 2729 5273 234 5274 2728 5274 2870 5274 237 5275 2870 5275 2871 5275 2728 5276 2871 5276 2870 5276 2872 5277 2871 5277 2728 5277 2726 5278 2725 5278 2873 5278 2726 5279 2873 5279 2872 5279 2873 5280 2725 5280 2872 5280 2714 5281 237 5281 2725 5281 2872 5282 2725 5282 2871 5282 237 5283 2871 5283 2725 5283 2872 5284 2728 5284 2726 5284 237 5285 234 5285 2870 5285 2878 5286 2875 5286 2722 5286 2722 5287 2719 5287 2549 5287 2722 5288 2549 5288 2878 5288 2877 5289 2546 5289 2723 5289 2546 5290 2876 5290 2723 5290 2878 5291 2879 5291 2875 5291 2875 5292 2879 5292 2391 5292 2547 5293 2549 5293 2876 5293 2546 5294 2547 5294 2876 5294 2391 5295 2881 5295 2874 5295 2881 5296 2880 5296 2874 5296 2874 5297 2880 5297 2877 5297 2880 31 2546 31 2877 31 2973 5298 2881 5298 2391 5298 2391 5299 2879 5299 2973 5299 2548 5300 2879 5300 2878 5300 2878 5301 2549 5301 2548 5301 2876 5302 2549 5302 2719 5302 2875 5303 2391 5303 2721 5303 2722 5304 2875 5304 2721 5304 2391 5305 2874 5305 2724 5305 2715 5306 2711 5306 2717 5306 2711 5307 2718 5307 2717 5307 2714 5308 2718 5308 237 5308 2711 5309 237 5309 2718 5309 2709 5310 2711 5310 2715 5310 2886 5311 2708 5311 2391 5311 2882 5312 2707 5312 237 5312 2710 5313 2882 5313 2709 5313 2710 5314 2883 5314 2882 5314 2699 5315 2698 5315 2710 5315 2698 5316 2883 5316 2710 5316 2698 5317 2957 5317 2883 5317 2957 5318 2958 5318 2883 5318 2883 5319 2958 5319 2707 5319 2883 5320 2707 5320 2882 5320 2889 5321 2886 5321 2391 5321 2699 5322 2886 5322 2889 5322 2888 5323 2887 5323 2884 5323 2699 5324 2888 5324 2884 5324 2699 5325 2889 5325 2890 5325 2890 5326 2888 5326 2699 5326 2897 5327 2891 5327 2887 5327 2891 5328 2899 5328 2896 5328 2890 5329 2892 5329 2898 5329 2898 5330 2888 5330 2890 5330 2894 5331 2893 5331 2900 5331 2966 5332 2690 5332 2686 5332 2686 5333 2895 5333 2966 5333 2897 5334 2667 5334 2891 5334 2667 5335 2899 5335 2891 5335 2667 5336 2663 5336 2899 5336 2900 5337 2899 5337 2663 5337 2893 5338 2899 5338 2900 5338 2391 5339 2612 5339 2892 5339 2898 5340 2892 5340 2612 5340 2898 5341 2901 5341 2888 5341 2902 5342 2901 5342 2898 5342 2898 5343 2612 5343 2902 5343 2904 5344 2901 5344 2902 5344 2904 5345 2905 5345 2901 5345 2905 5346 2903 5346 2901 5346 2904 5347 2611 5347 2610 5347 2903 5348 2589 5348 2668 5348 2905 5349 2906 5349 2903 5349 2906 5350 2589 5350 2903 5350 2904 5351 2610 5351 2907 5351 2907 5352 2905 5352 2904 5352 2587 5353 2589 5353 2906 5353 2905 5354 2587 5354 2906 5354 2907 5355 2610 5355 2609 5355 2902 5356 2611 5356 2904 5356 2903 5357 2668 5357 2897 5357 2901 5358 2903 5358 2897 5358 2897 5359 2668 5359 2667 5359 2902 5360 2612 5360 2611 5360 2901 5361 2897 5361 2888 5361 2893 5362 2896 5362 2899 5362 2890 5363 2889 5363 2892 5363 2391 5364 2892 5364 2889 5364 2888 5365 2897 5365 2887 5365 2896 5366 2909 5366 2891 5366 2887 5367 2891 5367 2909 5367 2696 5368 2908 5368 2896 5368 2896 31 2908 31 2909 31 2885 5369 2908 5369 2910 5369 2884 5370 2885 5370 2910 5370 2699 5371 2884 5371 2911 5371 2884 5372 2910 5372 2911 5372 2698 5373 2699 5373 2911 5373 2912 5374 2697 5374 2695 5374 2912 5375 2696 5375 2697 5375 2912 5376 2914 5376 2696 5376 2914 5377 2913 5377 2696 5377 2913 5378 2959 5378 2916 5378 2696 31 2913 31 2916 31 2911 5379 2910 5379 2959 5379 2910 5380 2916 5380 2959 5380 2916 31 2908 31 2696 31 2910 5381 2908 5381 2916 5381 2956 5382 2915 5382 2918 5382 2914 5383 2921 5383 2927 5383 2914 5384 2695 5384 2920 5384 2912 5385 2695 5385 2914 5385 2920 5386 2921 5386 2914 5386 2927 5387 2921 5387 2922 5387 2919 5388 2956 5388 2918 5388 2922 5389 2921 5389 2949 5389 2938 5390 2922 5390 2949 5390 2922 5391 2923 5391 2924 5391 2924 5392 2923 5392 2925 5392 2592 5393 2924 5393 2926 5393 2925 5394 2926 5394 2924 5394 2923 5395 2940 5395 2925 5395 2940 5396 2926 5396 2925 5396 2923 5397 2938 5397 2940 5397 2923 5398 2922 5398 2938 5398 2924 5399 2927 5399 2922 5399 2928 5400 2927 5400 2924 5400 2924 5401 2592 5401 2928 5401 2929 5402 2928 5402 2592 5402 2930 5403 2931 5403 2915 5403 2932 5404 2937 5404 2939 5404 2931 5405 2932 5405 2939 5405 2558 5406 2931 5406 2930 5406 2949 5407 2937 5407 2933 5407 2932 5408 2933 5408 2937 5408 2934 5409 2932 5409 2931 5409 2931 5410 2558 5410 2934 5410 2556 5411 2933 5411 2932 5411 2934 5412 2556 5412 2932 5412 2949 5413 2933 5413 2557 5413 2558 5414 2930 5414 2586 5414 2929 5415 2592 5415 2591 5415 2588 5416 2586 5416 2930 5416 2930 5417 2929 5417 2588 5417 2929 5418 2591 5418 2935 5418 2588 5419 2929 5419 2935 5419 2608 5420 2576 5420 2936 5420 2936 5421 2585 5421 2608 5421 2563 5422 2576 5422 2574 5422 2561 5423 2576 5423 2564 5423 2564 5424 2576 5424 2563 5424 2936 5425 2576 5425 2561 5425 2569 5426 2563 5426 2570 5426 2570 5427 2563 5427 2574 5427 2585 5428 2936 5428 2561 5428 2949 5429 2921 5429 2937 5429 2931 5430 2939 5430 2915 5430 2939 5431 2937 5431 2921 5431 2939 5432 2921 5432 2917 5432 2915 5433 2939 5433 2917 5433 2938 5434 2941 5434 2940 5434 2941 5435 2943 5435 2940 5435 2941 5436 2942 5436 2943 5436 2944 5437 2942 5437 2941 5437 2941 5438 2938 5438 2945 5438 2945 5439 2944 5439 2941 5439 2945 5440 2948 5440 2946 5440 2945 5441 2946 5441 2947 5441 2942 5442 2945 5442 2947 5442 2944 5443 2945 5443 2942 5443 2945 5444 2938 5444 2948 5444 2949 5445 2557 5445 2950 5445 2948 5446 2949 5446 2950 5446 2946 5447 2948 5447 2951 5447 2948 5448 2950 5448 2951 5448 2951 5449 2950 5449 2952 5449 2557 5450 2952 5450 2950 5450 2952 5451 2946 5451 2951 5451 2953 5452 2946 5452 2952 5452 2953 5453 2952 5453 2557 5453 2947 5454 2953 5454 2519 5454 2519 5455 2953 5455 2557 5455 2947 5456 2946 5456 2953 5456 2938 5457 2949 5457 2948 5457 2954 5458 2942 5458 2947 5458 2954 31 2947 31 2601 31 2601 5459 2947 5459 2519 5459 2590 5460 2942 5460 2954 5460 2601 31 2595 31 2954 31 2595 5461 2596 5461 2954 5461 2954 5462 2596 5462 2590 5462 2590 5463 2943 5463 2942 5463 2929 5464 2930 5464 2955 5464 2928 5465 2929 5465 2955 5465 2955 5466 2930 5466 2956 5466 2928 5467 2955 5467 2927 5467 2927 5468 2955 5468 2919 5468 2955 5469 2956 5469 2919 5469 2956 5470 2930 5470 2915 5470 2592 5471 2926 5471 2943 5471 2940 5472 2943 5472 2926 5472 2915 5473 2917 5473 2698 5473 2911 5474 2915 5474 2698 5474 2698 5475 2917 5475 2957 5475 2917 5476 2921 5476 2957 5476 2957 5477 2921 5477 2958 5477 2958 5478 2921 5478 2920 5478 2914 5479 2927 5479 2913 5479 2919 5480 2918 5480 2959 5480 2927 5481 2919 5481 2959 5481 2927 5482 2959 5482 2913 5482 2959 5483 2918 5483 2911 5483 2915 5484 2911 5484 2918 5484 2885 5485 2909 5485 2908 5485 2887 5486 2909 5486 2885 5486 2884 5487 2887 5487 2885 5487 2705 5488 2706 5488 2702 5488 2705 5489 2960 5489 2706 5489 237 5490 2706 5490 2960 5490 2961 5491 2960 5491 2705 5491 2703 5492 2961 5492 2705 5492 2961 5493 2962 5493 2960 5493 237 5494 2960 5494 2962 5494 2962 5495 2961 5495 235 5495 235 5496 2961 5496 2703 5496 235 5497 2703 5497 236 5497 2700 5498 2694 5498 2693 5498 2697 5499 2694 5499 2700 5499 2968 5500 2615 5500 2691 5500 2968 5501 2672 5501 2963 5501 2964 5502 2963 5502 2672 5502 2621 5503 2964 5503 2671 5503 2965 31 2621 31 2671 31 2623 31 2966 31 2895 31 2670 5504 2967 5504 2895 5504 2623 5505 2895 5505 2967 5505 2669 5506 2967 5506 2670 5506 2620 5507 2614 5507 2615 5507 2968 5508 2963 5508 2620 5508 2620 5509 2615 5509 2968 5509 2619 5510 2963 5510 2964 5510 2621 5511 2619 5511 2964 5511 2622 31 2621 31 2965 31 2623 5512 2622 5512 2965 5512 2623 5513 2965 5513 2966 5513 2599 5514 2666 5514 2659 5514 2632 5515 2628 5515 2636 5515 2630 5516 2639 5516 2635 5516 2391 5517 2633 5517 2634 5517 2635 5518 2631 5518 2627 5518 2630 5519 2635 5519 2627 5519 2629 5520 2630 5520 2624 5520 2630 5521 2627 5521 2624 5521 2629 5522 2625 5522 2666 5522 2629 5523 2624 5523 2625 5523 2666 5524 2625 5524 2967 5524 2624 5525 2627 5525 2622 5525 2627 5526 2619 5526 2621 5526 2614 5527 2617 5527 2613 5527 2616 5528 2600 5528 2608 5528 2608 5529 2600 5529 2607 5529 2907 5530 2585 5530 2586 5530 2584 5531 2608 5531 2607 5531 2607 5532 2578 5532 2584 5532 2607 5533 2604 5533 2578 5533 2577 5534 2578 5534 2604 5534 2577 5535 2604 5535 2605 5535 2606 5536 2577 5536 2605 5536 2601 31 2519 31 2573 31 2573 5537 2582 5537 2601 5537 2598 5538 2593 5538 2597 5538 2598 5539 2661 5539 2593 5539 2597 5540 2593 5540 2590 5540 2590 5541 2596 5541 2597 5541 2935 5542 2591 5542 2587 5542 2588 5543 2587 5543 2905 5543 2587 5544 2591 5544 2589 5544 2588 5545 2935 5545 2587 5545 2608 5546 2575 5546 2576 5546 2572 5547 2579 5547 2573 5547 2579 5548 2572 5548 2606 5548 2537 5549 2519 5549 2985 5549 2985 5550 2519 5550 2557 5550 2970 5551 2519 5551 2969 5551 2519 5552 2971 5552 2567 5552 2568 5553 2567 5553 2971 5553 2562 5554 2971 5554 2519 5554 2527 5555 2562 5555 2519 5555 2972 5556 2562 5556 2527 5556 2560 5557 2562 5557 2516 5557 2972 5558 2516 5558 2562 5558 2560 5559 2516 5559 2973 5559 2973 5560 2559 5560 2560 5560 2531 5561 2974 5561 2975 5561 2530 5562 2531 5562 2975 5562 2975 5563 2974 5563 2972 5563 2516 5564 2972 5564 2974 5564 2527 5565 2975 5565 2972 5565 2530 5566 2975 5566 2527 5566 2973 5567 2515 5567 2539 5567 2515 5568 2532 5568 2539 5568 2532 5569 2533 5569 2976 5569 2539 5570 2532 5570 2976 5570 2533 5571 2534 5571 2987 5571 2558 5572 2559 5572 2552 5572 2552 5573 2551 5573 2558 5573 2552 5574 2559 5574 2553 5574 2973 5575 2553 5575 2559 5575 2558 5576 2551 5576 2934 5576 2525 61 2519 61 2970 61 2979 5577 2977 5577 2970 5577 2970 5578 2977 5578 2525 5578 2969 5579 2978 5579 2970 5579 2970 5580 2978 5580 2979 5580 2978 31 2977 31 2979 31 2969 5581 2980 5581 2978 5581 2980 31 2977 31 2978 31 2977 5582 2980 5582 2525 5582 2524 5583 2980 5583 2969 5583 2525 5584 2980 5584 2524 5584 2969 61 2519 61 2524 61 2985 5585 2538 5585 2537 5585 2982 5586 2538 5586 2985 5586 2982 5587 2981 5587 2538 5587 2982 5588 2983 5588 2984 5588 2984 5589 2981 5589 2982 5589 2557 5590 2981 5590 2984 5590 2557 5591 2984 5591 2983 5591 2557 5592 2983 5592 2985 5592 2982 5593 2985 5593 2983 5593 2542 5594 2981 5594 2557 5594 2544 5595 2542 5595 2557 5595 2569 5596 2971 5596 2563 5596 2568 5597 2971 5597 2569 5597 2933 5598 2555 5598 2557 5598 2551 5599 2554 5599 2934 5599 2554 5600 2550 5600 2555 5600 2555 31 2550 31 2880 31 2554 5601 2551 5601 2547 5601 2550 5602 2554 5602 2547 5602 2552 5603 2553 5603 2879 5603 2973 5604 2879 5604 2553 5604 2552 5605 2879 5605 2548 5605 2548 5606 2551 5606 2552 5606 2548 5607 2549 5607 2551 5607 2542 5608 2543 5608 2981 5608 2538 5609 2981 5609 2543 5609 2541 61 2545 61 2973 61 2986 5610 2543 5610 2542 5610 2538 31 2543 31 2987 31 2986 5611 2987 5611 2543 5611 2976 5612 2986 5612 2540 5612 2540 5613 2986 5613 2542 5613 2536 31 2519 31 2537 31 2536 5614 2532 5614 2519 5614 2533 5615 2532 5615 2536 5615 2516 5616 2974 5616 2518 5616 2531 5617 2518 5617 2974 5617 2528 5618 2518 5618 2531 5618 2523 5619 2514 5619 2513 5619 2485 5620 2988 5620 2522 5620 2522 5621 2519 5621 2485 5621 2522 5622 2989 5622 2521 5622 2522 5623 2988 5623 2990 5623 2990 5624 2989 5624 2522 5624 2988 31 2989 31 2990 31 2991 31 2989 31 2988 31 2989 5625 2991 5625 2521 5625 2521 5626 2991 5626 2484 5626 2484 5627 2991 5627 2485 5627 2485 5628 2991 5628 2988 5628 2484 61 2488 61 2521 61 2510 5629 2519 5629 2532 5629 2496 5630 2488 5630 2486 5630 2487 31 2992 31 2482 31 2360 5631 2992 5631 2487 5631 2993 5632 2992 5632 2360 5632 2993 5633 2994 5633 2992 5633 2992 5634 2994 5634 2482 5634 2996 5635 3001 5635 2994 5635 2995 5636 2994 5636 3001 5636 2996 5637 2994 5637 2993 5637 2996 5638 2993 5638 2997 5638 2996 5639 2997 5639 2998 5639 2999 31 2997 31 2362 31 2999 5640 3000 5640 2997 5640 2998 5641 2997 5641 3000 5641 2472 5642 3002 5642 2470 5642 3004 5643 3003 5643 3000 5643 3004 5644 2473 5644 3003 5644 2473 5645 2474 5645 3003 5645 3003 5646 2474 5646 3005 5646 2995 5647 3001 5647 3006 5647 3001 5648 3005 5648 3006 5648 3003 5649 3005 5649 2998 5649 2995 5650 3006 5650 2482 5650 2482 5651 3006 5651 3005 5651 2482 5652 3005 5652 2474 5652 2472 5653 3000 5653 3002 5653 2472 5654 3004 5654 3000 5654 2472 5655 2473 5655 3004 5655 2998 5656 3000 5656 3003 5656 2470 5657 3002 5657 2999 5657 2470 5658 3009 5658 2475 5658 3007 5659 2475 5659 3009 5659 2465 5660 2468 5660 2466 5660 2470 5661 2362 5661 2363 5661 2470 61 2363 61 2364 61 2470 5662 2999 5662 2362 5662 2364 5663 3008 5663 2470 5663 2470 5664 3008 5664 3009 5664 3012 5665 2476 5665 3011 5665 3010 5666 3011 5666 2476 5666 3010 5667 2476 5667 3007 5667 2476 5668 3012 5668 2465 5668 3012 5669 2468 5669 2465 5669 3007 5670 3009 5670 3010 5670 3010 5671 3009 5671 3008 5671 3012 5672 3011 5672 2367 5672 2468 5673 3012 5673 2367 5673 3010 5674 3008 5674 3013 5674 2364 5675 3013 5675 3008 5675 3014 5676 2368 5676 2468 5676 2468 5677 2367 5677 3014 5677 3010 5678 3013 5678 3015 5678 3015 5679 3011 5679 3010 5679 2829 5680 2368 5680 2366 5680 2468 5681 2368 5681 2831 5681 2829 5682 2831 5682 2368 5682 2362 5683 2993 5683 2360 5683 3002 5684 3000 5684 2999 5684 3001 5685 2996 5685 3005 5685 2996 5686 2998 5686 3005 5686 2997 31 2993 31 2362 31 2482 5687 2994 5687 2995 5687 2449 5688 2452 5688 2448 5688 2450 5689 2448 5689 2452 5689 2428 5690 2448 5690 2450 5690 2434 5691 2449 5691 2435 5691 2426 5692 2427 5692 2401 5692 2445 5693 2427 5693 2426 5693 230 5694 2282 5694 2400 5694 3014 5695 2386 5695 2383 5695 2370 5696 3014 5696 2383 5696 2370 5697 2383 5697 2429 5697 2382 5698 2370 5698 2429 5698 3015 5699 2389 5699 2387 5699 2387 5700 2385 5700 3015 5700 3015 5701 3013 5701 2389 5701 2389 5702 3013 5702 2364 5702 2382 5703 3016 5703 2371 5703 2381 5704 3016 5704 2382 5704 2382 5705 2371 5705 2370 5705 3016 5706 2374 5706 2371 5706 2381 5707 2380 5707 3016 5707 3016 5708 2380 5708 2374 5708 2393 5709 3018 5709 2394 5709 3018 5710 2447 5710 2394 5710 3019 5711 3017 5711 2393 5711 3020 5712 3019 5712 2364 5712 3020 5713 3017 5713 3019 5713 3018 5714 3023 5714 3021 5714 2359 5715 3021 5715 3023 5715 3024 5716 3022 5716 3020 5716 3025 5717 3018 5717 3022 5717 3024 5718 3025 5718 3022 5718 3018 5719 3026 5719 3023 5719 3025 5720 3027 5720 3018 5720 3027 5721 3026 5721 3018 5721 2351 5722 3024 5722 2364 5722 2354 5723 3027 5723 3025 5723 3024 5724 2354 5724 3025 5724 2351 5725 3028 5725 3024 5725 3028 5726 2354 5726 3024 5726 2358 5727 3026 5727 2356 5727 2358 5728 3023 5728 3026 5728 3024 5729 3020 5729 2364 5729 2359 5730 3023 5730 2358 5730 3020 5731 3022 5731 3017 5731 3022 5732 3018 5732 3017 5732 3017 5733 3018 5733 2393 5733 3021 5734 2446 5734 2447 5734 3018 5735 3021 5735 2447 5735 2369 5736 3029 5736 2368 5736 2366 5737 3029 5737 2365 5737 2367 5738 3011 5738 2385 5738 3015 5739 2385 5739 3011 5739 3029 5740 2369 5740 3030 5740 3030 5741 2369 5741 2361 5741 3029 5742 3031 5742 2365 5742 3029 5743 3030 5743 3031 5743 2360 5744 2365 5744 3031 5744 3030 5745 2360 5745 3031 5745 2368 5746 3029 5746 2366 5746 2326 5747 2328 5747 2329 5747 2364 5748 3032 5748 3033 5748 3034 5749 3033 5749 3032 5749 2317 5750 2323 5750 3034 5750 3034 5751 3032 5751 2317 5751 3035 5752 2323 5752 2324 5752 3036 5753 3035 5753 2324 5753 3036 5754 2324 5754 2314 5754 2314 31 2325 31 3036 31 2319 5755 3032 5755 2364 5755 2305 5756 2322 5756 3038 5756 2321 5757 3038 5757 2322 5757 3037 5758 2418 5758 2320 5758 2321 5759 2320 5759 2418 5759 2299 5760 2308 5760 2307 5760 2299 5761 2307 5761 2305 5761 2305 5762 3038 5762 2302 5762 2419 5763 2302 5763 3038 5763 2310 5764 2322 5764 2305 5764 2309 5765 3039 5765 943 5765 2308 5766 3039 5766 2309 5766 3039 5767 2298 5767 952 5767 2298 5768 3039 5768 2308 5768 952 5769 2298 5769 2275 5769 2298 5770 2296 5770 2275 5770 943 5771 3039 5771 944 5771 3039 5772 952 5772 944 5772 946 5773 945 5773 951 5773 3037 5774 2303 5774 2415 5774 962 5775 2306 5775 963 5775 2415 5776 2418 5776 3037 5776 2291 5777 2283 5777 2296 5777 2275 5778 2296 5778 2283 5778 2291 5779 2296 5779 2295 5779 2291 5780 2295 5780 2292 5780 2290 5781 2275 5781 2283 5781 3040 5782 2278 5782 211 5782 206 5783 3040 5783 208 5783 3040 5784 211 5784 208 5784 2278 31 2274 31 2277 31 201 31 3040 31 203 31 203 5785 3040 5785 206 5785 204 5786 203 5786 206 5786 201 31 2273 31 3040 31 3040 5787 2272 5787 2278 5787 2273 5788 2272 5788 3040 5788 967 5789 966 5789 955 5789 967 5790 2269 5790 968 5790 959 5791 955 5791 966 5791 2391 5792 965 5792 327 5792 2226 5793 327 5793 965 5793 3041 5794 953 5794 957 5794 957 5795 961 5795 3041 5795 3041 61 950 61 953 61 3041 5796 961 5796 3042 5796 3042 61 961 61 2364 61 3043 5797 950 5797 3041 5797 3041 5798 3042 5798 3043 5798 948 5799 935 5799 947 5799 3043 5800 936 5800 950 5800 936 5801 948 5801 950 5801 2364 5802 918 5802 3042 5802 3043 5803 3042 5803 918 5803 3043 61 919 61 936 61 933 5804 936 5804 919 5804 950 5805 949 5805 953 5805 951 5806 934 5806 946 5806 942 5807 922 5807 943 5807 3043 5808 918 5808 906 5808 932 5809 904 5809 902 5809 931 5810 932 5810 902 5810 928 5811 939 5811 898 5811 939 5812 930 5812 899 5812 898 5813 939 5813 899 5813 924 5814 929 5814 895 5814 924 31 895 31 896 31 923 31 924 31 896 31 896 5815 894 5815 923 5815 921 31 922 31 894 31 921 5816 894 5816 916 5816 923 5817 894 5817 922 5817 914 5818 921 5818 916 5818 895 5819 929 5819 897 5819 929 5820 898 5820 897 5820 929 5821 928 5821 898 5821 899 31 930 31 900 31 931 5822 900 5822 930 5822 920 5823 921 5823 914 5823 912 5824 917 5824 913 5824 914 5825 915 5825 879 5825 915 5826 894 5826 880 5826 895 5827 883 5827 893 5827 898 5828 890 5828 891 5828 893 5829 883 5829 882 5829 882 5830 880 5830 893 5830 856 5831 876 5831 878 5831 877 5832 857 5832 875 5832 2209 5833 858 5833 2206 5833 863 5834 828 5834 866 5834 867 61 828 61 829 61 865 5835 864 5835 825 5835 864 5836 824 5836 825 5836 864 5837 3044 5837 824 5837 3045 5838 824 5838 3044 5838 832 61 3045 61 3046 61 837 5839 3046 5839 849 5839 836 5840 837 5840 849 5840 837 5841 832 5841 3046 5841 3045 5842 850 5842 3046 5842 872 5843 850 5843 3045 5843 853 5844 852 5844 875 5844 838 5845 848 5845 842 5845 842 5846 839 5846 838 5846 842 5847 848 5847 845 5847 846 5848 834 5848 819 5848 815 5849 816 5849 802 5849 802 61 816 61 801 61 815 5850 802 5850 3047 5850 3047 61 814 61 815 61 812 5851 814 5851 806 5851 3047 5852 806 5852 814 5852 812 5853 806 5853 809 5853 811 61 812 61 809 61 1395 5854 142 5854 141 5854 1135 5855 788 5855 789 5855 2000 5856 789 5856 788 5856 787 5857 781 5857 782 5857 1145 5858 787 5858 782 5858 787 61 782 61 2000 61 779 5859 781 5859 777 5859 777 61 2000 61 779 61 777 5860 781 5860 776 5860 777 61 776 61 2000 61 776 5861 781 5861 775 5861 775 5862 776 5862 773 5862 776 61 775 61 2000 61 1145 5863 760 5863 763 5863 2000 5864 767 5864 769 5864 758 5865 769 5865 767 5865 2000 5866 761 5866 764 5866 762 5867 764 5867 761 5867 758 5868 764 5868 761 5868 737 5869 735 5869 1081 5869 735 5870 733 5870 1081 5870 1081 5871 733 5871 732 5871 1081 31 732 31 683 31 704 5872 499 5872 498 5872 1081 5873 697 5873 695 5873 691 5874 3048 5874 693 5874 3048 5875 1081 5875 693 5875 689 5876 3048 5876 691 5876 1081 5877 3048 5877 3049 5877 689 5878 3049 5878 3048 5878 689 5879 3050 5879 3049 5879 3049 5880 3050 5880 1081 5880 690 5881 3050 5881 689 5881 680 5882 673 5882 677 5882 670 5883 677 5883 672 5883 675 5884 677 5884 670 5884 675 31 670 31 692 31 670 31 672 31 692 31 667 5885 662 5885 671 5885 662 5886 1548 5886 671 5886 664 5887 615 5887 1945 5887 653 5888 615 5888 664 5888 616 5889 618 5889 663 5889 659 5890 661 5890 620 5890 654 5891 649 5891 648 5891 626 5892 654 5892 648 5892 609 5893 654 5893 626 5893 654 5894 655 5894 649 5894 655 5895 622 5895 649 5895 621 5896 659 5896 620 5896 655 5897 656 5897 622 5897 612 5898 652 5898 613 5898 614 5899 613 5899 652 5899 621 5900 620 5900 638 5900 640 5901 619 5901 641 5901 642 5902 641 5902 619 5902 632 5903 3051 5903 653 5903 632 5904 644 5904 3051 5904 617 5905 3051 5905 644 5905 653 5906 614 5906 632 5906 630 5907 652 5907 612 5907 612 5908 651 5908 630 5908 632 5909 633 5909 644 5909 635 5910 633 5910 632 5910 623 61 621 61 638 61 563 5911 561 5911 585 5911 560 5912 585 5912 561 5912 589 61 578 61 598 61 577 5913 572 5913 576 5913 579 61 578 61 589 61 580 5914 579 5914 589 5914 559 5915 562 5915 568 5915 551 5916 3052 5916 565 5916 565 5917 550 5917 551 5917 545 5918 3052 5918 551 5918 555 5919 3052 5919 3053 5919 545 5920 3053 5920 3052 5920 3054 5921 3053 5921 545 5921 546 5922 554 5922 566 5922 3054 5923 546 5923 566 5923 3054 5924 3055 5924 3053 5924 3054 5925 566 5925 3058 5925 566 5926 555 5926 3058 5926 555 5927 3053 5927 3055 5927 3054 5928 3058 5928 3056 5928 3056 5929 3055 5929 3054 5929 3058 5930 555 5930 3057 5930 3055 5931 3057 5931 555 5931 3056 5932 3058 5932 3059 5932 3058 5933 3057 5933 3059 5933 3056 5934 3060 5934 3055 5934 3061 5935 3057 5935 3060 5935 3062 5936 3057 5936 3061 5936 3056 5937 3059 5937 3062 5937 3059 5938 3057 5938 3062 5938 3056 5939 3062 5939 293 5939 293 5940 298 5940 3060 5940 293 5941 3062 5941 296 5941 3062 5942 3061 5942 296 5942 293 5943 3060 5943 3056 5943 3060 5944 3057 5944 3055 5944 566 5945 554 5945 555 5945 546 5946 3054 5946 545 5946 514 5947 549 5947 567 5947 567 5948 549 5948 550 5948 567 61 568 61 514 61 514 5949 516 5949 549 5949 547 5950 549 5950 516 5950 567 61 559 61 568 61 567 5951 557 5951 558 5951 558 61 559 61 567 61 547 5952 523 5952 548 5952 548 5953 523 5953 522 5953 548 5954 522 5954 544 5954 544 5955 522 5955 542 5955 542 61 522 61 521 61 2180 5956 535 5956 524 5956 524 5957 535 5957 534 5957 524 5958 534 5958 2265 5958 534 5959 533 5959 2265 5959 530 5960 533 5960 532 5960 529 5961 2180 5961 525 5961 519 5962 520 5962 526 5962 477 5963 476 5963 486 5963 449 5964 450 5964 480 5964 461 5965 470 5965 471 5965 450 5966 451 5966 481 5966 480 5967 479 5967 477 5967 471 5968 475 5968 478 5968 461 5969 460 5969 470 5969 460 5970 462 5970 470 5970 452 5971 455 5971 451 5971 457 5972 455 5972 410 5972 410 5973 458 5973 457 5973 410 5974 455 5974 3063 5974 3071 5975 3063 5975 455 5975 410 5976 3063 5976 3064 5976 3064 5977 3063 5977 3071 5977 410 5978 3064 5978 411 5978 3066 5979 456 5979 453 5979 453 5980 454 5980 3066 5980 3066 61 454 61 3072 61 413 5981 3072 5981 454 5981 413 5982 454 5982 419 5982 419 5983 447 5983 446 5983 446 61 442 61 419 61 398 5984 438 5984 397 5984 398 5985 426 5985 438 5985 431 5986 427 5986 430 5986 393 5987 426 5987 398 5987 422 5988 386 5988 421 5988 3065 5989 413 5989 417 5989 3066 61 3065 61 357 61 357 5990 3067 5990 3066 5990 275 5991 405 5991 276 5991 278 5992 276 5992 405 5992 278 5993 405 5993 3070 5993 3070 5994 407 5994 278 5994 407 5995 3071 5995 3069 5995 278 5996 407 5996 3069 5996 3069 5997 3071 5997 3068 5997 3067 5998 3068 5998 3071 5998 3066 61 3072 61 3065 61 3067 5999 3071 5999 456 5999 3066 6000 3067 6000 456 6000 3072 6001 413 6001 3065 6001 2391 6002 3073 6002 417 6002 3065 6003 417 6003 3073 6003 3065 6004 3073 6004 346 6004 400 31 232 31 2680 31 2680 6005 376 6005 400 6005 400 6006 376 6006 377 6006 398 6007 377 6007 393 6007 382 6008 394 6008 380 6008 378 6009 380 6009 394 6009 378 6010 394 6010 395 6010 389 6011 385 6011 383 6011 418 6012 388 6012 2391 6012 387 6013 389 6013 383 6013 363 6014 362 6014 370 6014 2681 6015 363 6015 370 6015 362 6016 2672 6016 367 6016 2391 6017 3074 6017 360 6017 332 6018 360 6018 3074 6018 3075 6019 360 6019 332 6019 329 6020 3075 6020 332 6020 339 6021 3075 6021 329 6021 329 6022 330 6022 339 6022 327 6023 3074 6023 2391 6023 332 6024 3074 6024 327 6024 329 6025 332 6025 326 6025 332 6026 327 6026 326 6026 312 6027 355 6027 336 6027 312 6028 336 6028 315 6028 315 6029 313 6029 312 6029 315 61 336 61 335 61 334 6030 335 6030 336 6030 319 6031 310 6031 320 6031 310 6032 313 6032 320 6032 333 6033 331 6033 324 6033 317 6034 308 6034 316 6034 314 6035 316 6035 308 6035 300 6036 299 6036 294 6036 295 6037 306 6037 298 6037 293 6038 295 6038 298 6038 292 6039 291 6039 297 6039 290 6040 3076 6040 291 6040 297 6041 291 6041 3076 6041 297 6042 3076 6042 3077 6042 290 6043 283 6043 3076 6043 3077 6044 3076 6044 283 6044 284 6045 285 6045 3077 6045 3077 6046 283 6046 284 6046 286 6047 297 6047 3077 6047 300 6048 294 6048 286 6048 289 6049 254 6049 255 6049 352 6050 280 6050 258 6050 258 6051 279 6051 352 6051 262 6052 264 6052 273 6052 263 6053 264 6053 262 6053 2289 6054 216 6054 213 6054 194 6055 193 6055 198 6055 186 6056 188 6056 187 6056 183 6057 1005 6057 184 6057 178 6058 181 6058 180 6058 168 6059 170 6059 175 6059 170 6060 171 6060 175 6060 161 6061 5 6061 162 6061 0 6062 4 6062 6 6062 9 6063 11 6063 156 6063 18 6064 156 6064 11 6064 13 6065 156 6065 18 6065 20 6066 11 6066 21 6066 18 6067 11 6067 20 6067 138 61 146 61 136 61 146 6068 144 6068 145 6068 138 6069 3078 6069 146 6069 3078 6070 144 6070 146 6070 136 6071 137 6071 138 6071 134 6072 129 6072 132 6072 128 6073 1045 6073 130 6073 131 6074 128 6074 125 6074 158 6075 1045 6075 128 6075 3079 6076 109 6076 111 6076 111 6077 95 6077 3079 6077 111 6078 92 6078 95 6078 3079 6079 108 6079 109 6079 108 6080 3080 6080 110 6080 106 6081 110 6081 3080 6081 106 6082 3080 6082 103 6082 64 6083 61 6083 42 6083 90 6084 91 6084 97 6084 29 6085 86 6085 32 6085 86 6086 69 6086 32 6086 64 6087 67 6087 66 6087 33 6088 68 6088 64 6088 68 6089 67 6089 64 6089 54 6090 55 6090 117 6090 53 6091 47 6091 50 6091 46 6092 51 6092 52 6092 46 6093 3081 6093 51 6093 3081 6094 47 6094 51 6094 3081 6095 45 6095 47 6095 26 6096 43 6096 27 6096 35 6097 43 6097 26 6097 42 6098 43 6098 35 6098 32 6099 33 6099 35 6099 35 6100 64 6100 42 6100 31 6101 23 6101 30 6101 2 6102 7 6102 1 6102 13 6103 16 6103 3 6103 3084 6104 3083 6104 3082 6104 3084 31 3082 31 3085 31 3085 31 3082 31 3088 31 3083 6105 3086 6105 3082 6105 3082 6106 3086 6106 3087 6106 3093 6107 3082 6107 3087 6107 3082 3270 3089 3270 3088 3270 3089 6108 3082 6108 3090 6108 3090 6109 3082 6109 3509 6109 3509 6110 3082 6110 3093 6110 3093 6111 3097 6111 3531 6111 3093 6112 3091 6112 3509 6112 3092 6113 3091 6113 3093 6113 3094 6114 3097 6114 3093 6114 3093 6115 3087 6115 3094 6115 3094 6116 3099 6116 3096 6116 3096 3270 3097 3270 3094 3270 3094 6117 3087 6117 3098 6117 3098 6118 3095 6118 3094 6118 3094 6119 3095 6119 3099 6119 3101 6120 3087 6120 3589 6120 3100 6121 3101 6121 3589 6121 3101 6122 3098 6122 3087 6122 3102 6123 3098 6123 3101 6123 3102 6124 3101 6124 3100 6124 3102 6125 3095 6125 3098 6125 3103 6126 3095 6126 3102 6126 3103 6127 3104 6127 3095 6127 3099 6128 3095 6128 3104 6128 3100 6129 3104 6129 3103 6129 3100 6130 3105 6130 3104 6130 3106 6131 3105 6131 3100 6131 3106 6132 3107 6132 3105 6132 3099 6133 3105 6133 3107 6133 3108 6134 3107 6134 3106 6134 3100 31 3108 31 3106 31 3108 6135 3109 6135 3107 6135 3107 6136 3109 6136 3110 6136 3111 6137 3114 6137 3110 6137 3118 31 3111 31 3110 31 3110 6138 3116 6138 3112 6138 3114 3622 3115 3622 3110 3622 3110 3622 3115 3622 3099 3622 3110 6139 3109 6139 3116 6139 3110 6140 3112 6140 3113 6140 3110 6141 3113 6141 3117 6141 3118 6142 3110 6142 3117 6142 3099 6143 3107 6143 3110 6143 3119 6144 3118 6144 3562 6144 3118 6137 3119 6137 3121 6137 3120 6145 3565 6145 3118 6145 3562 6146 3118 6146 3565 6146 3118 6147 3117 6147 3120 6147 3121 6148 3111 6148 3118 6148 3117 6149 3122 6149 3120 6149 3117 6150 3123 6150 3122 6150 3100 6151 3122 6151 3123 6151 3113 6152 3123 6152 3117 6152 3123 31 3124 31 3100 31 3113 6153 3124 6153 3123 6153 3112 6154 3124 6154 3113 6154 3100 31 3124 31 3125 31 3124 6155 3112 6155 3125 6155 3125 6156 3112 6156 3116 6156 3125 6157 3116 6157 3109 6157 3125 6158 3109 6158 3108 6158 3125 31 3108 31 3100 31 3100 6159 3126 6159 3122 6159 3120 6160 3122 6160 3126 6160 3120 6161 3126 6161 3127 6161 3100 6162 3579 6162 3126 6162 3127 6163 3126 6163 3579 6163 3127 6164 3129 6164 3131 6164 3131 6165 3144 6165 3128 6165 3129 6166 3144 6166 3131 6166 3132 6167 3128 6167 3144 6167 3132 6168 3130 6168 3128 6168 3130 6169 3134 6169 3128 6169 3132 6170 3135 6170 3130 6170 3135 6171 3133 6171 3130 6171 3131 6172 3134 6172 3137 6172 3127 6173 3131 6173 3137 6173 3130 6174 3133 6174 3134 6174 3131 6175 3128 6175 3134 6175 3138 6176 3136 6176 3134 6176 3134 6177 3136 6177 3137 6177 3139 6178 3138 6178 3133 6178 3140 6179 3139 6179 3133 6179 3133 6180 3138 6180 3134 6180 3140 6181 3133 6181 3135 6181 3141 6182 3140 6182 3135 6182 3142 6183 3141 6183 3135 6183 3142 6184 3135 6184 3132 6184 3142 6185 3132 6185 3143 6185 3486 6186 3143 6186 3487 6186 3488 6187 3143 6187 3132 6187 3488 6188 3132 6188 3144 6188 3487 6189 3143 6189 3488 6189 3488 6190 3144 6190 3147 6190 3145 6137 3144 6137 3129 6137 3145 6191 3147 6191 3144 6191 3129 31 3572 31 3145 31 3148 6192 3145 6192 3572 6192 3146 31 3145 31 3148 31 3146 31 3088 31 3145 31 3145 6193 3088 6193 3249 6193 3249 6194 3147 6194 3145 6194 3149 31 3569 31 3127 31 3149 6195 3136 6195 3569 6195 3569 6196 3136 6196 3150 6196 3150 6197 3307 6197 3568 6197 3307 6198 3151 6198 3568 6198 3154 6199 3155 6199 3567 6199 3156 6200 3305 6200 3310 6200 3556 6201 3310 6201 3158 6201 3556 6202 3158 6202 3157 6202 3159 6203 3158 6203 3312 6203 3159 6204 3312 6204 3161 6204 3161 6205 3164 6205 3160 6205 3160 6206 3164 6206 3162 6206 3162 6207 3164 6207 3313 6207 3313 6208 3166 6208 3162 6208 3167 6209 3160 6209 3162 6209 3167 6210 3162 6210 3542 6210 3542 6211 3162 6211 3166 6211 3168 6212 3166 6212 3316 6212 3171 6213 3319 6213 3170 6213 3537 6214 3170 6214 3172 6214 3172 6215 3170 6215 3173 6215 3176 6216 3173 6216 3174 6216 3180 6217 3181 6217 3182 6217 3184 6218 3181 6218 3183 6218 3184 6219 3183 6219 3197 6219 3183 6220 3185 6220 3196 6220 3187 6221 3186 6221 3192 6221 3179 6222 3180 6222 3182 6222 3187 6223 3178 6223 3179 6223 3188 6224 3176 6224 3189 6224 3177 6225 3187 6225 3189 6225 3192 6226 3186 6226 3532 6226 3194 6227 3196 6227 3193 6227 3185 6228 3195 6228 3530 6228 3194 6229 3197 6229 3196 6229 3186 6230 3194 6230 3532 6230 3195 6231 3199 6231 3198 6231 3091 6232 3198 6232 3199 6232 3183 6233 3196 6233 3197 6233 3185 6234 3215 6234 3195 6234 3202 6235 3199 6235 3201 6235 3509 6236 3091 6236 3202 6236 3091 6237 3199 6237 3202 6237 3206 6238 3528 6238 3207 6238 3206 6239 3207 6239 3208 6239 3208 6240 3207 6240 3205 6240 3209 6241 3528 6241 3206 6241 3208 6242 3211 6242 3206 6242 3200 6243 3214 6243 3213 6243 3218 6244 3216 6244 3214 6244 3218 6245 3214 6245 3215 6245 3210 6246 3212 6246 3205 6246 3217 6247 3218 6247 3183 6247 3218 6248 3219 6248 3216 6248 3214 6249 3220 6249 3213 6249 3213 6250 3220 6250 3210 6250 3217 6251 3219 6251 3218 6251 3217 6252 3221 6252 3219 6252 3210 6253 3220 6253 3212 6253 3212 6254 3223 6254 3205 6254 3208 6255 3223 6255 3211 6255 3223 6256 3208 6256 3205 6256 3225 6257 3348 6257 3224 6257 3517 6258 3226 6258 3227 6258 3228 6259 3229 6259 3231 6259 3227 6260 3229 6260 3228 6260 3227 6261 3350 6261 3229 6261 3232 6262 3231 6262 3233 6262 3232 6263 3233 6263 3234 6263 3234 6264 3233 6264 3235 6264 3236 6265 3237 6265 3243 6265 3235 6266 3236 6266 3238 6266 3235 6267 3494 6267 3234 6267 3238 6268 3239 6268 3235 6268 3238 6269 3240 6269 3239 6269 3240 6270 3238 6270 3241 6270 3241 6271 3238 6271 3242 6271 3246 6272 3244 6272 3245 6272 3247 6273 3243 6273 3244 6273 3248 6274 3242 6274 3243 6274 3248 31 3247 31 3246 31 3248 6275 3243 6275 3247 6275 3246 31 3241 31 3248 31 3241 6276 3242 6276 3248 6276 3246 6277 3245 6277 3250 6277 3246 6278 3250 6278 3249 6278 3249 6279 3241 6279 3246 6279 3245 6280 3251 6280 3250 6280 3251 6281 3446 6281 3281 6281 3251 6282 3255 6282 3446 6282 3244 6283 3251 6283 3245 6283 3243 6284 3255 6284 3244 6284 3237 6285 3253 6285 3243 6285 3243 6286 3253 6286 3255 6286 3236 6287 3352 6287 3237 6287 3254 6288 3352 6288 3236 6288 3233 6289 3254 6289 3235 6289 3230 6290 3254 6290 3233 6290 3244 6291 3255 6291 3251 6291 3257 6292 3445 6292 3273 6292 3258 6293 3282 6293 3273 6293 3259 6294 3282 6294 3258 6294 3272 6295 3259 6295 3258 6295 3262 6296 3264 6296 3265 6296 3262 6297 3267 6297 3264 6297 3262 6298 3261 6298 3263 6298 3262 6299 3268 6299 3267 6299 3262 61 3269 61 3261 61 3262 6300 3270 6300 3268 6300 3262 6301 3265 6301 3266 6301 3262 6302 3266 6302 3271 6302 3262 61 3271 61 3269 61 3260 6303 3272 6303 3258 6303 3259 6304 3473 6304 3282 6304 3282 6305 3288 6305 3273 6305 3273 6306 3288 6306 3274 6306 3278 6307 3277 6307 3276 6307 3277 6308 3252 6308 3276 6308 3277 6309 3281 6309 3252 6309 3279 6310 3277 6310 3280 6310 3279 6311 3250 6311 3277 6311 3249 6312 3250 6312 3279 6312 3277 6313 3250 6313 3281 6313 3275 6314 3257 6314 3273 6314 3274 6315 3275 6315 3273 6315 3251 6316 3281 6316 3250 6316 3275 6317 3252 6317 3257 6317 3252 6318 3256 6318 3257 6318 3281 6319 3446 6319 3252 6319 3276 6320 3252 6320 3275 6320 3280 6321 3277 6321 3278 6321 3278 6322 3283 6322 3490 6322 3278 6323 3276 6323 3283 6323 3283 6324 3275 6324 3274 6324 3276 6325 3275 6325 3283 6325 3288 6326 3284 6326 3274 6326 3492 6327 3284 6327 3288 6327 3492 6328 3288 6328 3285 6328 3285 6329 3288 6329 3286 6329 3286 6330 3288 6330 3287 6330 3289 6331 3287 6331 3288 6331 3473 6332 3289 6332 3282 6332 3282 6333 3289 6333 3288 6333 3293 6334 3289 6334 3473 6334 3291 6335 3292 6335 3290 6335 3294 6336 3287 6336 3289 6336 3294 6337 3293 6337 3469 6337 3295 6338 3491 6338 3486 6338 3490 6339 3491 6339 3295 6339 3249 6340 3298 6340 3147 6340 3285 6341 3299 6341 3486 6341 3140 6342 3470 6342 3139 6342 3482 6343 3302 6343 3303 6343 3467 6344 3302 6344 3136 6344 3153 6345 3306 6345 3304 6345 3153 6346 3304 6346 3154 6346 3154 6347 3304 6347 3155 6347 3155 6348 3305 6348 3156 6348 3152 6349 3466 6349 3306 6349 3152 6350 3306 6350 3153 6350 3307 6351 3308 6351 3151 6351 3307 6352 3482 6352 3308 6352 3151 6353 3308 6353 3466 6353 3309 6354 3305 6354 3304 6354 3312 6355 3310 6355 3311 6355 3312 6356 3164 6356 3161 6356 3164 6357 3451 6357 3313 6357 3310 6358 3305 6358 3309 6358 3312 6359 3158 6359 3310 6359 3313 6360 3165 6360 3166 6360 3314 6361 3315 6361 3317 6361 3169 6362 3316 6362 3314 6362 3539 6363 3314 6363 3317 6363 3317 6364 3318 6364 3319 6364 3344 6365 3320 6365 3321 6365 3320 6366 3325 6366 3321 6366 3344 6367 3321 6367 3324 6367 3344 6368 3324 6368 3343 6368 3319 6369 3325 6369 3320 6369 3318 6370 3325 6370 3319 6370 3314 6371 3326 6371 3315 6371 3325 6372 3323 6372 3321 6372 3321 6373 3323 6373 3324 6373 3315 6374 3327 6374 3318 6374 3318 6375 3327 6375 3325 6375 3327 6376 3323 6376 3325 6376 3324 6377 3323 6377 3329 6377 3328 6378 3329 6378 3323 6378 3328 6379 3330 6379 3329 6379 3373 6380 3330 6380 3328 6380 3331 6381 3330 6381 3375 6381 3333 6382 3330 6382 3331 6382 3333 6383 3331 6383 3332 6383 3339 6384 3333 6384 3332 6384 3216 6385 3332 6385 3214 6385 3214 6386 3332 6386 3220 6386 3221 6387 3339 6387 3219 6387 3177 6388 3334 6388 3178 6388 3178 6389 3334 6389 3335 6389 3178 6390 3335 6390 3337 6390 3178 6391 3337 6391 3179 6391 3175 6392 3335 6392 3334 6392 3335 6393 3342 6393 3337 6393 3336 6394 3338 6394 3222 6394 3179 6395 3336 6395 3180 6395 3179 6396 3337 6396 3336 6396 3180 6397 3336 6397 3222 6397 3222 6398 3339 6398 3221 6398 3339 6399 3332 6399 3216 6399 3340 6400 3330 6400 3333 6400 3222 6401 3341 6401 3339 6401 3337 6402 3342 6402 3338 6402 3338 6403 3341 6403 3222 6403 3341 6404 3340 6404 3339 6404 3175 6405 3344 6405 3335 6405 3335 6406 3343 6406 3342 6406 3344 6407 3343 6407 3335 6407 3174 6408 3344 6408 3175 6408 3174 6409 3173 6409 3344 6409 3319 6410 3320 6410 3170 6410 3170 6411 3320 6411 3173 6411 3173 6412 3320 6412 3344 6412 3343 6413 3324 6413 3322 6413 3342 6414 3345 6414 3338 6414 3338 6415 3345 6415 3340 6415 3338 6416 3340 6416 3341 6416 3340 6417 3333 6417 3339 6417 3345 6418 3330 6418 3340 6418 3324 6419 3329 6419 3322 6419 3322 6420 3329 6420 3345 6420 3343 6421 3322 6421 3342 6421 3322 6422 3345 6422 3342 6422 3345 6423 3329 6423 3330 6423 3337 6424 3338 6424 3336 6424 3219 6425 3339 6425 3216 6425 3346 6426 3175 6426 3177 6426 3177 6427 3175 6427 3334 6427 3346 6428 3174 6428 3175 6428 3176 6429 3174 6429 3346 6429 3181 6430 3221 6430 3217 6430 3181 6431 3222 6431 3221 6431 3180 6432 3222 6432 3181 6432 3220 6433 3374 6433 3212 6433 3347 6434 3348 6434 3223 6434 3227 6435 3226 6435 3350 6435 3229 6436 3350 6436 3351 6436 3349 6437 3351 6437 3350 6437 3351 6438 3377 6438 3230 6438 3231 6439 3351 6439 3230 6439 3231 6440 3230 6440 3233 6440 3237 6441 3352 6441 3353 6441 3253 6442 3353 6442 3447 6442 3354 61 3356 61 3362 61 3354 61 3357 61 3359 61 3360 61 3361 61 3354 61 3354 61 3355 61 3360 61 3361 61 3357 61 3354 61 3354 61 3362 61 3355 61 3354 6443 3363 6443 3364 6443 3364 61 3356 61 3354 61 3358 61 3363 61 3354 61 3367 61 3365 61 3366 61 3367 6444 3363 6444 3365 6444 3367 6445 3366 6445 3392 6445 3366 6446 3383 6446 3390 6446 3368 61 3390 61 3383 61 3371 6447 3388 6447 3383 6447 3370 6448 3383 6448 3388 6448 3370 61 3388 61 3387 61 3387 6449 3369 6449 3370 6449 3372 6450 3385 6450 3371 6450 3385 6451 3388 6451 3371 6451 3372 6452 3373 6452 3385 6452 3372 6453 3366 6453 3365 6453 3371 6454 3366 6454 3372 6454 3374 6455 3347 6455 3212 6455 3220 6456 3332 6456 3374 6456 3374 6457 3375 6457 3347 6457 3332 6458 3331 6458 3374 6458 3374 6459 3331 6459 3375 6459 3375 6460 3372 6460 3347 6460 3330 6461 3372 6461 3375 6461 3373 6462 3372 6462 3330 6462 3376 6463 3224 6463 3372 6463 3365 6464 3363 6464 3358 6464 3376 6465 3372 6465 3365 6465 3365 6466 3358 6466 3376 6466 3347 6467 3372 6467 3348 6467 3348 6468 3372 6468 3224 6468 3376 6469 3349 6469 3224 6469 3376 6470 3377 6470 3349 6470 3351 6471 3349 6471 3377 6471 3377 6472 3353 6472 3352 6472 3353 6473 3377 6473 3378 6473 3378 6474 3379 6474 3353 6474 3378 6475 3359 6475 3379 6475 3379 6476 3359 6476 3357 6476 3381 6477 3380 6477 3353 6477 3381 6478 3361 6478 3380 6478 3381 6479 3357 6479 3361 6479 3353 6480 3379 6480 3381 6480 3379 6481 3357 6481 3381 6481 3380 6482 3361 6482 3360 6482 3378 6483 3354 6483 3359 6483 3377 6484 3376 6484 3378 6484 3376 6485 3354 6485 3378 6485 3254 6486 3377 6486 3352 6486 3230 6487 3377 6487 3254 6487 3376 6488 3358 6488 3354 6488 3370 6489 3369 6489 3382 6489 3371 6490 3383 6490 3366 6490 3370 6491 3382 6491 3368 6491 3368 61 3383 61 3370 61 3385 6492 3373 6492 3384 6492 3373 6493 3262 6493 3384 6493 3384 6494 3262 6494 3263 6494 3386 61 3385 61 3384 61 3406 6495 3387 6495 3388 6495 3387 6496 3405 6496 3369 6496 3392 6497 3390 6497 3391 6497 3368 6498 3391 6498 3390 6498 3395 6499 3393 6499 3389 6499 3391 6500 3394 6500 3392 6500 3394 61 3367 61 3392 61 3393 6501 3397 6501 3391 6501 3397 6502 3394 6502 3391 6502 3395 6503 3396 6503 3393 6503 3396 61 3397 61 3393 61 3367 6504 3394 6504 3398 6504 3397 6505 3398 6505 3394 6505 3399 6506 3398 6506 3435 6506 3401 6507 3396 6507 3395 6507 3401 6508 3449 6508 3402 6508 3402 6509 3449 6509 3403 6509 3382 6510 3448 6510 3389 6510 3405 6511 3448 6511 3369 6511 3407 6512 3405 6512 3387 6512 3406 61 3407 61 3387 61 3409 6513 3386 6513 3384 6513 3407 6514 3413 6514 3405 6514 3408 61 3407 61 3406 61 3409 6515 3406 6515 3386 6515 3409 6516 3408 6516 3406 6516 3410 6517 3409 6517 3384 6517 3408 6518 3410 6518 3412 6518 3412 6519 3411 6519 3408 6519 3412 6520 3410 6520 3417 6520 3384 6521 3417 6521 3410 6521 3408 6522 3411 6522 3407 6522 3413 6523 3407 6523 3411 6523 3260 6524 3263 6524 3261 6524 3384 6525 3260 6525 3417 6525 3384 6526 3263 6526 3260 6526 3412 6527 3417 6527 3415 6527 3413 6528 3411 6528 3414 6528 3415 6529 3411 6529 3412 6529 3414 6530 3411 6530 3418 6530 3415 6531 3418 6531 3411 6531 3260 6532 3416 6532 3417 6532 3419 6533 3417 6533 3416 6533 3419 61 3418 61 3415 61 3415 6534 3417 6534 3419 6534 3419 6535 3420 6535 3418 6535 3414 6536 3418 6536 3420 6536 3260 6537 3422 6537 3421 6537 3260 6538 3421 6538 3416 6538 3423 6539 3416 6539 3421 6539 3426 61 3420 61 3423 61 3423 6540 3421 6540 3426 6540 3426 6541 3425 6541 3420 6541 3424 6542 3420 6542 3425 6542 3424 6543 3425 6543 3428 6543 3426 6544 3421 6544 3422 6544 3426 6545 3422 6545 3429 6545 3429 61 3425 61 3426 61 3430 61 3431 61 3425 61 3440 6546 3425 6546 3431 6546 3430 6547 3444 6547 3432 6547 3432 6548 3444 6548 3439 6548 3439 6549 3444 6549 3445 6549 3427 6550 3428 6550 3440 6550 3399 6551 3435 6551 3434 6551 3402 6552 3437 6552 3401 6552 3400 6553 3396 6553 3437 6553 3400 61 3437 61 3433 61 3433 6554 3435 6554 3400 6554 3400 6555 3435 6555 3398 6555 3401 6556 3437 6556 3396 6556 3427 6557 3440 6557 3403 6557 3436 6558 3434 6558 3433 6558 3433 61 3437 61 3436 61 3402 6559 3431 6559 3437 6559 3436 61 3437 61 3431 61 3403 6560 3431 6560 3402 6560 3436 6561 3439 6561 3438 6561 3399 6562 3438 6562 3439 6562 3439 6563 3441 6563 3399 6563 3432 6564 3439 6564 3436 6564 3436 6565 3431 6565 3432 6565 3440 6566 3431 6566 3403 6566 3356 6567 3441 6567 3442 6567 3439 6568 3442 6568 3441 6568 3356 6569 3442 6569 3362 6569 3445 6570 3442 6570 3439 6570 3362 6571 3442 6571 3355 6571 3445 6572 3443 6572 3442 6572 3355 6573 3442 6573 3443 6573 3258 6574 3445 6574 3260 6574 3260 6575 3445 6575 3422 6575 3429 6576 3422 6576 3444 6576 3422 6577 3445 6577 3444 6577 3430 6578 3425 6578 3429 6578 3429 6579 3444 6579 3430 6579 3428 6580 3425 6580 3440 6580 3256 6581 3445 6581 3257 6581 3447 6582 3256 6582 3446 6582 3252 6583 3446 6583 3256 6583 3253 6584 3447 6584 3255 6584 3447 6585 3445 6585 3256 6585 3355 6586 3443 6586 3360 6586 3447 6587 3353 6587 3445 6587 3353 6588 3443 6588 3445 6588 3353 6589 3380 6589 3443 6589 3380 6590 3360 6590 3443 6590 3255 6591 3447 6591 3446 6591 3441 6592 3356 6592 3399 6592 3436 6593 3438 6593 3434 6593 3399 6594 3434 6594 3438 6594 3399 6595 3356 6595 3364 6595 3433 6596 3434 6596 3435 6596 3432 61 3431 61 3430 61 3413 6597 3404 6597 3448 6597 3414 6598 3420 6598 3424 6598 3423 61 3420 61 3419 61 3419 6599 3416 6599 3423 6599 3424 6600 3428 6600 3427 6600 3404 6601 3424 6601 3427 6601 3414 6602 3424 6602 3404 6602 3413 6603 3414 6603 3404 6603 3408 6604 3409 6604 3410 6604 3405 6605 3413 6605 3448 6605 3395 6606 3389 6606 3449 6606 3393 61 3391 61 3368 61 3368 6607 3389 6607 3393 6607 3389 6608 3404 6608 3449 6608 3448 6609 3404 6609 3389 6609 3449 6610 3404 6610 3403 6610 3395 6611 3449 6611 3401 6611 3404 6612 3427 6612 3403 6612 3397 61 3396 61 3400 61 3400 6613 3398 6613 3397 6613 3398 6614 3399 6614 3367 6614 3399 6615 3364 6615 3367 6615 3368 6616 3382 6616 3389 6616 3369 6617 3448 6617 3382 6617 3386 6618 3388 6618 3385 6618 3386 6619 3406 6619 3388 6619 3366 6620 3390 6620 3392 6620 3367 6621 3364 6621 3363 6621 3237 6622 3353 6622 3253 6622 3229 6623 3351 6623 3231 6623 3225 6624 3224 6624 3226 6624 3226 6625 3224 6625 3349 6625 3349 6626 3350 6626 3226 6626 3225 6627 3226 6627 3527 6627 3223 6628 3348 6628 3211 6628 3212 6629 3347 6629 3223 6629 3373 6630 3270 6630 3262 6630 3328 6631 3270 6631 3373 6631 3328 6632 3268 6632 3270 6632 3323 6633 3456 6633 3328 6633 3456 6634 3268 6634 3328 6634 3450 6635 3326 6635 3165 6635 3313 6636 3450 6636 3165 6636 3165 6637 3326 6637 3314 6637 3326 6638 3327 6638 3315 6638 3317 6639 3315 6639 3318 6639 3316 6640 3165 6640 3314 6640 3451 6641 3450 6641 3313 6641 3452 6642 3451 6642 3164 6642 3312 6643 3311 6643 3452 6643 3452 6644 3453 6644 3451 6644 3453 6645 3327 6645 3450 6645 3450 6646 3327 6646 3326 6646 3454 6647 3265 6647 3264 6647 3454 6648 3264 6648 3267 6648 3454 6649 3455 6649 3327 6649 3455 6650 3323 6650 3327 6650 3455 6651 3456 6651 3323 6651 3456 6652 3267 6652 3268 6652 3455 6653 3267 6653 3456 6653 3454 6654 3267 6654 3455 6654 3327 6655 3457 6655 3454 6655 3457 6656 3265 6656 3454 6656 3453 6657 3457 6657 3327 6657 3266 6658 3458 6658 3459 6658 3458 6659 3453 6659 3459 6659 3452 6660 3311 6660 3460 6660 3311 6661 3310 6661 3309 6661 3311 6662 3309 6662 3461 6662 3463 6663 3462 6663 3464 6663 3461 6664 3309 6664 3462 6664 3461 6665 3462 6665 3463 6665 3460 6666 3311 6666 3461 6666 3460 6667 3461 6667 3463 6667 3459 6668 3453 6668 3460 6668 3266 6669 3459 6669 3271 6669 3459 6670 3460 6670 3483 6670 3460 6671 3463 6671 3483 6671 3463 6672 3464 6672 3483 6672 3464 6673 3465 6673 3485 6673 3465 6674 3466 6674 3485 6674 3462 6675 3465 6675 3464 6675 3462 6676 3306 6676 3465 6676 3309 6677 3304 6677 3462 6677 3485 6678 3466 6678 3482 6678 3303 6679 3302 6679 3467 6679 3467 6680 3468 6680 3303 6680 3467 6681 3471 6681 3468 6681 3139 6682 3471 6682 3467 6682 3469 6683 3470 6683 3140 6683 3469 6684 3293 6684 3290 6684 3469 6685 3290 6685 3470 6685 3299 6686 3294 6686 3300 6686 3491 6687 3285 6687 3486 6687 3285 6688 3286 6688 3299 6688 3294 6689 3301 6689 3300 6689 3294 6690 3469 6690 3301 6690 3286 6691 3294 6691 3299 6691 3470 6692 3290 6692 3292 6692 3470 6693 3292 6693 3471 6693 3470 6694 3471 6694 3139 6694 3471 6695 3292 6695 3291 6695 3472 6696 3471 6696 3291 6696 3272 6697 3260 6697 3474 6697 3272 6698 3473 6698 3259 6698 3272 6699 3475 6699 3473 6699 3475 6700 3293 6700 3473 6700 3476 6701 3472 6701 3291 6701 3291 6702 3475 6702 3476 6702 3476 6703 3475 6703 3474 6703 3269 6704 3477 6704 3260 6704 3474 6705 3260 6705 3477 6705 3477 6706 3478 6706 3474 6706 3479 6707 3480 6707 3472 6707 3479 6708 3481 6708 3480 6708 3481 6709 3303 6709 3480 6709 3484 6710 3481 6710 3479 6710 3478 6711 3484 6711 3479 6711 3271 6712 3459 6712 3477 6712 3459 6713 3483 6713 3477 6713 3271 6714 3477 6714 3269 6714 3477 6715 3483 6715 3478 6715 3483 6716 3484 6716 3478 6716 3464 6717 3485 6717 3483 6717 3485 6718 3482 6718 3481 6718 3483 6719 3485 6719 3484 6719 3485 6720 3481 6720 3484 6720 3481 6721 3482 6721 3303 6721 3466 6722 3308 6722 3482 6722 3472 6723 3468 6723 3471 6723 3480 6724 3468 6724 3472 6724 3478 6725 3476 6725 3474 6725 3479 6726 3472 6726 3476 6726 3478 6727 3479 6727 3476 6727 3480 6728 3303 6728 3468 6728 3269 6729 3260 6729 3261 6729 3474 6730 3475 6730 3272 6730 3291 6731 3290 6731 3475 6731 3475 6732 3290 6732 3293 6732 3469 6733 3140 6733 3301 6733 3465 6734 3306 6734 3466 6734 3453 6735 3452 6735 3460 6735 3265 6736 3458 6736 3266 6736 3458 6737 3457 6737 3453 6737 3265 6738 3457 6738 3458 6738 3451 6739 3453 6739 3450 6739 3316 6740 3166 6740 3165 6740 3312 6741 3452 6741 3164 6741 3462 6742 3304 6742 3306 6742 3151 6743 3466 6743 3152 6743 3302 6744 3482 6744 3307 6744 3155 6745 3304 6745 3305 6745 3302 6746 3307 6746 3150 6746 3139 6747 3467 6747 3138 6747 3138 6748 3467 6748 3136 6748 3301 6749 3140 6749 3141 6749 3300 6750 3141 6750 3142 6750 3486 6751 3299 6751 3143 6751 3299 6752 3300 6752 3142 6752 3295 6753 3486 6753 3487 6753 3296 6754 3295 6754 3489 6754 3488 6755 3297 6755 3489 6755 3489 6756 3487 6756 3488 6756 3297 6757 3296 6757 3489 6757 3295 6758 3487 6758 3489 6758 3297 6759 3488 6759 3147 6759 3300 6760 3301 6760 3141 6760 3136 6761 3302 6761 3150 6761 3298 6762 3297 6762 3147 6762 3298 6763 3280 6763 3297 6763 3296 6764 3278 6764 3490 6764 3280 6765 3296 6765 3297 6765 3286 6766 3287 6766 3294 6766 3492 6767 3285 6767 3491 6767 3280 6768 3278 6768 3296 6768 3279 6769 3298 6769 3249 6769 3283 6770 3274 6770 3284 6770 3491 6771 3283 6771 3284 6771 3490 6772 3283 6772 3491 6772 3491 6773 3284 6773 3492 6773 3490 6774 3295 6774 3296 6774 3294 6775 3289 6775 3293 6775 3279 6776 3280 6776 3298 6776 3258 6777 3273 6777 3445 6777 3235 6778 3254 6778 3236 6778 3242 6779 3236 6779 3243 6779 3242 6780 3238 6780 3236 6780 3247 6781 3244 6781 3246 6781 3249 6782 3088 6782 3241 6782 3500 6783 3241 6783 3088 6783 3493 6784 3241 6784 3500 6784 3493 6785 3240 6785 3241 6785 3494 6786 3239 6786 3495 6786 3496 6787 3495 6787 3497 6787 3498 6788 3496 6788 3497 6788 3499 6789 3498 6789 3502 6789 3495 6790 3240 6790 3529 6790 3240 6791 3493 6791 3529 6791 3503 6792 3502 6792 3500 6792 3502 6793 3501 6793 3500 6793 3089 6794 3503 6794 3500 6794 3501 6795 3495 6795 3529 6795 3495 6796 3501 6796 3497 6796 3504 6797 3499 6797 3503 6797 3506 6798 3504 6798 3503 6798 3505 6799 3498 6799 3499 6799 3504 6800 3505 6800 3499 6800 3507 6801 3506 6801 3503 6801 3508 6802 3503 6802 3090 6802 3090 6803 3503 6803 3089 6803 3090 6804 3509 6804 3521 6804 3090 6805 3510 6805 3508 6805 3504 6806 3518 6806 3505 6806 3498 6807 3511 6807 3496 6807 3494 6808 3495 6808 3496 6808 3512 6809 3494 6809 3496 6809 3511 6810 3512 6810 3496 6810 3234 6811 3494 6811 3512 6811 3234 6812 3512 6812 3232 6812 3232 6813 3512 6813 3511 6813 3514 6814 3513 6814 3505 6814 3519 6815 3518 6815 3525 6815 3232 6816 3511 6816 3513 6816 3232 6817 3513 6817 3515 6817 3516 6818 3513 6818 3514 6818 3515 6819 3513 6819 3516 6819 3516 6820 3228 6820 3515 6820 3516 6821 3514 6821 3517 6821 3517 6822 3518 6822 3519 6822 3517 6823 3514 6823 3518 6823 3522 6824 3524 6824 3510 6824 3528 6825 3519 6825 3525 6825 3517 6826 3519 6826 3526 6826 3517 6827 3227 6827 3516 6827 3526 6828 3527 6828 3517 6828 3526 6829 3528 6829 3209 6829 3523 6830 3528 6830 3525 6830 3204 6831 3207 6831 3524 6831 3203 6832 3522 6832 3521 6832 3521 6833 3202 6833 3201 6833 3201 6834 3203 6834 3521 6834 3203 6835 3204 6835 3522 6835 3202 6836 3520 6836 3509 6836 3521 6837 3520 6837 3202 6837 3522 6838 3204 6838 3524 6838 3207 6839 3528 6839 3523 6839 3526 6840 3519 6840 3528 6840 3209 6841 3527 6841 3526 6841 3206 6842 3211 6842 3209 6842 3209 6843 3211 6843 3527 6843 3211 6844 3225 6844 3527 6844 3527 6845 3226 6845 3517 6845 3516 6846 3227 6846 3228 6846 3228 6847 3231 6847 3232 6847 3515 6848 3228 6848 3232 6848 3524 6849 3207 6849 3523 6849 3521 6850 3522 6850 3510 6850 3521 6851 3509 6851 3520 6851 3521 6852 3510 6852 3090 6852 3518 6853 3514 6853 3505 6853 3505 6854 3513 6854 3498 6854 3513 6855 3511 6855 3498 6855 3525 6856 3518 6856 3504 6856 3523 6857 3506 6857 3507 6857 3523 6858 3525 6858 3506 6858 3510 6859 3524 6859 3508 6859 3524 6860 3507 6860 3508 6860 3523 6861 3507 6861 3524 6861 3525 6862 3504 6862 3506 6862 3508 6863 3507 6863 3503 6863 3503 6864 3499 6864 3502 6864 3498 6865 3497 6865 3502 6865 3497 6866 3501 6866 3502 6866 3088 6867 3089 6867 3500 6867 3529 6868 3500 6868 3501 6868 3529 6869 3493 6869 3500 6869 3239 6870 3240 6870 3495 6870 3235 6871 3239 6871 3494 6871 3211 6872 3348 6872 3225 6872 3181 6873 3217 6873 3183 6873 3185 6874 3218 6874 3215 6874 3183 6875 3218 6875 3185 6875 3215 6876 3200 6876 3195 6876 3213 6877 3201 6877 3200 6877 3200 6878 3201 6878 3199 6878 3203 6879 3201 6879 3210 6879 3210 6880 3201 6880 3213 6880 3205 6881 3204 6881 3210 6881 3210 6882 3204 6882 3203 6882 3215 6883 3214 6883 3200 6883 3205 6884 3207 6884 3204 6884 3200 6885 3199 6885 3195 6885 3092 6886 3198 6886 3091 6886 3184 6887 3197 6887 3194 6887 3186 6888 3184 6888 3194 6888 3188 6889 3191 6889 3190 6889 3191 6890 3187 6890 3192 6890 3189 6891 3187 6891 3191 6891 3195 6892 3198 6892 3530 6892 3093 6893 3198 6893 3092 6893 3530 6894 3198 6894 3531 6894 3193 6895 3531 6895 3097 6895 3193 6896 3530 6896 3531 6896 3097 6897 3532 6897 3193 6897 3532 6898 3194 6898 3193 6898 3096 6899 3533 6899 3097 6899 3191 6900 3192 6900 3532 6900 3190 6901 3191 6901 3532 6901 3534 6902 3533 6902 3096 6902 3534 6903 3188 6903 3190 6903 3096 6904 3121 6904 3535 6904 3535 6905 3534 6905 3096 6905 3535 6906 3121 6906 3536 6906 3535 6907 3537 6907 3534 6907 3537 6908 3172 6908 3534 6908 3176 6909 3177 6909 3189 6909 3534 6910 3172 6910 3188 6910 3177 6911 3178 6911 3187 6911 3346 6912 3177 6912 3176 6912 3172 6913 3176 6913 3188 6913 3537 6914 3171 6914 3170 6914 3535 6915 3171 6915 3537 6915 3536 31 3538 31 3535 31 3538 6916 3171 6916 3535 6916 3538 6917 3539 6917 3171 6917 3171 6918 3317 6918 3319 6918 3539 6919 3317 6919 3171 6919 3169 6920 3314 6920 3539 6920 3540 6921 3169 6921 3539 6921 3540 6922 3539 6922 3538 6922 3168 6923 3169 6923 3540 6923 3538 6924 3168 6924 3540 6924 3168 6925 3316 6925 3169 6925 3542 6926 3166 6926 3536 6926 3536 6927 3166 6927 3168 6927 3168 6928 3538 6928 3536 6928 3167 6929 3542 6929 3541 6929 3167 6930 3541 6930 3543 6930 3544 6931 3543 6931 3546 6931 3545 6932 3544 6932 3553 6932 3553 6933 3544 6933 3546 6933 3543 6934 3541 6934 3547 6934 3543 6935 3548 6935 3549 6935 3536 6936 3547 6936 3541 6936 3547 6937 3536 6937 3121 6937 3550 6938 3547 6938 3121 6938 3548 6939 3550 6939 3549 6939 3548 6940 3547 6940 3550 6940 3543 6941 3547 6941 3548 6941 3546 6942 3543 6942 3549 6942 3553 6943 3546 6943 3551 6943 3551 6944 3546 6944 3549 6944 3552 6945 3553 6945 3551 6945 3545 6946 3553 6946 3552 6946 3554 6947 3557 6947 3552 6947 3555 6948 3163 6948 3544 6948 3153 6949 3154 6949 3567 6949 3155 6950 3156 6950 3557 6950 3156 6951 3556 6951 3557 6951 3567 6952 3155 6952 3554 6952 3554 6953 3155 6953 3557 6953 3556 6954 3544 6954 3545 6954 3543 6955 3163 6955 3167 6955 3157 6956 3555 6956 3544 6956 3556 6957 3157 6957 3544 6957 3557 6958 3556 6958 3545 6958 3567 6959 3554 6959 3558 6959 3558 6960 3554 6960 3560 6960 3560 6961 3554 6961 3561 6961 3562 6962 3559 6962 3560 6962 3561 6963 3552 6963 3551 6963 3561 6964 3551 6964 3549 6964 3119 6965 3549 6965 3550 6965 3121 6966 3119 6966 3550 6966 3561 6967 3549 6967 3119 6967 3560 6968 3561 6968 3119 6968 3554 6969 3552 6969 3561 6969 3562 6970 3560 6970 3119 6970 3559 6971 3558 6971 3560 6971 3153 6972 3567 6972 3558 6972 3563 6973 3558 6973 3559 6973 3564 6974 3563 6974 3559 6974 3564 6975 3559 6975 3562 6975 3566 6976 3564 6976 3562 6976 3568 6977 3563 6977 3564 6977 3151 6978 3563 6978 3568 6978 3566 6979 3568 6979 3564 6979 3565 6980 3569 6980 3566 6980 3150 6981 3568 6981 3566 6981 3566 6982 3569 6982 3150 6982 3569 6983 3565 6983 3127 6983 3152 6984 3153 6984 3563 6984 3151 6985 3152 6985 3563 6985 3565 6986 3566 6986 3562 6986 3563 6987 3153 6987 3558 6987 3163 6988 3160 6988 3167 6988 3555 6989 3160 6989 3163 6989 3555 6990 3159 6990 3160 6990 3159 6991 3161 6991 3160 6991 3157 6992 3159 6992 3555 6992 3157 6993 3158 6993 3159 6993 3544 6994 3163 6994 3543 6994 3557 6995 3545 6995 3552 6995 3536 6996 3541 6996 3542 6996 3534 6997 3190 6997 3533 6997 3533 6998 3190 6998 3532 6998 3533 6999 3532 6999 3097 6999 3531 7000 3198 7000 3093 7000 3193 7001 3196 7001 3530 7001 3196 7002 3185 7002 3530 7002 3188 7003 3189 7003 3191 7003 3182 7004 3181 7004 3184 7004 3179 7005 3182 7005 3186 7005 3187 7006 3179 7006 3186 7006 3182 7007 3184 7007 3186 7007 3172 7008 3173 7008 3176 7008 3156 7009 3310 7009 3556 7009 3127 7010 3137 7010 3149 7010 3149 7011 3137 7011 3136 7011 3299 7012 3142 7012 3143 7012 3576 6137 3570 6137 3148 6137 3148 6137 3570 6137 3146 6137 3148 7013 3573 7013 3571 7013 3571 7014 3574 7014 3148 7014 3084 7015 3148 7015 3574 7015 3572 7016 3575 7016 3148 7016 3084 3629 3576 3629 3148 3629 3575 7017 3573 7017 3148 7017 3575 7018 3577 7018 3573 7018 3575 7019 3578 7019 3577 7019 3100 7020 3577 7020 3578 7020 3572 7021 3578 7021 3575 7021 3572 7022 3579 7022 3578 7022 3100 7023 3578 7023 3579 7023 3127 7024 3579 7024 3572 7024 3572 7025 3129 7025 3127 7025 3580 7026 3573 7026 3577 7026 3100 7027 3580 7027 3577 7027 3580 7028 3571 7028 3573 7028 3581 7029 3571 7029 3580 7029 3100 7030 3581 7030 3580 7030 3581 7031 3574 7031 3571 7031 3582 7032 3574 7032 3581 7032 3100 7033 3582 7033 3581 7033 3084 7034 3574 7034 3583 7034 3582 7035 3583 7035 3574 7035 3584 7036 3583 7036 3582 7036 3584 7037 3582 7037 3100 7037 3585 7038 3583 7038 3584 7038 3100 7039 3585 7039 3584 7039 3585 7040 3586 7040 3583 7040 3084 7041 3583 7041 3586 7041 3587 7042 3586 7042 3585 7042 3100 7043 3587 7043 3585 7043 3587 7044 3083 7044 3586 7044 3084 7045 3586 7045 3083 7045 3588 7046 3083 7046 3587 7046 3100 7047 3588 7047 3587 7047 3588 7048 3086 7048 3083 7048 3589 7049 3086 7049 3588 7049 3589 31 3588 31 3100 31 3589 7050 3087 7050 3086 7050 3590 3629 3576 3629 3084 3629 3590 31 3570 31 3576 31 3591 31 3570 31 3590 31 3591 3270 3590 3270 3085 3270 3085 3270 3590 3270 3084 3270 3146 3622 3591 3622 3085 3622 3570 3622 3591 3622 3146 3622 3085 31 3088 31 3146 31 3565 7051 3120 7051 3127 7051 3121 31 3592 31 3111 31 3096 31 3592 31 3121 31 3096 31 3099 31 3592 31 3592 3629 3594 3629 3111 3629 3099 3270 3593 3270 3592 3270 3593 3629 3594 3629 3592 3629 3593 31 3114 31 3594 31 3594 6137 3114 6137 3111 6137 3115 31 3114 31 3593 31 3115 3270 3593 3270 3099 3270 3099 7052 3104 7052 3105 7052 3100 7053 3103 7053 3102 7053 3595 7054 3805 7054 3596 7054 4414 7055 3598 7055 3597 7055 4414 7056 3597 7056 3858 7056 3600 7057 3599 7057 3767 7057 3767 7058 3601 7058 3753 7058 3746 7059 4412 7059 4411 7059 3629 7060 3859 7060 3628 7060 3629 7061 4410 7061 3859 7061 3605 7062 3606 7062 3607 7062 3610 7063 3611 7063 3609 7063 3613 7064 4401 7064 3609 7064 4401 7065 3614 7065 3609 7065 3615 7066 3617 7066 3608 7066 3617 7067 3610 7067 3608 7067 3607 7068 3610 7068 3617 7068 3607 7069 3606 7069 3610 7069 3619 7070 3620 7070 3618 7070 3622 7071 3620 7071 3619 7071 3618 7072 3620 7072 3607 7072 3622 7073 3604 7073 3620 7073 3605 7074 3607 7074 3620 7074 3620 7075 3604 7075 3605 7075 3621 7076 3623 7076 3604 7076 3621 7077 3604 7077 3622 7077 3621 7078 3624 7078 3623 7078 3627 7079 3624 7079 3621 7079 3624 7080 3625 7080 3623 7080 3603 7081 3861 7081 3626 7081 3626 7082 3624 7082 3627 7082 3632 7083 3603 7083 3626 7083 3630 7084 3603 7084 3632 7084 3630 7085 3628 7085 3603 7085 3629 7086 3628 7086 3630 7086 3631 7087 3632 7087 4416 7087 3636 7088 3633 7088 3632 7088 3636 7089 3632 7089 3631 7089 3636 7090 3634 7090 3633 7090 3636 7091 3631 7091 3648 7091 3637 7092 3638 7092 3646 7092 3639 7093 3641 7093 3640 7093 3872 7094 3643 7094 3871 7094 3645 7095 3644 7095 3872 7095 3875 7096 3645 7096 3872 7096 3646 7097 3645 7097 3875 7097 3645 7098 3639 7098 3644 7098 3644 7099 3639 7099 3640 7099 3644 7100 3640 7100 3643 7100 3643 7101 3615 7101 3616 7101 3640 7102 3642 7102 3643 7102 3646 7103 3638 7103 3645 7103 3645 7104 3638 7104 3639 7104 3647 7105 3637 7105 3646 7105 3647 7106 3631 7106 3637 7106 3650 7107 3875 7107 3649 7107 3652 7108 3651 7108 3683 7108 3653 7109 3651 7109 3652 7109 3654 7110 3653 7110 3652 7110 3658 7111 3654 7111 3655 7111 3656 7112 3658 7112 3655 7112 3656 7113 3655 7113 3682 7113 3686 7114 3656 7114 3682 7114 3686 7115 3679 7115 3656 7115 3679 7116 3657 7116 3656 7116 3658 7117 3653 7117 3654 7117 3659 7118 3653 7118 3658 7118 3647 7119 3648 7119 3631 7119 3636 7120 3635 7120 3634 7120 3636 7121 4415 7121 3635 7121 3661 7122 3635 7122 4415 7122 3661 7123 3750 7123 3635 7123 3665 7124 3662 7124 3663 7124 3663 7125 3661 7125 3666 7125 3680 7126 3665 7126 3663 7126 3667 7127 3713 7127 3751 7127 3667 7128 3751 7128 3664 7128 3680 7129 3664 7129 3665 7129 3659 7130 3663 7130 3666 7130 3680 7131 3663 7131 3659 7131 3671 7132 3670 7132 3703 7132 3676 7133 3674 7133 3675 7133 3688 7134 3676 7134 3675 7134 3687 7135 3675 7135 3677 7135 3675 7136 3678 7136 3677 7136 3681 7137 3657 7137 3679 7137 3657 7138 3659 7138 3656 7138 3681 7139 3660 7139 3657 7139 3681 7140 3669 7140 3660 7140 3660 7141 3659 7141 3657 7141 3659 7142 3658 7142 3656 7142 3669 7143 3680 7143 3660 7143 3669 7144 3668 7144 3680 7144 3660 7145 3680 7145 3659 7145 3674 7146 3669 7146 3675 7146 3675 7147 3669 7147 3678 7147 3678 7148 3669 7148 3681 7148 3654 7149 3652 7149 3685 7149 3652 7150 3683 7150 3878 7150 3683 7151 3651 7151 3650 7151 3684 7152 3650 7152 3649 7152 3684 7153 3649 7153 3876 7153 3878 7154 3683 7154 3684 7154 3878 7155 3684 7155 3879 7155 3655 7156 3654 7156 3685 7156 3655 7157 3685 7157 3906 7157 3690 7158 3671 7158 3697 7158 3692 7159 3676 7159 3688 7159 3694 7160 3677 7160 3693 7160 3696 7161 3689 7161 3695 7161 3695 7162 3689 7162 3692 7162 3691 7163 3690 7163 3697 7163 3698 7164 3690 7164 3691 7164 3702 7165 3701 7165 3700 7165 3700 7166 3701 7166 3699 7166 3689 7167 3671 7167 3703 7167 3676 7168 3670 7168 3674 7168 3690 7169 3672 7169 3671 7169 3673 7170 3672 7170 3704 7170 3704 7171 3672 7171 3690 7171 4067 7172 3709 7172 3701 7172 3701 7173 3705 7173 3699 7173 3709 7174 3705 7174 3701 7174 3706 7175 3709 7175 4067 7175 3707 7176 3706 7176 4066 7176 3708 7177 3707 7177 4064 7177 3672 7178 3667 7178 3671 7178 3715 7179 3714 7179 3712 7179 3711 7180 3717 7180 3715 7180 4072 7181 3716 7181 3711 7181 3716 7182 3717 7182 3711 7182 3716 7183 3739 7183 3718 7183 4073 7184 3719 7184 3716 7184 3724 7185 3720 7185 4074 7185 3731 7186 3740 7186 3719 7186 3728 7187 3729 7187 3726 7187 3726 7188 3723 7188 3725 7188 3726 7189 3729 7189 3723 7189 3727 7190 3726 7190 4304 7190 3729 7191 3728 7191 4298 7191 3729 7192 4300 7192 3722 7192 3730 7193 4300 7193 3729 7193 3728 7194 3727 7194 4301 7194 4301 7195 3727 7195 4303 7195 4356 7196 4299 7196 3721 7196 3721 7197 4299 7197 3731 7197 3739 7198 4318 7198 3733 7198 3733 7199 3734 7199 3718 7199 3735 7200 3736 7200 3737 7200 3717 7201 3737 7201 3738 7201 3735 7202 3737 7202 3717 7202 3714 7203 4319 7203 4327 7203 3712 7204 4327 7204 4328 7204 3718 7205 3735 7205 3717 7205 3739 7206 3733 7206 3718 7206 3722 7207 4300 7207 3741 7207 3741 7208 4356 7208 3721 7208 3722 7209 3741 7209 3721 7209 3720 7210 3721 7210 3731 7210 3718 7211 3734 7211 3735 7211 3719 7212 3732 7212 3739 7212 3740 7213 3732 7213 3719 7213 3719 7214 3739 7214 3716 7214 3717 7215 3738 7215 3715 7215 3715 7216 3738 7216 3714 7216 3714 7217 4327 7217 3712 7217 3751 7218 3756 7218 3742 7218 3750 7219 3748 7219 3747 7219 3749 7220 3744 7220 3662 7220 3745 7221 3748 7221 3750 7221 3634 7222 3635 7222 3747 7222 3750 7223 3747 7223 3635 7223 3662 7224 3745 7224 3661 7224 3742 7225 3743 7225 3665 7225 3665 7226 3749 7226 3662 7226 3661 7227 3745 7227 3750 7227 3662 7228 3744 7228 3745 7228 3743 7229 3749 7229 3665 7229 3664 7230 3742 7230 3665 7230 3634 7231 3747 7231 3633 7231 3633 7232 3629 7232 3630 7232 3633 7233 3747 7233 3629 7233 3629 7234 3747 7234 4411 7234 3746 7235 4411 7235 3747 7235 3748 7236 3746 7236 3747 7236 3744 7237 3753 7237 3745 7237 3752 7238 3766 7238 3744 7238 3744 7239 3766 7239 3753 7239 3749 7240 3752 7240 3744 7240 3749 7241 3762 7241 3752 7241 3754 7242 3762 7242 3749 7242 3756 7243 3757 7243 3755 7243 3755 7244 3765 7244 3754 7244 3761 7245 3764 7245 3755 7245 3769 7246 3761 7246 3757 7246 3755 7247 3764 7247 3765 7247 3766 7248 3767 7248 3753 7248 3769 7249 3768 7249 3761 7249 3770 7250 3768 7250 3769 7250 3772 7251 3773 7251 3787 7251 3774 7252 3773 7252 3772 7252 3775 7253 3774 7253 4329 7253 3774 7254 3798 7254 3773 7254 3775 7255 3798 7255 3774 7255 4330 7256 3777 7256 3776 7256 3779 7257 3780 7257 3778 7257 3779 7258 3778 7258 4330 7258 3778 7259 3777 7259 4330 7259 3781 7260 3782 7260 4334 7260 4335 7261 3783 7261 3781 7261 4336 7262 4341 7262 3783 7262 3783 7263 4350 7263 3784 7263 3784 7264 3813 7264 3800 7264 3800 7265 4342 7265 3785 7265 3799 7266 3786 7266 4343 7266 3791 7267 3790 7267 3792 7267 3791 7268 3792 7268 3793 7268 3793 7269 3792 7269 3600 7269 3794 7270 3791 7270 3793 7270 3793 7271 3600 7271 3763 7271 3763 7272 3600 7272 3767 7272 3766 7273 3763 7273 3767 7273 3768 7274 3794 7274 3761 7274 3794 7275 3793 7275 3764 7275 3764 7276 3793 7276 3765 7276 3765 7277 3793 7277 3762 7277 3762 7278 3793 7278 3763 7278 3761 7279 3794 7279 3764 7279 3770 7280 3796 7280 3768 7280 3796 7281 3794 7281 3768 7281 3770 7282 3795 7282 3796 7282 3794 7283 3789 7283 3791 7283 3773 7284 4344 7284 3787 7284 3799 7285 4343 7285 3798 7285 4344 7286 4345 7286 3787 7286 3785 7287 3786 7287 3799 7287 3778 7288 3785 7288 3777 7288 3777 7289 3785 7289 3799 7289 3780 7290 3800 7290 3778 7290 3771 7291 3797 7291 3795 7291 3771 7292 3787 7292 3797 7292 3798 7293 4344 7293 3773 7293 3795 7294 3797 7294 3788 7294 3787 7295 4345 7295 3797 7295 3776 7296 3798 7296 3775 7296 3777 7297 3799 7297 3776 7297 3799 7298 3798 7298 3776 7298 3771 7299 3795 7299 4333 7299 4333 7300 3795 7300 3770 7300 4332 7301 3787 7301 3771 7301 3772 7302 3787 7302 4332 7302 3782 7303 3784 7303 3780 7303 3780 7304 3784 7304 3800 7304 3800 7305 3785 7305 3778 7305 3788 7306 3796 7306 3795 7306 3792 7307 3599 7307 3600 7307 3599 7308 3598 7308 4414 7308 3792 7309 3598 7309 3599 7309 3598 7310 3596 7310 3597 7310 3598 7311 3803 7311 3596 7311 3790 7312 3801 7312 3598 7312 3790 7313 3802 7313 3801 7313 4348 7314 3802 7314 3790 7314 3595 7315 3824 7315 3804 7315 3808 7316 3595 7316 3804 7316 3806 7317 3854 7317 3807 7317 3807 7318 3805 7318 3808 7318 3807 7319 3840 7319 3806 7319 3802 7320 3810 7320 3801 7320 4348 7321 4406 7321 3802 7321 3818 7322 3811 7322 4346 7322 3816 7323 3818 7323 4346 7323 4343 7324 3815 7324 4349 7324 3785 7325 3812 7325 3786 7325 3814 7326 3813 7326 4350 7326 3786 7327 3812 7327 3815 7327 3786 7328 3815 7328 4343 7328 3815 7329 3816 7329 4349 7329 3815 7330 3817 7330 3816 7330 3817 7331 3818 7331 3816 7331 3819 7332 3820 7332 3815 7332 3821 7333 3936 7333 3819 7333 3820 7334 4404 7334 3815 7334 3811 7335 4406 7335 4348 7335 3809 7336 3823 7336 4405 7336 4405 7337 3831 7337 3824 7337 4406 7338 3822 7338 3802 7338 3802 7339 3822 7339 3810 7339 3803 7340 4405 7340 3824 7340 3808 7341 3804 7341 3825 7341 3825 7342 3804 7342 3829 7342 3808 7343 3825 7343 3826 7343 3825 7344 3828 7344 3826 7344 3827 7345 3826 7345 3828 7345 3836 7346 3827 7346 3828 7346 3825 7347 3829 7347 3828 7347 3831 7348 3833 7348 3830 7348 3828 7349 3834 7349 3835 7349 3839 7350 3840 7350 3827 7350 3827 7351 3836 7351 3839 7351 3879 7352 3839 7352 3836 7352 3839 7353 3879 7353 3877 7353 3839 7354 3837 7354 3840 7354 3807 7355 3827 7355 3840 7355 3826 7356 3827 7356 3807 7356 3841 7357 3806 7357 3840 7357 3852 7358 3841 7358 3842 7358 3844 7359 3852 7359 3891 7359 3843 7360 3892 7360 3849 7360 3847 7361 3848 7361 3846 7361 3846 7362 3845 7362 3847 7362 3843 7363 3849 7363 3852 7363 3851 7364 3863 7364 3849 7364 3852 7365 3853 7365 3841 7365 3853 7366 3806 7366 3841 7366 3849 7367 3890 7367 3845 7367 4381 7368 3855 7368 3854 7368 3805 7369 3854 7369 3855 7369 3596 7370 3805 7370 3855 7370 3596 7371 3855 7371 3597 7371 3855 7372 4381 7372 3860 7372 3597 7373 3855 7373 3856 7373 3859 7374 3855 7374 3860 7374 3857 7375 3856 7375 3859 7375 3861 7376 3625 7376 3624 7376 3865 7377 3863 7377 3864 7377 3606 7378 3605 7378 3865 7378 3612 7379 3611 7379 4375 7379 3867 7380 3612 7380 4375 7380 3613 7381 3609 7381 3612 7381 3868 7382 3613 7382 4374 7382 3868 7383 4401 7383 3613 7383 3869 7384 3616 7384 3615 7384 3872 7385 3871 7385 4395 7385 3875 7386 3874 7386 3882 7386 3872 7387 3644 7387 3643 7387 3877 7388 3684 7388 3876 7388 3836 7389 3878 7389 3879 7389 3879 7390 3684 7390 3877 7390 3649 7391 3875 7391 3880 7391 3649 7392 3880 7392 3881 7392 3885 7393 4393 7393 4389 7393 3887 7394 3885 7394 4389 7394 3887 7395 4389 7395 3886 7395 3887 7396 4385 7396 4384 7396 3887 7397 4384 7397 3889 7397 3887 7398 3886 7398 4385 7398 3892 7399 3897 7399 3890 7399 3842 7400 3894 7400 3891 7400 3892 7401 3844 7401 3893 7401 3892 7402 3893 7402 3897 7402 3894 7403 3838 7403 3895 7403 3893 7404 3844 7404 3891 7404 3838 7405 3842 7405 3841 7405 3840 7406 3837 7406 3841 7406 3838 7407 3841 7407 3837 7407 3838 7408 3894 7408 3842 7408 3895 7409 3838 7409 3837 7409 3839 7410 3877 7410 3837 7410 3877 7411 3895 7411 3837 7411 3893 7412 3880 7412 3897 7412 3897 7413 3880 7413 3882 7413 3881 7414 3880 7414 3893 7414 3895 7415 3876 7415 3894 7415 3649 7416 3881 7416 3894 7416 3876 7417 3649 7417 3894 7417 3828 7418 3898 7418 3836 7418 3835 7419 3898 7419 3828 7419 3835 7420 3834 7420 3905 7420 3830 7421 3834 7421 3829 7421 3828 7422 3829 7422 3834 7422 3823 7423 3901 7423 3832 7423 3899 7424 3908 7424 3901 7424 3900 7425 3908 7425 3899 7425 3901 7426 3694 7426 3832 7426 3694 7427 3903 7427 3832 7427 3833 7428 3834 7428 3830 7428 3834 7429 3904 7429 3905 7429 3833 7430 3904 7430 3834 7430 3833 7431 3907 7431 3904 7431 3905 7432 3898 7432 3835 7432 3906 7433 3898 7433 3905 7433 3685 7434 3898 7434 3906 7434 3898 7435 3878 7435 3836 7435 3898 7436 3685 7436 3878 7436 3685 7437 3652 7437 3878 7437 3909 7438 3692 7438 3688 7438 3695 7439 3692 7439 3909 7439 3909 7440 3688 7440 3908 7440 3900 7441 3909 7441 3908 7441 3907 7442 3686 7442 3904 7442 3693 7443 3907 7443 3903 7443 3694 7444 3693 7444 3903 7444 3908 7445 3694 7445 3901 7445 3902 7446 3909 7446 3900 7446 3934 7447 3913 7447 3912 7447 3917 7448 3918 7448 3916 7448 3919 7449 3696 7449 3910 7449 3918 7450 3697 7450 3919 7450 3917 7451 3691 7451 3918 7451 3919 7452 3697 7452 3696 7452 3696 7453 3697 7453 3689 7453 3700 7454 3699 7454 4408 7454 3920 7455 3702 7455 3700 7455 3910 7456 3696 7456 3695 7456 3920 7457 4408 7457 3915 7457 3911 7458 3921 7458 3920 7458 3912 7459 3921 7459 3911 7459 4061 7460 4060 7460 3912 7460 3923 7461 4058 7461 3922 7461 3932 7462 3926 7462 3924 7462 3924 7463 3925 7463 3932 7463 3930 7464 4057 7464 3929 7464 3944 7465 3930 7465 3929 7465 3937 7466 3926 7466 3931 7466 3926 7467 3932 7467 3931 7467 3931 7468 3932 7468 3933 7468 3933 7469 3923 7469 3936 7469 3923 7470 3922 7470 3936 7470 3911 7471 3920 7471 3914 7471 3914 7472 3920 7472 3915 7472 3915 7473 3917 7473 3916 7473 3913 7474 4061 7474 3912 7474 4060 7475 3921 7475 3912 7475 3935 7476 4059 7476 3913 7476 3933 7477 3925 7477 3923 7477 3932 7478 3925 7478 3933 7478 3937 7479 3927 7479 3926 7479 3928 7480 3927 7480 3937 7480 3922 7481 4059 7481 3935 7481 3936 7482 3922 7482 3935 7482 3821 7483 3933 7483 3936 7483 3938 7484 3937 7484 3931 7484 3821 7485 3931 7485 3933 7485 3939 7486 3938 7486 3821 7486 3938 7487 3931 7487 3821 7487 3940 7488 3938 7488 3814 7488 3940 7489 3941 7489 3938 7489 4351 7490 3940 7490 3814 7490 3813 7491 3939 7491 4342 7491 3813 7492 3814 7492 3939 7492 3944 7493 3929 7493 3937 7493 3929 7494 3928 7494 3937 7494 3948 7495 3949 7495 4050 7495 3948 7496 3951 7496 3949 7496 3947 7497 3951 7497 3948 7497 3946 7498 3945 7498 3943 7498 3944 7499 3937 7499 3938 7499 3943 7500 3945 7500 3944 7500 3945 7501 3930 7501 3944 7501 3943 7502 3947 7502 3946 7502 3943 7503 3944 7503 3941 7503 3951 7504 3943 7504 3950 7504 3951 7505 4355 7505 3952 7505 3955 7506 4230 7506 3971 7506 3956 7507 3954 7507 3955 7507 3955 7508 3971 7508 3963 7508 3963 7509 3971 7509 3957 7509 3964 7510 3958 7510 3959 7510 3962 7511 3969 7511 3961 7511 3961 7512 3968 7512 4030 7512 3960 7513 3969 7513 3962 7513 4037 7514 3959 7514 3960 7514 4039 7515 3957 7515 3958 7515 3964 7516 3959 7516 4037 7516 4037 7517 3960 7517 4034 7517 4033 7518 3962 7518 3961 7518 3966 7519 4004 7519 3967 7519 3967 7520 4004 7520 4003 7520 3968 7521 4008 7521 3965 7521 3955 7522 3954 7522 4230 7522 4230 7523 4231 7523 3972 7523 3971 7524 4230 7524 3972 7524 3972 7525 4231 7525 4257 7525 3970 7526 4257 7526 3973 7526 4008 7527 3973 7527 4001 7527 3973 7528 4254 7528 4001 7528 3975 7529 3976 7529 3977 7529 3979 7530 4400 7530 3868 7530 3981 7531 3982 7531 4215 7531 3984 7532 3985 7532 4396 7532 3987 7533 4391 7533 3986 7533 3987 7534 3989 7534 4391 7534 3989 7535 3990 7535 4391 7535 3988 7536 4167 7536 3989 7536 3989 7537 4161 7537 3990 7537 3990 7538 3991 7538 4390 7538 3993 7539 3992 7539 3991 7539 3993 7540 4015 7540 3992 7540 4387 7541 3992 7541 3994 7541 3992 7542 3996 7542 3994 7542 4015 7543 3996 7543 3992 7543 3997 7544 4379 7544 3996 7544 4007 7545 3999 7545 3998 7545 4000 7546 4249 7546 3978 7546 3999 7547 3977 7547 4000 7547 3975 7548 3999 7548 4006 7548 4006 7549 4002 7549 3975 7549 4002 7550 4001 7550 3975 7550 4001 7551 4002 7551 4003 7551 4004 7552 4001 7552 4003 7552 4005 7553 4002 7553 4006 7553 4006 7554 4007 7554 4014 7554 4009 7555 4002 7555 4005 7555 3965 7556 4008 7556 4004 7556 3969 7557 3970 7557 3973 7557 3959 7558 3972 7558 3970 7558 3972 7559 4257 7559 3970 7559 3968 7560 3973 7560 4008 7560 4008 7561 4001 7561 4004 7561 3969 7562 3973 7562 3968 7562 3967 7563 4003 7563 4009 7563 4003 7564 4002 7564 4009 7564 4010 7565 4006 7565 4014 7565 4017 7566 4005 7566 4010 7566 4007 7567 3998 7567 4011 7567 4011 7568 3998 7568 3997 7568 4010 7569 4014 7569 4012 7569 4012 7570 4014 7570 4013 7570 4013 7571 4014 7571 4011 7571 4011 7572 3997 7572 3996 7572 4011 7573 3996 7573 4015 7573 4016 7574 4010 7574 4022 7574 4022 7575 4010 7575 4012 7575 4018 7576 4005 7576 4017 7576 4009 7577 4018 7577 4019 7577 3966 7578 3967 7578 4020 7578 4029 7579 3965 7579 3966 7579 4029 7580 3966 7580 4026 7580 4025 7581 3966 7581 4020 7581 4020 7582 3967 7582 4019 7582 4019 7583 4018 7583 4021 7583 4013 7584 4011 7584 4015 7584 3996 7585 3995 7585 3994 7585 4023 7586 4013 7586 4015 7586 4024 7587 4012 7587 4023 7587 4026 7588 3966 7588 4025 7588 4020 7589 4019 7589 4027 7589 4021 7590 4016 7590 4153 7590 4153 7591 4016 7591 4028 7591 4023 7592 4015 7592 3993 7592 4160 7593 4023 7593 3993 7593 4024 7594 4023 7594 4160 7594 4154 7595 4022 7595 4024 7595 4028 7596 4022 7596 4154 7596 4151 7597 4025 7597 4027 7597 4029 7598 4026 7598 4032 7598 4031 7599 4029 7599 4032 7599 4035 7600 4030 7600 4031 7600 4035 7601 4033 7601 4030 7601 4030 7602 3965 7602 4029 7602 4033 7603 3961 7603 4030 7603 4034 7604 3962 7604 4033 7604 4034 7605 4033 7605 4035 7605 4036 7606 4037 7606 4034 7606 4038 7607 4039 7607 3964 7607 4040 7608 3963 7608 4039 7608 4041 7609 4040 7609 4045 7609 4046 7610 4043 7610 4363 7610 4363 7611 4042 7611 4139 7611 4042 7612 4041 7612 4045 7612 4038 7613 3964 7613 4037 7613 4038 7614 4037 7614 4141 7614 4137 7615 4045 7615 4044 7615 4039 7616 4038 7616 4044 7616 4045 7617 4040 7617 4039 7617 4045 7618 4039 7618 4044 7618 4042 7619 4045 7619 4139 7619 4047 7620 4043 7620 4046 7620 4048 7621 4055 7621 4047 7621 4050 7622 4049 7622 4048 7622 4053 7623 4116 7623 3946 7623 4051 7624 3948 7624 4050 7624 3947 7625 4053 7625 3946 7625 4050 7626 3949 7626 4049 7626 4043 7627 4055 7627 4054 7627 4056 7628 3956 7628 3955 7628 4056 7629 3955 7629 4042 7629 4047 7630 4055 7630 4043 7630 4049 7631 4055 7631 4048 7631 4042 7632 3955 7632 4041 7632 4363 7633 4056 7633 4042 7633 4043 7634 4056 7634 4363 7634 4041 7635 3955 7635 3963 7635 4054 7636 3949 7636 3953 7636 3956 7637 3953 7637 3954 7637 4054 7638 3953 7638 3956 7638 4054 7639 3956 7639 4056 7639 4043 7640 4054 7640 4056 7640 4049 7641 4054 7641 4055 7641 4049 7642 3949 7642 4054 7642 3947 7643 3948 7643 4051 7643 3929 7644 4057 7644 3928 7644 3930 7645 4114 7645 4057 7645 3927 7646 3924 7646 3926 7646 3925 7647 4058 7647 3923 7647 4058 7648 4063 7648 3922 7648 4063 7649 4059 7649 3922 7649 3913 7650 4059 7650 4061 7650 3921 7651 3702 7651 3920 7651 4060 7652 3702 7652 3921 7652 4061 7653 4065 7653 4060 7653 4059 7654 4065 7654 4061 7654 4064 7655 4065 7655 4059 7655 4058 7656 4370 7656 4063 7656 4062 7657 4064 7657 4059 7657 4065 7658 4066 7658 4060 7658 4060 7659 4067 7659 3702 7659 3699 7660 3705 7660 3704 7660 4064 7661 3707 7661 4065 7661 4070 7662 4069 7662 4371 7662 4070 7663 4104 7663 4069 7663 4071 7664 3710 7664 3709 7664 3705 7665 3710 7665 3673 7665 3711 7666 3715 7666 3710 7666 3707 7667 4072 7667 4071 7667 3708 7668 4072 7668 3707 7668 4075 7669 3716 7669 4072 7669 3718 7670 3717 7670 3716 7670 4075 7671 4073 7671 3716 7671 4073 7672 3720 7672 3731 7672 3720 7673 4073 7673 4074 7673 3731 7674 3719 7674 4073 7674 4101 7675 4075 7675 4072 7675 4100 7676 4074 7676 4076 7676 4097 7677 3724 7677 4098 7677 4306 7678 4079 7678 4080 7678 4083 7679 4082 7679 4085 7679 4084 7680 4085 7680 4158 7680 4145 7681 4086 7681 4082 7681 4081 7682 4145 7682 4082 7682 4081 7683 4080 7683 4145 7683 4079 7684 4087 7684 4080 7684 4077 7685 4088 7685 4078 7685 4089 7686 4091 7686 4077 7686 4093 7687 4090 7687 4092 7687 4093 7688 4367 7688 4090 7688 4102 7689 3726 7689 3725 7689 3726 7690 4102 7690 4095 7690 4094 7691 4134 7691 4367 7691 4095 7692 4134 7692 4094 7692 4102 7693 4135 7693 4095 7693 4102 7694 3725 7694 4096 7694 4096 7695 3725 7695 4132 7695 4099 7696 4074 7696 4100 7696 4098 7697 4074 7697 4099 7697 4132 7698 3725 7698 4097 7698 4104 7699 4075 7699 4101 7699 4076 7700 4075 7700 4104 7700 4100 7701 4076 7701 4103 7701 3725 7702 3724 7702 4097 7702 4101 7703 4072 7703 3708 7703 4069 7704 4101 7704 3708 7704 4130 7705 4098 7705 4099 7705 4097 7706 4098 7706 4130 7706 4105 7707 4100 7707 4103 7707 4069 7708 3708 7708 4068 7708 4104 7709 4101 7709 4069 7709 4103 7710 4076 7710 4104 7710 4105 7711 4099 7711 4100 7711 4105 7712 4103 7712 4372 7712 4372 7713 4103 7713 4104 7713 4372 7714 4104 7714 4110 7714 4106 7715 4129 7715 4105 7715 4109 7716 4110 7716 3924 7716 3924 7717 4111 7717 3925 7717 3928 7718 4108 7718 3927 7718 4112 7719 4108 7719 3928 7719 4108 7720 4109 7720 3927 7720 3927 7721 4109 7721 3924 7721 4113 7722 4112 7722 4057 7722 3947 7723 4052 7723 4053 7723 4052 7724 3947 7724 4051 7724 4116 7725 4115 7725 3946 7725 4114 7726 4113 7726 4057 7726 4115 7727 4114 7727 3930 7727 3945 7728 4115 7728 3930 7728 3946 7729 4115 7729 3945 7729 4113 7730 4107 7730 4112 7730 4117 7731 4053 7731 4052 7731 4116 7732 4125 7732 4115 7732 4118 7733 4051 7733 4050 7733 4118 7734 4050 7734 4127 7734 4127 7735 4050 7735 4048 7735 4119 7736 4048 7736 4047 7736 4127 7737 4048 7737 4119 7737 4364 7738 4127 7738 4119 7738 4119 7739 4047 7739 4120 7739 4120 7740 4047 7740 4046 7740 4365 7741 4127 7741 4121 7741 4124 7742 4125 7742 4116 7742 4126 7743 4128 7743 4113 7743 4107 7744 4106 7744 4112 7744 4125 7745 4126 7745 4115 7745 4115 7746 4126 7746 4114 7746 4114 7747 4126 7747 4113 7747 4117 7748 4123 7748 4053 7748 4053 7749 4123 7749 4116 7749 4052 7750 4051 7750 4118 7750 4117 7751 4052 7751 4118 7751 4116 7752 4123 7752 4124 7752 4117 7753 4122 7753 4123 7753 4365 7754 4118 7754 4127 7754 4117 7755 4118 7755 4365 7755 4112 7756 4106 7756 4108 7756 4125 7757 4131 7757 4126 7757 4124 7758 4133 7758 4125 7758 4122 7759 4366 7759 4124 7759 4128 7760 4107 7760 4113 7760 4131 7761 4128 7761 4126 7761 4125 7762 4133 7762 4131 7762 4107 7763 4129 7763 4106 7763 4107 7764 4130 7764 4129 7764 4129 7765 4099 7765 4105 7765 4131 7766 4097 7766 4130 7766 4129 7767 4130 7767 4099 7767 4131 7768 4132 7768 4097 7768 4133 7769 4096 7769 4132 7769 4366 7770 4365 7770 4135 7770 4365 7771 4121 7771 4134 7771 4135 7772 4365 7772 4134 7772 4136 7773 4139 7773 4138 7773 4044 7774 4038 7774 4140 7774 4137 7775 4044 7775 4147 7775 4088 7776 4136 7776 4138 7776 4148 7777 4136 7777 4091 7777 4091 7778 4136 7778 4088 7778 4140 7779 4038 7779 4141 7779 4141 7780 4037 7780 4036 7780 4141 7781 4036 7781 4142 7781 4036 7782 4034 7782 4143 7782 4143 7783 4034 7783 4035 7783 4141 7784 4142 7784 4145 7784 4142 7785 4036 7785 4143 7785 4140 7786 4141 7786 4144 7786 4035 7787 4031 7787 4146 7787 4149 7788 4035 7788 4146 7788 4147 7789 4140 7789 4144 7789 4079 7790 4138 7790 4147 7790 4087 7791 4147 7791 4144 7791 4079 7792 4147 7792 4087 7792 4089 7793 4148 7793 4091 7793 4088 7794 4138 7794 4079 7794 4145 7795 4142 7795 4086 7795 4143 7796 4035 7796 4149 7796 4146 7797 4031 7797 4150 7797 4150 7798 4031 7798 4032 7798 4026 7799 4025 7799 4151 7799 4152 7800 4019 7800 4021 7800 4159 7801 4021 7801 4153 7801 4152 7802 4027 7802 4019 7802 4032 7803 4026 7803 4157 7803 4157 7804 4026 7804 4151 7804 4155 7805 4027 7805 4152 7805 4156 7806 4153 7806 4028 7806 4156 7807 4028 7807 4154 7807 4150 7808 4032 7808 4157 7808 4158 7809 4149 7809 4146 7809 4085 7810 4149 7810 4158 7810 4158 7811 4146 7811 4150 7811 4151 7812 4155 7812 4163 7812 4161 7813 4160 7813 3993 7813 4154 7814 4024 7814 4166 7814 4152 7815 4159 7815 4162 7815 4163 7816 4155 7816 4152 7816 4165 7817 4157 7817 4163 7817 4163 7818 4152 7818 4162 7818 4153 7819 4156 7819 4171 7819 4171 7820 4159 7820 4153 7820 4156 7821 4154 7821 4166 7821 4166 7822 4024 7822 4167 7822 4167 7823 4024 7823 4160 7823 4167 7824 4160 7824 4161 7824 3990 7825 3993 7825 3991 7825 4167 7826 4161 7826 3989 7826 4168 7827 4156 7827 4166 7827 3988 7828 4166 7828 4167 7828 4171 7829 4156 7829 4168 7829 4162 7830 4159 7830 4171 7830 4150 7831 4157 7831 4165 7831 4169 7832 4150 7832 4165 7832 4084 7833 4158 7833 4164 7833 4083 7834 4085 7834 4084 7834 4306 7835 4080 7835 4081 7835 4084 7836 4164 7836 4169 7836 4175 7837 4171 7837 4168 7837 4172 7838 4163 7838 4162 7838 4172 7839 4169 7839 4165 7839 4174 7840 4162 7840 4170 7840 4170 7841 4171 7841 4175 7841 4165 7842 4163 7842 4172 7842 4168 7843 4166 7843 3988 7843 4172 7844 4162 7844 4174 7844 4176 7845 4175 7845 3988 7845 4176 7846 3988 7846 3987 7846 4170 7847 4175 7847 4174 7847 4174 7848 4175 7848 4176 7848 4173 7849 4172 7849 4182 7849 4178 7850 4083 7850 4173 7850 4309 7851 4177 7851 4178 7851 4199 7852 4307 7852 4180 7852 4308 7853 4180 7853 4177 7853 4193 7854 4178 7854 4179 7854 4179 7855 4182 7855 4181 7855 4179 7856 4173 7856 4182 7856 4178 7857 4173 7857 4179 7857 4172 7858 4174 7858 4184 7858 4184 7859 4174 7859 4183 7859 4189 7860 4176 7860 3987 7860 4182 7861 4172 7861 4184 7861 4183 7862 4176 7862 4185 7862 4185 7863 4176 7863 4190 7863 4181 7864 4182 7864 4184 7864 4179 7865 4181 7865 4192 7865 4192 7866 4181 7866 4186 7866 4187 7867 4181 7867 4184 7867 4189 7868 3987 7868 3985 7868 3985 7869 3987 7869 3986 7869 4190 7870 4176 7870 4189 7870 4189 7871 3985 7871 3983 7871 3983 7872 3985 7872 3984 7872 3982 7873 4190 7873 4189 7873 3982 7874 4189 7874 3983 7874 4183 7875 4185 7875 4191 7875 4187 7876 4184 7876 4188 7876 4188 7877 4183 7877 4191 7877 4194 7878 4193 7878 4192 7878 3981 7879 4190 7879 3982 7879 4185 7880 4190 7880 3981 7880 4195 7881 4185 7881 3981 7881 4211 7882 4187 7882 4188 7882 4186 7883 4187 7883 4212 7883 4206 7884 4192 7884 4186 7884 4314 7885 4199 7885 4198 7885 4203 7886 4307 7886 4199 7886 4203 7887 4200 7887 4307 7887 4202 7888 4200 7888 4203 7888 4207 7889 4205 7889 4206 7889 4241 7890 4210 7890 4242 7890 4211 7891 4210 7891 4241 7891 4212 7892 4187 7892 4211 7892 4213 7893 4212 7893 4211 7893 4208 7894 4206 7894 4212 7894 4206 7895 4186 7895 4212 7895 4205 7896 4192 7896 4206 7896 4208 7897 4212 7897 4213 7897 4210 7898 4188 7898 4191 7898 4211 7899 4188 7899 4210 7899 4214 7900 3981 7900 4215 7900 4195 7901 3981 7901 4214 7901 4210 7902 4191 7902 4195 7902 4215 7903 3980 7903 4217 7903 4216 7904 4214 7904 4215 7904 4209 7905 4214 7905 4216 7905 4242 7906 4210 7906 4209 7906 4209 7907 4195 7907 4214 7907 4218 7908 4205 7908 4207 7908 4218 7909 4194 7909 4205 7909 4219 7910 4310 7910 4194 7910 4208 7911 4207 7911 4206 7911 4238 7912 4218 7912 4207 7912 4220 7913 4222 7913 4219 7913 4224 7914 4315 7914 4223 7914 4358 7915 4317 7915 4226 7915 4357 7916 4225 7916 4227 7916 4227 7917 4362 7917 4228 7917 4228 7918 4362 7918 4232 7918 4229 7919 4358 7919 4357 7919 4229 7920 4357 7920 4228 7920 4229 7921 4228 7921 4230 7921 4231 7922 4230 7922 4232 7922 4230 7923 4228 7923 4232 7923 4233 7924 4232 7924 4235 7924 4221 7925 4218 7925 4238 7925 4207 7926 4208 7926 4239 7926 4239 7927 4208 7927 4247 7927 4247 7928 4213 7928 4240 7928 4240 7929 4211 7929 4241 7929 4243 7930 4209 7930 4216 7930 4242 7931 4209 7931 4243 7931 4216 7932 4215 7932 4217 7932 3980 7933 4400 7933 3979 7933 4248 7934 4217 7934 3980 7934 4240 7935 4241 7935 4244 7935 4248 7936 3980 7936 3979 7936 4246 7937 4240 7937 4244 7937 4244 7938 4242 7938 4245 7938 4245 7939 4242 7939 4243 7939 4249 7940 4217 7940 4248 7940 4243 7941 4217 7941 4249 7941 4248 7942 3979 7942 4373 7942 3978 7943 4248 7943 4373 7943 4249 7944 4248 7944 3978 7944 4245 7945 4243 7945 4249 7945 4244 7946 4245 7946 3976 7946 4250 7947 4239 7947 4247 7947 4253 7948 4251 7948 4250 7948 4251 7949 4207 7949 4239 7949 4251 7950 4238 7950 4207 7950 4221 7951 4238 7951 4237 7951 4237 7952 4220 7952 4221 7952 4237 7953 4238 7953 4251 7953 4220 7954 4237 7954 4234 7954 4236 7955 4220 7955 4234 7955 4234 7956 4237 7956 4252 7956 4253 7957 4237 7957 4251 7957 4252 7958 4237 7958 4253 7958 4254 7959 4253 7959 4250 7959 3974 7960 4246 7960 3976 7960 4246 7961 4244 7961 3976 7961 4247 7962 4246 7962 3974 7962 4245 7963 4249 7963 4000 7963 3977 7964 4245 7964 4000 7964 3977 7965 3976 7965 4245 7965 4234 7966 4252 7966 4256 7966 4252 7967 4253 7967 4255 7967 4254 7968 4250 7968 4001 7968 4255 7969 4253 7969 4254 7969 4233 7970 4234 7970 4256 7970 4231 7971 4233 7971 4256 7971 4232 7972 4233 7972 4231 7972 4256 7973 4252 7973 4255 7973 3973 7974 4255 7974 4254 7974 4258 7975 4229 7975 4230 7975 4231 7976 4256 7976 4257 7976 4230 7977 4259 7977 4258 7977 4259 7978 4360 7978 4258 7978 4259 7979 4260 7979 4360 7979 4263 7980 4353 7980 4262 7980 4261 7981 4265 7981 4264 7981 4262 7982 4265 7982 4261 7982 4266 7983 4265 7983 4262 7983 4353 7984 4268 7984 4267 7984 4268 7985 4270 7985 4284 7985 4283 7986 4268 7986 4284 7986 4274 7987 4276 7987 4275 7987 4278 7988 4277 7988 4273 7988 4271 7989 4280 7989 4278 7989 4282 7990 4281 7990 4272 7990 4272 7991 4281 7991 4280 7991 4273 7992 4276 7992 4274 7992 4276 7993 4317 7993 4275 7993 4282 7994 4272 7994 4267 7994 4284 7995 4339 7995 4285 7995 4292 7996 4285 7996 4289 7996 4284 7997 4285 7997 4292 7997 4290 7998 3728 7998 4281 7998 4297 7999 4288 7999 4335 7999 4297 8000 4335 8000 4294 8000 3782 8001 3779 8001 4318 8001 3732 8002 4334 8002 4318 8002 4292 8003 4289 8003 4296 8003 4296 8004 4289 8004 4293 8004 4294 8005 4334 8005 3732 8005 4356 8006 4288 8006 4297 8006 4298 8007 4290 8007 4291 8007 3728 8008 4290 8008 4298 8008 3730 8009 4291 8009 4300 8009 4291 8010 4292 8010 4300 8010 4300 8011 4292 8011 4296 8011 4299 8012 4297 8012 3740 8012 3740 8013 4297 8013 4294 8013 3741 8014 4296 8014 4356 8014 3729 8015 4298 8015 3730 8015 3741 8016 4300 8016 4296 8016 4201 8017 4304 8017 4305 8017 4201 8018 4305 8018 4200 8018 4304 8019 4077 8019 4305 8019 4304 8020 4093 8020 4077 8020 4092 8021 4089 8021 4077 8021 4077 8022 4078 8022 4306 8022 4306 8023 4078 8023 4079 8023 4177 8024 4083 8024 4178 8024 4305 8025 4077 8025 4307 8025 4180 8026 4306 8026 4083 8026 4180 8027 4083 8027 4177 8027 4307 8028 4306 8028 4180 8028 4307 8029 4077 8029 4306 8029 4198 8030 4180 8030 4308 8030 4198 8031 4308 8031 4197 8031 4197 8032 4308 8032 4309 8032 4197 8033 4309 8033 4196 8033 4194 8034 4192 8034 4205 8034 4194 8035 4310 8035 4193 8035 4196 8036 4309 8036 4310 8036 4309 8037 4178 8037 4310 8037 4308 8038 4177 8038 4309 8038 4193 8039 4179 8039 4192 8039 4198 8040 4199 8040 4180 8040 4200 8041 4305 8041 4307 8041 4083 8042 4306 8042 4081 8042 4093 8043 4092 8043 4077 8043 3726 8044 4093 8044 4304 8044 4303 8045 4304 8045 4201 8045 4302 8046 4301 8046 4303 8046 4298 8047 4291 8047 3730 8047 4303 8048 4201 8048 4316 8048 4312 8049 4202 8049 4203 8049 4312 8050 4203 8050 4313 8050 4314 8051 4198 8051 4204 8051 4280 8052 4302 8052 4279 8052 4316 8053 4201 8053 4311 8053 4317 8054 4202 8054 4312 8054 4226 8055 4312 8055 4313 8055 4316 8056 4311 8056 4276 8056 4317 8057 4312 8057 4226 8057 4313 8058 4314 8058 4225 8058 4226 8059 4313 8059 4225 8059 4223 8060 4315 8060 4361 8060 4315 8061 4197 8061 4361 8061 4225 8062 4204 8062 4224 8062 4224 8063 4204 8063 4315 8063 4222 8064 4196 8064 4219 8064 4222 8065 4197 8065 4196 8065 4361 8066 4197 8066 4222 8066 4311 8067 4317 8067 4276 8067 4277 8068 4316 8068 4273 8068 4273 8069 4316 8069 4276 8069 4278 8070 4280 8070 4279 8070 4279 8071 4303 8071 4277 8071 4279 8072 4302 8072 4303 8072 4301 8073 4302 8073 4280 8073 4282 8074 4283 8074 4290 8074 4290 8075 4283 8075 4291 8075 4291 8076 4283 8076 4284 8076 4289 8077 4286 8077 4293 8077 4285 8078 4286 8078 4289 8078 4293 8079 4286 8079 4287 8079 4281 8080 4282 8080 4290 8080 4281 8081 4301 8081 4280 8081 4277 8082 4303 8082 4316 8082 4317 8083 4311 8083 4202 8083 4225 8084 4314 8084 4204 8084 3728 8085 4301 8085 4281 8085 4203 8086 4199 8086 4314 8086 4313 8087 4203 8087 4314 8087 4204 8088 4198 8088 4315 8088 4315 8089 4198 8089 4197 8089 3740 8090 4294 8090 3732 8090 3732 8091 4318 8091 3739 8091 4321 8092 4320 8092 3738 8092 3738 8093 4320 8093 4319 8093 4323 8094 4322 8094 3760 8094 3737 8095 4321 8095 3738 8095 4319 8096 4323 8096 4327 8096 4328 8097 4323 8097 3760 8097 4319 8098 4320 8098 4323 8098 4326 8099 3755 8099 3754 8099 4326 8100 3754 8100 3743 8100 3745 8101 3753 8101 3748 8101 3742 8102 4326 8102 3743 8102 3713 8103 4325 8103 3751 8103 3751 8104 4325 8104 3756 8104 3756 8105 4326 8105 3742 8105 3756 8106 3755 8106 4326 8106 4328 8107 3760 8107 4324 8107 4327 8108 4323 8108 4328 8108 4324 8109 3758 8109 3713 8109 3713 8110 3712 8110 4328 8110 4328 8111 4324 8111 3713 8111 3713 8112 3758 8112 4325 8112 3743 8113 3754 8113 3749 8113 3760 8114 3759 8114 4324 8114 4324 8115 3759 8115 3758 8115 4325 8116 3757 8116 3756 8116 4323 8117 4332 8117 4322 8117 4320 8118 4332 8118 4323 8118 4321 8119 3772 8119 4320 8119 3737 8120 4329 8120 4321 8120 3733 8121 4295 8121 3734 8121 3736 8122 4329 8122 3737 8122 4295 8123 4330 8123 3734 8123 4330 8124 4331 8124 3734 8124 4321 8125 3774 8125 3772 8125 4322 8126 3771 8126 3760 8126 4321 8127 4329 8127 3774 8127 3736 8128 3776 8128 4329 8128 4331 8129 3776 8129 3736 8129 3776 8130 3775 8130 4329 8130 4336 8131 3783 8131 4335 8131 4287 8132 4336 8132 4288 8132 4286 8133 4338 8133 4287 8133 4287 8134 4337 8134 4336 8134 4284 8135 4270 8135 4339 8135 4285 8136 4339 8136 4338 8136 4285 8137 4338 8137 4286 8137 4338 8138 4340 8138 4287 8138 4287 8139 4340 8139 4337 8139 4337 8140 4351 8140 4336 8140 4336 8141 4351 8141 4341 8141 4341 8142 4350 8142 3783 8142 4350 8143 3813 8143 3784 8143 3813 8144 4342 8144 3800 8144 3797 8145 4347 8145 3788 8145 3796 8146 4346 8146 3789 8146 3791 8147 3789 8147 3790 8147 4346 8148 4348 8148 3789 8148 4349 8149 3816 8149 4347 8149 4347 8150 3816 8150 4346 8150 4344 8151 4349 8151 4345 8151 4345 8152 4347 8152 3797 8152 4345 8153 4349 8153 4347 8153 4342 8154 3812 8154 3785 8154 4268 8155 4269 8155 4270 8155 4339 8156 4352 8156 4340 8156 4339 8157 4340 8157 4338 8157 4339 8158 4270 8158 4352 8158 4268 8159 4353 8159 4263 8159 4269 8160 3950 8160 4270 8160 4337 8161 3940 8161 4351 8161 4351 8162 3814 8162 4341 8162 4341 8163 3814 8163 4350 8163 4340 8164 3940 8164 4337 8164 4269 8165 4263 8165 3950 8165 4352 8166 3941 8166 3940 8166 4352 8167 3940 8167 4340 8167 3950 8168 3941 8168 4352 8168 4263 8169 4262 8169 3942 8169 3952 8170 4262 8170 4261 8170 4354 8171 4260 8171 4259 8171 3952 8172 4261 8172 4354 8172 4263 8173 3942 8173 3950 8173 3942 8174 4262 8174 4355 8174 4355 8175 4262 8175 3952 8175 3951 8176 3950 8176 3942 8176 3950 8177 3943 8177 3941 8177 3953 8178 3951 8178 4354 8178 3952 8179 4354 8179 3951 8179 3951 8180 3953 8180 3949 8180 4270 8181 3950 8181 4352 8181 4268 8182 4263 8182 4269 8182 4353 8183 4266 8183 4262 8183 4344 8184 4343 8184 4349 8184 3788 8185 4346 8185 3796 8185 4347 8186 4346 8186 3788 8186 3801 8187 3809 8187 3803 8187 3790 8188 3598 8188 3792 8188 3789 8189 4348 8189 3790 8189 3798 8190 4343 8190 4344 8190 4267 8191 4283 8191 4282 8191 3783 8192 3784 8192 3782 8192 3781 8193 3783 8193 3782 8193 4293 8194 4287 8194 4288 8194 4288 8195 4336 8195 4335 8195 4335 8196 3781 8196 4334 8196 3782 8197 3780 8197 3779 8197 4334 8198 3782 8198 4318 8198 4335 8199 4334 8199 4294 8199 4356 8200 4293 8200 4288 8200 4291 8201 4284 8201 4292 8201 4295 8202 3779 8202 4330 8202 4331 8203 4330 8203 3776 8203 3771 8204 4333 8204 3760 8204 4332 8205 3771 8205 4322 8205 4325 8206 3769 8206 3757 8206 3757 8207 3761 8207 3755 8207 3758 8208 3770 8208 3769 8208 3759 8209 3770 8209 3758 8209 4320 8210 3772 8210 4332 8210 4333 8211 3770 8211 3759 8211 3760 8212 4333 8212 3759 8212 4318 8213 3779 8213 3733 8213 3779 8214 4295 8214 3733 8214 3735 8215 4331 8215 3736 8215 3734 8216 4331 8216 3735 8216 3731 8217 4299 8217 3740 8217 4296 8218 4293 8218 4356 8218 4299 8219 4356 8219 4297 8219 4266 8220 4272 8220 4271 8220 4265 8221 4271 8221 4278 8221 4265 8222 4278 8222 4273 8222 4278 8223 4279 8223 4277 8223 4272 8224 4280 8224 4271 8224 4275 8225 4317 8225 4358 8225 4358 8226 4226 8226 4357 8226 4357 8227 4227 8227 4228 8227 4265 8228 4273 8228 4264 8228 4266 8229 4271 8229 4265 8229 4359 8230 4273 8230 4274 8230 4260 8231 4274 8231 4275 8231 4360 8232 4260 8232 4275 8232 4360 8233 4358 8233 4229 8233 4275 8234 4358 8234 4360 8234 4359 8235 4274 8235 4260 8235 4261 8236 4359 8236 4260 8236 4261 8237 4264 8237 4359 8237 4261 8238 4260 8238 4354 8238 4359 8239 4264 8239 4273 8239 4258 8240 4360 8240 4229 8240 4267 8241 4272 8241 4353 8241 4353 8242 4272 8242 4266 8242 4267 8243 4268 8243 4283 8243 4357 8244 4226 8244 4225 8244 3954 8245 4259 8245 4230 8245 4354 8246 4259 8246 3954 8246 3953 8247 4354 8247 3954 8247 3973 8248 4257 8248 4255 8248 4257 8249 4256 8249 4255 8249 4001 8250 4250 8250 3974 8250 4001 8251 3974 8251 3975 8251 3974 8252 3976 8252 3975 8252 4250 8253 4247 8253 3974 8253 4233 8254 4236 8254 4234 8254 4233 8255 4235 8255 4236 8255 4251 8256 4239 8256 4250 8256 4247 8257 4240 8257 4246 8257 4243 8258 4216 8258 4217 8258 4241 8259 4242 8259 4244 8259 4213 8260 4211 8260 4240 8260 4208 8261 4213 8261 4247 8261 4221 8262 4194 8262 4218 8262 4220 8263 4219 8263 4221 8263 4236 8264 4361 8264 4222 8264 4227 8265 4225 8265 4362 8265 4362 8266 4224 8266 4223 8266 4235 8267 4223 8267 4361 8267 4232 8268 4362 8268 4235 8268 4235 8269 4361 8269 4236 8269 4362 8270 4223 8270 4235 8270 4225 8271 4224 8271 4362 8271 4236 8272 4222 8272 4220 8272 4221 8273 4219 8273 4194 8273 4219 8274 4196 8274 4310 8274 4209 8275 4210 8275 4195 8275 4311 8276 4201 8276 4202 8276 4202 8277 4201 8277 4200 8277 4195 8278 4191 8278 4185 8278 4188 8279 4184 8279 4183 8279 4186 8280 4181 8280 4187 8280 4310 8281 4178 8281 4193 8281 4183 8282 4174 8282 4176 8282 4175 8283 4168 8283 3988 8283 4173 8284 4083 8284 4169 8284 4173 8285 4169 8285 4172 8285 4084 8286 4169 8286 4083 8286 4170 8287 4162 8287 4171 8287 4081 8288 4082 8288 4083 8288 4164 8289 4150 8289 4169 8289 4161 8290 3993 8290 3990 8290 4157 8291 4151 8291 4163 8291 4158 8292 4150 8292 4164 8292 4151 8293 4027 8293 4155 8293 4152 8294 4021 8294 4159 8294 4086 8295 4142 8295 4143 8295 4086 8296 4143 8296 4149 8296 4080 8297 4144 8297 4145 8297 4087 8298 4144 8298 4080 8298 4144 8299 4141 8299 4145 8299 4138 8300 4137 8300 4147 8300 4147 8301 4044 8301 4140 8301 4139 8302 4045 8302 4138 8302 4138 8303 4045 8303 4137 8303 4368 8304 4046 8304 4363 8304 4120 8305 4046 8305 4368 8305 4122 8306 4117 8306 4365 8306 4133 8307 4132 8307 4131 8307 4128 8308 4130 8308 4107 8308 4365 8309 4366 8309 4122 8309 4366 8310 4133 8310 4124 8310 4131 8311 4130 8311 4128 8311 4121 8312 4364 8312 4367 8312 4090 8313 4369 8313 4368 8313 4148 8314 4139 8314 4136 8314 4369 8315 4119 8315 4120 8315 4367 8316 4119 8316 4369 8316 4367 8317 4364 8317 4119 8317 4369 8318 4120 8318 4368 8318 4368 8319 4363 8319 4148 8319 4148 8320 4363 8320 4139 8320 4367 8321 4369 8321 4090 8321 4089 8322 4368 8322 4148 8322 4134 8323 4121 8323 4367 8323 4123 8324 4122 8324 4124 8324 4121 8325 4127 8325 4364 8325 4090 8326 4368 8326 4089 8326 4095 8327 4135 8327 4134 8327 4135 8328 4102 8328 4366 8328 4102 8329 4096 8329 4366 8329 4366 8330 4096 8330 4133 8330 4063 8331 4062 8331 4059 8331 3925 8332 4111 8332 4058 8332 4063 8333 4371 8333 4062 8333 4371 8334 4068 8334 4062 8334 4062 8335 4068 8335 4064 8335 4372 8336 4110 8336 4109 8336 3924 8337 4110 8337 4111 8337 4108 8338 4372 8338 4109 8338 4110 8339 4070 8339 4111 8339 4108 8340 4105 8340 4372 8340 4106 8341 4105 8341 4108 8341 4070 8342 4371 8342 4370 8342 4371 8343 4069 8343 4068 8343 4068 8344 3708 8344 4064 8344 4111 8345 4070 8345 4370 8345 4111 8346 4370 8346 4058 8346 4370 8347 4371 8347 4063 8347 4110 8348 4104 8348 4070 8348 4094 8349 4367 8349 4093 8349 3726 8350 4095 8350 4094 8350 3726 8351 4094 8351 4093 8351 4090 8352 4089 8352 4092 8352 4078 8353 4088 8353 4079 8353 4091 8354 4088 8354 4077 8354 4082 8355 4086 8355 4085 8355 4086 8356 4149 8356 4085 8356 3724 8357 4074 8357 4098 8357 4074 8358 4073 8358 4076 8358 4076 8359 4073 8359 4075 8359 4072 8360 3711 8360 4071 8360 3711 8361 3710 8361 4071 8361 3673 8362 3667 8362 3672 8362 4066 8363 3706 8363 4067 8363 4065 8364 3707 8364 4066 8364 3702 8365 4067 8365 3701 8365 3698 8366 3704 8366 3690 8366 4066 8367 4067 8367 4060 8367 4057 8368 4112 8368 3928 8368 4041 8369 3963 8369 4040 8369 3963 8370 3957 8370 4039 8370 4031 8371 4030 8371 4029 8371 4024 8372 4022 8372 4012 8372 4025 8373 4020 8373 4027 8373 4021 8374 4017 8374 4016 8374 4012 8375 4013 8375 4023 8375 4016 8376 4022 8376 4028 8376 4021 8377 4018 8377 4017 8377 3967 8378 4009 8378 4019 8378 4009 8379 4005 8379 4018 8379 4016 8380 4017 8380 4010 8380 4014 8381 4007 8381 4011 8381 4005 8382 4006 8382 4010 8382 4006 8383 3999 8383 4007 8383 3975 8384 3977 8384 3999 8384 4374 8385 3613 8385 3612 8385 4374 8386 3612 8386 3867 8386 4373 8387 4374 8387 3867 8387 3978 8388 4373 8388 4376 8388 4376 8389 4373 8389 3867 8389 4377 8390 3978 8390 4376 8390 4376 8391 3867 8391 4375 8391 3866 8392 4378 8392 4375 8392 4000 8393 3978 8393 4377 8393 4376 8394 4375 8394 4378 8394 3998 8395 4377 8395 4376 8395 3999 8396 4377 8396 3998 8396 4378 8397 3998 8397 4376 8397 4379 8398 3998 8398 4378 8398 4379 8399 3864 8399 4380 8399 3998 8400 4379 8400 3997 8400 4380 8401 4382 8401 4379 8401 3864 8402 3863 8402 4380 8402 3853 8403 3850 8403 3863 8403 3854 8404 3853 8404 3862 8404 4381 8405 3854 8405 3862 8405 3625 8406 4381 8406 3862 8406 3850 8407 3849 8407 3863 8407 4379 8408 4382 8408 3995 8408 3846 8409 4380 8409 3851 8409 4382 8410 4380 8410 3846 8410 3995 8411 4382 8411 4383 8411 3996 8412 4379 8412 3995 8412 3848 8413 4383 8413 4382 8413 3995 8414 4383 8414 3994 8414 3994 8415 4383 8415 4384 8415 3845 8416 3846 8416 3851 8416 3848 8417 4382 8417 3846 8417 3848 8418 4384 8418 4383 8418 3994 8419 4384 8419 3888 8419 3888 8420 4384 8420 4385 8420 4384 8421 3848 8421 3847 8421 3845 8422 4386 8422 3847 8422 4384 8423 3847 8423 3889 8423 3889 8424 3847 8424 4386 8424 3843 8425 3844 8425 3892 8425 3892 8426 3890 8426 3849 8426 3890 8427 4386 8427 3845 8427 4386 8428 3890 8428 3897 8428 4387 8429 3994 8429 3888 8429 3992 8430 4387 8430 3991 8430 4387 8431 3888 8431 4388 8431 3886 8432 4388 8432 3888 8432 3991 8433 4387 8433 4388 8433 4389 8434 4392 8434 3886 8434 3886 8435 4392 8435 4388 8435 3991 8436 4388 8436 4392 8436 4391 8437 3990 8437 4390 8437 3987 8438 3988 8438 3989 8438 4391 8439 4390 8439 4394 8439 4393 8440 4392 8440 4389 8440 4394 8441 4390 8441 4392 8441 4393 8442 4394 8442 4392 8442 4395 8443 3986 8443 4393 8443 3882 8444 3874 8444 3883 8444 3875 8445 3882 8445 3880 8445 3883 8446 3874 8446 3884 8446 3884 8447 3874 8447 3873 8447 3873 8448 4395 8448 4393 8448 3986 8449 4395 8449 4396 8449 3985 8450 3986 8450 4396 8450 3871 8451 4397 8451 4395 8451 4396 8452 4395 8452 4397 8452 4396 8453 4397 8453 3870 8453 3984 8454 4396 8454 3870 8454 3983 8455 3984 8455 4398 8455 4399 8456 3984 8456 3870 8456 4399 8457 3870 8457 3869 8457 4398 8458 3984 8458 4399 8458 4400 8459 4398 8459 4399 8459 3982 8460 3983 8460 4398 8460 3868 8461 4399 8461 4401 8461 4400 8462 4399 8462 3868 8462 3982 8463 4398 8463 4400 8463 3980 8464 4215 8464 3982 8464 3980 8465 3982 8465 4400 8465 4401 8466 4399 8466 3869 8466 4401 8467 3869 8467 3614 8467 3986 8468 4391 8468 4394 8468 3874 8469 3872 8469 3873 8469 3884 8470 3873 8470 3885 8470 3885 8471 3873 8471 4393 8471 4393 8472 3986 8472 4394 8472 4390 8473 3991 8473 4392 8473 3886 8474 3888 8474 4385 8474 3863 8475 3851 8475 4380 8475 3853 8476 3852 8476 3850 8476 3861 8477 4381 8477 3625 8477 3860 8478 4381 8478 3861 8478 3859 8479 3860 8479 3603 8479 4378 8480 3864 8480 4379 8480 3865 8481 3864 8481 3866 8481 3864 8482 4378 8482 3866 8482 3999 8483 4000 8483 4377 8483 3979 8484 3868 8484 4374 8484 4373 8485 3979 8485 4374 8485 3958 8486 3972 8486 3959 8486 3969 8487 3968 8487 3961 8487 4030 8488 3968 8488 3965 8488 3965 8489 4004 8489 3966 8489 3960 8490 3962 8490 4034 8490 3970 8491 3969 8491 3960 8491 3957 8492 3971 8492 3958 8492 3971 8493 3972 8493 3958 8493 3959 8494 3970 8494 3960 8494 4039 8495 3958 8495 3964 8495 3943 8496 3951 8496 3947 8496 4355 8497 3951 8497 3942 8497 3941 8498 3944 8498 3938 8498 3939 8499 3812 8499 4342 8499 3812 8500 3819 8500 3815 8500 3939 8501 3821 8501 3812 8501 3821 8502 3819 8502 3812 8502 3814 8503 3938 8503 3939 8503 3817 8504 3914 8504 3818 8504 4402 8505 3902 8505 4406 8505 4403 8506 3919 8506 4402 8506 3919 8507 3910 8507 4402 8507 4404 8508 3914 8508 3817 8508 3914 8509 3915 8509 3818 8509 3911 8510 3914 8510 4404 8510 4404 8511 3912 8511 3911 8511 3934 8512 3912 8512 4404 8512 3935 8513 3934 8513 3820 8513 3936 8514 3935 8514 3819 8514 3819 8515 3935 8515 3820 8515 3820 8516 3934 8516 4404 8516 3935 8517 3913 8517 3934 8517 3818 8518 3915 8518 4407 8518 4407 8519 3916 8519 4403 8519 3822 8520 3902 8520 3900 8520 4406 8521 3902 8521 3822 8521 3823 8522 3832 8522 4405 8522 3810 8523 3901 8523 3823 8523 3899 8524 3901 8524 3810 8524 3810 8525 3823 8525 3809 8525 3831 8526 3830 8526 3824 8526 3824 8527 3830 8527 3829 8527 4405 8528 3832 8528 3831 8528 3811 8529 4402 8529 4406 8529 3811 8530 4403 8530 4402 8530 4407 8531 4403 8531 3811 8531 4408 8532 3691 8532 3917 8532 4408 8533 3698 8533 3691 8533 3920 8534 3700 8534 4408 8534 4408 8535 3699 8535 3698 8535 3691 8536 3697 8536 3918 8536 3916 8537 3918 8537 3919 8537 3910 8538 3695 8538 3902 8538 3902 8539 3695 8539 3909 8539 4402 8540 3910 8540 3902 8540 3916 8541 3919 8541 4403 8541 3915 8542 4408 8542 3917 8542 3915 8543 3916 8543 4407 8543 3908 8544 3687 8544 3694 8544 3908 8545 3688 8545 3687 8545 3687 8546 3677 8546 3694 8546 3693 8547 3681 8547 3679 8547 3693 8548 3679 8548 3907 8548 3907 8549 3679 8549 3686 8549 3905 8550 3682 8550 3906 8550 3904 8551 3686 8551 3682 8551 3904 8552 3682 8552 3905 8552 3903 8553 3907 8553 3831 8553 3831 8554 3907 8554 3833 8554 3832 8555 3903 8555 3831 8555 3877 8556 3876 8556 3895 8556 3891 8557 3881 8557 3893 8557 3897 8558 3882 8558 3883 8558 3896 8559 3884 8559 3885 8559 3896 8560 3883 8560 3884 8560 3889 8561 3885 8561 3887 8561 3889 8562 3896 8562 3885 8562 4386 8563 3896 8563 3889 8563 3897 8564 3883 8564 3896 8564 3897 8565 3896 8565 4386 8565 3894 8566 3881 8566 3891 8566 3875 8567 3872 8567 3874 8567 3651 8568 3647 8568 3650 8568 3650 8569 3647 8569 3646 8569 3650 8570 3646 8570 3875 8570 3871 8571 3643 8571 3616 8571 3871 8572 3616 8572 4397 8572 3869 8573 3615 8573 3614 8573 3614 8574 3615 8574 3608 8574 3869 8575 4397 8575 3616 8575 3870 8576 4397 8576 3869 8576 3872 8577 4395 8577 3873 8577 3612 8578 3609 8578 3611 8578 3866 8579 3611 8579 3610 8579 3866 8580 4375 8580 3611 8580 3606 8581 3865 8581 3610 8581 3865 8582 3866 8582 3610 8582 3863 8583 3865 8583 3605 8583 3862 8584 3863 8584 4409 8584 4409 8585 3605 8585 3604 8585 3623 8586 4409 8586 3604 8586 3625 8587 3862 8587 3623 8587 3623 8588 3862 8588 4409 8588 3603 8589 3860 8589 3861 8589 4411 8590 4410 8590 3629 8590 4412 8591 4410 8591 4411 8591 3601 8592 3602 8592 3753 8592 3602 8593 4413 8593 4412 8593 4412 8594 3857 8594 4410 8594 3601 8595 4413 8595 3602 8595 3858 8596 3857 8596 4412 8596 4413 8597 3858 8597 4412 8597 4413 8598 4414 8598 3858 8598 3601 8599 3767 8599 4413 8599 3767 8600 3599 8600 4414 8600 3856 8601 3855 8601 3859 8601 3597 8602 3856 8602 3858 8602 3858 8603 3856 8603 3857 8603 3767 8604 4414 8604 4413 8604 4410 8605 3857 8605 3859 8605 3628 8606 3859 8606 3603 8606 4409 8607 3863 8607 3605 8607 3862 8608 3853 8608 3863 8608 3806 8609 3853 8609 3854 8609 3850 8610 3852 8610 3849 8610 3849 8611 3845 8611 3851 8611 3852 8612 3844 8612 3843 8612 3891 8613 3852 8613 3842 8613 3824 8614 3829 8614 3804 8614 3809 8615 4405 8615 3803 8615 3810 8616 3809 8616 3801 8616 3822 8617 3900 8617 3899 8617 3822 8618 3899 8618 3810 8618 3818 8619 4407 8619 3811 8619 3815 8620 4404 8620 3817 8620 4346 8621 3811 8621 4348 8621 3826 8622 3807 8622 3808 8622 3805 8623 3807 8623 3854 8623 3805 8624 3595 8624 3808 8624 3596 8625 3824 8625 3595 8625 3803 8626 3824 8626 3596 8626 3801 8627 3803 8627 3598 8627 3796 8628 3789 8628 3794 8628 3763 8629 3766 8629 3752 8629 3762 8630 3763 8630 3752 8630 3754 8631 3765 8631 3762 8631 3758 8632 3769 8632 4325 8632 3748 8633 3753 8633 3602 8633 3602 8634 4412 8634 3746 8634 3748 8635 3602 8635 3746 8635 3738 8636 4319 8636 3714 8636 4303 8637 3727 8637 4304 8637 3728 8638 3726 8638 3727 8638 3725 8639 3723 8639 3724 8639 3723 8640 3721 8640 3724 8640 3723 8641 3722 8641 3721 8641 3729 8642 3722 8642 3723 8642 3724 8643 3721 8643 3720 8643 3668 8644 3664 8644 3680 8644 3710 8645 3712 8645 3667 8645 3667 8646 3712 8646 3713 8646 3715 8647 3712 8647 3710 8647 3710 8648 3667 8648 3673 8648 3671 8649 3667 8649 3670 8649 3709 8650 3710 8650 3705 8650 3706 8651 4071 8651 3709 8651 3707 8652 4071 8652 3706 8652 3705 8653 3673 8653 3704 8653 3703 8654 3670 8654 3676 8654 3689 8655 3703 8655 3676 8655 3699 8656 3704 8656 3698 8656 3689 8657 3676 8657 3692 8657 3697 8658 3671 8658 3689 8658 3688 8659 3675 8659 3687 8659 3677 8660 3678 8660 3681 8660 3677 8661 3681 8661 3693 8661 3682 8662 3655 8662 3906 8662 3683 8663 3650 8663 3684 8663 3674 8664 3668 8664 3669 8664 3670 8665 3668 8665 3674 8665 3670 8666 3664 8666 3668 8666 3670 8667 3667 8667 3664 8667 3648 8668 4415 8668 3636 8668 3648 8669 3666 8669 4415 8669 3666 8670 3661 8670 4415 8670 3751 8671 3742 8671 3664 8671 3663 8672 3662 8672 3661 8672 3651 8673 3648 8673 3647 8673 3648 8674 3659 8674 3666 8674 3659 8675 3648 8675 3653 8675 3648 8676 3651 8676 3653 8676 3642 8677 3615 8677 3643 8677 3640 8678 3641 8678 3642 8678 3642 8679 3617 8679 3615 8679 3642 8680 3618 8680 3617 8680 3641 8681 3619 8681 3618 8681 4418 8682 3621 8682 3622 8682 4416 8683 3626 8683 3627 8683 3631 8684 4416 8684 4417 8684 3638 8685 4417 8685 3627 8685 3638 8686 3627 8686 4418 8686 3627 8687 3621 8687 4418 8687 4416 8688 3627 8688 4417 8688 4419 8689 3622 8689 3619 8689 3639 8690 4419 8690 3641 8690 4418 8691 4419 8691 3639 8691 4419 8692 3619 8692 3641 8692 3641 8693 3618 8693 3642 8693 4419 8694 4418 8694 3622 8694 3638 8695 4418 8695 3639 8695 4417 8696 3638 8696 3637 8696 3631 8697 4417 8697 3637 8697 4416 8698 3632 8698 3626 8698 3633 8699 3630 8699 3632 8699 3861 8700 3624 8700 3626 8700 3618 8701 3607 8701 3617 8701 3608 8702 3609 8702 3614 8702 3610 8703 3609 8703 3608 8703 4422 8704 4420 8704 4421 8704 4420 8705 4427 8705 4421 8705 4423 8706 4420 8706 4422 8706 4423 8707 4424 8707 4420 8707 4420 61 4424 61 4425 61 4420 8708 4425 8708 4426 8708 4420 8709 4426 8709 4427 8709 4455 31 4428 31 4421 31 4455 8710 4425 8710 4428 8710 4428 8711 4425 8711 4424 8711 4421 8712 4428 8712 4422 8712 4428 8713 4424 8713 4429 8713 4423 8714 4429 8714 4424 8714 4422 8715 4428 8715 4430 8715 4428 8716 4429 8716 4430 8716 4430 8717 4429 8717 4431 8717 4422 8718 4430 8718 4432 8718 4430 8719 4431 8719 4432 8719 4432 31 4433 31 4422 31 4434 61 4431 61 4423 61 4437 8720 4434 8720 4433 8720 4434 3629 4423 3629 4433 3629 4435 8721 4431 8721 4434 8721 4434 8722 4436 8722 4435 8722 4438 8723 4434 8723 4437 8723 4438 8724 4436 8724 4434 8724 4439 8725 4435 8725 4436 8725 4432 8726 4439 8726 4433 8726 4432 8727 4435 8727 4439 8727 4432 8728 4431 8728 4435 8728 4433 8729 4439 8729 4440 8729 4439 8730 4436 8730 4440 8730 4433 8731 4440 8731 4437 8731 4440 8732 4436 8732 4441 8732 4441 61 4436 61 4438 61 4440 8733 4441 8733 4442 8733 4442 8734 4441 8734 4443 8734 4438 8735 4443 8735 4441 8735 4442 8736 4443 8736 4444 8736 4437 31 4442 31 4444 31 4438 8737 4445 8737 4443 8737 4444 8738 4443 8738 4445 8738 4448 8739 4444 8739 4445 8739 4448 8740 4449 8740 4444 8740 4449 8741 4446 8741 4444 8741 4450 8742 4449 8742 4451 8742 4446 8743 4449 8743 4450 8743 4448 8744 4451 8744 4449 8744 4427 61 4448 61 4447 61 4452 61 4448 61 4427 61 4452 8745 4451 8745 4448 8745 4453 8746 4451 8746 4452 8746 4453 8747 4454 8747 4451 8747 4450 8748 4451 8748 4454 8748 4454 8749 4453 8749 4426 8749 4450 8750 4454 8750 4421 8750 4421 31 4454 31 4455 31 4454 8751 4426 8751 4455 8751 4455 8752 4426 8752 4425 8752 4427 8753 4426 8753 4453 8753 4427 8754 4453 8754 4452 8754 4427 3622 4447 3622 4450 3622 4450 3622 4447 3622 4446 3622 4421 8755 4427 8755 4450 8755 4447 8756 4448 8756 4445 8756 4447 8757 4438 8757 4446 8757 4447 8758 4445 8758 4438 8758 4446 8759 4438 8759 4437 8759 4437 8760 4444 8760 4446 8760 4437 31 4440 31 4442 31 4433 3629 4423 3629 4422 3629 4431 8761 4429 8761 4423 8761 4490 8762 4491 8762 4458 8762 4490 8763 4458 8763 4457 8763 4458 8764 4491 8764 4459 8764 4458 8765 4459 8765 4460 8765 4457 8766 4458 8766 4460 8766 4457 8767 4460 8767 4461 8767 4462 8768 4459 8768 4456 8768 4460 8769 4459 8769 4463 8769 4462 8770 4463 8770 4459 8770 4460 8771 4463 8771 4464 8771 4464 8772 4466 8772 4461 8772 4464 8773 4463 8773 4465 8773 4464 8774 4465 8774 4466 8774 4467 61 4465 61 4462 61 4467 3629 4462 3629 4472 3629 4467 8775 4469 8775 4468 8775 4470 8776 4469 8776 4467 8776 4470 8777 4467 8777 4471 8777 4468 61 4465 61 4467 61 4471 8777 4467 8777 4472 8777 4472 3629 4462 3629 4461 3629 4466 31 4472 31 4461 31 4473 8778 4474 8778 4472 8778 4466 31 4473 31 4472 31 4472 8779 4474 8779 4471 8779 4474 8780 4469 8780 4475 8780 4471 8781 4474 8781 4475 8781 4475 8782 4469 8782 4476 8782 4470 8783 4476 8783 4469 8783 4475 8784 4476 8784 4477 8784 4475 8785 4477 8785 4471 8785 4477 8786 4476 8786 4478 8786 4471 8787 4477 8787 4479 8787 4477 8788 4478 8788 4481 8788 4482 3622 4480 3622 4479 3622 4480 8789 4470 8789 4479 8789 4484 3622 4480 3622 4482 3622 4484 61 4483 61 4480 61 4483 61 4481 61 4480 61 4480 8790 4478 8790 4470 8790 4480 8791 4481 8791 4478 8791 4483 8792 4485 8792 4481 8792 4481 8793 4485 8793 4477 8793 4477 8794 4485 8794 4479 8794 4485 8795 4486 8795 4479 8795 4483 8796 4486 8796 4485 8796 4479 8797 4486 8797 4482 8797 4487 8798 4486 8798 4483 8798 4484 8799 4487 8799 4483 8799 4482 8800 4486 8800 4488 8800 4487 8801 4488 8801 4486 8801 4489 8802 4488 8802 4487 8802 4489 8803 4490 8803 4488 8803 4488 8804 4490 8804 4482 8804 4482 8805 4490 8805 4457 8805 4456 61 4489 61 4484 61 4490 8806 4489 8806 4491 8806 4456 8807 4491 8807 4489 8807 4489 61 4487 61 4484 61 4457 8808 4484 8808 4482 8808 4456 8809 4484 8809 4457 8809 4479 8789 4470 8789 4471 8789 4478 61 4476 61 4470 61 4466 8810 4465 8810 4473 8810 4474 8811 4468 8811 4469 8811 4473 8812 4465 8812 4468 8812 4473 8813 4468 8813 4474 8813 4465 61 4463 61 4462 61 4460 8814 4464 8814 4461 8814 4462 8815 4456 8815 4461 8815 4461 8816 4456 8816 4457 8816 4459 8817 4491 8817 4456 8817 4495 8818 4492 8818 4494 8818 4492 8819 4498 8819 4494 8819 4492 61 4493 61 4498 61 4496 8820 4492 8820 4495 8820 4496 8821 4497 8821 4492 8821 4499 61 4493 61 4492 61 4492 8822 4497 8822 4499 8822 4494 8823 4526 8823 4500 8823 4526 8824 4493 8824 4500 8824 4500 8825 4493 8825 4499 8825 4500 8826 4499 8826 4501 8826 4494 8827 4500 8827 4501 8827 4501 8828 4499 8828 4497 8828 4494 8829 4501 8829 4495 8829 4501 8830 4497 8830 4502 8830 4501 8831 4502 8831 4495 8831 4502 8832 4497 8832 4503 8832 4502 8833 4503 8833 4509 8833 4509 8834 4504 8834 4495 8834 4505 3629 4496 3629 4504 3629 4506 8835 4505 8835 4504 8835 4504 8836 4508 8836 4506 8836 4504 8837 4509 8837 4507 8837 4504 8838 4507 8838 4508 8838 4504 3629 4496 3629 4495 3629 4509 8839 4503 8839 4510 8839 4505 8840 4510 8840 4503 8840 4505 61 4503 61 4496 61 4509 8841 4510 8841 4507 8841 4507 8842 4510 8842 4511 8842 4511 61 4510 61 4505 61 4507 8843 4511 8843 4508 8843 4512 8844 4511 8844 4505 8844 4508 8845 4511 8845 4513 8845 4512 8846 4513 8846 4511 8846 4508 8847 4513 8847 4514 8847 4514 8848 4506 8848 4508 8848 4514 8849 4513 8849 4515 8849 4514 8850 4515 8850 4516 8850 4517 8851 4515 8851 4512 8851 4506 8852 4514 8852 4518 8852 4518 8853 4514 8853 4516 8853 4519 8854 4520 8854 4518 8854 4521 3622 4517 3622 4518 3622 4518 8855 4520 8855 4521 8855 4518 8856 4516 8856 4519 8856 4518 8789 4512 8789 4506 8789 4517 8857 4512 8857 4518 8857 4522 8858 4520 8858 4519 8858 4498 61 4522 61 4517 61 4520 8859 4523 8859 4521 8859 4522 8860 4523 8860 4520 8860 4498 8861 4524 8861 4522 8861 4524 8862 4523 8862 4522 8862 4521 8863 4523 8863 4525 8863 4524 8864 4525 8864 4523 8864 4498 61 4493 61 4524 61 4525 8865 4524 8865 4493 8865 4525 8866 4493 8866 4526 8866 4521 8867 4525 8867 4526 8867 4521 8868 4526 8868 4494 8868 4522 8869 4519 8869 4527 8869 4517 61 4522 61 4527 61 4527 8870 4519 8870 4516 8870 4527 8871 4516 8871 4515 8871 4517 8872 4527 8872 4515 8872 4498 3622 4517 3622 4521 3622 4494 8808 4498 8808 4521 8808 4512 61 4515 61 4513 61 4512 8873 4505 8873 4506 8873 4495 8874 4502 8874 4509 8874 4496 8875 4503 8875 4497 8875 4546 8876 4530 8876 4531 8876 4532 8877 4534 8877 4533 8877 4531 8878 4530 8878 4534 8878 4530 8879 4542 8879 4534 8879 4536 8880 4528 8880 4711 8880 4535 8881 4536 8881 4538 8881 4537 8882 4711 8882 4528 8882 4541 8883 4539 8883 4543 8883 4543 8884 4540 8884 4541 8884 4541 8885 4540 8885 4542 8885 4539 8886 4535 8886 4538 8886 4529 8887 4535 8887 4539 8887 4541 8888 4529 8888 4539 8888 4531 8889 4534 8889 4532 8889 4534 8890 4542 8890 4540 8890 4534 8891 4540 8891 4533 8891 4532 8892 4533 8892 4544 8892 4545 8893 4869 8893 4548 8893 4885 8894 4532 8894 4549 8894 4544 8895 4551 8895 4550 8895 4550 8896 4551 8896 4583 8896 4552 8897 4553 8897 4583 8897 4583 8898 4551 8898 4552 8898 4549 8899 4532 8899 4544 8899 4544 8900 4555 8900 4551 8900 4557 8901 4576 8901 4563 8901 5109 8902 4563 8902 4576 8902 4560 8903 4667 8903 5050 8903 4667 8904 4571 8904 5050 8904 4667 8905 4710 8905 4571 8905 4663 8906 4571 8906 4710 8906 4564 8907 4571 8907 4663 8907 4572 8908 4566 8908 4567 8908 4567 8909 4568 8909 4572 8909 4572 8910 4569 8910 4566 8910 4655 8911 4569 8911 4570 8911 4655 8912 4566 8912 4569 8912 4565 31 4655 31 4570 31 4565 31 4570 31 4650 31 5098 8913 4569 8913 4572 8913 4572 8914 4659 8914 5098 8914 4570 8915 4569 8915 5097 8915 5098 8916 5097 8916 4569 8916 4650 8917 4648 8917 4564 8917 4648 8918 4571 8918 4564 8918 4579 8919 4556 8919 5108 8919 4581 8920 4550 8920 4583 8920 4945 8921 4580 8921 4581 8921 4583 8922 4582 8922 4936 8922 4583 8923 4553 8923 4582 8923 4935 8924 5100 8924 4584 8924 4586 8925 4587 8925 4585 8925 4586 8926 4590 8926 4589 8926 4593 8927 4590 8927 4586 8927 4593 8928 4591 8928 4590 8928 4601 8929 4591 8929 4593 8929 4594 8930 4593 8930 4586 8930 4585 8931 5038 8931 4594 8931 5038 8932 4585 8932 4595 8932 4595 8933 4585 8933 4596 8933 4596 8934 4585 8934 4584 8934 4596 8935 4584 8935 5100 8935 4596 8936 5100 8936 5042 8936 4597 8937 4600 8937 4594 8937 4600 8938 4601 8938 4594 8938 4602 8939 4603 8939 4599 8939 4606 8940 5012 8940 4605 8940 4614 8941 4615 8941 4606 8941 4604 8942 4616 8942 4603 8942 4603 8943 4602 8943 4604 8943 4602 8944 4605 8944 4604 8944 4602 8945 4606 8945 4605 8945 4607 8946 4610 8946 4958 8946 4610 8947 4607 8947 4609 8947 4609 8948 4608 8948 4610 8948 4610 8949 4611 8949 4958 8949 4606 8950 4611 8950 4614 8950 4609 8951 5013 8951 4612 8951 4614 8952 4613 8952 5011 8952 4608 8953 4613 8953 4614 8953 4601 8954 4617 8954 4591 8954 4616 8955 4619 8955 4592 8955 4604 8956 4620 8956 4618 8956 4604 8957 4618 8957 4619 8957 4619 8958 4618 8958 4592 8958 4621 8959 4623 8959 4624 8959 4621 8960 4624 8960 4620 8960 4618 8961 4620 8961 4624 8961 4626 8962 4592 8962 4625 8962 4625 8963 4592 8963 4618 8963 4592 8964 4627 8964 4591 8964 4627 8965 4590 8965 4591 8965 4628 8966 4625 8966 4630 8966 4628 8967 4626 8967 4625 8967 4929 8968 4626 8968 4628 8968 4629 8969 4628 8969 4630 8969 4630 8970 4618 8970 4624 8970 4629 8971 4630 8971 4631 8971 4631 8972 4630 8972 4624 8972 4623 8973 4631 8973 4624 8973 4632 8974 5015 8974 4633 8974 4634 8975 4629 8975 4633 8975 4634 8976 4928 8976 4629 8976 4636 8977 4928 8977 4634 8977 5060 8978 4636 8978 4634 8978 5059 8979 4636 8979 5060 8979 4653 8980 4637 8980 4638 8980 4638 8981 4636 8981 4635 8981 4653 8982 4638 8982 4640 8982 4640 8983 5091 8983 4642 8983 4640 8984 4642 8984 4641 8984 5091 8985 4643 8985 4642 8985 4643 8986 4645 8986 4644 8986 4646 8987 4644 8987 4645 8987 5094 8988 4647 8988 4648 8988 4648 8989 4646 8989 5094 8989 4648 8990 4650 8990 4646 8990 4641 8991 4642 8991 4652 8991 4652 8992 4642 8992 5098 8992 4652 8993 5098 8993 4654 8993 4652 8994 4654 8994 4653 8994 4652 8995 4653 8995 4641 8995 4641 8996 4653 8996 4640 8996 4654 8997 4637 8997 4653 8997 4565 8998 4663 8998 4657 8998 4657 31 4655 31 4565 31 4655 8999 4656 8999 4566 8999 4567 9000 4656 9000 4658 9000 4658 9001 4661 9001 4567 9001 4567 9002 4661 9002 4568 9002 4678 9003 4656 9003 4655 9003 4666 9004 4670 9004 4674 9004 4674 9005 4664 9005 4666 9005 4669 9006 4670 9006 4665 9006 4552 9007 4669 9007 4665 9007 4552 9008 4665 9008 4553 9008 4558 9009 4557 9009 4666 9009 4557 9010 4563 9010 4666 9010 4560 31 4561 31 4676 31 4676 9011 4667 9011 4560 9011 4675 61 4562 61 4559 61 4558 9012 4666 9012 4664 9012 4664 9013 4675 9013 4558 9013 4553 9014 4668 9014 4554 9014 4553 9015 4665 9015 4668 9015 4665 9016 4563 9016 4668 9016 4666 9017 4563 9017 4670 9017 4665 9018 4670 9018 4563 9018 4558 9019 4675 9019 4559 9019 4668 9020 4563 9020 5109 9020 4556 9021 4668 9021 5109 9021 4554 9022 4668 9022 4556 9022 4551 9023 4669 9023 4552 9023 4669 9024 4671 9024 4670 9024 4555 9025 4672 9025 4669 9025 4555 9026 4669 9026 4551 9026 4672 9027 4671 9027 4669 9027 4538 9028 4536 9028 4562 9028 4536 9029 4711 9029 4562 9029 4673 9030 4664 9030 4674 9030 4674 9031 4670 9031 4671 9031 4674 9032 4671 9032 4673 9032 4683 31 4678 31 4657 31 4676 9033 4677 9033 4667 9033 4677 9034 4710 9034 4667 9034 4663 9035 4710 9035 4712 9035 4657 9036 4663 9036 4712 9036 4657 9037 4712 9037 4683 9037 4680 9038 4684 9038 4713 9038 4713 9039 4681 9039 4680 9039 4682 31 4683 31 4709 31 4709 9040 4681 9040 4682 9040 4709 9041 4708 9041 4681 9041 4680 9042 4681 9042 4708 9042 4687 9043 4690 9043 4685 9043 4685 9044 4690 9044 4686 9044 4714 9045 4697 9045 4687 9045 4689 9046 4691 9046 4688 9046 4688 9047 4691 9047 4684 9047 4690 9048 4692 9048 4689 9048 4689 9049 4692 9049 4691 9049 4787 9050 4693 9050 4697 9050 4788 9051 4787 9051 4694 9051 4694 9052 4696 9052 4695 9052 4693 9053 4692 9053 4690 9053 4687 9054 4693 9054 4690 9054 4695 9055 4696 9055 4697 9055 4695 9056 4697 9056 4714 9056 4535 9057 4722 9057 4723 9057 4723 9058 4536 9058 4535 9058 4722 9059 4535 9059 4529 9059 4717 9060 4727 9060 4716 9060 4727 9061 4722 9061 4716 9061 4717 61 4530 61 4547 61 4716 9062 4722 9062 4529 9062 4546 9063 4547 9063 4530 9063 4700 9064 4701 9064 4702 9064 4724 9065 4702 9065 4701 9065 4704 9066 4705 9066 4708 9066 4703 9067 4702 9067 4724 9067 4704 9068 4703 9068 4724 9068 4704 9069 4724 9069 4706 9069 4706 9070 4705 9070 4704 9070 4707 9071 4687 9071 4685 9071 4680 9072 4688 9072 4684 9072 4680 9073 4686 9073 4688 9073 4709 31 4703 31 4704 31 4704 9074 4708 9074 4709 9074 4703 9075 4712 9075 4702 9075 4712 9076 4700 9076 4702 9076 4699 9077 4700 9077 4677 9077 4537 9078 4699 9078 4677 9078 4533 9079 4540 9079 4672 9079 4544 9080 4533 9080 4672 9080 4673 9081 4540 9081 4543 9081 4543 9082 4539 9082 4673 9082 4537 9083 4677 9083 4676 9083 4676 31 4711 31 4537 31 4673 9084 4671 9084 4540 9084 4539 9085 4538 9085 4664 9085 4682 9086 4681 9086 4679 9086 4713 9087 4679 9087 4681 9087 4713 9088 4684 9088 4924 9088 4683 9089 4682 9089 4678 9089 4682 9090 4679 9090 4678 9090 4676 9091 4561 9091 4711 9091 4562 9092 4711 9092 4561 9092 4664 9093 4538 9093 4675 9093 4538 9094 4562 9094 4675 9094 4658 9095 4679 9095 4713 9095 4713 9096 4924 9096 4658 9096 4658 9097 4924 9097 4662 9097 4658 9098 4656 9098 4679 9098 4678 9099 4679 9099 4656 9099 4673 9100 4539 9100 4664 9100 4544 9101 4672 9101 4555 9101 4672 9102 4540 9102 4671 9102 4709 31 4683 31 4703 31 4683 9103 4712 9103 4703 9103 4677 9104 4700 9104 4710 9104 4712 9105 4710 9105 4700 9105 4680 9106 4708 9106 4707 9106 4707 9107 4686 9107 4680 9107 4707 9108 4708 9108 4705 9108 4707 9109 4685 9109 4686 9109 4706 9110 4698 9110 4705 9110 4698 9111 4707 9111 4705 9111 4698 9112 4715 9112 4707 9112 4687 9113 4707 9113 4715 9113 4687 9114 4715 9114 4714 9114 4714 9115 4715 9115 4695 9115 4695 9116 4715 9116 4726 9116 4698 31 4726 31 4715 31 4699 9117 4537 9117 4733 9117 4706 9118 4724 9118 4725 9118 4698 9119 4706 9119 4725 9119 4541 9120 4717 9120 4716 9120 4530 9121 4717 9121 4542 9121 4541 9122 4542 9122 4717 9122 4716 61 4529 61 4541 61 4537 9123 4528 9123 4733 9123 4728 9124 4727 9124 4717 9124 4717 61 4547 61 4728 61 4719 9125 4548 9125 4718 9125 4699 9126 4733 9126 4731 9126 4793 9127 4726 9127 4698 9127 4698 9128 4725 9128 4793 9128 4732 9129 4701 9129 4700 9129 4700 9130 4699 9130 4732 9130 4728 9131 4547 9131 4719 9131 4547 9132 4545 9132 4719 9132 4719 9133 4545 9133 4548 9133 4728 9134 4719 9134 4720 9134 4720 9135 4727 9135 4728 9135 4721 9136 4722 9136 4727 9136 4720 9137 4721 9137 4727 9137 4695 9138 4726 9138 4694 9138 4694 9139 4726 9139 4729 9139 4740 9140 4741 9140 4721 9140 4741 9141 4882 9141 4721 9141 4736 9142 4718 9142 4737 9142 4736 9143 4738 9143 4739 9143 4740 9144 4736 9144 4739 9144 4745 9145 4755 9145 4792 9145 4742 9146 4792 9146 4755 9146 4743 9147 4791 9147 4742 9147 4791 9148 4792 9148 4742 9148 4743 9149 4751 9149 4746 9149 4748 9150 4746 9150 4751 9150 4743 9151 4746 9151 4790 9151 4790 9152 4791 9152 4743 9152 4789 9153 4746 9153 4748 9153 4744 9154 4750 9154 4749 9154 4744 9155 4749 9155 4748 9155 4748 9156 4751 9156 4744 9156 4742 9157 4755 9157 4754 9157 4753 9158 4742 9158 4754 9158 4756 9159 4757 9159 4755 9159 4754 31 4755 31 4757 31 4970 9160 4842 9160 4734 9160 4758 9161 4734 9161 4842 9161 4763 9162 4873 9162 4774 9162 4764 9163 4757 9163 4756 9163 4765 9164 4764 9164 4756 9164 4767 9165 4766 9165 4768 9165 4753 9166 4768 9166 4766 9166 4770 9167 4768 9167 4753 9167 4753 9168 4754 9168 4770 9168 4769 9169 4768 9169 4781 9169 4781 9170 4768 9170 4780 9170 4768 31 5104 31 4780 31 4754 31 4757 31 5106 31 4770 9171 4754 9171 5106 9171 4765 9172 4759 9172 4771 9172 4771 9173 4758 9173 4772 9173 4778 9174 4774 9174 4875 9174 4776 9175 4761 9175 4762 9175 4762 9176 4778 9176 4776 9176 4763 9177 4774 9177 4778 9177 4777 9178 4844 9178 4760 9178 4775 9179 4776 9179 4778 9179 4776 9180 4777 9180 4761 9180 4778 9181 4875 9181 4845 9181 4777 9182 4760 9182 4761 9182 5104 9183 5105 9183 4846 9183 4780 9184 5104 9184 4846 9184 4782 9185 4781 9185 4848 9185 4783 9186 4782 9186 4784 9186 4830 9187 4785 9187 4783 9187 4769 9188 4781 9188 4785 9188 4767 9189 4769 9189 4785 9189 4752 9190 5103 9190 4750 9190 4750 9191 5103 9191 4749 9191 4696 9192 4787 9192 4697 9192 4694 9193 4787 9193 4696 9193 4789 9194 4748 9194 4747 9194 4789 9195 4747 9195 4788 9195 4732 9196 4731 9196 4759 9196 4731 9197 4733 9197 4759 9197 4788 9198 4746 9198 4789 9198 4790 9199 4746 9199 4793 9199 4793 9200 4791 9200 4790 9200 4793 9201 4746 9201 4729 9201 4883 9202 4792 9202 4791 9202 4793 9203 4883 9203 4791 9203 4694 9204 4729 9204 4788 9204 4788 9205 4729 9205 4746 9205 4745 9206 4792 9206 4730 9206 4732 9207 4745 9207 4730 9207 4749 9208 4786 9208 4748 9208 4748 9209 4786 9209 4747 9209 4747 9210 4787 9210 4788 9210 4786 9211 4803 9211 4787 9211 4787 9212 4796 9212 4794 9212 4693 9213 4787 9213 4794 9213 4692 9214 4693 9214 4794 9214 4794 9215 4795 9215 4804 9215 4796 9216 4802 9216 4795 9216 4796 9217 4795 9217 4794 9217 4797 9218 4799 9218 4798 9218 4800 9219 4819 9219 4813 9219 4798 9220 4800 9220 4815 9220 4801 9221 4798 9221 4815 9221 4803 9222 4801 9222 4802 9222 4797 9223 4801 9223 4803 9223 4796 9224 4803 9224 4802 9224 4905 9225 4807 9225 4806 9225 4805 9226 4809 9226 4807 9226 4808 9227 4814 9227 4810 9227 4890 9228 4808 9228 4810 9228 4812 9229 4813 9229 4818 9229 4817 9230 4815 9230 4813 9230 4801 9231 4815 9231 4814 9231 4816 9232 4814 9232 4808 9232 4817 9233 4814 9233 4815 9233 4810 9234 4814 9234 4817 9234 4812 9235 4817 9235 4813 9235 4811 9236 4817 9236 4812 9236 4795 9237 4805 9237 4804 9237 4801 9238 4814 9238 4802 9238 4802 9239 4816 9239 4795 9239 4802 9240 4814 9240 4816 9240 4800 9241 4813 9241 4815 9241 4818 9242 4813 9242 4819 9242 4812 9243 4818 9243 4822 9243 4818 9244 4819 9244 4820 9244 4822 9245 4818 9245 4820 9245 4822 9246 4820 9246 4821 9246 4823 9247 4825 9247 4827 9247 4824 9248 4827 9248 5013 9248 4827 9249 4825 9249 5013 9249 4823 9250 4826 9250 4825 9250 4821 9251 5010 9251 4826 9251 5009 9252 4821 9252 4819 9252 4799 9253 4828 9253 4819 9253 5007 9254 4828 9254 4799 9254 4797 9255 5007 9255 4799 9255 4832 9256 4831 9256 5001 9256 4832 9257 5006 9257 4831 9257 4831 9258 4783 9258 4784 9258 4784 9259 4833 9259 4831 9259 5001 9260 4831 9260 4997 9260 5006 9261 4830 9261 4783 9261 4839 9262 4838 9262 4975 9262 4837 9263 4839 9263 4975 9263 4841 9264 4771 9264 4840 9264 4967 9265 4777 9265 4776 9265 4775 61 4967 61 4776 61 4773 9266 4760 9266 4843 9266 4843 9267 4970 9267 4773 9267 5105 9268 5107 9268 4839 9268 4846 9269 5105 9269 4839 9269 4780 9270 4846 9270 4847 9270 4781 9271 4780 9271 4847 9271 4781 9272 4847 9272 4848 9272 4782 9273 4848 9273 4834 9273 4782 9274 4834 9274 4784 9274 4779 9275 4838 9275 5107 9275 4839 9276 5107 9276 4838 9276 4848 9277 4847 9277 4834 9277 4843 9278 4760 9278 4844 9278 4972 9279 4851 9279 4852 9279 4607 9280 4855 9280 4854 9280 4855 9281 4857 9281 4856 9281 4852 9282 4855 9282 4607 9282 4858 9283 4857 9283 4851 9283 4851 9284 4855 9284 4852 9284 4851 9285 4857 9285 4855 9285 4860 9286 4861 9286 4858 9286 4860 9287 4862 9287 4861 9287 4864 9288 4822 9288 4862 9288 4862 9289 4822 9289 4821 9289 4864 9290 4812 9290 4822 9290 4865 9291 4864 9291 4860 9291 4871 9292 4865 9292 4860 9292 4865 9293 4812 9293 4864 9293 4865 9294 4811 9294 4812 9294 4865 9295 4866 9295 4811 9295 4870 9296 4866 9296 4865 9296 4867 9297 4866 9297 4870 9297 4885 9298 4886 9298 4868 9298 4868 9299 4867 9299 4869 9299 4871 9300 4872 9300 4881 9300 4884 9301 4871 9301 4881 9301 4872 9302 4859 9302 4873 9302 4873 9303 4859 9303 4874 9303 4875 9304 4874 9304 4858 9304 4875 9305 4858 9305 4850 9305 4873 9306 4874 9306 4774 9306 4876 9307 4873 9307 4763 9307 4876 9308 4881 9308 4873 9308 4956 9309 4879 9309 4760 9309 4956 9310 4970 9310 4878 9310 4970 9311 4734 9311 4878 9311 4732 9312 4759 9312 4765 9312 4765 9313 4756 9313 4732 9313 4756 9314 4755 9314 4745 9314 4739 9315 4880 9315 4876 9315 4876 9316 4880 9316 4881 9316 4719 9317 4718 9317 4736 9317 4720 9318 4719 9318 4736 9318 4878 9319 4734 9319 4536 9319 4735 9320 4878 9320 4536 9320 4723 9321 4882 9321 4735 9321 4735 9322 4536 9322 4723 9322 4536 9323 4734 9323 4528 9323 4733 9324 4528 9324 4734 9324 4732 9325 4730 9325 4701 9325 4730 9326 4792 9326 4701 9326 4701 9327 4792 9327 4724 9327 4883 9328 4724 9328 4792 9328 4725 9329 4724 9329 4883 9329 4793 9330 4725 9330 4883 9330 4793 9331 4729 9331 4726 9331 4732 9332 4699 9332 4731 9332 4723 9333 4722 9333 4882 9333 4721 9334 4882 9334 4722 9334 4740 9335 4721 9335 4720 9335 4720 9336 4736 9336 4740 9336 4718 9337 4870 9337 4737 9337 4737 9338 4870 9338 4884 9338 4884 9339 4870 9339 4871 9339 4867 9340 4870 9340 4718 9340 4545 9341 4868 9341 4869 9341 4546 9342 4868 9342 4545 9342 4885 9343 4546 9343 4531 9343 4548 9344 4869 9344 4867 9344 4548 9345 4867 9345 4718 9345 4546 9346 4885 9346 4868 9346 4886 9347 4885 9347 4549 9347 4945 9348 4886 9348 4580 9348 4945 9349 4887 9349 4886 9349 4887 9350 4946 9350 4888 9350 4868 9351 4888 9351 4867 9351 4868 9352 4887 9352 4888 9352 4886 9353 4887 9353 4868 9353 4867 9354 4888 9354 4866 9354 4888 9355 4889 9355 4866 9355 4889 9356 4888 9356 4946 9356 4889 9357 4817 9357 4811 9357 4866 9358 4889 9358 4811 9358 4889 9359 4890 9359 4810 9359 4891 9360 4807 9360 4809 9360 4893 9361 4892 9361 4894 9361 4892 9362 4807 9362 4891 9362 4891 9363 4894 9363 4892 9363 4896 9364 4895 9364 4897 9364 4896 9365 4897 9365 4898 9365 4896 9366 4898 9366 4899 9366 4901 9367 4895 9367 4896 9367 4901 9368 4896 9368 4899 9368 4912 9369 4954 9369 4901 9369 4904 9370 4954 9370 4912 9370 4903 9371 4912 9371 4902 9371 4804 9372 4805 9372 4905 9372 4691 9373 4903 9373 4906 9373 4906 9374 4902 9374 4911 9374 4908 9375 4907 9375 4909 9375 4907 9376 4910 9376 4909 9376 4909 9377 4910 9377 4913 9377 4902 9378 4900 9378 4911 9378 4907 9379 4906 9379 4911 9379 4902 9380 4912 9380 4900 9380 4911 9381 4910 9381 4907 9381 4900 9382 4899 9382 4911 9382 4916 9383 4915 9383 4917 9383 4918 9384 4916 9384 4952 9384 4918 9385 4952 9385 4953 9385 4925 9386 4918 9386 4953 9386 4920 9387 4916 9387 4918 9387 4908 9388 4909 9388 4916 9388 4921 9389 4908 9389 4916 9389 4921 9390 4919 9390 4908 9390 4919 9391 4906 9391 4907 9391 4659 9392 4637 9392 4654 9392 4659 9393 4920 9393 4637 9393 4573 9394 4921 9394 4920 9394 4922 9395 4921 9395 4573 9395 4923 9396 4922 9396 4661 9396 4662 9397 4923 9397 4661 9397 4660 9398 4920 9398 4659 9398 4661 9399 4922 9399 4568 9399 4568 9400 4922 9400 4573 9400 4573 9401 4920 9401 4660 9401 4923 9402 4919 9402 4922 9402 4922 9403 4919 9403 4921 9403 4684 9404 4691 9404 4924 9404 4691 9405 4923 9405 4924 9405 4924 9406 4923 9406 4662 9406 4920 9407 4918 9407 4637 9407 4637 9408 4918 9408 4925 9408 4638 9409 4637 9409 4925 9409 4925 9410 4953 9410 4926 9410 4928 9411 4925 9411 4927 9411 4925 9412 4926 9412 4927 9412 4638 9413 4925 9413 4636 9413 4925 9414 4928 9414 4636 9414 4928 9415 4927 9415 4929 9415 4929 9416 4627 9416 4626 9416 4927 9417 4627 9417 4929 9417 4930 9418 4589 9418 4627 9418 4627 9419 4589 9419 4590 9419 4589 9420 4930 9420 4588 9420 4588 9421 4931 9421 4932 9421 4933 9422 4934 9422 4932 9422 4932 9423 4935 9423 4584 9423 4932 9424 4934 9424 4935 9424 4932 9425 4584 9425 4587 9425 4587 9426 4588 9426 4932 9426 4584 9427 4585 9427 4587 9427 4937 9428 4582 9428 5100 9428 4935 9429 4937 9429 5100 9429 4936 9430 4582 9430 4937 9430 4934 9431 4937 9431 4935 9431 4938 9432 4933 9432 4932 9432 4938 9433 4932 9433 4931 9433 4588 9434 4930 9434 4931 9434 4914 9435 4938 9435 4917 9435 4939 9436 4941 9436 4940 9436 4898 9437 4897 9437 4947 9437 4895 9438 4948 9438 4897 9438 4895 9439 4942 9439 4948 9439 4943 9440 4942 9440 4895 9440 4894 9441 4945 9441 4944 9441 4887 9442 4894 9442 4891 9442 4894 9443 4944 9443 4943 9443 4887 9444 4891 9444 4946 9444 4946 9445 4890 9445 4889 9445 4891 9446 4809 9446 4890 9446 4946 9447 4891 9447 4890 9447 4894 9448 4887 9448 4945 9448 4942 9449 4945 9449 4581 9449 4942 9450 4581 9450 4948 9450 4947 9451 4936 9451 4937 9451 4949 9452 4937 9452 4934 9452 4933 9453 4950 9453 4934 9453 4914 9454 4950 9454 4938 9454 4914 9455 4951 9455 4950 9455 4951 9456 4940 9456 4950 9456 4940 9457 4947 9457 4950 9457 4897 9458 4948 9458 4947 9458 4898 9459 4947 9459 4941 9459 4941 9460 4947 9460 4940 9460 4947 9461 4949 9461 4950 9461 4947 9462 4937 9462 4949 9462 4950 9463 4949 9463 4934 9463 4939 9464 4940 9464 4951 9464 4938 9465 4950 9465 4933 9465 4947 9466 4948 9466 4936 9466 4581 9467 4583 9467 4936 9467 4948 9468 4581 9468 4936 9468 4942 9469 4944 9469 4945 9469 4580 9470 4550 9470 4581 9470 4943 9471 4944 9471 4942 9471 4913 9472 4898 9472 4941 9472 4913 9473 4941 9473 4939 9473 4952 9474 4916 9474 4917 9474 4915 9475 4914 9475 4917 9475 4926 9476 4931 9476 4930 9476 4952 9477 4931 9477 4953 9477 4953 9478 4931 9478 4926 9478 4952 9479 4917 9479 4931 9479 4917 9480 4938 9480 4931 9480 4899 9481 4898 9481 4913 9481 4926 9482 4627 9482 4927 9482 4926 9483 4930 9483 4627 9483 4928 9484 4929 9484 4628 9484 4928 9485 4628 9485 4629 9485 4691 9486 4906 9486 4923 9486 4923 9487 4906 9487 4919 9487 4919 9488 4907 9488 4908 9488 4909 9489 4951 9489 4915 9489 4909 9490 4939 9490 4951 9490 4913 9491 4939 9491 4909 9491 4915 9492 4951 9492 4914 9492 4916 9493 4909 9493 4915 9493 4921 9494 4916 9494 4920 9494 4913 9495 4910 9495 4899 9495 4911 9496 4899 9496 4910 9496 4903 9497 4902 9497 4906 9497 4692 9498 4903 9498 4691 9498 4692 9499 4794 9499 4903 9499 4794 9500 4804 9500 4905 9500 4794 9501 4904 9501 4903 9501 4794 9502 4905 9502 4904 9502 4805 9503 4807 9503 4905 9503 4904 9504 4905 9504 4806 9504 4903 9505 4904 9505 4912 9505 4806 9506 4954 9506 4904 9506 4893 9507 4943 9507 4954 9507 4806 9508 4892 9508 4893 9508 4805 9509 4808 9509 4809 9509 4807 9510 4892 9510 4806 9510 4893 9511 4894 9511 4943 9511 4954 9512 4943 9512 4895 9512 4954 9513 4895 9513 4901 9513 4806 9514 4893 9514 4954 9514 4912 9515 4901 9515 4900 9515 4900 9516 4901 9516 4899 9516 4889 9517 4810 9517 4817 9517 4580 9518 4549 9518 4544 9518 4580 9519 4544 9519 4550 9519 4886 9520 4549 9520 4580 9520 4738 9521 4737 9521 4884 9521 4880 9522 4884 9522 4881 9522 4881 9523 4872 9523 4873 9523 4738 9524 4884 9524 4880 9524 4871 9525 4859 9525 4872 9525 4740 9526 4739 9526 4955 9526 4955 9527 4741 9527 4740 9527 4739 9528 4738 9528 4880 9528 4759 9529 4733 9529 4758 9529 4733 9530 4734 9530 4758 9530 4956 9531 4878 9531 4735 9531 4735 9532 4879 9532 4956 9532 4735 9533 4882 9533 4879 9533 4741 9534 4879 9534 4882 9534 4955 9535 4877 9535 4741 9535 4877 61 4879 61 4741 61 4955 9536 4739 9536 4876 9536 4732 9537 4756 9537 4745 9537 4744 9538 4751 9538 4750 9538 4743 9539 4766 9539 4751 9539 4753 9540 4766 9540 4743 9540 4743 9541 4742 9541 4753 9541 4750 9542 4751 9542 4766 9542 4750 9543 4766 9543 4752 9543 4877 9544 4760 9544 4879 9544 4762 9545 4877 9545 4955 9545 4955 9546 4876 9546 4762 9546 4762 9547 4876 9547 4763 9547 4762 9548 4761 9548 4877 9548 4761 9549 4760 9549 4877 9549 4773 9550 4970 9550 4956 9550 4956 9551 4760 9551 4773 9551 4774 9552 4874 9552 4875 9552 4858 9553 4851 9553 4850 9553 4845 9554 4875 9554 4850 9554 4874 9555 4859 9555 4858 9555 4871 9556 4860 9556 4859 9556 4870 9557 4865 9557 4871 9557 4860 9558 4864 9558 4862 9558 4862 9559 4821 9559 4863 9559 4957 9560 4863 9560 4823 9560 4957 9561 4823 9561 4856 9561 4854 9562 4856 9562 4824 9562 4855 9563 4856 9563 4854 9563 4856 9564 4827 9564 4824 9564 4854 9565 5013 9565 4609 9565 4824 9566 5013 9566 4854 9566 4607 9567 4854 9567 4609 9567 4856 9568 4823 9568 4827 9568 4857 9569 4957 9569 4856 9569 4861 9570 4863 9570 4957 9570 4861 9571 4862 9571 4863 9571 4857 9572 4861 9572 4957 9572 4859 9573 4860 9573 4858 9573 4858 9574 4861 9574 4857 9574 4852 9575 4607 9575 4853 9575 4961 9576 4853 9576 4958 9576 4961 9577 4958 9577 4599 9577 4607 9578 4958 9578 4853 9578 4961 9579 5041 9579 4962 9579 4853 9580 4961 9580 4962 9580 4987 9581 4962 9581 5031 9581 4963 9582 4962 9582 4987 9582 4964 9583 4960 9583 4853 9583 4959 9584 4960 9584 4965 9584 4965 9585 4960 9585 4964 9585 4966 9586 4849 9586 4972 9586 4843 9587 4844 9587 4968 9587 4968 9588 4970 9588 4843 9588 4779 9589 4841 9589 5102 9589 5102 9590 4838 9590 4779 9590 4834 9591 4847 9591 4835 9591 4847 9592 4846 9592 4837 9592 4846 9593 4839 9593 4837 9593 4847 9594 4837 9594 4836 9594 4835 9595 4847 9595 4836 9595 4966 9596 4972 9596 4981 9596 4981 9597 4973 9597 4966 9597 4981 9598 4972 9598 4959 9598 4973 9599 4974 9599 4971 9599 4971 9600 4986 9600 4844 9600 4974 9601 4986 9601 4971 9601 4968 9602 4844 9602 4986 9602 4842 9603 4970 9603 5079 9603 4969 31 4842 31 5079 31 4985 9604 4970 9604 4968 9604 4834 9605 4835 9605 4833 9605 4833 9606 4835 9606 4977 9606 4833 9607 4977 9607 4995 9607 4979 9608 4976 9608 5029 9608 4976 9609 4975 9609 5029 9609 4975 31 5101 31 5028 31 5029 9610 4975 9610 5028 9610 4982 9611 4980 9611 4981 9611 4981 9612 4965 9612 4982 9612 4981 9613 4980 9613 4973 9613 4980 9614 4974 9614 4973 9614 4981 9615 4959 9615 4965 9615 4989 9616 4983 9616 4980 9616 4982 9617 4989 9617 4980 9617 4980 9618 4983 9618 4974 9618 4983 9619 4986 9619 4974 9619 4985 9620 4984 9620 4970 9620 5079 9621 4970 9621 4984 9621 4982 9622 4964 9622 4963 9622 4988 9623 4963 9623 4987 9623 4989 9624 4990 9624 4983 9624 4990 9625 4991 9625 4983 9625 4985 9626 4991 9626 5078 9626 4983 9627 4991 9627 4986 9627 4985 9628 4986 9628 4991 9628 4994 9629 5025 9629 5024 9629 5024 9630 5101 9630 4994 9630 5024 9631 5023 9631 5101 9631 5028 9632 5101 9632 5023 9632 4993 9633 4979 9633 4992 9633 4979 9634 5029 9634 4992 9634 4978 9635 4979 9635 4993 9635 4995 9636 4978 9636 4996 9636 4997 9637 4831 9637 4995 9637 4623 9638 4622 9638 4632 9638 4621 9639 4622 9639 4623 9639 5000 9640 4997 9640 5014 9640 5000 9641 5001 9641 4997 9641 5002 9642 5001 9642 5000 9642 5003 9643 5001 9643 5002 9643 5003 9644 5004 9644 4832 9644 5003 9645 4832 9645 5001 9645 4832 9646 5005 9646 5006 9646 4831 9647 5006 9647 4783 9647 5005 9648 5008 9648 5006 9648 5004 9649 5005 9649 4832 9649 5007 9650 4829 9650 4828 9650 4829 9651 5008 9651 4828 9651 4828 9652 5008 9652 5009 9652 5009 9653 4819 9653 4828 9653 4821 9654 5009 9654 5010 9654 4825 9655 4826 9655 5004 9655 4826 9656 5010 9656 5004 9656 4825 9657 5004 9657 5003 9657 4825 9658 5003 9658 5013 9658 4612 9659 5013 9659 5002 9659 4612 9660 5002 9660 4613 9660 5012 9661 4622 9661 4621 9661 4621 9662 4620 9662 4604 9662 4605 9663 4621 9663 4604 9663 4605 9664 5012 9664 4621 9664 4616 9665 4604 9665 4619 9665 4616 9666 4592 9666 4617 9666 4614 9667 5011 9667 4615 9667 4615 9668 5011 9668 5012 9668 4608 9669 4612 9669 4613 9669 5011 9670 4998 9670 5012 9670 5011 9671 5014 9671 4998 9671 4613 9672 5000 9672 5014 9672 4613 9673 5014 9673 5011 9673 4613 9674 5002 9674 5000 9674 5010 9675 5008 9675 5004 9675 5013 9676 5003 9676 5002 9676 4998 9677 4622 9677 5012 9677 5010 9678 5009 9678 5008 9678 5004 9679 5008 9679 5005 9679 5008 9680 4829 9680 5006 9680 4829 9681 4830 9681 5006 9681 4998 9682 4632 9682 4622 9682 5015 9683 4995 9683 4996 9683 4997 9684 4995 9684 4999 9684 4997 9685 4999 9685 4998 9685 5014 9686 4997 9686 4998 9686 4995 9687 5015 9687 4999 9687 4998 9688 4999 9688 4632 9688 5016 9689 5017 9689 5015 9689 5016 9690 5019 9690 5017 9690 4978 9691 4993 9691 4996 9691 5019 9692 5018 9692 5017 9692 5021 9693 5022 9693 5089 9693 5022 9694 5023 9694 5089 9694 5021 9695 5089 9695 5088 9695 5016 9696 4992 9696 5019 9696 5029 9697 5022 9697 5021 9697 4992 9698 5029 9698 5021 9698 5029 9699 5028 9699 5022 9699 5028 31 5023 31 5022 31 5019 9700 4992 9700 5020 9700 4992 9701 5021 9701 5020 9701 5019 9702 5020 9702 5018 9702 4993 9703 4992 9703 5016 9703 5075 9704 4990 9704 4989 9704 4988 9705 5075 9705 4989 9705 5030 9706 4987 9706 5031 9706 4988 9707 4987 9707 5030 9707 5030 9708 5031 9708 5032 9708 5031 9709 5041 9709 5032 9709 5036 9710 5039 9710 5037 9710 5035 9711 5038 9711 5036 9711 4597 9712 5038 9712 5035 9712 5039 9713 4595 9713 4596 9713 5038 9714 5039 9714 5036 9714 5038 9715 4595 9715 5039 9715 5033 9716 4598 9716 5040 9716 5034 9717 5040 9717 4597 9717 5034 9718 4597 9718 5035 9718 5033 9719 5040 9719 5071 9719 5071 9720 5040 9720 5034 9720 5032 9721 4598 9721 5033 9721 5041 9722 4598 9722 5032 9722 4600 9723 4598 9723 4599 9723 4961 9724 4599 9724 5041 9724 4598 9725 5041 9725 4599 9725 4599 9726 4606 9726 4602 9726 4958 9727 4606 9727 4599 9727 4598 9728 4597 9728 5040 9728 5031 9729 4962 9729 5041 9729 4596 9730 5042 9730 5044 9730 4578 9731 5044 9731 5042 9731 4579 9732 5108 9732 5043 9732 5042 9733 5043 9733 4578 9733 5045 9734 5037 9734 5044 9734 5045 9735 5051 9735 5049 9735 5045 9736 5046 9736 5051 9736 5049 9737 5037 9737 5045 9737 5046 9738 5047 9738 5051 9738 4562 9739 5056 9739 5055 9739 4648 9740 4647 9740 4571 9740 4647 9741 5050 9741 4571 9741 4647 9742 4649 9742 5050 9742 4649 9743 4574 9743 5050 9743 5055 61 5092 61 5048 61 5092 9744 5099 9744 5048 9744 5099 9745 5052 9745 5047 9745 5092 9746 5093 9746 5099 9746 5093 9747 5052 9747 5099 9747 5049 9748 5051 9748 5053 9748 5053 9749 5036 9749 5049 9749 5068 9750 5056 9750 4574 9750 4649 9751 5068 9751 4574 9751 5058 9752 5067 9752 5095 9752 5067 9753 4645 9753 5095 9753 5057 9754 4645 9754 5066 9754 5067 9755 5066 9755 4645 9755 5059 9756 5058 9756 4639 9756 5062 9757 5090 9757 5018 9757 5063 9758 5067 9758 5058 9758 5060 9759 5063 9759 5058 9759 5060 9760 5058 9760 5059 9760 5055 9761 5056 9761 5079 9761 5068 9762 5079 9762 5056 9762 5053 9763 5070 9763 5085 9763 5085 9764 5034 9764 5053 9764 5085 9765 5071 9765 5034 9765 5072 9766 5070 9766 5073 9766 5070 9767 5074 9767 5073 9767 5072 9768 5073 9768 5076 9768 5076 9769 5033 9769 5072 9769 5073 9770 5074 9770 5075 9770 5074 9771 5083 9771 5077 9771 5075 9772 5074 9772 5077 9772 5076 9773 5032 9773 5033 9773 5077 9774 5083 9774 4991 9774 5076 9775 5075 9775 5030 9775 5030 9776 5032 9776 5076 9776 5078 9777 4991 9777 5083 9777 4984 9778 5082 9778 5084 9778 5082 9779 5083 9779 5084 9779 5085 9780 5070 9780 5072 9780 5070 9781 5069 9781 5074 9781 5083 9782 5074 9782 5069 9782 4984 9783 5084 9783 5055 9783 5055 9784 5079 9784 4984 9784 5064 9785 5086 9785 5066 9785 5086 31 5057 31 5066 31 5086 9786 5081 9786 5057 9786 5065 9787 5057 9787 5081 9787 5088 9788 5086 9788 5064 9788 5087 9789 5088 9789 5064 9789 5061 9790 5087 9790 5063 9790 5087 9791 5064 9791 5063 9791 5061 9792 5063 9792 5060 9792 5018 9793 5087 9793 5062 9793 5020 9794 5088 9794 5087 9794 5018 9795 5020 9795 5087 9795 5020 9796 5021 9796 5088 9796 5025 9797 5027 9797 5080 9797 5027 9798 5026 9798 5080 9798 5080 9799 5026 9799 5068 9799 5026 9800 5079 9800 5068 9800 5024 9801 5025 9801 5065 9801 5065 9802 5081 9802 5024 9802 5089 9803 5023 9803 5081 9803 5024 9804 5081 9804 5023 9804 5088 9805 5089 9805 5086 9805 5062 9806 5087 9806 5061 9806 5089 31 5081 31 5086 31 5061 9807 5090 9807 5062 9807 5017 9808 5018 9808 5090 9808 4633 9809 4629 9809 4631 9809 4631 9810 4632 9810 4633 9810 5017 9811 5090 9811 4633 9811 5060 9812 4634 9812 5061 9812 4635 9813 4636 9813 5059 9813 4639 9814 4635 9814 5059 9814 5091 9815 5095 9815 4643 9815 5094 9816 4646 9816 5057 9816 4646 9817 4645 9817 5057 9817 5058 9818 5095 9818 5091 9818 4639 9819 5091 9819 4640 9819 4639 9820 5058 9820 5091 9820 5084 9821 5093 9821 5092 9821 5055 9822 5084 9822 5092 9822 5051 9823 5054 9823 5096 9823 5053 9824 5051 9824 5096 9824 5051 9825 5052 9825 5054 9825 5093 9826 5054 9826 5052 9826 5053 9827 5035 9827 5036 9827 5049 9828 5036 9828 5037 9828 5095 9829 4645 9829 4643 9829 5061 9830 4634 9830 5090 9830 4634 9831 4633 9831 5090 9831 5015 9832 5017 9832 4633 9832 5065 9833 5025 9833 4647 9833 5025 9834 5080 9834 4647 9834 4647 9835 5080 9835 4649 9835 5080 9836 5068 9836 4649 9836 5072 9837 5071 9837 5085 9837 5078 9838 5083 9838 5082 9838 4984 9839 5078 9839 5082 9839 5077 9840 4991 9840 4990 9840 5075 9841 5077 9841 4990 9841 5076 9842 5073 9842 5075 9842 5072 9843 5033 9843 5071 9843 5053 9844 5034 9844 5035 9844 5093 9845 5069 9845 5054 9845 5083 9846 5069 9846 5093 9846 5084 9847 5083 9847 5093 9847 5096 9848 5054 9848 5069 9848 5096 9849 5069 9849 5070 9849 5053 9850 5096 9850 5070 9850 5065 9851 4647 9851 5094 9851 5094 9852 5057 9852 5065 9852 5063 9853 5064 9853 5067 9853 5064 9854 5066 9854 5067 9854 5039 9855 4596 9855 5037 9855 5037 9856 4596 9856 5044 9856 5051 9857 5047 9857 5052 9857 4650 9858 4651 9858 4644 9858 4643 9859 4644 9859 4651 9859 4643 9860 4651 9860 5097 9860 4562 9861 4561 9861 5056 9861 4574 9862 5056 9862 4561 9862 4572 9863 4573 9863 4660 9863 4572 9864 4568 9864 4573 9864 4572 9865 4660 9865 4659 9865 4650 31 4570 31 4651 31 4570 9866 5097 9866 4651 9866 5099 9867 5047 9867 4575 9867 5046 9868 4575 9868 5047 9868 4576 9869 4575 9869 5046 9869 5045 9870 4576 9870 5046 9870 5045 9871 5044 9871 4578 9871 4578 9872 4577 9872 5045 9872 4577 9873 4576 9873 5045 9873 5098 9874 4659 9874 4654 9874 4642 9875 5097 9875 5098 9875 4642 9876 4643 9876 5097 9876 5055 61 5048 61 4562 61 4582 9877 4554 9877 4579 9877 4582 9878 4553 9878 4554 9878 5100 9879 4579 9879 5043 9879 5100 9880 5043 9880 5042 9880 4582 9881 4579 9881 5100 9881 4554 9882 4556 9882 4579 9882 5030 9883 5075 9883 4988 9883 4996 9884 4993 9884 5016 9884 4996 9885 5016 9885 5015 9885 4999 9886 5015 9886 4632 9886 4831 9887 4833 9887 4995 9887 4784 9888 4834 9888 4833 9888 4977 9889 4978 9889 4995 9889 4994 9890 4841 9890 5025 9890 4841 9891 4840 9891 5025 9891 4840 9892 4969 9892 5026 9892 5025 9893 4840 9893 5027 9893 4840 9894 5026 9894 5027 9894 4969 31 5079 31 5026 31 5078 9895 4984 9895 4985 9895 4988 9896 4989 9896 4982 9896 4982 9897 4963 9897 4988 9897 4982 9898 4965 9898 4964 9898 4968 9899 4986 9899 4985 9899 4977 9900 4836 9900 4979 9900 4977 9901 4979 9901 4978 9901 5102 9902 5101 9902 4838 9902 4975 9903 4838 9903 5101 9903 5102 9904 4841 9904 4994 9904 4994 9905 5101 9905 5102 9905 4836 9906 4837 9906 4976 9906 4837 9907 4975 9907 4976 9907 4836 9908 4976 9908 4979 9908 4966 9909 4973 9909 4967 9909 4973 9910 4971 9910 4967 9910 4967 9911 4971 9911 4777 9911 4971 9912 4844 9912 4777 9912 4771 9913 4969 9913 4840 9913 4771 9914 4772 9914 4969 9914 4772 31 4842 31 4969 31 4966 9915 4967 9915 4775 9915 4966 9916 4845 9916 4849 9916 4775 9917 4845 9917 4966 9917 4850 9918 4851 9918 4849 9918 4849 9919 4851 9919 4972 9919 4972 9920 4852 9920 4960 9920 4852 9921 4853 9921 4960 9921 4972 9922 4960 9922 4959 9922 4963 9923 4853 9923 4962 9923 4964 9924 4853 9924 4963 9924 4845 9925 4850 9925 4849 9925 4835 9926 4836 9926 4977 9926 4752 9927 4830 9927 5103 9927 5103 9928 4786 9928 4749 9928 4830 9929 4752 9929 4785 9929 4752 9930 4767 9930 4785 9930 5103 9931 4830 9931 4797 9931 4830 9932 4829 9932 5007 9932 4830 9933 5007 9933 4797 9933 5103 9934 4797 9934 4786 9934 4786 9935 4797 9935 4803 9935 4819 9936 4821 9936 4820 9936 4863 9937 4826 9937 4823 9937 4863 9938 4821 9938 4826 9938 4795 9939 4816 9939 4805 9939 4816 9940 4808 9940 4805 9940 4809 9941 4808 9941 4890 9941 4797 9942 4798 9942 4801 9942 4799 9943 4819 9943 4800 9943 4799 9944 4800 9944 4798 9944 4787 9945 4803 9945 4796 9945 4747 9946 4786 9946 4787 9946 4785 9947 4781 9947 4782 9947 4783 9948 4785 9948 4782 9948 5104 9949 5106 9949 5105 9949 5106 9950 4757 9950 5105 9950 4779 9951 4757 9951 4764 9951 4779 9952 5107 9952 4757 9952 5105 9953 4757 9953 5107 9953 4779 9954 4765 9954 4841 9954 4765 9955 4771 9955 4841 9955 4764 9956 4765 9956 4779 9956 4770 9957 5106 9957 5104 9957 4768 31 4770 31 5104 31 4778 9958 4845 9958 4775 9958 4762 9959 4763 9959 4778 9959 4758 9960 4842 9960 4772 9960 4759 9961 4758 9961 4771 9961 4767 9962 4768 9962 4769 9962 4752 9963 4766 9963 4767 9963 4736 9964 4737 9964 4738 9964 4547 9965 4546 9965 4545 9965 4697 9966 4693 9966 4687 9966 4690 9967 4689 9967 4686 9967 4686 9968 4689 9968 4688 9968 4658 9969 4662 9969 4661 9969 4657 9970 4678 9970 4655 9970 4567 9971 4566 9971 4656 9971 4565 9972 4564 9972 4663 9972 4650 9973 4644 9973 4646 9973 4640 9974 4635 9974 4639 9974 4640 9975 4638 9975 4635 9975 4623 9976 4632 9976 4631 9976 4630 9977 4625 9977 4618 9977 4626 9978 4627 9978 4592 9978 4617 9979 4592 9979 4591 9979 4600 9980 4617 9980 4601 9980 4594 9981 4601 9981 4593 9981 4600 9982 4616 9982 4617 9982 4615 9983 5012 9983 4606 9983 4610 9984 4608 9984 4611 9984 4611 9985 4608 9985 4614 9985 4606 9986 4958 9986 4611 9986 4608 9987 4609 9987 4612 9987 4600 9988 4603 9988 4616 9988 4600 9989 4599 9989 4603 9989 4597 9990 4594 9990 5038 9990 4598 9991 4600 9991 4597 9991 4585 9992 4594 9992 4586 9992 4587 9993 4586 9993 4588 9993 4586 9994 4589 9994 4588 9994 5043 9995 5108 9995 4578 9995 5108 9996 4577 9996 4578 9996 5108 9997 5109 9997 4577 9997 5109 9998 4576 9998 4577 9998 4575 9999 4576 9999 4557 9999 5099 10000 4575 10000 4557 10000 4558 10001 4559 10001 5099 10001 4574 10002 4561 10002 4560 10002 4560 10003 5050 10003 4574 10003 4650 10004 4564 10004 4565 10004 5099 10005 4559 10005 5048 10005 4562 61 5048 61 4559 61 5099 10006 4557 10006 4558 10006 4556 10007 5109 10007 5108 10007 4885 10008 4531 10008 4532 10008 5113 10009 5110 10009 5117 10009 5115 10009 5110 10009 5113 10009 5110 10010 5111 10010 5114 10010 5112 10011 5111 10011 5110 10011 5115 10012 5112 10012 5110 10012 5110 61 5114 61 5116 61 5110 10013 5116 10013 5117 10013 5117 31 5118 31 5145 31 5118 10014 5112 10014 5145 10014 5118 10015 5111 10015 5112 10015 5119 10016 5111 10016 5118 10016 5119 10017 5118 10017 5117 10017 5119 10018 5114 10018 5111 10018 5120 3622 5121 3622 5124 3622 5116 3622 5121 3622 5120 3622 5124 31 5122 31 5120 31 5117 10013 5116 10013 5120 10013 5120 10019 5119 10019 5117 10019 5122 31 5123 31 5120 31 5120 10020 5123 10020 5119 10020 5116 10021 5114 10021 5125 10021 5114 10022 5123 10022 5125 10022 5125 10023 5123 10023 5122 10023 5116 61 5125 61 5121 61 5125 10024 5126 10024 5121 10024 5125 10025 5122 10025 5126 10025 5127 10026 5122 10026 5124 10026 5126 10027 5122 10027 5127 10027 5121 10028 5126 10028 5128 10028 5126 10029 5127 10029 5128 10029 5128 10030 5127 10030 5129 10030 5127 31 5124 31 5129 31 5121 10031 5128 10031 5130 10031 5124 10032 5130 10032 5131 10032 5130 10033 5132 10033 5131 10033 5130 61 5134 61 5132 61 5133 61 5134 61 5130 61 5121 8757 5130 8757 5124 8757 5130 61 5128 61 5133 61 5135 10034 5134 10034 5133 10034 5131 10035 5136 10035 5135 10035 5136 10036 5134 10036 5135 10036 5136 10037 5138 10037 5134 10037 5132 10038 5134 10038 5138 10038 5139 10039 5138 10039 5136 10039 5139 10040 5140 10040 5138 10040 5138 61 5140 61 5132 61 5139 10041 5141 10041 5140 10041 5132 10042 5140 10042 5141 10042 5142 10043 5141 10043 5139 10043 5142 10044 5139 10044 5137 10044 5142 10045 5143 10045 5141 10045 5141 61 5143 61 5115 61 5144 10046 5143 10046 5142 10046 5145 10047 5143 10047 5144 10047 5113 10048 5145 10048 5144 10048 5145 10049 5112 10049 5143 10049 5115 10050 5143 10050 5112 10050 5117 10051 5145 10051 5113 10051 5113 10052 5144 10052 5142 10052 5142 10053 5137 10053 5113 10053 5132 61 5141 61 5115 61 5137 10054 5139 10054 5136 10054 5131 10033 5132 10033 5137 10033 5132 3629 5115 3629 5137 3629 5137 10055 5136 10055 5131 10055 5137 3629 5115 3629 5113 3629 5135 10056 5129 10056 5131 10056 5135 10057 5133 10057 5129 10057 5129 10058 5133 10058 5128 10058 5131 10059 5129 10059 5124 10059 5114 10060 5119 10060 5123 10060 5146 3629 5147 3629 5148 3629 5150 3629 5147 3629 5146 3629 5146 10061 5149 10061 5150 10061 5150 10062 5149 10062 5151 10062 5151 10063 5152 10063 5153 10063 5149 10064 5152 10064 5151 10064 5147 10065 5151 10065 5153 10065 5150 10066 5151 10066 5147 10066 5147 10067 5153 10067 5148 10067 5148 10068 5153 10068 5152 10068 5146 3629 5148 3629 5154 3629 5148 10069 5152 10069 5155 10069 5154 3629 5148 3629 5155 3629 5155 10070 5152 10070 5157 10070 5154 3270 5155 3270 5156 3270 5156 3270 5155 3270 5157 3270 5156 3622 5157 3622 5158 3622 5158 3622 5157 3622 5152 3622 5158 61 5159 61 5156 61 5158 10071 5149 10071 5146 10071 5146 10072 5160 10072 5158 10072 5158 3622 5152 3622 5149 3622 5158 61 5160 61 5159 61 5146 10073 5161 10073 5160 10073 5161 10074 5163 10074 5160 10074 5165 6137 5162 6137 5160 6137 5160 6137 5162 6137 5164 6137 5160 6137 5163 6137 5165 6137 5160 6137 5164 6137 5159 6137 5166 3629 5165 3629 5167 3629 5166 3629 5162 3629 5165 3629 5165 61 5168 61 5167 61 5163 61 5168 61 5165 61 5161 10075 5167 10075 5168 10075 5168 10076 5163 10076 5161 10076 5161 10077 5166 10077 5167 10077 5166 10078 5161 10078 5169 10078 5171 10079 5162 10079 5166 10079 5170 10080 5166 10080 5169 10080 5171 10081 5166 10081 5170 10081 5170 3270 5174 3270 5171 3270 5173 61 5162 61 5171 61 5171 3270 5174 3270 5172 3270 5171 3622 5172 3622 5173 3622 5170 3629 5175 3629 5174 3629 5175 10082 5176 10082 5174 10082 5174 10083 5176 10083 5172 10083 5173 10084 5176 10084 5177 10084 5173 10085 5172 10085 5176 10085 5177 10086 5176 10086 5180 10086 5179 10087 5177 10087 5178 10087 5178 10088 5177 10088 5180 10088 5173 10089 5177 10089 5179 10089 5180 3622 5176 3622 5181 3622 5178 10090 5180 10090 5182 10090 5182 10091 5180 10091 5181 10091 5182 10092 5181 10092 5175 10092 5179 10093 5182 10093 5175 10093 5178 3629 5182 3629 5179 3629 5175 10094 5181 10094 5176 10094 5179 10095 5183 10095 5173 10095 5179 10096 5169 10096 5183 10096 5170 10097 5169 10097 5179 10097 5179 3629 5175 3629 5170 3629 5173 61 5183 61 5162 61 5169 10098 5184 10098 5183 10098 5184 6137 5164 6137 5183 6137 5162 6137 5183 6137 5164 6137 5185 10099 5187 10099 5169 10099 5185 10100 5169 10100 5186 10100 5187 10101 5188 10101 5169 10101 5188 10102 5184 10102 5169 10102 5189 10103 5188 10103 5187 10103 5184 10104 5188 10104 5189 10104 5189 6137 5190 6137 5164 6137 5189 10105 5164 10105 5184 10105 5189 10106 5187 10106 5190 10106 5190 10107 5187 10107 5185 10107 5191 10108 5190 10108 5185 10108 5192 3629 5191 3629 5195 3629 5192 3629 5164 3629 5191 3629 5197 10109 5193 10109 5191 10109 5193 10110 5194 10110 5191 10110 5191 3629 5164 3629 5190 3629 5195 10111 5191 10111 5194 10111 5197 10112 5191 10112 5196 10112 5196 10113 5191 10113 5185 10113 5199 10114 5194 10114 5198 10114 5195 10115 5194 10115 5199 10115 5200 10116 5195 10116 5199 10116 5202 10117 5200 10117 5199 10117 5199 10118 5198 10118 5201 10118 5201 10119 5202 10119 5199 10119 5203 10120 5204 10120 5202 10120 5204 10121 5200 10121 5202 10121 5205 10122 5204 10122 5203 10122 5204 3622 5205 3622 5200 3622 5206 10123 5205 10123 5203 10123 5200 10124 5205 10124 5207 10124 5207 3270 5205 3270 5206 3270 5200 3622 5207 3622 5208 3622 5207 31 5209 31 5208 31 5207 31 5206 31 5210 31 5207 31 5210 31 5209 31 5213 10125 5210 10125 5211 10125 5212 31 5209 31 5210 31 5210 10126 5213 10126 5212 10126 5212 3622 5213 3622 5214 3622 5213 10127 5201 10127 5214 10127 5211 10128 5201 10128 5213 10128 5215 10129 5214 10129 5201 10129 5216 3622 5217 3622 5215 3622 5217 10130 5214 10130 5215 10130 5217 10131 5218 10131 5214 10131 5218 10132 5217 10132 5216 10132 5218 10133 5220 10133 5219 10133 5212 10134 5218 10134 5219 10134 5214 10135 5218 10135 5212 10135 5221 10136 5220 10136 5218 10136 5218 61 5216 61 5221 61 5201 10137 5221 10137 5215 10137 5201 10138 5220 10138 5221 10138 5215 10139 5221 10139 5216 10139 5220 10140 5222 10140 5224 10140 5226 10141 5222 10141 5220 10141 5225 31 5223 31 5220 31 5220 10142 5223 10142 5219 10142 5220 10143 5224 10143 5225 10143 5198 10144 5220 10144 5201 10144 5198 10145 5226 10145 5220 10145 5227 10146 5226 10146 5198 10146 5227 10147 5228 10147 5226 10147 5222 10148 5226 10148 5229 10148 5161 10149 5222 10149 5229 10149 5161 10150 5229 10150 5228 10150 5229 10151 5226 10151 5228 10151 5169 10152 5228 10152 5227 10152 5169 10153 5161 10153 5228 10153 5169 10154 5230 10154 5186 10154 5169 10155 5227 10155 5230 10155 5227 10156 5231 10156 5230 10156 5230 10157 5231 10157 5186 10157 5232 10158 5231 10158 5198 10158 5186 10159 5231 10159 5232 10159 5198 10160 5231 10160 5227 10160 5232 10161 5185 10161 5186 10161 5232 10162 5233 10162 5185 10162 5235 10163 5234 10163 5232 10163 5232 10164 5198 10164 5235 10164 5234 10165 5241 10165 5236 10165 5234 10166 5236 10166 5232 10166 5234 10167 5237 10167 5241 10167 5241 10168 5237 10168 5238 10168 5240 10169 5238 10169 5237 10169 5237 10170 5239 10170 5240 10170 5237 10171 5235 10171 5239 10171 5234 10172 5235 10172 5237 10172 5236 10173 5233 10173 5232 10173 5196 10174 5238 10174 5242 10174 5241 10175 5238 10175 5196 10175 5240 10176 5242 10176 5238 10176 5243 10177 5242 10177 5240 10177 5242 10178 5243 10178 5245 10178 5245 10179 5243 10179 5193 10179 5243 10180 5244 10180 5193 10180 5245 10181 5193 10181 5197 10181 5197 10182 5196 10182 5247 10182 5242 10183 5247 10183 5196 10183 5197 10184 5247 10184 5246 10184 5250 10185 5246 10185 5247 10185 5248 10186 5246 10186 5249 10186 5245 10187 5246 10187 5248 10187 5249 10188 5246 10188 5250 10188 5250 10189 5248 10189 5249 10189 5251 10190 5248 10190 5250 10190 5251 10191 5245 10191 5248 10191 5251 10192 5242 10192 5245 10192 5242 10193 5250 10193 5247 10193 5251 10194 5250 10194 5242 10194 5245 6137 5197 6137 5246 6137 5240 10195 5244 10195 5243 10195 5239 10196 5244 10196 5240 10196 5252 10197 5253 10197 5244 10197 5235 3270 5252 3270 5244 3270 5244 10198 5253 10198 5193 10198 5235 10199 5244 10199 5239 10199 5252 10200 5194 10200 5253 10200 5253 10201 5194 10201 5193 10201 5198 10202 5194 10202 5252 10202 5235 10203 5198 10203 5252 10203 5233 10204 5241 10204 5196 10204 5233 10205 5196 10205 5185 10205 5236 10206 5241 10206 5233 10206 5225 10207 5254 10207 5256 10207 5225 10208 5224 10208 5254 10208 5225 10209 5255 10209 5223 10209 5256 10210 5255 10210 5225 10210 5256 10211 5254 10211 5261 10211 5256 3270 5260 3270 5255 3270 5256 10212 5259 10212 5257 10212 5258 10213 5259 10213 5256 10213 5256 3270 5261 3270 5258 3270 5257 10214 5260 10214 5256 10214 5258 10215 5261 10215 5266 10215 5263 10216 5261 10216 5262 10216 5264 10217 5261 10217 5263 10217 5264 10218 5267 10218 5261 10218 5261 10219 5268 10219 5265 10219 5261 10220 5265 10220 5266 10220 5267 10221 5268 10221 5261 10221 5267 10222 5269 10222 5268 10222 5269 10223 5270 10223 5268 10223 5270 10224 5265 10224 5268 10224 5271 10225 5265 10225 5270 10225 5269 10226 5271 10226 5270 10226 5269 10227 5272 10227 5271 10227 5271 10228 5272 10228 5274 10228 5265 10229 5271 10229 5273 10229 5271 10230 5274 10230 5273 10230 5273 10231 5274 10231 5275 10231 5276 10232 5273 10232 5275 10232 5276 10233 5275 10233 5278 10233 5278 10234 5275 10234 5277 10234 5278 10235 5280 10235 5276 10235 5278 10236 5277 10236 5279 10236 5278 3270 5282 3270 5281 3270 5279 10237 5282 10237 5278 10237 5286 10238 5280 10238 5278 10238 5286 10239 5278 10239 5283 10239 5283 10240 5278 10240 5285 10240 5278 3270 5281 3270 5284 3270 5278 3622 5284 3622 5285 3622 5287 10241 5305 10241 5286 10241 5286 10242 5305 10242 5280 10242 5287 10243 5286 10243 5289 10243 5283 10244 5289 10244 5286 10244 5288 6137 5290 6137 5283 6137 5288 10245 5287 10245 5291 10245 5287 10246 5289 10246 5291 10246 5290 10247 5292 10247 5289 10247 5291 10248 5289 10248 5292 10248 5293 10249 5292 10249 5290 10249 5288 10250 5293 10250 5290 10250 5294 10251 5293 10251 5288 10251 5291 10252 5293 10252 5294 10252 5292 10253 5293 10253 5291 10253 5291 10254 5294 10254 5288 10254 5290 10255 5289 10255 5283 10255 5288 10256 5285 10256 5297 10256 5283 10257 5285 10257 5288 10257 5295 10258 5288 10258 5296 10258 5295 10259 5287 10259 5288 10259 5288 10260 5297 10260 5296 10260 5298 10261 5297 10261 5285 10261 5296 10262 5297 10262 5299 10262 5300 10263 5296 10263 5299 10263 5301 3270 5296 3270 5300 3270 5301 10264 5295 10264 5296 10264 5301 10265 5302 10265 5295 10265 5295 10266 5302 10266 5287 10266 5287 10267 5302 10267 5303 10267 5304 10268 5306 10268 5276 10268 5303 10269 5306 10269 5305 10269 5307 10270 5306 10270 5303 10270 5302 10271 5307 10271 5303 10271 5301 10272 5307 10272 5302 10272 5300 10273 5307 10273 5301 10273 5307 10274 5300 10274 5306 10274 5306 10275 5300 10275 5308 10275 5308 10276 5309 10276 5276 10276 5306 10277 5308 10277 5276 10277 5300 3270 5299 3270 5308 3270 5308 3270 5299 3270 5309 3270 5276 10278 5309 10278 5313 10278 5310 10279 5309 10279 5311 10279 5310 3622 5312 3622 5309 3622 5311 10280 5309 10280 5299 10280 5309 10281 5312 10281 5313 10281 5276 10282 5313 10282 5314 10282 5313 10283 5312 10283 5298 10283 5313 10284 5316 10284 5314 10284 5315 10285 5313 10285 5298 10285 5315 10286 5316 10286 5313 10286 5317 10287 5316 10287 5315 10287 5314 10288 5316 10288 5319 10288 5317 10289 5318 10289 5316 10289 5314 10290 5319 10290 5320 10290 5320 10291 5322 10291 5314 10291 5320 3629 5319 3629 5321 3629 5320 10292 5321 10292 5322 10292 5324 10293 5314 10293 5322 10293 5322 10294 5323 10294 5324 10294 5322 10295 5321 10295 5323 10295 5273 10296 5314 10296 5324 10296 5324 6137 5326 6137 5325 6137 5266 31 5324 31 5325 31 5324 6137 5323 6137 5326 6137 5273 31 5324 31 5266 31 5327 10297 5328 10297 5326 10297 5327 10298 5326 10298 5329 10298 5326 31 5328 31 5330 31 5325 6137 5326 6137 5223 6137 5223 6137 5326 6137 5212 6137 5329 3629 5326 3629 5323 3629 5326 31 5330 31 5212 31 5333 31 5331 31 5330 31 5212 10299 5330 10299 5331 10299 5330 10300 5334 10300 5332 10300 5330 31 5332 31 5333 31 5330 10301 5335 10301 5334 10301 5328 3270 5335 3270 5330 3270 5328 10302 5336 10302 5335 10302 5335 10303 5336 10303 5334 10303 5337 10304 5334 10304 5336 10304 5338 10305 5337 10305 5336 10305 5332 6137 5337 6137 5338 6137 5332 10306 5334 10306 5337 10306 5338 10307 5339 10307 5340 10307 5328 31 5339 31 5338 31 5338 31 5340 31 5332 31 5338 10308 5336 10308 5328 10308 5342 10309 5340 10309 5339 10309 5342 10310 5341 10310 5340 10310 5342 10311 5339 10311 5343 10311 5342 10312 5343 10312 5315 10312 5315 10313 5343 10313 5317 10313 5317 10314 5343 10314 5344 10314 5343 3629 5339 3629 5345 3629 5344 10315 5343 10315 5345 10315 5345 3270 5339 3270 5344 3270 5344 3270 5339 3270 5346 3270 5317 10316 5344 10316 5318 10316 5318 10317 5344 10317 5327 10317 5327 10318 5344 10318 5346 10318 5327 10319 5329 10319 5318 10319 5346 31 5339 31 5327 31 5342 10320 5315 10320 5347 10320 5342 10321 5347 10321 5348 10321 5341 10322 5342 10322 5348 10322 5349 10323 5341 10323 5348 10323 5348 10324 5347 10324 5349 10324 5340 10325 5341 10325 5349 10325 5351 10326 5340 10326 5349 10326 5349 6137 5347 6137 5350 6137 5349 31 5350 31 5352 31 5164 10327 5349 10327 5352 10327 5351 31 5349 31 5164 31 5353 3622 5352 3622 5285 3622 5285 10328 5352 10328 5350 10328 5353 6137 5354 6137 5352 6137 5354 10329 5355 10329 5352 10329 5352 6137 5355 6137 5356 6137 5352 6137 5356 6137 5164 6137 5357 61 5356 61 5355 61 5269 10330 5360 10330 5356 10330 5361 10331 5356 10331 5357 10331 5361 10332 5269 10332 5356 10332 5356 6137 5359 6137 5358 6137 5164 6137 5356 6137 5358 6137 5360 6137 5359 6137 5356 6137 5357 10333 5362 10333 5361 10333 5361 3629 5363 3629 5364 3629 5364 10334 5269 10334 5361 10334 5365 61 5279 61 5364 61 5364 10335 5279 10335 5269 10335 5364 3270 5366 3270 5365 3270 5364 3629 5363 3629 5366 3629 5365 3270 5366 3270 5367 3270 5363 10336 5368 10336 5366 10336 5366 10337 5368 10337 5367 10337 5357 10338 5367 10338 5368 10338 5357 10339 5368 10339 5362 10339 5363 10340 5369 10340 5368 10340 5370 3622 5368 3622 5369 3622 5362 10341 5368 10341 5370 10341 5371 10342 5362 10342 5370 10342 5361 10343 5362 10343 5371 10343 5371 3629 5372 3629 5361 3629 5361 3629 5372 3629 5363 3629 5372 10344 5369 10344 5363 10344 5372 10345 5370 10345 5369 10345 5371 10346 5370 10346 5372 10346 5365 3622 5367 3622 5357 3622 5365 10347 5355 10347 5279 10347 5357 61 5355 61 5365 61 5360 61 5373 61 5359 61 5373 10348 5360 10348 5269 10348 5359 61 5373 61 5374 61 5269 10349 5374 10349 5373 10349 5267 10350 5359 10350 5374 10350 5269 10351 5267 10351 5374 10351 5267 10352 5358 10352 5359 10352 5164 6137 5358 6137 5375 6137 5376 61 5375 61 5358 61 5376 61 5358 61 5264 61 5358 10353 5267 10353 5264 10353 5376 10354 5378 10354 5377 10354 5376 10355 5377 10355 5380 10355 5380 10356 5375 10356 5376 10356 5376 10357 5379 10357 5378 10357 5264 3622 5379 3622 5376 3622 5263 10358 5262 10358 5380 10358 5380 10359 5262 10359 5375 10359 5380 10360 5381 10360 5263 10360 5380 10361 5377 10361 5382 10361 5382 3629 5383 3629 5380 3629 5380 10362 5383 10362 5381 10362 5383 10092 5384 10092 5381 10092 5385 10363 5378 10363 5384 10363 5381 10364 5384 10364 5378 10364 5383 10365 5385 10365 5384 10365 5382 10366 5385 10366 5383 10366 5382 10367 5377 10367 5385 10367 5377 10368 5378 10368 5385 10368 5263 10369 5381 10369 5386 10369 5381 10082 5378 10082 5386 10082 5386 10370 5378 10370 5379 10370 5263 3270 5386 3270 5264 3270 5264 3270 5386 3270 5379 3270 5159 6137 5375 6137 5388 6137 5159 6137 5164 6137 5375 6137 5262 10371 5387 10371 5375 10371 5388 6137 5375 6137 5387 6137 5389 3629 5159 3629 5388 3629 5389 3629 5388 3629 5391 3629 5387 61 5390 61 5388 61 5388 61 5390 61 5391 61 5262 3270 5391 3270 5390 3270 5262 3270 5389 3270 5391 3270 5390 10372 5387 10372 5262 10372 5156 10373 5389 10373 5154 10373 5154 10374 5389 10374 5161 10374 5156 10375 5159 10375 5389 10375 5161 10376 5389 10376 5392 10376 5392 10377 5389 10377 5261 10377 5389 3270 5262 3270 5261 3270 5392 10378 5222 10378 5161 10378 5224 10379 5222 10379 5392 10379 5261 10380 5393 10380 5392 10380 5393 10381 5224 10381 5392 10381 5254 10382 5224 10382 5393 10382 5261 10383 5254 10383 5393 10383 5279 10384 5272 10384 5269 10384 5354 6137 5394 6137 5355 6137 5279 3629 5355 3629 5394 3629 5281 10385 5394 10385 5354 10385 5282 10386 5394 10386 5281 10386 5279 3629 5394 3629 5282 3629 5281 10387 5354 10387 5284 10387 5284 10388 5354 10388 5353 10388 5285 10389 5284 10389 5353 10389 5164 31 5192 31 5351 31 5192 10390 5398 10390 5351 10390 5333 10391 5351 10391 5396 10391 5333 31 5332 31 5351 31 5351 10392 5397 10392 5395 10392 5396 10393 5351 10393 5395 10393 5332 10394 5340 10394 5351 10394 5351 31 5399 31 5397 31 5398 10395 5400 10395 5351 10395 5400 31 5399 31 5351 31 5400 10396 5402 10396 5401 10396 5400 10397 5401 10397 5399 10397 5208 10398 5402 10398 5400 10398 5400 10399 5200 10399 5208 10399 5403 10400 5200 10400 5400 10400 5403 10401 5400 10401 5398 10401 5404 10402 5403 10402 5398 10402 5200 10403 5403 10403 5404 10403 5404 10404 5195 10404 5200 10404 5404 10405 5398 10405 5195 10405 5402 6137 5406 6137 5401 6137 5208 31 5209 31 5402 31 5209 10406 5405 10406 5402 10406 5402 10407 5405 10407 5406 10407 5401 10408 5406 10408 5407 10408 5406 10409 5405 10409 5407 10409 5401 10410 5407 10410 5409 10410 5409 10411 5407 10411 5408 10411 5409 31 5399 31 5401 31 5212 31 5399 31 5409 31 5409 3270 5408 3270 5209 3270 5409 31 5209 31 5212 31 5408 10412 5407 10412 5405 10412 5209 10413 5408 10413 5405 10413 5399 10406 5412 10406 5397 10406 5411 3270 5410 3270 5399 3270 5399 10414 5410 10414 5412 10414 5212 10415 5411 10415 5399 10415 5397 10416 5412 10416 5413 10416 5413 10417 5412 10417 5414 10417 5395 10418 5414 10418 5411 10418 5395 10419 5413 10419 5414 10419 5411 10420 5414 10420 5410 10420 5410 10421 5414 10421 5412 10421 5397 6137 5413 6137 5395 6137 5415 31 5395 31 5411 31 5415 10422 5411 10422 5212 10422 5331 3270 5417 3270 5415 3270 5212 10423 5331 10423 5415 10423 5415 10424 5416 10424 5396 10424 5415 10425 5417 10425 5416 10425 5396 31 5395 31 5415 31 5331 10426 5418 10426 5417 10426 5417 10427 5418 10427 5416 10427 5419 10428 5416 10428 5418 10428 5333 10429 5419 10429 5418 10429 5396 6137 5419 6137 5333 6137 5396 10430 5416 10430 5419 10430 5333 10431 5418 10431 5331 10431 5195 10432 5398 10432 5192 10432 5298 10433 5350 10433 5347 10433 5285 10434 5350 10434 5298 10434 5298 10435 5347 10435 5315 10435 5327 10436 5339 10436 5328 10436 5316 10437 5329 10437 5323 10437 5318 10438 5329 10438 5316 10438 5325 10439 5223 10439 5420 10439 5420 10440 5266 10440 5325 10440 5420 10441 5223 10441 5422 10441 5420 10442 5422 10442 5421 10442 5258 10443 5266 10443 5420 10443 5420 61 5423 61 5258 61 5423 10444 5259 10444 5258 10444 5421 10445 5259 10445 5423 10445 5421 10446 5423 10446 5420 10446 5223 10447 5255 10447 5422 10447 5421 10448 5422 10448 5424 10448 5260 10449 5422 10449 5255 10449 5257 10450 5422 10450 5260 10450 5424 10451 5422 10451 5257 10451 5421 10452 5424 10452 5259 10452 5259 10453 5424 10453 5257 10453 5321 10454 5316 10454 5323 10454 5319 10455 5316 10455 5321 10455 5314 10456 5273 10456 5276 10456 5312 10457 5297 10457 5298 10457 5426 10458 5297 10458 5312 10458 5425 10459 5312 10459 5310 10459 5312 10460 5425 10460 5426 10460 5426 10461 5299 10461 5297 10461 5426 10462 5425 10462 5427 10462 5311 10463 5299 10463 5426 10463 5426 10464 5427 10464 5311 10464 5425 10465 5428 10465 5427 10465 5427 10466 5428 10466 5311 10466 5310 10467 5311 10467 5428 10467 5310 10468 5428 10468 5425 10468 5304 10469 5305 10469 5306 10469 5280 10470 5305 10470 5304 10470 5280 10471 5304 10471 5276 10471 5303 10472 5305 10472 5287 10472 5279 10473 5277 10473 5272 10473 5277 10474 5274 10474 5272 10474 5275 10475 5274 10475 5277 10475 5266 10476 5265 10476 5273 10476 5212 6137 5219 6137 5223 6137 5201 10477 5211 10477 5202 10477 5202 10478 5211 10478 5203 10478 5203 3622 5211 3622 5206 3622 5206 10479 5211 10479 5210 10479 5154 10480 5161 10480 5146 10480 5430 6137 5437 6137 5429 6137 5437 10481 5431 10481 5429 10481 5429 31 5432 31 5433 31 5432 10482 5429 10482 5431 10482 5434 6137 5429 6137 5433 6137 5434 6137 5435 6137 5429 6137 5435 6137 5436 6137 5429 6137 5430 6137 5429 6137 5436 6137 5438 10483 5431 10483 5437 10483 5441 10484 5438 10484 5437 10484 5440 10485 5437 10485 5439 10485 5439 10486 5437 10486 5442 10486 5441 10487 5437 10487 5440 10487 5442 6137 5437 6137 5430 6137 5430 10488 5443 10488 5442 10488 5444 10489 5442 10489 5443 10489 5444 61 5439 61 5442 61 5443 10490 5445 10490 5444 10490 5445 10491 5443 10491 5430 10491 5444 10492 5445 10492 5430 10492 5430 6137 5436 6137 5444 6137 5444 6137 5436 6137 5446 6137 5446 10493 5439 10493 5444 10493 5436 10494 5447 10494 5446 10494 5447 10495 5448 10495 5446 10495 5448 10496 5447 10496 5436 10496 5435 31 5448 31 5436 31 5446 10497 5448 10497 5435 10497 5434 10498 5449 10498 5446 10498 5449 10499 5439 10499 5446 10499 5446 6137 5435 6137 5434 6137 5451 10500 5450 10500 5449 10500 5449 61 5450 61 5439 61 5434 10501 5451 10501 5449 10501 5452 10491 5451 10491 5434 10491 5450 10502 5452 10502 5434 10502 5451 10503 5452 10503 5450 10503 5453 6137 5450 6137 5434 6137 5450 61 5453 61 5439 61 5453 6137 5433 6137 5454 6137 5454 3622 5455 3622 5453 3622 5456 10504 5453 10504 5455 10504 5434 6137 5433 6137 5453 6137 5456 10505 5439 10505 5453 10505 5457 10506 5439 10506 5456 10506 5455 6137 5458 6137 5456 6137 5456 10507 5458 10507 5459 10507 5461 6137 5456 6137 5459 6137 5457 10508 5456 10508 5461 10508 5460 3270 5457 3270 5462 3270 5457 10509 5461 10509 5462 10509 5459 10510 5463 10510 5461 10510 5461 10511 5463 10511 5462 10511 5464 6137 5463 6137 5459 6137 5463 3622 5464 3622 5465 3622 5462 10512 5463 10512 5465 10512 5462 3270 5465 3270 5460 3270 5465 10513 5464 10513 5460 10513 5460 31 5464 31 5459 31 5459 3622 5467 3622 5460 3622 5466 10514 5457 10514 5460 10514 5460 3270 5467 3270 5466 3270 5458 31 5455 31 5467 31 5467 31 5455 31 5466 31 5458 3622 5467 3622 5459 3622 5468 3622 5466 3622 5455 3622 5472 3622 5466 3622 5468 3622 5472 3622 5469 3622 5466 3622 5466 3270 5469 3270 5471 3270 5471 3270 5470 3270 5466 3270 5466 3270 5470 3270 5457 3270 5468 31 5475 31 5472 31 5473 10515 5469 10515 5472 10515 5473 10516 5472 10516 5474 10516 5472 31 5475 31 5474 31 5475 3629 5476 3629 5478 3629 5477 10517 5476 10517 5475 10517 5475 3629 5478 3629 5474 3629 5468 10518 5477 10518 5475 10518 5478 31 5481 31 5479 31 5474 10519 5478 10519 5479 10519 5480 10520 5482 10520 5478 10520 5483 3270 5480 3270 5478 3270 5484 10521 5478 10521 5476 10521 5478 10522 5482 10522 5481 10522 5483 10523 5478 10523 5484 10523 5476 10524 5454 10524 5484 10524 5433 10525 5484 10525 5454 10525 5433 10526 5483 10526 5484 10526 5433 31 5432 31 5483 31 5432 3270 5480 3270 5483 3270 5486 10527 5482 10527 5485 10527 5485 31 5482 31 5488 31 5488 31 5482 31 5480 31 5487 10528 5481 10528 5482 10528 5487 10529 5482 10529 5486 10529 5488 10530 5492 10530 5485 10530 5490 10531 5488 10531 5489 10531 5488 31 5480 31 5489 31 5491 10532 5488 10532 5490 10532 5491 10533 5492 10533 5488 10533 5494 31 5485 31 5492 31 5493 10534 5492 10534 5491 10534 5496 6137 5495 6137 5494 6137 5494 6137 5495 6137 5479 6137 5479 31 5485 31 5494 31 5497 3622 5496 3622 5494 3622 5497 3622 5494 3622 5498 3622 5498 10535 5494 10535 5480 10535 5494 31 5499 31 5480 31 5494 10536 5500 10536 5499 10536 5492 31 5500 31 5494 31 5501 10537 5499 10537 5500 10537 5492 10538 5502 10538 5500 10538 5501 10539 5500 10539 5503 10539 5503 10540 5500 10540 5502 10540 5503 10541 5502 10541 5504 10541 5503 10542 5505 10542 5501 10542 5504 10543 5505 10543 5503 10543 5505 10544 5499 10544 5501 10544 5505 10545 5502 10545 5499 10545 5504 10546 5502 10546 5505 10546 5480 10547 5499 10547 5502 10547 5489 10548 5502 10548 5492 10548 5489 31 5480 31 5502 31 5506 31 5497 31 5498 31 5498 10549 5480 10549 5507 10549 5507 10518 5506 10518 5498 10518 5508 31 5438 31 5507 31 5507 10550 5480 10550 5508 10550 5507 10551 5438 10551 5506 10551 5431 10552 5508 10552 5432 10552 5508 31 5431 31 5438 31 5432 3270 5508 3270 5480 3270 5506 10553 5509 10553 5510 10553 5506 10554 5438 10554 5509 10554 5510 31 5497 31 5506 31 5510 10555 5509 10555 5470 10555 5510 10556 5511 10556 5497 10556 5510 10557 5470 10557 5511 10557 5496 31 5511 31 5471 31 5511 10558 5470 10558 5471 10558 5511 10559 5496 10559 5497 10559 5513 6137 5509 6137 5441 6137 5509 10560 5438 10560 5441 10560 5509 31 5512 31 5470 31 5512 6137 5509 6137 5513 6137 5514 3629 5512 3629 5513 3629 5513 31 5515 31 5514 31 5517 10561 5515 10561 5513 10561 5513 6137 5441 6137 5516 6137 5516 10562 5517 10562 5513 10562 5440 10563 5516 10563 5441 10563 5518 10564 5440 10564 5514 10564 5518 10565 5516 10565 5440 10565 5519 10566 5518 10566 5514 10566 5519 10567 5516 10567 5518 10567 5514 3270 5515 3270 5519 3270 5515 10568 5517 10568 5519 10568 5517 10569 5516 10569 5519 10569 5457 3270 5470 3270 5440 3270 5440 3270 5439 3270 5457 3270 5440 3270 5470 3270 5520 3270 5440 10570 5520 10570 5514 10570 5520 3629 5512 3629 5514 3629 5470 31 5512 31 5520 31 5496 10571 5471 10571 5495 10571 5473 10572 5479 10572 5495 10572 5495 31 5469 31 5473 31 5495 31 5471 31 5469 31 5521 10573 5492 10573 5493 10573 5491 10574 5521 10574 5493 10574 5490 10575 5521 10575 5491 10575 5521 10576 5489 10576 5492 10576 5490 10577 5489 10577 5521 10577 5522 10578 5481 10578 5487 10578 5487 10579 5486 10579 5522 10579 5522 10580 5486 10580 5523 10580 5486 10581 5485 10581 5523 10581 5523 10582 5485 10582 5522 10582 5522 10583 5485 10583 5481 10583 5481 10584 5485 10584 5479 10584 5474 10585 5479 10585 5473 10585 5476 31 5477 31 5454 31 5454 10586 5477 10586 5468 10586 5468 3622 5455 3622 5454 3622 5524 10587 5525 10587 5528 10587 5524 10588 5529 10588 5525 10588 5526 31 5524 31 5530 31 5526 10589 5527 10589 5524 10589 5527 3270 5529 3270 5524 3270 5530 31 5524 31 5528 31 5530 10590 5531 10590 5526 10590 5530 10591 5528 10591 5534 10591 5531 10592 5530 10592 5533 10592 5532 31 5530 31 5535 31 5535 31 5530 31 5534 31 5535 31 5536 31 5532 31 5535 31 5534 31 5539 31 5535 10593 5538 10593 5536 10593 5537 10594 5538 10594 5535 10594 5537 3622 5535 3622 5540 3622 5540 3622 5535 3622 5539 3622 5541 10595 5537 10595 5540 10595 5541 10596 5540 10596 5542 10596 5541 10597 5542 10597 5538 10597 5538 10598 5537 10598 5541 10598 5538 10599 5544 10599 5532 10599 5538 10600 5542 10600 5543 10600 5546 10601 5538 10601 5543 10601 5545 10602 5544 10602 5538 10602 5545 10603 5538 10603 5546 10603 5547 10604 5545 10604 5546 10604 5548 10605 5533 10605 5546 10605 5546 10606 5533 10606 5547 10606 5548 10607 5546 10607 5543 10607 5543 10608 5549 10608 5548 10608 5549 10609 5551 10609 5548 10609 5548 10610 5551 10610 5550 10610 5552 10611 5557 10611 5551 10611 5551 3270 5554 3270 5552 3270 5553 10612 5554 10612 5551 10612 5549 10613 5553 10613 5551 10613 5554 3622 5550 3622 5551 3622 5551 10614 5557 10614 5555 10614 5551 10615 5555 10615 5556 10615 5551 10616 5556 10616 5550 10616 5558 10617 5556 10617 5555 10617 5559 10618 5556 10618 5558 10618 5559 10619 5560 10619 5556 10619 5559 10620 5562 10620 5560 10620 5561 10621 5563 10621 5560 10621 5560 10622 5562 10622 5561 10622 5560 10623 5563 10623 5556 10623 5561 10624 5564 10624 5563 10624 5563 3629 5564 3629 5565 3629 5556 10625 5563 10625 5565 10625 5561 31 5566 31 5567 31 5561 10626 5567 10626 5564 10626 5568 6137 5569 6137 5567 6137 5567 31 5573 31 5568 31 5564 31 5567 31 5570 31 5567 10627 5569 10627 5571 10627 5567 10628 5571 10628 5570 10628 5566 31 5572 31 5567 31 5567 31 5572 31 5573 31 5575 10629 5574 10629 5573 10629 5575 10630 5573 10630 5572 10630 5573 10631 5574 10631 5576 10631 5576 31 5568 31 5573 31 5577 31 5534 31 5576 31 5576 31 5578 31 5577 31 5576 10632 5534 10632 5568 10632 5576 6137 5579 6137 5578 6137 5580 10633 5579 10633 5576 10633 5576 10634 5574 10634 5580 10634 5574 10635 5575 10635 5580 10635 5575 10636 5579 10636 5580 10636 5575 10637 5558 10637 5579 10637 5581 10638 5558 10638 5575 10638 5575 3629 5572 3629 5581 3629 5581 6137 5559 6137 5558 6137 5559 10639 5581 10639 5562 10639 5562 10640 5581 10640 5582 10640 5581 3629 5572 3629 5582 3629 5582 3270 5572 3270 5562 3270 5583 10641 5579 10641 5558 10641 5583 10642 5578 10642 5579 10642 5584 10643 5578 10643 5583 10643 5558 10644 5555 10644 5583 10644 5585 3622 5589 3622 5584 3622 5587 10645 5585 10645 5584 10645 5586 10646 5584 10646 5588 10646 5587 10647 5584 10647 5586 10647 5583 10648 5588 10648 5584 10648 5590 3622 5577 3622 5584 3622 5584 10649 5577 10649 5578 10649 5584 3622 5589 3622 5590 3622 5590 10650 5591 10650 5577 10650 5589 10651 5591 10651 5590 10651 5592 10652 5591 10652 5589 10652 5592 10653 5585 10653 5596 10653 5589 3270 5585 3270 5592 3270 5592 10654 5596 10654 5593 10654 5593 3270 5595 3270 5592 3270 5592 10655 5594 10655 5591 10655 5595 10656 5594 10656 5592 10656 5593 10657 5596 10657 5597 10657 5585 10658 5598 10658 5596 10658 5598 10659 5557 10659 5596 10659 5596 10660 5557 10660 5597 10660 5557 10661 5598 10661 5555 10661 5555 10662 5598 10662 5599 10662 5599 10663 5598 10663 5585 10663 5585 10664 5602 10664 5599 10664 5603 10665 5599 10665 5600 10665 5601 10666 5600 10666 5599 10666 5555 10667 5599 10667 5603 10667 5603 10668 5600 10668 5607 10668 5603 10669 5604 10669 5555 10669 5606 3622 5604 3622 5603 3622 5605 10670 5603 10670 5607 10670 5606 10671 5603 10671 5605 10671 5605 10672 5607 10672 5608 10672 5607 10673 5600 10673 5609 10673 5608 10674 5607 10674 5588 10674 5601 10675 5609 10675 5600 10675 5607 10676 5609 10676 5610 10676 5610 10677 5609 10677 5611 10677 5609 10678 5601 10678 5611 10678 5611 10679 5601 10679 5612 10679 5613 10680 5612 10680 5601 10680 5611 10681 5612 10681 5614 10681 5614 10682 5610 10682 5611 10682 5615 10683 5610 10683 5614 10683 5607 10684 5610 10684 5615 10684 5615 10685 5614 10685 5586 10685 5615 10686 5586 10686 5607 10686 5614 10687 5612 10687 5616 10687 5586 6137 5617 6137 5587 6137 5617 10688 5616 10688 5587 10688 5586 10689 5614 10689 5619 10689 5614 10690 5618 10690 5619 10690 5619 10691 5618 10691 5620 10691 5617 10692 5620 10692 5618 10692 5621 10693 5620 10693 5617 10693 5622 10694 5621 10694 5586 10694 5586 10695 5621 10695 5617 10695 5586 10696 5619 10696 5622 10696 5619 10697 5621 10697 5622 10697 5620 10698 5621 10698 5619 10698 5617 10699 5618 10699 5616 10699 5614 10700 5616 10700 5618 10700 5616 10701 5585 10701 5587 10701 5616 10702 5602 10702 5585 10702 5616 10703 5612 10703 5602 10703 5602 10704 5612 10704 5613 10704 5602 10705 5613 10705 5599 10705 5613 10706 5601 10706 5599 10706 5608 10707 5588 10707 5604 10707 5604 10708 5623 10708 5608 10708 5608 10709 5624 10709 5605 10709 5608 3270 5623 3270 5624 3270 5624 10710 5625 10710 5605 10710 5623 10711 5625 10711 5624 10711 5606 10712 5605 10712 5625 10712 5606 10713 5625 10713 5623 10713 5623 10714 5604 10714 5606 10714 5604 6137 5588 6137 5583 6137 5586 10715 5588 10715 5607 10715 5555 10716 5604 10716 5583 10716 5552 10717 5597 10717 5557 10717 5593 10718 5597 10718 5626 10718 5626 10719 5597 10719 5552 10719 5626 10720 5628 10720 5627 10720 5626 10721 5552 10721 5628 10721 5628 10722 5552 10722 5629 10722 5629 10723 5630 10723 5628 10723 5631 10724 5630 10724 5629 10724 5550 10725 5629 10725 5554 10725 5631 10726 5629 10726 5550 10726 5632 6137 5631 6137 5526 6137 5526 6137 5631 6137 5630 6137 5633 10727 5630 10727 5631 10727 5565 6137 5630 6137 5631 6137 5631 10728 5632 10728 5550 10728 5633 10729 5631 10729 5554 10729 5554 3622 5631 3622 5550 3622 5550 10730 5556 10730 5631 10730 5631 10731 5556 10731 5565 10731 5634 10732 5630 10732 5633 10732 5627 10733 5635 10733 5634 10733 5634 10734 5635 10734 5630 10734 5635 3622 5534 3622 5630 3622 5635 10735 5627 10735 5628 10735 5635 10736 5627 10736 5637 10736 5635 3270 5639 3270 5627 3270 5636 3622 5534 3622 5635 3622 5635 10737 5628 10737 5636 10737 5635 61 5638 61 5636 61 5636 61 5640 61 5635 61 5637 3270 5638 3270 5635 3270 5635 61 5640 61 5639 61 5640 6137 5636 6137 5641 6137 5640 3622 5641 3622 5639 3622 5642 10738 5626 10738 5641 10738 5642 10739 5641 10739 5643 10739 5643 61 5641 61 5644 61 5641 6137 5534 6137 5644 6137 5639 10740 5641 10740 5626 10740 5641 6137 5636 6137 5534 6137 5644 6137 5534 6137 5577 6137 5644 6137 5577 6137 5594 6137 5643 61 5644 61 5645 61 5644 3629 5594 3629 5593 3629 5645 61 5644 61 5593 61 5645 61 5593 61 5646 61 5646 3270 5647 3270 5645 3270 5645 3270 5647 3270 5648 3270 5645 3622 5648 3622 5643 3622 5647 10741 5649 10741 5648 10741 5643 3622 5648 3622 5649 3622 5650 10742 5649 10742 5647 10742 5643 3622 5649 3622 5651 3622 5651 3622 5649 3622 5652 3622 5652 10743 5649 10743 5653 10743 5650 10744 5653 10744 5649 10744 5654 10745 5653 10745 5650 10745 5642 3629 5654 3629 5650 3629 5655 10746 5654 10746 5642 10746 5655 10747 5652 10747 5654 10747 5654 10748 5652 10748 5653 10748 5655 10749 5651 10749 5652 10749 5642 10750 5651 10750 5655 10750 5643 10751 5651 10751 5642 10751 5646 3629 5650 3629 5647 3629 5642 3629 5650 3629 5646 3629 5646 10752 5593 10752 5626 10752 5646 10753 5626 10753 5642 10753 5627 10754 5639 10754 5626 10754 5636 61 5638 61 5656 61 5637 3629 5656 3629 5638 3629 5636 6137 5656 6137 5534 6137 5534 6137 5656 6137 5657 6137 5657 3629 5656 3629 5637 3629 5534 6137 5657 6137 5658 6137 5658 6137 5657 6137 5660 6137 5661 61 5657 61 5659 61 5659 61 5657 61 5637 61 5661 61 5660 61 5657 61 5659 3622 5663 3622 5661 3622 5662 10755 5660 10755 5661 10755 5661 10756 5665 10756 5662 10756 5661 10757 5663 10757 5664 10757 5661 10758 5664 10758 5665 10758 5662 10759 5665 10759 5666 10759 5666 10760 5665 10760 5667 10760 5665 10761 5664 10761 5667 10761 5667 10762 5664 10762 5668 10762 5669 10744 5668 10744 5664 10744 5662 3629 5669 3629 5670 3629 5670 3629 5669 3629 5671 3629 5669 10763 5664 10763 5671 10763 5671 10764 5664 10764 5663 10764 5659 3270 5671 3270 5663 3270 5670 3270 5671 3270 5659 3270 5670 10765 5672 10765 5662 10765 5670 10766 5637 10766 5672 10766 5659 10767 5637 10767 5670 10767 5662 10768 5672 10768 5660 10768 5637 10769 5673 10769 5672 10769 5674 10770 5675 10770 5672 10770 5675 10771 5676 10771 5672 10771 5676 10772 5660 10772 5672 10772 5677 10773 5676 10773 5675 10773 5678 10774 5676 10774 5677 10774 5678 3622 5660 3622 5676 3622 5677 10775 5658 10775 5678 10775 5678 6137 5658 6137 5660 6137 5677 6137 5679 6137 5658 6137 5677 10776 5675 10776 5679 10776 5679 10777 5675 10777 5680 10777 5680 10778 5675 10778 5683 10778 5681 10779 5684 10779 5680 10779 5681 10780 5680 10780 5682 10780 5682 10781 5680 10781 5683 10781 5685 3629 5658 3629 5684 3629 5684 3629 5658 3629 5679 3629 5685 3629 5684 3629 5542 3629 5542 10782 5684 10782 5686 10782 5684 10783 5679 10783 5680 10783 5687 6137 5686 6137 5684 6137 5688 10784 5684 10784 5681 10784 5688 10785 5687 10785 5684 10785 5689 10786 5687 10786 5688 10786 5688 10787 5691 10787 5692 10787 5690 10788 5693 10788 5691 10788 5694 10789 5693 10789 5690 10789 5695 10790 5694 10790 5690 10790 5695 10791 5690 10791 5689 10791 5689 10792 5692 10792 5695 10792 5695 10793 5692 10793 5696 10793 5696 10794 5692 10794 5691 10794 5696 10795 5691 10795 5693 10795 5693 10796 5695 10796 5696 10796 5694 10797 5695 10797 5693 10797 5689 10798 5688 10798 5692 10798 5681 10799 5690 10799 5691 10799 5688 10800 5681 10800 5691 10800 5690 10801 5697 10801 5689 10801 5681 10802 5700 10802 5690 10802 5697 10803 5690 10803 5698 10803 5698 10804 5690 10804 5700 10804 5699 10805 5697 10805 5698 10805 5701 10806 5702 10806 5682 10806 5702 10807 5700 10807 5681 10807 5682 10808 5702 10808 5681 10808 5701 10809 5682 10809 5683 10809 5698 10810 5704 10810 5699 10810 5698 10811 5700 10811 5703 10811 5703 10812 5704 10812 5698 10812 5705 10813 5704 10813 5706 10813 5699 3270 5704 3270 5705 3270 5703 10814 5706 10814 5704 10814 5705 10815 5706 10815 5707 10815 5707 3270 5706 3270 5549 3270 5706 10816 5683 10816 5549 10816 5708 10817 5706 10817 5703 10817 5706 10818 5708 10818 5683 10818 5708 10819 5703 10819 5702 10819 5702 10820 5703 10820 5700 10820 5708 10821 5702 10821 5701 10821 5708 10822 5701 10822 5683 10822 5549 10823 5686 10823 5707 10823 5549 10824 5683 10824 5709 10824 5549 10825 5709 10825 5710 10825 5683 10826 5674 10826 5709 10826 5710 10827 5709 10827 5711 10827 5711 10828 5709 10828 5674 10828 5672 10829 5711 10829 5674 10829 5672 10830 5710 10830 5711 10830 5710 10831 5673 10831 5553 10831 5710 10832 5553 10832 5549 10832 5672 10833 5673 10833 5710 10833 5707 10834 5712 10834 5705 10834 5707 10835 5686 10835 5712 10835 5705 10836 5712 10836 5687 10836 5687 10837 5712 10837 5686 10837 5697 10838 5705 10838 5687 10838 5705 10839 5697 10839 5699 10839 5689 10840 5697 10840 5687 10840 5542 10841 5686 10841 5543 10841 5543 10842 5686 10842 5549 10842 5685 10843 5540 10843 5539 10843 5539 31 5658 31 5685 31 5542 10844 5540 10844 5685 10844 5683 10845 5675 10845 5674 10845 5634 31 5673 31 5627 31 5637 10846 5627 10846 5673 10846 5634 10847 5553 10847 5673 10847 5633 10848 5553 10848 5634 10848 5713 10849 5668 10849 5669 10849 5662 10850 5713 10850 5669 10850 5666 10851 5713 10851 5662 10851 5713 10748 5667 10748 5668 10748 5666 10852 5667 10852 5713 10852 5539 10853 5534 10853 5658 10853 5636 3629 5630 3629 5534 3629 5636 10854 5628 10854 5630 10854 5633 61 5554 61 5553 61 5526 3622 5531 3622 5632 3622 5550 10855 5632 10855 5548 10855 5531 10856 5548 10856 5632 10856 5630 31 5527 31 5526 31 5568 31 5534 31 5630 31 5630 31 5714 31 5568 31 5630 10857 5570 10857 5714 10857 5564 31 5570 31 5630 31 5534 31 5715 31 5630 31 5630 31 5715 31 5527 31 5564 6137 5630 6137 5565 6137 5715 10858 5717 10858 5527 10858 5534 10859 5528 10859 5715 10859 5528 6137 5716 6137 5715 6137 5715 10860 5716 10860 5717 10860 5527 10861 5717 10861 5529 10861 5529 10862 5717 10862 5525 10862 5716 10863 5525 10863 5717 10863 5528 10864 5525 10864 5716 10864 5714 10865 5718 10865 5568 10865 5714 10866 5719 10866 5718 10866 5570 3270 5719 3270 5714 3270 5570 10867 5571 10867 5719 10867 5719 10868 5571 10868 5718 10868 5569 10869 5718 10869 5571 10869 5568 10870 5718 10870 5569 10870 5554 10871 5629 10871 5552 10871 5593 3629 5594 3629 5595 3629 5594 6137 5577 6137 5591 6137 5562 3270 5572 3270 5566 3270 5561 10872 5562 10872 5566 10872 5533 10873 5548 10873 5531 10873 5544 10874 5545 10874 5547 10874 5720 10875 5544 10875 5547 10875 5547 3622 5533 3622 5720 3622 5532 3270 5544 3270 5720 3270 5720 10876 5530 10876 5532 10876 5720 10877 5533 10877 5530 10877 5538 10878 5532 10878 5536 10878</p>
        </triangles>
      </mesh>
    </geometry>
  </library_geometries>
  <library_visual_scenes>
    <visual_scene id="Scene" name="Scene">
      <node id="node" name="node" type="NODE">
        <matrix sid="transform">1 0 0 0 0 -4.37114e-8 -1 0 0 1 -4.37114e-8 0 0 0 0 1</matrix>
        <instance_geometry url="#shape0-mesh" name="node"/>
      </node>
    </visual_scene>
  </library_visual_scenes>
  <scene>
    <instance_visual_scene url="#Scene"/>
  </scene>
</COLLADA>